hCoV-19/England/PHEC-YYEZXPY/2023,1215,1231
hCoV-19/England/PHEC-YYEZWBU/2023,1215,1231
hCoV-19/England/PHEC-YYEZUBW/2023,1215,1231
hCoV-19/England/PHEC-YYEZOFX/2023,1215,1231
hCoV-19/England/PHEC-YYEZN5O/2023,1215,1231
hCoV-19/England/PHEC-YYEZJ4M/2023,1215,1231
hCoV-19/England/PHEC-YYEZIH5/2023,1215,1231
hCoV-19/England/PHEC-YYEZI57/2023,1215,1231
hCoV-19/England/PHEC-YYEZHE7/2023,1215,1237
hCoV-19/England/PHEC-YYEZGW4/2023,1215,1231
hCoV-19/England/PHEC-YYEZGUH/2023,1215,1231
hCoV-19/England/PHEC-YYEZGSS/2023,1215,1231
hCoV-19/England/PHEC-YYEZFNY/2023,1215,1231
hCoV-19/England/PHEC-YYEZDW7/2023,1215,1231
hCoV-19/England/PHEC-YYEZDI5/2023,1215,1231
hCoV-19/England/PHEC-YYEZ8DH/2023,1215,1231
hCoV-19/England/PHEC-YYEZ1ZE/2023,1215,1231
hCoV-19/England/PHEC-YYEZ1DT/2023,1215,1231
hCoV-19/England/PHEC-YYEAP8C/2023,1215,1237
hCoV-19/England/PHEC-YYEZUPH/2023,1216,1231
hCoV-19/England/PHEC-YYEZUIM/2023,1216,1231
hCoV-19/England/PHEC-YYEZTZJ/2023,1216,1231
hCoV-19/England/PHEC-YYEZTEE/2023,1216,1231
hCoV-19/England/PHEC-YYEZSZR/2023,1216,1231
hCoV-19/England/PHEC-YYEZSRM/2023,1216,1231
hCoV-19/England/PHEC-YYEZSFJ/2023,1216,1231
hCoV-19/England/PHEC-YYEZSBT/2023,1216,1231
hCoV-19/England/PHEC-YYEZS3Y/2023,1216,1231
hCoV-19/England/PHEC-YYEZHGB/2023,1216,1237
hCoV-19/England/PHEC-YYEZGN9/2023,1216,1231
hCoV-19/England/PHEC-YYEZGIA/2023,1216,1231
hCoV-19/England/PHEC-YYEZGD7/2023,1216,1231
hCoV-19/England/PHEC-YYEZFJ1/2023,1216,1231
hCoV-19/England/PHEC-YYEZFD6/2023,1216,1231
hCoV-19/England/PHEC-YYEZ9YK/2023,1216,1237
hCoV-19/England/PHEC-YYEZ8R4/2023,1216,1231
hCoV-19/England/PHEC-YYEZ8FA/2023,1216,1231
hCoV-19/England/PHEC-YYEZ1AG/2023,1216,1231
hCoV-19/England/PHEC-YYEAPUU/2023,1216,1237
hCoV-19/England/PHEC-YYEAKGT/2023,1216,1237
hCoV-19/England/PHEC-YYEA1FM/2023,1216,1240
hCoV-19/England/PHEC-YYEZUZ8/2023,1217,1231
hCoV-19/England/PHEC-YYEZUTU/2023,1217,1231
hCoV-19/England/PHEC-YYEZTRO/2023,1217,1231
hCoV-19/England/PHEC-YYEZTKR/2023,1217,1231
hCoV-19/England/PHEC-YYEZT65/2023,1217,1231
hCoV-19/England/PHEC-YYEZT1U/2023,1217,1231
hCoV-19/England/PHEC-YYEZSYU/2023,1217,1231
hCoV-19/England/PHEC-YYEZSTO/2023,1217,1231
hCoV-19/England/PHEC-YYEZSIE/2023,1217,1231
hCoV-19/England/PHEC-YYEZS1Q/2023,1217,1231
hCoV-19/England/PHEC-YYEZIUP/2023,1217,1231
hCoV-19/England/PHEC-YYEZIJN/2023,1217,1231
hCoV-19/England/PHEC-YYEZI9I/2023,1217,1231
hCoV-19/England/PHEC-YYEZHWR/2023,1217,1237
hCoV-19/England/PHEC-YYEZHUG/2023,1217,1237
hCoV-19/England/PHEC-YYEZDU9/2023,1217,1231
hCoV-19/England/PHEC-YYEZDMO/2023,1217,1231
hCoV-19/England/PHEC-YYEZ65W/2023,1217,1237
hCoV-19/England/PHEC-YYEZ4WG/2023,1217,1237
hCoV-19/England/PHEC-YYEZ1TW/2023,1217,1231
hCoV-19/England/PHEC-YYEZ1RX/2023,1217,1231
hCoV-19/England/PHEC-YYEAY1N/2023,1217,1237
hCoV-19/England/PHEC-YYEAPSP/2023,1217,1237
hCoV-19/England/PHEC-YYEAO7H/2023,1217,1238
hCoV-19/England/PHEC-YYEAN9G/2023,1217,1237
hCoV-19/England/PHEC-YYEADYR/2023,1217,1237
hCoV-19/England/PHEC-YYEA1OW/2023,1217,1240
hCoV-19/England/PHEC-YYEA1NT/2023,1217,1240
hCoV-19/England/PHEC-YYEZUN1/2023,1218,1231
hCoV-19/England/PHEC-YYEZS7A/2023,1218,1231
hCoV-19/England/PHEC-YYEZS6S/2023,1218,1231
hCoV-19/England/PHEC-YYEZHSY/2023,1218,1237
hCoV-19/England/PHEC-YYEZ9NG/2023,1218,1237
hCoV-19/England/PHEC-YYEZ64S/2023,1218,1237
hCoV-19/England/PHEC-YYEZ5WF/2023,1218,1237
hCoV-19/England/PHEC-YYEZ5U8/2023,1218,1237
hCoV-19/England/PHEC-YYEZ59X/2023,1218,1237
hCoV-19/England/PHEC-YYEZ461/2023,1218,1237
hCoV-19/England/PHEC-YYEZ45A/2023,1218,1237
hCoV-19/England/PHEC-YYEAZJ6/2023,1218,1241
hCoV-19/England/PHEC-YYEAYW6/2023,1218,1237
hCoV-19/England/PHEC-YYEAYG5/2023,1218,1237
hCoV-19/England/PHEC-YYEAYEZ/2023,1218,1237
hCoV-19/England/PHEC-YYEAPO3/2023,1218,1237
hCoV-19/England/PHEC-YYEAPMR/2023,1218,1237
hCoV-19/England/PHEC-YYEAPKG/2023,1218,1237
hCoV-19/England/PHEC-YYEAPAJ/2023,1218,1237
hCoV-19/England/PHEC-YYEAP4F/2023,1218,1237
hCoV-19/England/PHEC-YYEAKY7/2023,1218,1237
hCoV-19/England/PHEC-YYEAFT9/2023,1218,1237
hCoV-19/England/PHEC-YYEA1RP/2023,1218,1240
hCoV-19/England/PHEC-YYEA1DX/2023,1218,1240
hCoV-19/England/PHEC-YYEZUEG/2023,1219,1231
hCoV-19/England/PHEC-YYEZIRC/2023,1219,1231
hCoV-19/England/PHEC-YYEZ6TE/2023,1219,1237
hCoV-19/England/PHEC-YYEZ6KZ/2023,1219,1237
hCoV-19/England/PHEC-YYEZ6J3/2023,1219,1237
hCoV-19/England/PHEC-YYEZ61G/2023,1219,1237
hCoV-19/England/PHEC-YYEZ5BC/2023,1219,1237
hCoV-19/England/PHEC-YYEZ543/2023,1219,1237
hCoV-19/England/PHEC-YYEAYIH/2023,1219,1237
hCoV-19/England/PHEC-YYEAY9E/2023,1219,1237
hCoV-19/England/PHEC-YYEAY7C/2023,1219,1237
hCoV-19/England/PHEC-YYEAY6K/2023,1219,1237
hCoV-19/England/PHEC-YYEAXH9/2023,1219,1238
hCoV-19/England/PHEC-YYEAS6W/2023,1219,1241
hCoV-19/England/PHEC-YYEANX8/2023,1219,1237
hCoV-19/England/PHEC-YYEANOR/2023,1219,1237
hCoV-19/England/PHEC-YYEANCP/2023,1219,1237
hCoV-19/England/PHEC-YYEANAW/2023,1219,1237
hCoV-19/England/PHEC-YYEAFPE/2023,1219,1237
hCoV-19/England/PHEC-YYEAFKQ/2023,1219,1237
hCoV-19/England/PHEC-YYEACSQ/2023,1219,1237
hCoV-19/England/PHEC-YYEAB3U/2023,1219,1237
hCoV-19/England/PHEC-YYE4YHK/2023,1219,1258
hCoV-19/England/PHEC-YYE3DMC/2023,1219,1246
hCoV-19/England/PHEC-YYE3BSZ/2023,1219,1244
hCoV-19/England/PHEC-YYEZ9A3/2023,1220,1237
hCoV-19/England/PHEC-YYEZ6PT/2023,1220,1237
hCoV-19/England/PHEC-YYEZ6MI/2023,1220,1237
hCoV-19/England/PHEC-YYEZ6CU/2023,1220,1237
hCoV-19/England/PHEC-YYEZ5Z9/2023,1220,1237
hCoV-19/England/PHEC-YYEAYOG/2023,1220,1237
hCoV-19/England/PHEC-YYEAYDB/2023,1220,1237
hCoV-19/England/PHEC-YYEAUCH/2023,1220,1240
hCoV-19/England/PHEC-YYEASPZ/2023,1220,1241
hCoV-19/England/PHEC-YYEASK7/2023,1220,1241
hCoV-19/England/PHEC-YYEASJ9/2023,1220,1241
hCoV-19/England/PHEC-YYEANBD/2023,1220,1237
hCoV-19/England/PHEC-YYEAFOB/2023,1220,1237
hCoV-19/England/PHEC-YYEADNY/2023,1220,1237
hCoV-19/England/PHEC-YYEABJW/2023,1220,1237
hCoV-19/England/PHEC-YYEABFH/2023,1220,1237
hCoV-19/England/PHEC-YYE3DJO/2023,1220,1246
hCoV-19/England/PHEC-YYE3DCK/2023,1220,1246
hCoV-19/England/PHEC-YYEZ9OJ/2023,1221,1237
hCoV-19/England/PHEC-YYEZ98H/2023,1221,1237
hCoV-19/England/PHEC-YYEZ95U/2023,1221,1237
hCoV-19/England/PHEC-YYEZ6QX/2023,1221,1237
hCoV-19/England/PHEC-YYEAYS4/2023,1221,1237
hCoV-19/England/PHEC-YYEAW6S/2023,1221,1240
hCoV-19/England/PHEC-YYEASRJ/2023,1221,1241
hCoV-19/England/PHEC-YYEASEB/2023,1221,1241
hCoV-19/England/PHEC-YYEARN9/2023,1221,1237
hCoV-19/England/PHEC-YYEAR16/2023,1221,1237
hCoV-19/England/PHEC-YYEANYF/2023,1221,1237
hCoV-19/England/PHEC-YYEAIH3/2023,1221,1241
hCoV-19/England/PHEC-YYEAFGS/2023,1221,1237
hCoV-19/England/PHEC-YYEADHM/2023,1221,1237
hCoV-19/England/PHEC-YYEADF4/2023,1221,1237
hCoV-19/England/PHEC-YYEADEW/2023,1221,1237
hCoV-19/England/PHEC-YYEA8U3/2023,1221,1237
hCoV-19/England/PHEC-YYEA1KB/2023,1221,1240
