hCoV-19/England/PHEC-YYEYNKN/2023,1110,1134
hCoV-19/England/PHEC-YYEYNC6/2023,1110,1134
hCoV-19/England/PHEC-YYEN1HJ/2023,1110,1146
hCoV-19/England/PHEC-YY8H6CK/2023,1110,1122
hCoV-19/England/PHEC-YY898NX/2023,1110,1129
hCoV-19/England/PHEC-YY8961Z/2023,1110,1132
hCoV-19/England/PHEC-YY87YHF/2023,1110,1125
hCoV-19/England/PHEC-YY87Y4J/2023,1110,1125
hCoV-19/England/PHEC-YY87WS7/2023,1110,1125
hCoV-19/England/PHEC-YY87UG9/2023,1110,1125
hCoV-19/England/PHEC-YY87U87/2023,1110,1125
hCoV-19/England/PHEC-YY87REK/2023,1110,1125
hCoV-19/England/PHEC-YY87NX6/2023,1110,1125
hCoV-19/England/PHEC-YY87NQY/2023,1110,1125
hCoV-19/England/PHEC-YY87NJK/2023,1110,1125
hCoV-19/England/PHEC-YY87NCR/2023,1110,1125
hCoV-19/England/PHEC-YY87HCK/2023,1110,1127
hCoV-19/England/PHEC-YY87DUW/2023,1110,1125
hCoV-19/England/PHEC-YY87DNZ/2023,1110,1125
hCoV-19/England/PHEC-YY87DB3/2023,1110,1125
hCoV-19/England/PHEC-YY87BY7/2023,1110,1125
hCoV-19/England/PHEC-YY87AXE/2023,1110,1127
hCoV-19/England/PHEC-YY87AOF/2023,1110,1127
hCoV-19/England/PHEC-YY875TY/2023,1110,1127
hCoV-19/England/PHEC-YY875PJ/2023,1110,1127
hCoV-19/England/PHEC-YY8754Q/2023,1110,1127
hCoV-19/England/PHEC-YY874YR/2023,1110,1127
hCoV-19/England/PHEC-YY873F5/2023,1110,1127
hCoV-19/England/PHEC-YYEYMBM/2023,1111,1136
hCoV-19/England/PHEC-YY89YUU/2023,1111,1127
hCoV-19/England/PHEC-YY89YDW/2023,1111,1127
hCoV-19/England/PHEC-YY89Y95/2023,1111,1127
hCoV-19/England/PHEC-YY89TOE/2023,1111,1132
hCoV-19/England/PHEC-YY89NZJ/2023,1111,1128
hCoV-19/England/PHEC-YY89MTC/2023,1111,1132
hCoV-19/England/PHEC-YY89GWM/2023,1111,1129
hCoV-19/England/PHEC-YY89GTT/2023,1111,1129
hCoV-19/England/PHEC-YY89GM6/2023,1111,1129
hCoV-19/England/PHEC-YY87Y6B/2023,1111,1125
hCoV-19/England/PHEC-YY87WZ5/2023,1111,1125
hCoV-19/England/PHEC-YY87UN8/2023,1111,1125
hCoV-19/England/PHEC-YY87UFB/2023,1111,1125
hCoV-19/England/PHEC-YY87UE5/2023,1111,1125
hCoV-19/England/PHEC-YY87N1Z/2023,1111,1125
hCoV-19/England/PHEC-YY87HXR/2023,1111,1127
hCoV-19/England/PHEC-YY87HN6/2023,1111,1127
hCoV-19/England/PHEC-YY87HMC/2023,1111,1127
hCoV-19/England/PHEC-YY87HKQ/2023,1111,1127
hCoV-19/England/PHEC-YY87HJO/2023,1111,1127
hCoV-19/England/PHEC-YY87HGS/2023,1111,1127
hCoV-19/England/PHEC-YY87HFA/2023,1111,1127
hCoV-19/England/PHEC-YY87HE1/2023,1111,1127
hCoV-19/England/PHEC-YY87H8W/2023,1111,1127
hCoV-19/England/PHEC-YY87H6F/2023,1111,1127
hCoV-19/England/PHEC-YY87BGT/2023,1111,1125
hCoV-19/England/PHEC-YY876WZ/2023,1111,1127
hCoV-19/England/PHEC-YY876QR/2023,1111,1127
hCoV-19/England/PHEC-YY876MK/2023,1111,1127
hCoV-19/England/PHEC-YY876II/2023,1111,1127
hCoV-19/England/PHEC-YY875R5/2023,1111,1127
hCoV-19/England/PHEC-YY875N9/2023,1111,1127
hCoV-19/England/PHEC-YY874NY/2023,1111,1127
hCoV-19/England/PHEC-YY874BN/2023,1111,1127
hCoV-19/England/PHEC-YY873WH/2023,1111,1127
hCoV-19/England/PHEC-YY8736E/2023,1111,1127
hCoV-19/England/PHEC-YYEYBGM/2023,1112,1134
hCoV-19/England/PHEC-YY89YKG/2023,1112,1127
hCoV-19/England/PHEC-YY89YCN/2023,1112,1127
hCoV-19/England/PHEC-YY89YAJ/2023,1112,1127
hCoV-19/England/PHEC-YY89Y4F/2023,1112,1127
hCoV-19/England/PHEC-YY89Y1I/2023,1112,1127
hCoV-19/England/PHEC-YY89ROI/2023,1112,1129
hCoV-19/England/PHEC-YY89NOZ/2023,1112,1128
hCoV-19/England/PHEC-YY89NA8/2023,1112,1128
hCoV-19/England/PHEC-YY89MXT/2023,1112,1132
hCoV-19/England/PHEC-YY89MOQ/2023,1112,1132
hCoV-19/England/PHEC-YY89K37/2023,1112,1132
hCoV-19/England/PHEC-YY89GAD/2023,1112,1129
hCoV-19/England/PHEC-YY89G9I/2023,1112,1129
hCoV-19/England/PHEC-YY89G73/2023,1112,1129
hCoV-19/England/PHEC-YY89FT1/2023,1112,1129
hCoV-19/England/PHEC-YY89BOA/2023,1112,1128
hCoV-19/England/PHEC-YY89BMD/2023,1112,1128
hCoV-19/England/PHEC-YY89BKF/2023,1112,1128
hCoV-19/England/PHEC-YY89BIQ/2023,1112,1128
hCoV-19/England/PHEC-YY89BCB/2023,1112,1128
hCoV-19/England/PHEC-YY89B1W/2023,1112,1128
hCoV-19/England/PHEC-YY87WA3/2023,1112,1125
hCoV-19/England/PHEC-YY87IXM/2023,1112,1125
hCoV-19/England/PHEC-YY87IQP/2023,1112,1125
hCoV-19/England/PHEC-YY87IG7/2023,1112,1125
hCoV-19/England/PHEC-YY87HR4/2023,1112,1127
hCoV-19/England/PHEC-YY87HBY/2023,1112,1127
hCoV-19/England/PHEC-YY879Y9/2023,1112,1127
hCoV-19/England/PHEC-YY879N5/2023,1112,1127
hCoV-19/England/PHEC-YY879FI/2023,1112,1127
hCoV-19/England/PHEC-YY879B7/2023,1112,1127
hCoV-19/England/PHEC-YY876SU/2023,1112,1127
hCoV-19/England/PHEC-YY876PG/2023,1112,1127
hCoV-19/England/PHEC-YY876O9/2023,1112,1127
hCoV-19/England/PHEC-YY8769B/2023,1112,1127
hCoV-19/England/PHEC-YY8765J/2023,1112,1127
hCoV-19/England/PHEC-YY875GZ/2023,1112,1127
hCoV-19/England/PHEC-YY874XG/2023,1112,1127
hCoV-19/England/PHEC-YY874F4/2023,1112,1127
hCoV-19/England/PHEC-YY873QJ/2023,1112,1127
hCoV-19/England/PHEC-YY873PM/2023,1112,1127
hCoV-19/England/PHEC-YYEYBE8/2023,1113,1134
hCoV-19/England/PHEC-YY89YPY/2023,1113,1127
hCoV-19/England/PHEC-YY89YNS/2023,1113,1127
hCoV-19/England/PHEC-YY89WG4/2023,1113,1132
hCoV-19/England/PHEC-YY89TWY/2023,1113,1132
hCoV-19/England/PHEC-YY89TUN/2023,1113,1132
hCoV-19/England/PHEC-YY89T4W/2023,1113,1132
hCoV-19/England/PHEC-YY89R75/2023,1113,1129
hCoV-19/England/PHEC-YY89R63/2023,1113,1129
hCoV-19/England/PHEC-YY89NEE/2023,1113,1128
hCoV-19/England/PHEC-YY89ND1/2023,1113,1128
hCoV-19/England/PHEC-YY89MQU/2023,1113,1132
hCoV-19/England/PHEC-YY89MK5/2023,1113,1132
hCoV-19/England/PHEC-YY89MJ7/2023,1113,1132
hCoV-19/England/PHEC-YY89ME9/2023,1113,1132
hCoV-19/England/PHEC-YY89MCZ/2023,1113,1132
hCoV-19/England/PHEC-YY89KW8/2023,1113,1132
hCoV-19/England/PHEC-YY89KIF/2023,1113,1132
hCoV-19/England/PHEC-YY89KHZ/2023,1113,1132
hCoV-19/England/PHEC-YY89JXU/2023,1113,1132
hCoV-19/England/PHEC-YY89JTQ/2023,1113,1132
hCoV-19/England/PHEC-YY89JQI/2023,1113,1132
hCoV-19/England/PHEC-YY89JPZ/2023,1113,1132
hCoV-19/England/PHEC-YY89JOO/2023,1113,1132
hCoV-19/England/PHEC-YY89JHA/2023,1113,1132
hCoV-19/England/PHEC-YY89JC3/2023,1113,1132
hCoV-19/England/PHEC-YY89HME/2023,1113,1132
hCoV-19/England/PHEC-YY89FWC/2023,1113,1129
hCoV-19/England/PHEC-YY89FSE/2023,1113,1129
hCoV-19/England/PHEC-YY89F1O/2023,1113,1129
hCoV-19/England/PHEC-YY89DGM/2023,1113,1128
hCoV-19/England/PHEC-YY89DE8/2023,1113,1128
hCoV-19/England/PHEC-YY89DBI/2023,1113,1128
hCoV-19/England/PHEC-YY89D8J/2023,1113,1128
hCoV-19/England/PHEC-YY89BU1/2023,1113,1128
hCoV-19/England/PHEC-YY89BSC/2023,1113,1128
hCoV-19/England/PHEC-YY898FJ/2023,1113,1129
hCoV-19/England/PHEC-YY87W3Z/2023,1113,1125
hCoV-19/England/PHEC-YY879RZ/2023,1113,1127
hCoV-19/England/PHEC-YY879AQ/2023,1113,1127
hCoV-19/England/PHEC-YY8795E/2023,1113,1127
hCoV-19/England/PHEC-YY876ZT/2023,1113,1127
hCoV-19/England/PHEC-YY876YY/2023,1113,1127
hCoV-19/England/PHEC-YY876B6/2023,1113,1127
hCoV-19/England/PHEC-YY874RH/2023,1113,1127
hCoV-19/England/PHEC-YY8737K/2023,1113,1127
hCoV-19/England/PHEC-YY89ZTY/2023,1114,1132
hCoV-19/England/PHEC-YY89ZHK/2023,1114,1132
hCoV-19/England/PHEC-YY89W98/2023,1114,1132
hCoV-19/England/PHEC-YY89T7Q/2023,1114,1132
hCoV-19/England/PHEC-YY89T6C/2023,1114,1132
hCoV-19/England/PHEC-YY89RAF/2023,1114,1129
hCoV-19/England/PHEC-YY89R8E/2023,1114,1129
hCoV-19/England/PHEC-YY89R3D/2023,1114,1129
hCoV-19/England/PHEC-YY89QMS/2023,1114,1129
hCoV-19/England/PHEC-YY89PE7/2023,1114,1129
hCoV-19/England/PHEC-YY89OBE/2023,1114,1132
hCoV-19/England/PHEC-YY89NH9/2023,1114,1128
hCoV-19/England/PHEC-YY89MSN/2023,1114,1132
hCoV-19/England/PHEC-YY89MDJ/2023,1114,1132
hCoV-19/England/PHEC-YY89M1K/2023,1114,1132
hCoV-19/England/PHEC-YY89KYO/2023,1114,1132
hCoV-19/England/PHEC-YY89KX1/2023,1114,1132
hCoV-19/England/PHEC-YY89KTP/2023,1114,1132
hCoV-19/England/PHEC-YY89KSD/2023,1114,1132
hCoV-19/England/PHEC-YY89K9T/2023,1114,1132
hCoV-19/England/PHEC-YY89K6U/2023,1114,1132
hCoV-19/England/PHEC-YY89K45/2023,1114,1132
hCoV-19/England/PHEC-YY89K1M/2023,1114,1132
hCoV-19/England/PHEC-YY89JWE/2023,1114,1132
hCoV-19/England/PHEC-YY89JSR/2023,1114,1132
hCoV-19/England/PHEC-YY89JIG/2023,1114,1132
hCoV-19/England/PHEC-YY89JAY/2023,1114,1132
hCoV-19/England/PHEC-YY89J6W/2023,1114,1132
hCoV-19/England/PHEC-YY89J4H/2023,1114,1132
hCoV-19/England/PHEC-YY89IG3/2023,1114,1132
hCoV-19/England/PHEC-YY89ID9/2023,1114,1132
hCoV-19/England/PHEC-YY89FUQ/2023,1114,1129
hCoV-19/England/PHEC-YY89F4Y/2023,1114,1129
hCoV-19/England/PHEC-YY89F3N/2023,1114,1129
hCoV-19/England/PHEC-YY89EZD/2023,1114,1129
hCoV-19/England/PHEC-YY89EJY/2023,1114,1129
hCoV-19/England/PHEC-YY89EGG/2023,1114,1129
hCoV-19/England/PHEC-YY89EAB/2023,1114,1129
hCoV-19/England/PHEC-YY89E6I/2023,1114,1129
hCoV-19/England/PHEC-YY89E47/2023,1114,1129
hCoV-19/England/PHEC-YY89DFP/2023,1114,1128
hCoV-19/England/PHEC-YY898ZR/2023,1114,1129
hCoV-19/England/PHEC-YY898JB/2023,1114,1129
hCoV-19/England/PHEC-YY898ED/2023,1114,1129
hCoV-19/England/PHEC-YY898AN/2023,1114,1129
hCoV-19/England/PHEC-YY8981Q/2023,1114,1129
hCoV-19/England/PHEC-YY879IW/2023,1114,1127
hCoV-19/England/PHEC-YY8764M/2023,1114,1127
hCoV-19/England/PHEC-YYEYB9A/2023,1115,1134
hCoV-19/England/PHEC-YYEY1JW/2023,1115,1139
hCoV-19/England/PHEC-YYEY1ES/2023,1115,1139
hCoV-19/England/PHEC-YY89ZUH/2023,1115,1132
hCoV-19/England/PHEC-YY89SJ1/2023,1115,1132
hCoV-19/England/PHEC-YY89SAU/2023,1115,1132
hCoV-19/England/PHEC-YY89S3T/2023,1115,1132
hCoV-19/England/PHEC-YY89QYC/2023,1115,1129
hCoV-19/England/PHEC-YY89QUF/2023,1115,1129
hCoV-19/England/PHEC-YY89QDG/2023,1115,1129
hCoV-19/England/PHEC-YY89QBK/2023,1115,1129
hCoV-19/England/PHEC-YY89PHW/2023,1115,1129
hCoV-19/England/PHEC-YY89P6O/2023,1115,1129
hCoV-19/England/PHEC-YY89P1E/2023,1115,1129
hCoV-19/England/PHEC-YY89OWB/2023,1115,1132
hCoV-19/England/PHEC-YY89MWG/2023,1115,1132
hCoV-19/England/PHEC-YY89M61/2023,1115,1129
hCoV-19/England/PHEC-YY89K8N/2023,1115,1132
hCoV-19/England/PHEC-YY89JZN/2023,1115,1132
hCoV-19/England/PHEC-YY89JUK/2023,1115,1132
hCoV-19/England/PHEC-YY89JF8/2023,1115,1129
hCoV-19/England/PHEC-YY89IJU/2023,1115,1132
hCoV-19/England/PHEC-YY89HWI/2023,1115,1132
hCoV-19/England/PHEC-YY89HUZ/2023,1115,1132
hCoV-19/England/PHEC-YY89GKY/2023,1115,1129
hCoV-19/England/PHEC-YY89FYI/2023,1115,1129
hCoV-19/England/PHEC-YY89FHH/2023,1115,1129
hCoV-19/England/PHEC-YY89F56/2023,1115,1129
hCoV-19/England/PHEC-YY89EWJ/2023,1115,1129
hCoV-19/England/PHEC-YY89EUM/2023,1115,1129
hCoV-19/England/PHEC-YY89ESF/2023,1115,1129
hCoV-19/England/PHEC-YY89EOT/2023,1115,1129
hCoV-19/England/PHEC-YY89ENQ/2023,1115,1129
hCoV-19/England/PHEC-YY89D4N/2023,1115,1129
hCoV-19/England/PHEC-YY89CNK/2023,1115,1129
hCoV-19/England/PHEC-YY898M7/2023,1115,1129
hCoV-19/England/PHEC-YY89846/2023,1115,1129
hCoV-19/England/PHEC-YY891XK/2023,1115,1132
hCoV-19/England/PHEC-YY891TF/2023,1115,1132
hCoV-19/England/PHEC-YY891PQ/2023,1115,1132
hCoV-19/England/PHEC-YY891AZ/2023,1115,1132
hCoV-19/England/PHEC-YY89ZW4/2023,1116,1132
hCoV-19/England/PHEC-YY89UY8/2023,1116,1132
hCoV-19/England/PHEC-YY89TG7/2023,1116,1132
hCoV-19/England/PHEC-YY89SCC/2023,1116,1132
hCoV-19/England/PHEC-YY89RN1/2023,1116,1129
hCoV-19/England/PHEC-YY89QRR/2023,1116,1129
hCoV-19/England/PHEC-YY89QFN/2023,1116,1129
hCoV-19/England/PHEC-YY89QEH/2023,1116,1129
hCoV-19/England/PHEC-YY89PD8/2023,1116,1129
hCoV-19/England/PHEC-YY89O9M/2023,1116,1132
hCoV-19/England/PHEC-YY89INB/2023,1116,1132
hCoV-19/England/PHEC-YY89HQN/2023,1116,1132
hCoV-19/England/PHEC-YY89HKK/2023,1116,1132
hCoV-19/England/PHEC-YY89HG1/2023,1116,1132
hCoV-19/England/PHEC-YY89HFW/2023,1116,1132
hCoV-19/England/PHEC-YY89H4J/2023,1116,1132
hCoV-19/England/PHEC-YY89GYW/2023,1116,1129
hCoV-19/England/PHEC-YY89GNO/2023,1116,1129
hCoV-19/England/PHEC-YY89GB1/2023,1116,1129
hCoV-19/England/PHEC-YY89F9S/2023,1116,1129
hCoV-19/England/PHEC-YY89F6A/2023,1116,1129
hCoV-19/England/PHEC-YY89D64/2023,1116,1129
hCoV-19/England/PHEC-YY89C8Y/2023,1116,1129
hCoV-19/England/PHEC-YY89C5Z/2023,1116,1129
hCoV-19/England/PHEC-YY89AIZ/2023,1116,1134
hCoV-19/England/PHEC-YY898XI/2023,1116,1129
hCoV-19/England/PHEC-YY898TO/2023,1116,1129
hCoV-19/England/PHEC-YY898IE/2023,1116,1129
hCoV-19/England/PHEC-YY891Z3/2023,1116,1132
hCoV-19/England/PHEC-YY891YE/2023,1116,1132
hCoV-19/England/PHEC-YY891JS/2023,1116,1132
hCoV-19/England/PHEC-YY891GH/2023,1116,1132
hCoV-19/England/PHEC-YY891EA/2023,1116,1132
