hCoV-19/England/PHEC-YYE5BWZ/2023,1243,1268
hCoV-19/England/PHEC-YYE5BSU/2023,1243,1268
hCoV-19/England/PHEC-YYE5BII/2023,1243,1268
hCoV-19/England/PHEC-YYE4XKY/2023,1243,1258
hCoV-19/England/PHEC-YYE4XJN/2023,1243,1258
hCoV-19/England/PHEC-YYE4XER/2023,1243,1258
hCoV-19/England/PHEC-YYE4TPA/2023,1243,1258
hCoV-19/England/PHEC-YYE4OJB/2023,1243,1258
hCoV-19/England/PHEC-YYE4O7A/2023,1243,1258
hCoV-19/England/PHEC-YYE4NGI/2023,1243,1258
hCoV-19/England/PHEC-YYE5BGW/2023,1244,1268
hCoV-19/England/PHEC-YYE5BFS/2023,1244,1268
hCoV-19/England/PHEC-YYE4XRC/2023,1244,1258
hCoV-19/England/PHEC-YYE4XDQ/2023,1244,1258
hCoV-19/England/PHEC-YYE4WXT/2023,1244,1261
hCoV-19/England/PHEC-YYE4SMZ/2023,1244,1262
hCoV-19/England/PHEC-YYE4OZR/2023,1244,1258
hCoV-19/England/PHEC-YYE4OK9/2023,1244,1258
hCoV-19/England/PHEC-YYE4OC5/2023,1244,1258
hCoV-19/England/PHEC-YYE4XH5/2023,1245,1258
hCoV-19/England/PHEC-YYE4X9I/2023,1245,1258
hCoV-19/England/PHEC-YYE4X73/2023,1245,1258
hCoV-19/England/PHEC-YYE4X6Z/2023,1245,1258
hCoV-19/England/PHEC-YYE4X57/2023,1245,1258
hCoV-19/England/PHEC-YYE4WSN/2023,1245,1261
hCoV-19/England/PHEC-YYE4WR8/2023,1245,1261
hCoV-19/England/PHEC-YYE4TMH/2023,1245,1258
hCoV-19/England/PHEC-YYE4SOC/2023,1245,1262
hCoV-19/England/PHEC-YYE4OQZ/2023,1245,1258
hCoV-19/England/PHEC-YYE5TNC/2023,1246,1275
hCoV-19/England/PHEC-YYE51J7/2023,1246,1277
hCoV-19/England/PHEC-YYE51E9/2023,1246,1277
hCoV-19/England/PHEC-YYE4ZUF/2023,1246,1262
hCoV-19/England/PHEC-YYE4ZOM/2023,1246,1262
hCoV-19/England/PHEC-YYE4WE9/2023,1246,1261
hCoV-19/England/PHEC-YYE4QHH/2023,1246,1258
hCoV-19/England/PHEC-YYE4ORM/2023,1246,1258
hCoV-19/England/PHEC-YYE4OBT/2023,1246,1258
hCoV-19/England/PHEC-YYE4IWF/2023,1246,1262
hCoV-19/England/PHEC-YYE4INK/2023,1246,1262
hCoV-19/England/PHEC-YYE4ICS/2023,1246,1262
hCoV-19/England/PHEC-YYE4IA7/2023,1246,1262
hCoV-19/England/PHEC-YYE4SGB/2023,1247,1262
hCoV-19/England/PHEC-YYE4IXO/2023,1247,1262
hCoV-19/England/PHEC-YYE4IQ1/2023,1247,1262
hCoV-19/England/PHEC-YYE4IPW/2023,1247,1262
hCoV-19/England/PHEC-YYE4IK4/2023,1247,1262
hCoV-19/England/PHEC-YYE4IJH/2023,1247,1262
hCoV-19/England/PHEC-YYE4ABJ/2023,1247,1265
hCoV-19/England/PHEC-YYE4ZNE/2023,1248,1262
hCoV-19/England/PHEC-YYE4ZBK/2023,1248,1262
hCoV-19/England/PHEC-YYE4S6O/2023,1248,1262
hCoV-19/England/PHEC-YYE4ZRR/2023,1249,1262
hCoV-19/England/PHEC-YYE4ZDG/2023,1249,1262
hCoV-19/England/PHEC-YYE4SCI/2023,1249,1262
hCoV-19/England/PHEC-YYE4AG9/2023,1249,1265
