hCoV-19/England/PHEC-YYEQNQ6/2023,1166,1185
hCoV-19/England/PHEC-YYEQ6RS/2023,1166,1188
hCoV-19/England/PHEC-YYEQ6DA/2023,1166,1188
hCoV-19/England/PHEC-YYEPUXP/2023,1166,1181
hCoV-19/England/PHEC-YYEPUN8/2023,1166,1181
hCoV-19/England/PHEC-YYEPU1G/2023,1166,1181
hCoV-19/England/PHEC-YYEPFQ7/2023,1166,1181
hCoV-19/England/PHEC-YYEPFP9/2023,1166,1181
hCoV-19/England/PHEC-YYEPFHY/2023,1166,1181
hCoV-19/England/PHEC-YYEPFCB/2023,1166,1181
hCoV-19/England/PHEC-YYEPDAK/2023,1166,1181
hCoV-19/England/PHEC-YYEPD1S/2023,1166,1181
hCoV-19/England/PHEC-YYEP3U6/2023,1166,1181
hCoV-19/England/PHEC-YYEOS3Q/2023,1166,1195
hCoV-19/England/PHEC-YYEMZOK/2023,1166,1181
hCoV-19/England/PHEC-YYEMZIY/2023,1166,1181
hCoV-19/England/PHEC-YYEMAZ5/2023,1166,1181
hCoV-19/England/PHEC-YYEMAS7/2023,1166,1181
hCoV-19/England/PHEC-YYEM7X8/2023,1166,1181
hCoV-19/England/PHEC-YYEM7PM/2023,1166,1181
hCoV-19/England/PHEC-YYEQYGO/2023,1167,1185
hCoV-19/England/PHEC-YYEQY8Q/2023,1167,1185
hCoV-19/England/PHEC-YYEQREE/2023,1167,1185
hCoV-19/England/PHEC-YYEQNO3/2023,1167,1185
hCoV-19/England/PHEC-YYEQNKG/2023,1167,1185
hCoV-19/England/PHEC-YYEQEIJ/2023,1167,1185
hCoV-19/England/PHEC-YYEQ9X9/2023,1167,1188
hCoV-19/England/PHEC-YYEQ9OH/2023,1167,1188
hCoV-19/England/PHEC-YYEPWNG/2023,1167,1181
hCoV-19/England/PHEC-YYEPWDR/2023,1167,1181
hCoV-19/England/PHEC-YYEPUS6/2023,1167,1181
hCoV-19/England/PHEC-YYEPU9C/2023,1167,1181
hCoV-19/England/PHEC-YYEPRY4/2023,1167,1181
hCoV-19/England/PHEC-YYEPRXH/2023,1167,1181
hCoV-19/England/PHEC-YYEPRPY/2023,1167,1181
hCoV-19/England/PHEC-YYEPRNS/2023,1167,1181
hCoV-19/England/PHEC-YYEPRMR/2023,1167,1181
hCoV-19/England/PHEC-YYEPRJE/2023,1167,1181
hCoV-19/England/PHEC-YYEPREK/2023,1167,1181
hCoV-19/England/PHEC-YYEPRDW/2023,1167,1181
hCoV-19/England/PHEC-YYEPRBA/2023,1167,1181
hCoV-19/England/PHEC-YYEPR8C/2023,1167,1181
hCoV-19/England/PHEC-YYEPIUN/2023,1167,1181
hCoV-19/England/PHEC-YYEPIAA/2023,1167,1181
hCoV-19/England/PHEC-YYEPDSQ/2023,1167,1181
hCoV-19/England/PHEC-YYEPDHN/2023,1167,1181
hCoV-19/England/PHEC-YYEPD7Y/2023,1167,1181
hCoV-19/England/PHEC-YYEPD5R/2023,1167,1181
hCoV-19/England/PHEC-YYEPD4G/2023,1167,1181
hCoV-19/England/PHEC-YYEP7HE/2023,1167,1182
hCoV-19/England/PHEC-YYEP79N/2023,1167,1182
hCoV-19/England/PHEC-YYEP6YY/2023,1167,1182
hCoV-19/England/PHEC-YYEP6NH/2023,1167,1182
hCoV-19/England/PHEC-YYEP1HU/2023,1167,1181
hCoV-19/England/PHEC-YYEM7TN/2023,1167,1181
hCoV-19/England/PHEC-YYEXGYW/2023,1168,1188
hCoV-19/England/PHEC-YYEQYQY/2023,1168,1185
hCoV-19/England/PHEC-YYEQYMG/2023,1168,1185
hCoV-19/England/PHEC-YYEQNJE/2023,1168,1185
hCoV-19/England/PHEC-YYEQEWM/2023,1168,1185
hCoV-19/England/PHEC-YYEQEP4/2023,1168,1185
hCoV-19/England/PHEC-YYEQBHN/2023,1168,1185
hCoV-19/England/PHEC-YYEQB1S/2023,1168,1185
hCoV-19/England/PHEC-YYEQ9PD/2023,1168,1188
hCoV-19/England/PHEC-YYEQ9M8/2023,1168,1188
hCoV-19/England/PHEC-YYEQ8HH/2023,1168,1185
hCoV-19/England/PHEC-YYEQ8AR/2023,1168,1185
hCoV-19/England/PHEC-YYEPWXC/2023,1168,1181
hCoV-19/England/PHEC-YYEPWUD/2023,1168,1181
hCoV-19/England/PHEC-YYEPWQQ/2023,1168,1181
hCoV-19/England/PHEC-YYEPWOJ/2023,1168,1181
hCoV-19/England/PHEC-YYEPWE4/2023,1168,1181
hCoV-19/England/PHEC-YYEPW6P/2023,1168,1181
hCoV-19/England/PHEC-YYEPUG9/2023,1168,1181
hCoV-19/England/PHEC-YYEPUFB/2023,1168,1181
hCoV-19/England/PHEC-YYEPSYE/2023,1168,1181
hCoV-19/England/PHEC-YYEPSQC/2023,1168,1181
hCoV-19/England/PHEC-YYEPSBG/2023,1168,1181
hCoV-19/England/PHEC-YYEPS3I/2023,1168,1181
hCoV-19/England/PHEC-YYEPIYJ/2023,1168,1181
hCoV-19/England/PHEC-YYEPIPX/2023,1168,1181
hCoV-19/England/PHEC-YYEPIJZ/2023,1168,1181
hCoV-19/England/PHEC-YYEPIF9/2023,1168,1181
hCoV-19/England/PHEC-YYEPI7Q/2023,1168,1181
hCoV-19/England/PHEC-YYEPD9H/2023,1168,1181
hCoV-19/England/PHEC-YYEPD66/2023,1168,1181
hCoV-19/England/PHEC-YYEP9HG/2023,1168,1185
hCoV-19/England/PHEC-YYEP95E/2023,1168,1185
hCoV-19/England/PHEC-YYEP7T6/2023,1168,1182
hCoV-19/England/PHEC-YYEP7P8/2023,1168,1182
hCoV-19/England/PHEC-YYEP7OY/2023,1168,1182
hCoV-19/England/PHEC-YYEP78U/2023,1168,1182
hCoV-19/England/PHEC-YYEP6RA/2023,1168,1182
hCoV-19/England/PHEC-YYEP6JQ/2023,1168,1182
hCoV-19/England/PHEC-YYEP6FS/2023,1168,1182
hCoV-19/England/PHEC-YYEP19P/2023,1168,1181
hCoV-19/England/PHEC-YYEOS6R/2023,1168,1195
hCoV-19/England/PHEC-YYEOS4C/2023,1168,1195
hCoV-19/England/PHEC-YYEM3KI/2023,1168,1181
hCoV-19/Scotland/SCOT-28957/2023,1169,1199
hCoV-19/England/PHEC-YYEXBNI/2023,1169,1188
hCoV-19/England/PHEC-YYEXBFX/2023,1169,1188
hCoV-19/England/PHEC-YYEQZHC/2023,1169,1188
hCoV-19/England/PHEC-YYEQYUI/2023,1169,1185
hCoV-19/England/PHEC-YYEQYF1/2023,1169,1185
hCoV-19/England/PHEC-YYEQYAM/2023,1169,1185
hCoV-19/England/PHEC-YYEQY48/2023,1169,1185
hCoV-19/England/PHEC-YYEQY3J/2023,1169,1185
hCoV-19/England/PHEC-YYEQRQH/2023,1169,1185
hCoV-19/England/PHEC-YYEQRP6/2023,1169,1185
hCoV-19/England/PHEC-YYEQRNW/2023,1169,1185
hCoV-19/England/PHEC-YYEQRKR/2023,1169,1185
hCoV-19/England/PHEC-YYEQR1U/2023,1169,1185
hCoV-19/England/PHEC-YYEQN95/2023,1169,1185
hCoV-19/England/PHEC-YYEQN67/2023,1169,1185
hCoV-19/England/PHEC-YYEQIY8/2023,1169,1188
hCoV-19/England/PHEC-YYEQFNU/2023,1169,1185
hCoV-19/England/PHEC-YYEQFKD/2023,1169,1185
hCoV-19/England/PHEC-YYEQFBI/2023,1169,1185
hCoV-19/England/PHEC-YYEQF64/2023,1169,1185
hCoV-19/England/PHEC-YYEQF11/2023,1169,1185
hCoV-19/England/PHEC-YYEQDGP/2023,1169,1185
hCoV-19/England/PHEC-YYEQBK8/2023,1169,1185
hCoV-19/England/PHEC-YYEQ9DZ/2023,1169,1188
hCoV-19/England/PHEC-YYEQ8KB/2023,1169,1185
hCoV-19/England/PHEC-YYEQ8JD/2023,1169,1185
hCoV-19/England/PHEC-YYEPWZ5/2023,1169,1181
hCoV-19/England/PHEC-YYEPWPO/2023,1169,1181
hCoV-19/England/PHEC-YYEPUKZ/2023,1169,1181
hCoV-19/England/PHEC-YYEPUE5/2023,1169,1181
hCoV-19/England/PHEC-YYEPU87/2023,1169,1181
hCoV-19/England/PHEC-YYEP9QD/2023,1169,1182
hCoV-19/England/PHEC-YYEP9PF/2023,1169,1182
hCoV-19/England/PHEC-YYEP9KM/2023,1169,1182
hCoV-19/England/PHEC-YYEP9JP/2023,1169,1182
hCoV-19/England/PHEC-YYEP9GU/2023,1169,1182
hCoV-19/England/PHEC-YYEP7SW/2023,1169,1182
hCoV-19/England/PHEC-YYEP7GI/2023,1169,1182
hCoV-19/England/PHEC-YYEP6U3/2023,1169,1182
hCoV-19/England/PHEC-YYEP6SU/2023,1169,1182
hCoV-19/England/PHEC-YYEP6QR/2023,1169,1182
hCoV-19/England/PHEC-YYEP6PG/2023,1169,1182
hCoV-19/England/PHEC-YYEP6O9/2023,1169,1182
hCoV-19/England/PHEC-YYEP6MK/2023,1169,1182
hCoV-19/England/PHEC-YYEP6II/2023,1169,1182
hCoV-19/England/PHEC-YYEP6AX/2023,1169,1182
hCoV-19/England/PHEC-YYEP65J/2023,1169,1182
hCoV-19/England/PHEC-YYEP64M/2023,1169,1182
hCoV-19/England/PHEC-YYEP615/2023,1169,1182
hCoV-19/England/PHEC-YYEP1UF/2023,1169,1181
hCoV-19/England/PHEC-YYEZ3DK/2023,1170,1233
hCoV-19/England/PHEC-YYEX8ED/2023,1170,1188
hCoV-19/England/PHEC-YYEX8DP/2023,1170,1188
hCoV-19/England/PHEC-YYEQX1E/2023,1170,1185
hCoV-19/England/PHEC-YYEQWBG/2023,1170,1188
hCoV-19/England/PHEC-YYEQU6C/2023,1170,1188
hCoV-19/England/PHEC-YYEQRSM/2023,1170,1185
hCoV-19/England/PHEC-YYEQRH9/2023,1170,1185
hCoV-19/England/PHEC-YYEQRA8/2023,1170,1185
hCoV-19/England/PHEC-YYEQR77/2023,1170,1185
hCoV-19/England/PHEC-YYEQR4D/2023,1170,1185
hCoV-19/England/PHEC-YYEQR3F/2023,1170,1185
hCoV-19/England/PHEC-YYEQIUY/2023,1170,1188
hCoV-19/England/PHEC-YYEQIND/2023,1170,1188
hCoV-19/England/PHEC-YYEQFGM/2023,1170,1185
hCoV-19/England/PHEC-YYEQF4N/2023,1170,1185
hCoV-19/England/PHEC-YYEQBZC/2023,1170,1185
hCoV-19/England/PHEC-YYEQBW1/2023,1170,1185
hCoV-19/England/PHEC-YYEQBUW/2023,1170,1185
hCoV-19/England/PHEC-YYEQBSQ/2023,1170,1185
hCoV-19/England/PHEC-YYEQ5KP/2023,1170,1188
hCoV-19/England/PHEC-YYEQ46F/2023,1170,1188
hCoV-19/England/PHEC-YYEQ45M/2023,1170,1188
hCoV-19/England/PHEC-YYEP7KP/2023,1170,1182
hCoV-19/England/PHEC-YYE1D37/2023,1170,1202
hCoV-19/England/BRBR-3270793B/2023,1170,1177
hCoV-19/England/PHEC-YYEXRZ8/2023,1171,1188
hCoV-19/England/PHEC-YYEXRC6/2023,1171,1188
hCoV-19/England/PHEC-YYEXO9M/2023,1171,1189
hCoV-19/England/PHEC-YYEXJYT/2023,1171,1188
hCoV-19/England/PHEC-YYEXERK/2023,1171,1188
hCoV-19/England/PHEC-YYEXCYQ/2023,1171,1189
hCoV-19/England/PHEC-YYEQWQC/2023,1171,1188
hCoV-19/England/PHEC-YYEQWGH/2023,1171,1188
hCoV-19/England/PHEC-YYEQWDN/2023,1171,1188
hCoV-19/England/PHEC-YYEQHT7/2023,1171,1188
hCoV-19/England/PHEC-YYEQCPS/2023,1171,1185
hCoV-19/England/PHEC-YYEQ9B5/2023,1171,1188
hCoV-19/England/PHEC-YYEQ67D/2023,1171,1188
hCoV-19/England/PHEC-YYEQ63M/2023,1171,1188
hCoV-19/Scotland/SCOT-28196/2023,1172,1197
hCoV-19/England/PHEC-YYEXTNF/2023,1172,1189
hCoV-19/England/PHEC-YYEXTDD/2023,1172,1189
hCoV-19/England/PHEC-YYEXN77/2023,1172,1188
hCoV-19/England/PHEC-YYEXDKD/2023,1172,1188
hCoV-19/England/PHEC-YYEXCU8/2023,1172,1188
hCoV-19/England/PHEC-YYEX5XB/2023,1172,1191
hCoV-19/England/PHEC-YYEX5PF/2023,1172,1191
hCoV-19/England/PHEC-YYESDKW/2023,1172,1223
hCoV-19/England/PHEC-YYEQW1D/2023,1172,1188
hCoV-19/England/PHEC-YYEQUQP/2023,1172,1188
hCoV-19/England/PHEC-YYEQUMU/2023,1172,1188
hCoV-19/England/PHEC-YYEQUCT/2023,1172,1188
hCoV-19/England/PHEC-YYEQTUR/2023,1172,1188
hCoV-19/England/PHEC-YYEQHXN/2023,1172,1188
hCoV-19/England/PHEC-YYEQHPG/2023,1172,1188
hCoV-19/England/PHEC-YYEQHII/2023,1172,1188
hCoV-19/England/PHEC-YYEQACC/2023,1172,1188
hCoV-19/England/PHEC-YYEQA4X/2023,1172,1188
hCoV-19/England/PHEC-YYEQ5FZ/2023,1172,1188
