hCoV-19/England/PHEC-YYEA9UB/2023,1229,1244
hCoV-19/England/PHEC-YYEA9GH/2023,1229,1244
hCoV-19/England/PHEC-YYEA9BG/2023,1229,1244
hCoV-19/England/PHEC-YYEA69K/2023,1229,1244
hCoV-19/England/PHEC-YYE3YPM/2023,1229,1244
hCoV-19/England/PHEC-YYE3YBD/2023,1229,1244
hCoV-19/England/PHEC-YYE3WUK/2023,1229,1251
hCoV-19/England/PHEC-YYE3RKP/2023,1229,1246
hCoV-19/England/PHEC-YYE3DT9/2023,1229,1246
hCoV-19/England/PHEC-YYEA9QC/2023,1230,1244
hCoV-19/England/PHEC-YYEA9PQ/2023,1230,1244
hCoV-19/England/PHEC-YYEA9KW/2023,1230,1244
hCoV-19/England/PHEC-YYEA9EA/2023,1230,1244
hCoV-19/England/PHEC-YYEA984/2023,1230,1244
hCoV-19/England/PHEC-YYE3YG3/2023,1230,1244
hCoV-19/England/PHEC-YYE3Y8Z/2023,1230,1244
hCoV-19/England/PHEC-YYE3WZN/2023,1230,1251
hCoV-19/England/PHEC-YYE3IUJ/2023,1230,1251
hCoV-19/England/PHEC-YYE3IOX/2023,1230,1251
hCoV-19/England/PHEC-YYE3IBQ/2023,1230,1251
hCoV-19/England/PHEC-YYE3IA9/2023,1230,1251
hCoV-19/England/PHEC-YYE3DN6/2023,1230,1246
hCoV-19/England/PHEC-YYE4G1A/2023,1231,1258
hCoV-19/England/PHEC-YYE4EGX/2023,1231,1258
hCoV-19/England/PHEC-YYE3WSR/2023,1231,1251
hCoV-19/England/PHEC-YYE3WAY/2023,1231,1251
hCoV-19/England/PHEC-YYE3W6W/2023,1231,1251
hCoV-19/England/PHEC-YYE3TP4/2023,1231,1248
hCoV-19/England/PHEC-YYE3SE9/2023,1231,1251
hCoV-19/England/PHEC-YYE3S61/2023,1231,1251
hCoV-19/England/PHEC-YYE3IW8/2023,1231,1251
hCoV-19/England/PHEC-YYE3IRE/2023,1231,1251
hCoV-19/England/PHEC-YYE3DIZ/2023,1231,1246
hCoV-19/England/PHEC-YYE3D78/2023,1231,1246
hCoV-19/England/PHEC-YYE3D4P/2023,1231,1246
hCoV-19/England/PHEC-YYE5N7R/2023,1232,1268
hCoV-19/England/PHEC-YYE4GFU/2023,1232,1258
hCoV-19/England/PHEC-YYE4G8X/2023,1232,1258
hCoV-19/England/PHEC-YYE4ERU/2023,1232,1258
hCoV-19/England/PHEC-YYE48AM/2023,1232,1258
hCoV-19/England/PHEC-YYE3ZNK/2023,1232,1251
hCoV-19/England/PHEC-YYE3ZK4/2023,1232,1251
hCoV-19/England/PHEC-YYE3SXT/2023,1232,1251
hCoV-19/England/PHEC-YYE3SQU/2023,1232,1251
hCoV-19/England/PHEC-YYE3SIR/2023,1232,1251
hCoV-19/England/PHEC-YYE3SGD/2023,1232,1251
hCoV-19/England/PHEC-YYE3SFF/2023,1232,1251
hCoV-19/England/PHEC-YYE3S9O/2023,1232,1251
hCoV-19/England/PHEC-YYE3K3E/2023,1232,1246
hCoV-19/England/PHEC-YYE3I8N/2023,1232,1251
hCoV-19/England/PHEC-YYE3I7I/2023,1232,1251
hCoV-19/England/PHEC-YYE3HXM/2023,1232,1251
hCoV-19/England/PHEC-YYE5NHG/2023,1233,1268
hCoV-19/England/PHEC-YYE4GX9/2023,1233,1258
hCoV-19/England/PHEC-YYE4GT4/2023,1233,1258
hCoV-19/England/PHEC-YYE4GOH/2023,1233,1258
hCoV-19/England/PHEC-YYE4ESQ/2023,1233,1258
hCoV-19/England/PHEC-YYE4EO4/2023,1233,1258
hCoV-19/England/PHEC-YYE4DJQ/2023,1233,1258
hCoV-19/England/PHEC-YYE4897/2023,1233,1258
hCoV-19/England/PHEC-YYE4848/2023,1233,1258
hCoV-19/England/PHEC-YYE3ZMA/2023,1233,1251
hCoV-19/England/PHEC-YYE3SWG/2023,1233,1251
hCoV-19/England/PHEC-YYE3SPI/2023,1233,1251
hCoV-19/England/PHEC-YYE3SHS/2023,1233,1251
hCoV-19/England/PHEC-YYE3SCZ/2023,1233,1251
hCoV-19/England/PHEC-YYE3INC/2023,1233,1251
hCoV-19/England/PHEC-YYE4I9X/2023,1234,1262
hCoV-19/England/PHEC-YYE4GM8/2023,1234,1258
hCoV-19/England/PHEC-YYE4GKJ/2023,1234,1258
hCoV-19/England/PHEC-YYE4GJM/2023,1234,1258
hCoV-19/England/PHEC-YYE4GEP/2023,1234,1258
hCoV-19/England/PHEC-YYE4G5G/2023,1234,1258
hCoV-19/England/PHEC-YYE4G3K/2023,1234,1258
hCoV-19/England/PHEC-YYE4EQ9/2023,1234,1258
hCoV-19/England/PHEC-YYE48ZP/2023,1234,1258
hCoV-19/England/PHEC-YYE48DS/2023,1234,1258
hCoV-19/England/PHEC-YYE4G7N/2023,1235,1258
hCoV-19/England/PHEC-YYE4E5R/2023,1235,1258
