hCoV-19/England/PHEC-YYEZPKE/2023,1208,1231
hCoV-19/England/PHEC-YYEZPJK/2023,1208,1231
hCoV-19/England/PHEC-YYEZPGO/2023,1208,1231
hCoV-19/England/PHEC-YYEZP8Q/2023,1208,1231
hCoV-19/England/PHEC-YYESXKE/2023,1208,1223
hCoV-19/England/PHEC-YYESWZE/2023,1208,1223
hCoV-19/England/PHEC-YYESW64/2023,1208,1223
hCoV-19/England/PHEC-YYESQZQ/2023,1208,1223
hCoV-19/England/PHEC-YYESQX9/2023,1208,1223
hCoV-19/England/PHEC-YYESIGK/2023,1208,1223
hCoV-19/England/PHEC-YYESGSA/2023,1208,1223
hCoV-19/England/PHEC-YYESG31/2023,1208,1223
hCoV-19/England/PHEC-YYESFZZ/2023,1208,1223
hCoV-19/England/PHEC-YYESFW7/2023,1208,1223
hCoV-19/England/PHEC-YYESFS3/2023,1208,1223
hCoV-19/England/PHEC-YYESFAI/2023,1208,1223
hCoV-19/England/PHEC-YYESEXF/2023,1208,1223
hCoV-19/England/PHEC-YYESEHK/2023,1208,1223
hCoV-19/England/PHEC-YYESE16/2023,1208,1223
hCoV-19/England/PHEC-YYES7TM/2023,1208,1231
hCoV-19/England/PHEC-YYES7OP/2023,1208,1231
hCoV-19/England/PHEC-YYES4ZN/2023,1208,1231
hCoV-19/England/PHEC-YYES4TQ/2023,1208,1231
hCoV-19/England/PHEC-YYES4QI/2023,1208,1231
hCoV-19/England/PHEC-YYES4M5/2023,1208,1231
hCoV-19/England/PHEC-YYEIZIM/2023,1208,1220
hCoV-19/England/PHEC-YYEZQAK/2023,1209,1231
hCoV-19/England/PHEC-YYEZQ1S/2023,1209,1231
hCoV-19/England/PHEC-YYEZPO5/2023,1209,1231
hCoV-19/England/PHEC-YYEZB1D/2023,1209,1231
hCoV-19/England/PHEC-YYESZTT/2023,1209,1223
hCoV-19/England/PHEC-YYESZM6/2023,1209,1223
hCoV-19/England/PHEC-YYESZH5/2023,1209,1225
hCoV-19/England/PHEC-YYESZ57/2023,1209,1225
hCoV-19/England/PHEC-YYESZ3B/2023,1209,1225
hCoV-19/England/PHEC-YYESXSX/2023,1209,1223
hCoV-19/England/PHEC-YYESX97/2023,1209,1223
hCoV-19/England/PHEC-YYESX48/2023,1209,1223
hCoV-19/England/PHEC-YYESUQH/2023,1209,1223
hCoV-19/England/PHEC-YYESUH9/2023,1209,1223
hCoV-19/England/PHEC-YYESOQ9/2023,1209,1223
hCoV-19/England/PHEC-YYESOK8/2023,1209,1223
hCoV-19/England/PHEC-YYESOIO/2023,1209,1223
hCoV-19/England/PHEC-YYESOB3/2023,1209,1223
hCoV-19/England/PHEC-YYESOAK/2023,1209,1223
hCoV-19/England/PHEC-YYESIRQ/2023,1209,1223
hCoV-19/England/PHEC-YYESIJR/2023,1209,1223
hCoV-19/England/PHEC-YYESIEG/2023,1209,1223
hCoV-19/England/PHEC-YYESHE9/2023,1209,1231
hCoV-19/England/PHEC-YYES9UF/2023,1209,1231
hCoV-19/England/PHEC-YYES7JH/2023,1209,1231
hCoV-19/England/PHEC-YYES7E6/2023,1209,1231
hCoV-19/England/PHEC-YYES4YT/2023,1209,1225
hCoV-19/England/PHEC-YYES4XU/2023,1209,1231
hCoV-19/England/PHEC-YYES4PZ/2023,1209,1231
hCoV-19/England/PHEC-YYES1Y3/2023,1209,1223
hCoV-19/England/PHEC-YYEIASE/2023,1209,1220
hCoV-19/England/PHEC-YYEZQDI/2023,1210,1231
hCoV-19/England/PHEC-YYEZQB3/2023,1210,1231
hCoV-19/England/PHEC-YYEZPMG/2023,1210,1231
hCoV-19/England/PHEC-YYEZBW9/2023,1210,1231
hCoV-19/England/PHEC-YYEZBI7/2023,1210,1231
hCoV-19/England/PHEC-YYESZXS/2023,1210,1223
hCoV-19/England/PHEC-YYESZUP/2023,1210,1223
hCoV-19/England/PHEC-YYESZP4/2023,1210,1223
hCoV-19/England/PHEC-YYESZIJ/2023,1210,1225
hCoV-19/England/PHEC-YYESZCH/2023,1210,1223
hCoV-19/England/PHEC-YYESZAD/2023,1210,1225
hCoV-19/England/PHEC-YYESWTW/2023,1210,1223
hCoV-19/England/PHEC-YYESWRX/2023,1210,1223
hCoV-19/England/PHEC-YYESWNU/2023,1210,1223
hCoV-19/England/PHEC-YYESWJF/2023,1210,1223
hCoV-19/England/PHEC-YYESWH6/2023,1210,1223
hCoV-19/England/PHEC-YYESWGM/2023,1210,1223
hCoV-19/England/PHEC-YYESWFP/2023,1210,1223
hCoV-19/England/PHEC-YYESWE8/2023,1210,1223
hCoV-19/England/PHEC-YYESWDT/2023,1210,1223
hCoV-19/England/PHEC-YYESWBI/2023,1210,1223
hCoV-19/England/PHEC-YYESUP6/2023,1210,1223
hCoV-19/England/PHEC-YYESUIP/2023,1210,1223
hCoV-19/England/PHEC-YYESUFQ/2023,1210,1223
hCoV-19/England/PHEC-YYESU8K/2023,1210,1223
hCoV-19/England/PHEC-YYESTFO/2023,1210,1223
hCoV-19/England/PHEC-YYESTDW/2023,1210,1223
hCoV-19/England/PHEC-YYESONZ/2023,1210,1223
hCoV-19/England/PHEC-YYESKCJ/2023,1210,1223
hCoV-19/England/PHEC-YYESJW3/2023,1210,1223
hCoV-19/England/PHEC-YYESIKN/2023,1210,1223
hCoV-19/England/PHEC-YYESI9Z/2023,1210,1223
hCoV-19/England/PHEC-YYESI63/2023,1210,1223
hCoV-19/England/PHEC-YYESI4B/2023,1210,1223
hCoV-19/England/PHEC-YYESGF5/2023,1210,1223
hCoV-19/England/PHEC-YYESAUC/2023,1210,1225
hCoV-19/England/PHEC-YYESAQZ/2023,1210,1225
hCoV-19/England/PHEC-YYESAP3/2023,1210,1225
hCoV-19/England/PHEC-YYESAK9/2023,1210,1225
hCoV-19/England/PHEC-YYESAED/2023,1210,1225
hCoV-19/England/PHEC-YYESABT/2023,1210,1225
hCoV-19/England/PHEC-YYES9J4/2023,1210,1231
hCoV-19/England/PHEC-YYES9FN/2023,1210,1231
hCoV-19/England/PHEC-YYES7PW/2023,1210,1231
hCoV-19/England/PHEC-YYES7MA/2023,1210,1231
hCoV-19/England/PHEC-YYES7CS/2023,1210,1231
hCoV-19/England/PHEC-YYES6QT/2023,1210,1231
hCoV-19/England/PHEC-YYES6MZ/2023,1210,1231
hCoV-19/England/PHEC-YYES6J5/2023,1210,1231
hCoV-19/England/PHEC-YYES4SR/2023,1210,1231
hCoV-19/England/PHEC-YYES1P9/2023,1210,1223
hCoV-19/England/PHEC-YYES1CB/2023,1210,1223
hCoV-19/England/PHEC-YYES18M/2023,1210,1223
hCoV-19/England/PHEC-YYEZQHN/2023,1211,1231
hCoV-19/England/PHEC-YYEZQ5R/2023,1211,1231
hCoV-19/England/PHEC-YYEZPSX/2023,1211,1231
hCoV-19/England/PHEC-YYEZPAM/2023,1211,1231
hCoV-19/England/PHEC-YYEZNZA/2023,1211,1231
hCoV-19/England/PHEC-YYEZNY8/2023,1211,1231
hCoV-19/England/PHEC-YYEZJRA/2023,1211,1231
hCoV-19/England/PHEC-YYEZJNH/2023,1211,1231
hCoV-19/England/PHEC-YYEZFU7/2023,1211,1231
hCoV-19/England/PHEC-YYEZFBN/2023,1211,1231
hCoV-19/England/PHEC-YYEZDG4/2023,1211,1231
hCoV-19/England/PHEC-YYEZBZ3/2023,1211,1231
hCoV-19/England/PHEC-YYESZRC/2023,1211,1223
hCoV-19/England/PHEC-YYESZGE/2023,1211,1223
hCoV-19/England/PHEC-YYESZ9I/2023,1211,1225
hCoV-19/England/PHEC-YYESWQ5/2023,1211,1223
hCoV-19/England/PHEC-YYESWIC/2023,1211,1223
hCoV-19/England/PHEC-YYESAZR/2023,1211,1225
hCoV-19/England/PHEC-YYESANX/2023,1211,1225
hCoV-19/England/PHEC-YYESAJB/2023,1211,1225
hCoV-19/England/PHEC-YYESAIE/2023,1211,1225
hCoV-19/England/PHEC-YYESA8F/2023,1211,1225
hCoV-19/England/PHEC-YYESA3Y/2023,1211,1225
hCoV-19/England/PHEC-YYESA1Q/2023,1211,1225
hCoV-19/England/PHEC-YYES9XQ/2023,1211,1231
hCoV-19/England/PHEC-YYES9TJ/2023,1211,1231
hCoV-19/England/PHEC-YYES9QO/2023,1211,1231
hCoV-19/England/PHEC-YYES9OM/2023,1211,1231
hCoV-19/England/PHEC-YYES9BK/2023,1211,1231
hCoV-19/England/PHEC-YYES78Y/2023,1211,1231
hCoV-19/England/PHEC-YYES6SY/2023,1211,1231
hCoV-19/England/PHEC-YYES6PU/2023,1211,1231
hCoV-19/England/PHEC-YYES6OC/2023,1211,1231
hCoV-19/England/PHEC-YYES6K3/2023,1211,1231
hCoV-19/England/PHEC-YYES6HW/2023,1211,1231
hCoV-19/England/PHEC-YYES61E/2023,1211,1231
hCoV-19/England/PHEC-YYES4RJ/2023,1211,1225
hCoV-19/England/PHEC-YYES4J9/2023,1211,1225
hCoV-19/England/PHEC-YYES4F8/2023,1211,1225
hCoV-19/England/PHEC-YYES4DM/2023,1211,1225
hCoV-19/England/PHEC-YYES4BX/2023,1211,1225
hCoV-19/England/PHEC-YYES3UM/2023,1211,1225
hCoV-19/England/PHEC-YYES347/2023,1211,1225
hCoV-19/England/PHEC-YYES1ZK/2023,1211,1223
hCoV-19/England/PHEC-YYES1WO/2023,1211,1223
hCoV-19/England/PHEC-YYES1OA/2023,1211,1223
hCoV-19/England/PHEC-YYES1HY/2023,1211,1223
hCoV-19/England/PHEC-YYES1DU/2023,1211,1223
hCoV-19/England/PHEC-YYES1AE/2023,1211,1223
hCoV-19/England/PHEC-YYEZX8C/2023,1212,1231
hCoV-19/England/PHEC-YYEZU75/2023,1212,1231
hCoV-19/England/PHEC-YYEZSQZ/2023,1212,1231
hCoV-19/England/PHEC-YYEZRBD/2023,1212,1231
hCoV-19/England/PHEC-YYEZQMF/2023,1212,1231
hCoV-19/England/PHEC-YYEZQ9H/2023,1212,1231
hCoV-19/England/PHEC-YYEZOX5/2023,1212,1231
hCoV-19/England/PHEC-YYEZOJ8/2023,1212,1231
hCoV-19/England/PHEC-YYEZNHQ/2023,1212,1231
hCoV-19/England/PHEC-YYEZNBF/2023,1212,1231
hCoV-19/England/PHEC-YYEZMT5/2023,1212,1231
hCoV-19/England/PHEC-YYEZDYG/2023,1212,1231
hCoV-19/England/PHEC-YYEZDBR/2023,1212,1231
hCoV-19/England/PHEC-YYEZBYE/2023,1212,1231
hCoV-19/England/PHEC-YYEZBXK/2023,1212,1231
hCoV-19/England/PHEC-YYEZBQC/2023,1212,1231
hCoV-19/England/PHEC-YYEZBO8/2023,1212,1231
hCoV-19/England/PHEC-YYEZBNR/2023,1212,1231
hCoV-19/England/PHEC-YYEZBDN/2023,1212,1231
hCoV-19/England/PHEC-YYEZB9J/2023,1212,1231
hCoV-19/England/PHEC-YYEZB6M/2023,1212,1231
hCoV-19/England/PHEC-YYEZ6BJ/2023,1212,1237
hCoV-19/England/PHEC-YYESIBW/2023,1212,1223
hCoV-19/England/PHEC-YYESASG/2023,1212,1225
hCoV-19/England/PHEC-YYESA5H/2023,1212,1225
hCoV-19/England/PHEC-YYES6WR/2023,1212,1231
hCoV-19/England/PHEC-YYES6AH/2023,1212,1231
hCoV-19/England/PHEC-YYES3ZD/2023,1212,1225
hCoV-19/England/PHEC-YYES3SF/2023,1212,1225
hCoV-19/England/PHEC-YYES3QS/2023,1212,1225
hCoV-19/England/PHEC-YYES3K6/2023,1212,1225
hCoV-19/England/PHEC-YYES3JY/2023,1212,1225
hCoV-19/England/PHEC-YYES3C4/2023,1212,1225
hCoV-19/England/PHEC-YYES3BO/2023,1212,1225
hCoV-19/England/PHEC-YYES3AB/2023,1212,1225
hCoV-19/England/PHEC-YYEADZI/2023,1212,1237
hCoV-19/England/PHEC-YYEZUGK/2023,1213,1231
hCoV-19/England/PHEC-YYEZT4D/2023,1213,1231
hCoV-19/England/PHEC-YYEZSG8/2023,1213,1231
hCoV-19/England/PHEC-YYEZSED/2023,1213,1231
hCoV-19/England/PHEC-YYEZSC5/2023,1213,1231
hCoV-19/England/PHEC-YYEZRU6/2023,1213,1231
hCoV-19/England/PHEC-YYEZRTN/2023,1213,1231
hCoV-19/England/PHEC-YYEZRQJ/2023,1213,1231
hCoV-19/England/PHEC-YYEZRMX/2023,1213,1231
hCoV-19/England/PHEC-YYEZQJJ/2023,1213,1231
hCoV-19/England/PHEC-YYEZP97/2023,1213,1231
hCoV-19/England/PHEC-YYEZP69/2023,1213,1231
hCoV-19/England/PHEC-YYEZP1Z/2023,1213,1231
hCoV-19/England/PHEC-YYEZNW6/2023,1213,1231
hCoV-19/England/PHEC-YYEZNDB/2023,1213,1231
hCoV-19/England/PHEC-YYEZHTK/2023,1213,1237
hCoV-19/England/PHEC-YYEZHOC/2023,1213,1237
hCoV-19/England/PHEC-YYEZGYD/2023,1213,1231
hCoV-19/England/PHEC-YYEZGXF/2023,1213,1231
hCoV-19/England/PHEC-YYEZGJT/2023,1213,1231
hCoV-19/England/PHEC-YYEZGF3/2023,1213,1231
hCoV-19/England/PHEC-YYEZGEU/2023,1213,1231
hCoV-19/England/PHEC-YYEZG8I/2023,1213,1231
hCoV-19/England/PHEC-YYEZG7E/2023,1213,1231
hCoV-19/England/PHEC-YYEZFXG/2023,1213,1231
hCoV-19/England/PHEC-YYEZBGH/2023,1213,1231
hCoV-19/England/PHEC-YYEZBF6/2023,1213,1231
hCoV-19/England/PHEC-YYEZBEA/2023,1213,1231
hCoV-19/England/PHEC-YYES9HU/2023,1213,1231
hCoV-19/England/PHEC-YYES97T/2023,1213,1231
hCoV-19/England/PHEC-YYES96X/2023,1213,1231
hCoV-19/England/PHEC-YYEAUJN/2023,1213,1240
hCoV-19/England/PHEC-YYEAQNI/2023,1213,1237
hCoV-19/England/PHEC-YYEAQDU/2023,1213,1237
hCoV-19/England/PHEC-YYEAQBZ/2023,1213,1237
hCoV-19/England/PHEC-YYEADSZ/2023,1213,1237
hCoV-19/England/PHEC-YYEADAU/2023,1213,1237
hCoV-19/England/PHEC-YYEZTOZ/2023,1214,1231
hCoV-19/England/PHEC-YYEZRSA/2023,1214,1231
hCoV-19/England/PHEC-YYEZR6E/2023,1214,1231
hCoV-19/England/PHEC-YYEZNXJ/2023,1214,1231
hCoV-19/England/PHEC-YYEZNCX/2023,1214,1231
hCoV-19/England/PHEC-YYEZJPG/2023,1214,1231
hCoV-19/England/PHEC-YYEZI73/2023,1214,1231
hCoV-19/England/PHEC-YYEZG5C/2023,1214,1231
hCoV-19/England/PHEC-YYEZFHM/2023,1214,1231
hCoV-19/England/PHEC-YYEZFCC/2023,1214,1231
hCoV-19/England/PHEC-YYEZF3T/2023,1214,1231
hCoV-19/England/PHEC-YYEZF19/2023,1214,1231
hCoV-19/England/PHEC-YYEZD5X/2023,1214,1231
hCoV-19/England/PHEC-YYEAZEY/2023,1214,1241
hCoV-19/England/PHEC-YYEAWRM/2023,1214,1240
hCoV-19/England/PHEC-YYEAWNX/2023,1214,1240
hCoV-19/England/PHEC-YYEAPDW/2023,1214,1237
hCoV-19/England/PHEC-YYEAC66/2023,1214,1237
