hCoV-19/England/PHEC-YYEZ9I9/2023,1222,1237
hCoV-19/England/PHEC-YYEAW5H/2023,1222,1240
hCoV-19/England/PHEC-YYEAURC/2023,1222,1240
hCoV-19/England/PHEC-YYEAUAD/2023,1222,1240
hCoV-19/England/PHEC-YYEARZW/2023,1222,1237
hCoV-19/England/PHEC-YYEARKX/2023,1222,1237
hCoV-19/England/PHEC-YYEARJT/2023,1222,1237
hCoV-19/England/PHEC-YYEARA1/2023,1222,1237
hCoV-19/England/PHEC-YYEAQ6H/2023,1222,1238
hCoV-19/England/PHEC-YYEAO9A/2023,1222,1238
hCoV-19/England/PHEC-YYEAO64/2023,1222,1238
hCoV-19/England/PHEC-YYEAI47/2023,1222,1241
hCoV-19/England/PHEC-YYEADPK/2023,1222,1237
hCoV-19/England/PHEC-YYEADJ1/2023,1222,1237
hCoV-19/England/PHEC-YYEADCC/2023,1222,1237
hCoV-19/England/PHEC-YYEABW7/2023,1222,1237
hCoV-19/England/PHEC-YYEA1XZ/2023,1222,1240
hCoV-19/England/PHEC-YYEAXZJ/2023,1223,1238
hCoV-19/England/PHEC-YYEAXSM/2023,1223,1238
hCoV-19/England/PHEC-YYEAXIP/2023,1223,1238
hCoV-19/England/PHEC-YYEAWZR/2023,1223,1240
hCoV-19/England/PHEC-YYEAWH4/2023,1223,1240
hCoV-19/England/PHEC-YYEAUGE/2023,1223,1240
hCoV-19/England/PHEC-YYEATGK/2023,1223,1240
hCoV-19/England/PHEC-YYEARBB/2023,1223,1237
hCoV-19/England/PHEC-YYEAOX3/2023,1223,1238
hCoV-19/England/PHEC-YYEAOWQ/2023,1223,1238
hCoV-19/England/PHEC-YYEAOSK/2023,1223,1238
hCoV-19/England/PHEC-YYEAOIC/2023,1223,1238
hCoV-19/England/PHEC-YYEAN1Y/2023,1223,1237
hCoV-19/England/PHEC-YYEAIPA/2023,1223,1241
hCoV-19/England/PHEC-YYEAF8W/2023,1223,1237
hCoV-19/England/PHEC-YYEADXG/2023,1223,1237
hCoV-19/England/PHEC-YYEADQE/2023,1223,1237
hCoV-19/England/PHEC-YYEAD19/2023,1223,1237
hCoV-19/England/PHEC-YYEABDY/2023,1223,1237
hCoV-19/England/PHEC-YYEAB98/2023,1223,1237
hCoV-19/England/PHEC-YYEA1JD/2023,1223,1240
hCoV-19/England/PHEC-YYEA1HH/2023,1223,1240
hCoV-19/England/PHEC-YYEA188/2023,1223,1240
hCoV-19/England/PHEC-YYEAX5B/2023,1224,1238
hCoV-19/England/PHEC-YYEAW9W/2023,1224,1240
hCoV-19/England/PHEC-YYEATZ8/2023,1224,1240
hCoV-19/England/PHEC-YYEATSJ/2023,1224,1240
hCoV-19/England/PHEC-YYEATFC/2023,1224,1240
hCoV-19/England/PHEC-YYEASBX/2023,1224,1241
hCoV-19/England/PHEC-YYEANWH/2023,1224,1237
hCoV-19/England/PHEC-YYEANI4/2023,1224,1237
hCoV-19/England/PHEC-YYEANHC/2023,1224,1237
hCoV-19/England/PHEC-YYEAN7K/2023,1224,1237
hCoV-19/England/PHEC-YYEAN5Q/2023,1224,1237
hCoV-19/England/PHEC-YYEAIWJ/2023,1224,1241
hCoV-19/England/PHEC-YYEAISF/2023,1224,1241
hCoV-19/England/PHEC-YYEA1IK/2023,1224,1240
hCoV-19/England/PHEC-YYEATPH/2023,1225,1240
hCoV-19/England/PHEC-YYEATH7/2023,1225,1240
hCoV-19/England/PHEC-YYEATC6/2023,1225,1240
hCoV-19/England/PHEC-YYEAT4B/2023,1225,1240
hCoV-19/England/PHEC-YYEASHA/2023,1225,1241
hCoV-19/England/PHEC-YYEAOZE/2023,1225,1238
hCoV-19/England/PHEC-YYEAOQ5/2023,1225,1238
hCoV-19/England/PHEC-YYEAOP7/2023,1225,1238
hCoV-19/England/PHEC-YYEAOAG/2023,1225,1238
hCoV-19/England/PHEC-YYEAO8J/2023,1225,1238
hCoV-19/England/PHEC-YYEANG3/2023,1225,1237
hCoV-19/England/PHEC-YYEAIC4/2023,1225,1241
hCoV-19/England/PHEC-YYEA9I7/2023,1225,1244
hCoV-19/England/PHEC-YYE3BGA/2023,1225,1244
hCoV-19/England/PHEC-YYEATEG/2023,1226,1240
hCoV-19/England/PHEC-YYEAT63/2023,1226,1240
hCoV-19/England/PHEC-YYEAT3D/2023,1226,1240
hCoV-19/England/PHEC-YYEASM5/2023,1226,1241
hCoV-19/England/PHEC-YYEAS4H/2023,1226,1241
hCoV-19/England/PHEC-YYEAOMB/2023,1226,1238
hCoV-19/England/PHEC-YYEA6TG/2023,1226,1244
hCoV-19/England/PHEC-YYE3N5C/2023,1226,1246
hCoV-19/England/PHEC-YYE3BYR/2023,1226,1244
hCoV-19/England/PHEC-YYE3B3T/2023,1226,1244
hCoV-19/England/PHEC-YYEA9Z3/2023,1227,1244
hCoV-19/England/PHEC-YYEA9DN/2023,1227,1244
hCoV-19/England/PHEC-YYEA9AZ/2023,1227,1244
hCoV-19/England/PHEC-YYEA6Z4/2023,1227,1244
hCoV-19/England/PHEC-YYEA6AA/2023,1227,1244
hCoV-19/England/PHEC-YYEA61R/2023,1227,1244
hCoV-19/England/PHEC-YYE3YWH/2023,1227,1244
hCoV-19/England/PHEC-YYE3YOR/2023,1227,1244
hCoV-19/England/PHEC-YYE3B19/2023,1227,1244
hCoV-19/England/PHEC-YYE3YU6/2023,1228,1244
hCoV-19/England/PHEC-YYE3Y7K/2023,1228,1244
hCoV-19/England/PHEC-YYE3NTY/2023,1228,1244
hCoV-19/England/PHEC-YYE3NGZ/2023,1228,1244
hCoV-19/England/PHEC-YYE3NA1/2023,1228,1246
hCoV-19/England/PHEC-YYE3BKO/2023,1228,1244
hCoV-19/England/PHEC-YYE3BCC/2023,1228,1244
