hCoV-19/England/PHEC-YYEJRSI/2023,1152,1169
hCoV-19/England/PHEC-YYEJGH8/2023,1152,1170
hCoV-19/England/PHEC-YYEJG5J/2023,1152,1170
hCoV-19/England/PHEC-YYEJF9N/2023,1152,1169
hCoV-19/England/PHEC-YYEJBF5/2023,1152,1169
hCoV-19/England/PHEC-YYE8WRQ/2023,1152,1167
hCoV-19/England/PHEC-YYE8W8E/2023,1152,1167
hCoV-19/England/PHEC-YYE8URX/2023,1152,1167
hCoV-19/England/PHEC-YYE8PKJ/2023,1152,1167
hCoV-19/England/PHEC-YYE8MS1/2023,1152,1167
hCoV-19/England/PHEC-YYE8KYY/2023,1152,1167
hCoV-19/England/PHEC-YYE8KQR/2023,1152,1167
hCoV-19/England/PHEC-YYE8KPG/2023,1152,1167
hCoV-19/England/PHEC-YYE8KNH/2023,1152,1167
hCoV-19/England/PHEC-YYE8KFS/2023,1152,1167
hCoV-19/England/PHEC-YYE8KEO/2023,1152,1167
hCoV-19/England/PHEC-YYE8JIS/2023,1152,1167
hCoV-19/England/PHEC-YYE8HJH/2023,1152,1169
hCoV-19/England/PHEC-YYE8CST/2023,1152,1167
hCoV-19/England/PHEC-YYE8CBH/2023,1152,1167
hCoV-19/England/PHEC-YYE84X1/2023,1152,1169
hCoV-19/England/PHEC-YYE84CA/2023,1152,1169
hCoV-19/England/PHEC-YYE81A8/2023,1152,1167
hCoV-19/England/PHEC-YYE815B/2023,1152,1167
hCoV-19/England/PHEC-YYE813F/2023,1152,1167
hCoV-19/England/PHEC-YYEKYKO/2023,1153,1171
hCoV-19/England/PHEC-YYEJTFM/2023,1153,1170
hCoV-19/England/PHEC-YYEJQUT/2023,1153,1169
hCoV-19/England/PHEC-YYEJQIP/2023,1153,1169
hCoV-19/England/PHEC-YYEJIGF/2023,1153,1170
hCoV-19/England/PHEC-YYEJGT7/2023,1153,1169
hCoV-19/England/PHEC-YYEJGKC/2023,1153,1169
hCoV-19/England/PHEC-YYEJGJQ/2023,1153,1169
hCoV-19/England/PHEC-YYEJFXD/2023,1153,1169
hCoV-19/England/PHEC-YYEJFHE/2023,1153,1169
hCoV-19/England/PHEC-YYEJEN4/2023,1153,1170
hCoV-19/England/PHEC-YYEJEBH/2023,1153,1170
hCoV-19/England/PHEC-YYEJE99/2023,1153,1170
hCoV-19/England/PHEC-YYEJDA1/2023,1153,1169
hCoV-19/England/PHEC-YYEJ8QD/2023,1153,1170
hCoV-19/England/PHEC-YYE8WXA/2023,1153,1167
hCoV-19/England/PHEC-YYE8W3D/2023,1153,1167
hCoV-19/England/PHEC-YYE8UH6/2023,1153,1167
hCoV-19/England/PHEC-YYE8U7H/2023,1153,1167
hCoV-19/England/PHEC-YYE8MJP/2023,1153,1167
hCoV-19/England/PHEC-YYE8KT7/2023,1153,1167
hCoV-19/England/PHEC-YYE8INT/2023,1153,1169
hCoV-19/England/PHEC-YYE8HWF/2023,1153,1169
hCoV-19/England/PHEC-YYE8HQ1/2023,1153,1169
hCoV-19/England/PHEC-YYE8HMA/2023,1153,1169
hCoV-19/England/PHEC-YYE8HDE/2023,1153,1169
hCoV-19/England/PHEC-YYE8HA7/2023,1153,1169
hCoV-19/England/PHEC-YYE8CY6/2023,1153,1167
hCoV-19/England/PHEC-YYE8AI8/2023,1153,1169
hCoV-19/England/PHEC-YYE84YO/2023,1153,1169
hCoV-19/England/PHEC-YYE846U/2023,1153,1169
hCoV-19/England/PHEC-YYE8437/2023,1153,1169
hCoV-19/England/PHEC-YYE841M/2023,1153,1169
hCoV-19/England/PHEC-YYE81BS/2023,1153,1167
hCoV-19/England/BRBR-326E9CFB/2023,1153,1161
hCoV-19/England/BRBR-326E9AA6/2023,1153,1161
hCoV-19/England/BRBR-326E9657/2023,1153,1161
hCoV-19/England/BRBR-326E960C/2023,1153,1161
hCoV-19/England/PHEC-YYEPZBF/2023,1154,1181
hCoV-19/England/PHEC-YYEKR81/2023,1154,1174
hCoV-19/England/PHEC-YYEJWH3/2023,1154,1170
hCoV-19/England/PHEC-YYEJWGG/2023,1154,1170
hCoV-19/England/PHEC-YYEJWAB/2023,1154,1170
hCoV-19/England/PHEC-YYEJW6I/2023,1154,1170
hCoV-19/England/PHEC-YYEJW47/2023,1154,1170
hCoV-19/England/PHEC-YYEJW1P/2023,1154,1170
hCoV-19/England/PHEC-YYEJUYU/2023,1154,1170
hCoV-19/England/PHEC-YYEJUIE/2023,1154,1170
hCoV-19/England/PHEC-YYEJUBT/2023,1154,1170
hCoV-19/England/PHEC-YYEJTZG/2023,1154,1170
hCoV-19/England/PHEC-YYEJTUQ/2023,1154,1170
hCoV-19/England/PHEC-YYEJTJD/2023,1154,1170
hCoV-19/England/PHEC-YYEJT4Y/2023,1154,1170
hCoV-19/England/PHEC-YYEJRMC/2023,1154,1169
hCoV-19/England/PHEC-YYEJRKQ/2023,1154,1169
hCoV-19/England/PHEC-YYEJRJO/2023,1154,1169
hCoV-19/England/PHEC-YYEJRDH/2023,1154,1169
hCoV-19/England/PHEC-YYEJR8W/2023,1154,1169
hCoV-19/England/PHEC-YYEJOC6/2023,1154,1170
hCoV-19/England/PHEC-YYEJOAF/2023,1154,1170
hCoV-19/England/PHEC-YYEJNHM/2023,1154,1169
hCoV-19/England/PHEC-YYEJMSQ/2023,1154,1170
hCoV-19/England/PHEC-YYEJK3J/2023,1154,1170
hCoV-19/England/PHEC-YYEJIXU/2023,1154,1170
hCoV-19/England/PHEC-YYEJIQI/2023,1154,1170
hCoV-19/England/PHEC-YYEJI1C/2023,1154,1170
hCoV-19/England/PHEC-YYEJGO9/2023,1154,1169
hCoV-19/England/PHEC-YYEJFMM/2023,1154,1169
hCoV-19/England/PHEC-YYEJFKP/2023,1154,1169
hCoV-19/England/PHEC-YYEJF8U/2023,1154,1169
hCoV-19/England/PHEC-YYEJEZX/2023,1154,1170
hCoV-19/England/PHEC-YYEJEWI/2023,1154,1170
hCoV-19/England/PHEC-YYEJERS/2023,1154,1170
hCoV-19/England/PHEC-YYEJEPR/2023,1154,1170
hCoV-19/England/PHEC-YYEJEME/2023,1154,1170
hCoV-19/England/PHEC-YYEJEAP/2023,1154,1170
hCoV-19/England/PHEC-YYEJE13/2023,1154,1170
hCoV-19/England/PHEC-YYEJD9R/2023,1154,1169
hCoV-19/England/PHEC-YYEJ8KM/2023,1154,1170
hCoV-19/England/PHEC-YYEJ8HG/2023,1154,1170
hCoV-19/England/PHEC-YYEJ8C8/2023,1154,1170
hCoV-19/England/PHEC-YYEJ1WM/2023,1154,1170
hCoV-19/England/PHEC-YYEJ1UP/2023,1154,1170
hCoV-19/England/PHEC-YYEJ1KY/2023,1154,1170
hCoV-19/England/PHEC-YYEJ1CH/2023,1154,1170
hCoV-19/England/PHEC-YYEJ157/2023,1154,1170
hCoV-19/England/PHEC-YYE8ZDP/2023,1154,1169
hCoV-19/England/PHEC-YYE8IXZ/2023,1154,1169
hCoV-19/England/PHEC-YYE8IWC/2023,1154,1169
hCoV-19/England/PHEC-YYE8IRP/2023,1154,1169
hCoV-19/England/PHEC-YYE8IC7/2023,1154,1169
hCoV-19/England/PHEC-YYE8I1O/2023,1154,1169
hCoV-19/England/PHEC-YYE8AC4/2023,1154,1169
hCoV-19/England/PHEC-YYE87GB/2023,1154,1169
hCoV-19/England/PHEC-YYE8789/2023,1154,1169
hCoV-19/England/PHEC-YYE84HZ/2023,1154,1169
hCoV-19/England/PHEC-YYETHY3/2023,1155,1199
hCoV-19/England/PHEC-YYEPS9J/2023,1155,1181
hCoV-19/England/PHEC-YYEP1KA/2023,1155,1181
hCoV-19/England/PHEC-YYEMA5U/2023,1155,1181
hCoV-19/England/PHEC-YYEKRMK/2023,1155,1174
hCoV-19/England/PHEC-YYEK7XJ/2023,1155,1174
hCoV-19/England/PHEC-YYEJWI8/2023,1155,1170
hCoV-19/England/PHEC-YYEJWEN/2023,1155,1170
hCoV-19/England/PHEC-YYEJW8R/2023,1155,1170
hCoV-19/England/PHEC-YYEJURM/2023,1155,1170
hCoV-19/England/PHEC-YYEJU7A/2023,1155,1170
hCoV-19/England/PHEC-YYEJU6S/2023,1155,1170
hCoV-19/England/PHEC-YYEJTNT/2023,1155,1170
hCoV-19/England/PHEC-YYEJTHH/2023,1155,1170
hCoV-19/England/PHEC-YYEJTBU/2023,1155,1170
hCoV-19/England/PHEC-YYEJOWP/2023,1155,1170
hCoV-19/England/PHEC-YYEJOTU/2023,1155,1170
hCoV-19/England/PHEC-YYEJON1/2023,1155,1170
hCoV-19/England/PHEC-YYEJOKN/2023,1155,1170
hCoV-19/England/PHEC-YYEJOJR/2023,1155,1170
hCoV-19/England/PHEC-YYEJOEG/2023,1155,1170
hCoV-19/England/PHEC-YYEJO59/2023,1155,1170
hCoV-19/England/PHEC-YYEJKRW/2023,1155,1170
hCoV-19/England/PHEC-YYEJKGO/2023,1155,1170
hCoV-19/England/PHEC-YYEJKCR/2023,1155,1170
hCoV-19/England/PHEC-YYEJIRJ/2023,1155,1170
hCoV-19/England/PHEC-YYEJIM5/2023,1155,1170
hCoV-19/England/PHEC-YYEJIF8/2023,1155,1170
hCoV-19/England/PHEC-YYEJI8D/2023,1155,1170
hCoV-19/England/PHEC-YYEJE3M/2023,1155,1170
hCoV-19/England/PHEC-YYEJ8ZO/2023,1155,1170
hCoV-19/England/PHEC-YYEJ8WS/2023,1155,1170
hCoV-19/England/PHEC-YYEJ8AQ/2023,1155,1170
hCoV-19/England/PHEC-YYEJ5H1/2023,1155,1171
hCoV-19/England/PHEC-YYEJ4WD/2023,1155,1171
hCoV-19/England/PHEC-YYEJ4QO/2023,1155,1171
hCoV-19/England/PHEC-YYEJ3TK/2023,1155,1171
hCoV-19/England/PHEC-YYEJ1YW/2023,1155,1170
hCoV-19/England/PHEC-YYEJ1M6/2023,1155,1170
hCoV-19/England/PHEC-YYEJ1GE/2023,1155,1170
hCoV-19/England/PHEC-YYEJ18G/2023,1155,1170
hCoV-19/England/PHEC-YYE8ZH4/2023,1155,1169
hCoV-19/England/PHEC-YYE8ZBT/2023,1155,1169
hCoV-19/England/PHEC-YYE8I56/2023,1155,1169
hCoV-19/England/PHEC-YYE8I3N/2023,1155,1169
hCoV-19/England/PHEC-YYE8HSB/2023,1155,1169
hCoV-19/England/PHEC-YYE8H7U/2023,1155,1169
hCoV-19/England/PHEC-YYE8ANQ/2023,1155,1169
hCoV-19/England/PHEC-YYE87YP/2023,1155,1169
hCoV-19/England/PHEC-YYE87NJ/2023,1155,1169
hCoV-19/England/PHEC-YYE87E7/2023,1155,1169
hCoV-19/England/PHEC-YYE87D8/2023,1155,1169
hCoV-19/England/PHEC-YYE84OX/2023,1155,1169
hCoV-19/England/PHEC-YYETHJ8/2023,1156,1199
hCoV-19/England/PHEC-YYEKRO9/2023,1156,1174
hCoV-19/England/PHEC-YYEKRB6/2023,1156,1174
hCoV-19/England/PHEC-YYEKH84/2023,1156,1174
hCoV-19/England/PHEC-YYEKDHE/2023,1156,1174
hCoV-19/England/PHEC-YYEKD4C/2023,1156,1174
hCoV-19/England/PHEC-YYEK7UY/2023,1156,1174
hCoV-19/England/PHEC-YYEK7AS/2023,1156,1174
hCoV-19/England/PHEC-YYEJWMH/2023,1156,1170
hCoV-19/England/PHEC-YYEJWK6/2023,1156,1170
hCoV-19/England/PHEC-YYEJUZR/2023,1156,1170
hCoV-19/England/PHEC-YYEJUED/2023,1156,1170
hCoV-19/England/PHEC-YYEJU8F/2023,1156,1170
hCoV-19/England/PHEC-YYEJSTP/2023,1156,1171
hCoV-19/England/PHEC-YYEJSGR/2023,1156,1171
hCoV-19/England/PHEC-YYEJSA9/2023,1156,1171
hCoV-19/England/PHEC-YYEJOGK/2023,1156,1170
hCoV-19/England/PHEC-YYEJO8E/2023,1156,1170
hCoV-19/England/PHEC-YYEJISR/2023,1156,1170
hCoV-19/England/PHEC-YYEJI54/2023,1156,1170
hCoV-19/England/PHEC-YYEJI36/2023,1156,1170
hCoV-19/England/PHEC-YYEJEJC/2023,1156,1170
hCoV-19/England/PHEC-YYEJAOP/2023,1156,1171
hCoV-19/England/PHEC-YYEJ7G7/2023,1156,1171
hCoV-19/England/PHEC-YYEJ4BK/2023,1156,1171
hCoV-19/England/PHEC-YYEJ3PU/2023,1156,1171
hCoV-19/England/PHEC-YYEQOJ4/2023,1157,1188
hCoV-19/England/PHEC-YYEME79/2023,1157,1177
hCoV-19/England/PHEC-YYEMDC8/2023,1157,1176
hCoV-19/England/PHEC-YYEKRXN/2023,1157,1174
hCoV-19/England/PHEC-YYEKRSU/2023,1157,1174
hCoV-19/England/PHEC-YYEKRQR/2023,1157,1174
hCoV-19/England/PHEC-YYEKRH8/2023,1157,1174
hCoV-19/England/PHEC-YYEKRD4/2023,1157,1174
hCoV-19/England/PHEC-YYEKRAX/2023,1157,1174
hCoV-19/England/PHEC-YYEKR5J/2023,1157,1174
hCoV-19/England/PHEC-YYEKR4M/2023,1157,1174
hCoV-19/England/PHEC-YYEKQ75/2023,1157,1174
hCoV-19/England/PHEC-YYEKGME/2023,1157,1174
hCoV-19/England/PHEC-YYEKF4K/2023,1157,1174
hCoV-19/England/PHEC-YYEKDSW/2023,1157,1174
hCoV-19/England/PHEC-YYEK6PC/2023,1157,1174
hCoV-19/England/PHEC-YYEK6K1/2023,1157,1174
hCoV-19/England/PHEC-YYEK6ES/2023,1157,1174
hCoV-19/England/PHEC-YYEJS6U/2023,1157,1171
hCoV-19/England/PHEC-YYEJH6P/2023,1157,1171
hCoV-19/England/PHEC-YYEMW7U/2023,1158,1178
hCoV-19/England/PHEC-YYEKRU3/2023,1158,1174
hCoV-19/England/PHEC-YYEKR15/2023,1158,1174
hCoV-19/England/PHEC-YYEJSBQ/2023,1158,1171
hCoV-19/England/PHEC-YYEJS9T/2023,1158,1171
hCoV-19/England/PHEC-YYEJ9QM/2023,1158,1171
