hCoV-19/England/PHEC-YYENTGZ/2023,1131,1146
hCoV-19/England/PHEC-YYENT8I/2023,1131,1146
hCoV-19/England/PHEC-YYENQI5/2023,1131,1146
hCoV-19/England/PHEC-YYENONY/2023,1131,1146
hCoV-19/England/PHEC-YYENJWN/2023,1131,1146
hCoV-19/England/PHEC-YYENJIY/2023,1131,1146
hCoV-19/England/PHEC-YYENJ7O/2023,1131,1146
hCoV-19/England/PHEC-YYENEYC/2023,1131,1146
hCoV-19/England/PHEC-YYENEBK/2023,1131,1146
hCoV-19/England/PHEC-YYEDNX1/2023,1131,1150
hCoV-19/England/PHEC-YYEDNOX/2023,1131,1150
hCoV-19/England/PHEC-YYEBXS4/2023,1131,1142
hCoV-19/England/PHEC-YYEBXAS/2023,1131,1142
hCoV-19/England/PHEC-YYEBWDH/2023,1131,1143
hCoV-19/England/PHEC-YYEB6ZJ/2023,1131,1146
hCoV-19/England/PHEC-YYEB6IP/2023,1131,1146
hCoV-19/England/PHEC-YYENZ1A/2023,1132,1149
hCoV-19/England/PHEC-YYENXOR/2023,1132,1146
hCoV-19/England/PHEC-YYENXJU/2023,1132,1146
hCoV-19/England/PHEC-YYENX5Q/2023,1132,1146
hCoV-19/England/PHEC-YYENTW4/2023,1132,1146
hCoV-19/England/PHEC-YYENSG1/2023,1132,1149
hCoV-19/England/PHEC-YYENSEQ/2023,1132,1149
hCoV-19/England/PHEC-YYENQ98/2023,1132,1146
hCoV-19/England/PHEC-YYENJYM/2023,1132,1146
hCoV-19/England/PHEC-YYENEIB/2023,1132,1146
hCoV-19/England/PHEC-YYENCO8/2023,1132,1146
hCoV-19/England/PHEC-YYENCKW/2023,1132,1146
hCoV-19/England/PHEC-YYENARW/2023,1132,1149
hCoV-19/England/PHEC-YYEN8HW/2023,1132,1146
hCoV-19/England/PHEC-YYEN6AF/2023,1132,1150
hCoV-19/England/PHEC-YYEN1YN/2023,1132,1146
hCoV-19/England/PHEC-YYEN1KQ/2023,1132,1146
hCoV-19/England/PHEC-YYEN1IZ/2023,1132,1146
hCoV-19/England/PHEC-YYEDROP/2023,1132,1150
hCoV-19/England/PHEC-YYENZT4/2023,1133,1149
hCoV-19/England/PHEC-YYENZDZ/2023,1133,1149
hCoV-19/England/PHEC-YYENZAC/2023,1133,1149
hCoV-19/England/PHEC-YYENUP8/2023,1133,1149
hCoV-19/England/PHEC-YYENU7G/2023,1133,1149
hCoV-19/England/PHEC-YYENU6R/2023,1133,1149
hCoV-19/England/PHEC-YYENTA1/2023,1133,1146
hCoV-19/England/PHEC-YYENSRS/2023,1133,1149
hCoV-19/England/PHEC-YYENSIU/2023,1133,1149
hCoV-19/England/PHEC-YYENS99/2023,1133,1149
hCoV-19/England/PHEC-YYENQNN/2023,1133,1146
hCoV-19/England/PHEC-YYENQBR/2023,1133,1146
hCoV-19/England/PHEC-YYENKWB/2023,1133,1146
hCoV-19/England/PHEC-YYENKHT/2023,1133,1146
hCoV-19/England/PHEC-YYENK7X/2023,1133,1146
hCoV-19/England/PHEC-YYENK5U/2023,1133,1146
hCoV-19/England/PHEC-YYENIY9/2023,1133,1149
hCoV-19/England/PHEC-YYENC7P/2023,1133,1146
hCoV-19/England/PHEC-YYENC5T/2023,1133,1146
hCoV-19/England/PHEC-YYENA7B/2023,1133,1150
hCoV-19/England/PHEC-YYEN5BZ/2023,1133,1150
hCoV-19/England/PHEC-YYEN479/2023,1133,1150
hCoV-19/England/PHEC-YYEN13X/2023,1133,1146
hCoV-19/England/PHEC-YYEDZQ9/2023,1133,1153
hCoV-19/England/PHEC-YYEDZJJ/2023,1133,1153
hCoV-19/England/PHEC-YYEOYNU/2023,1134,1197
hCoV-19/England/PHEC-YYEOYFP/2023,1134,1197
hCoV-19/England/PHEC-YYENZOH/2023,1134,1149
hCoV-19/England/PHEC-YYENWSU/2023,1134,1149
hCoV-19/England/PHEC-YYENWEO/2023,1134,1149
hCoV-19/England/PHEC-YYENWD4/2023,1134,1149
hCoV-19/England/PHEC-YYENWAX/2023,1134,1149
hCoV-19/England/PHEC-YYENUSW/2023,1134,1149
hCoV-19/England/PHEC-YYENU1H/2023,1134,1149
hCoV-19/England/PHEC-YYENTCM/2023,1134,1146
hCoV-19/England/PHEC-YYENST5/2023,1134,1149
hCoV-19/England/PHEC-YYENSPR/2023,1134,1149
hCoV-19/England/PHEC-YYENSO7/2023,1134,1149
hCoV-19/England/PHEC-YYENS4J/2023,1134,1149
hCoV-19/England/PHEC-YYENOMQ/2023,1134,1146
hCoV-19/England/PHEC-YYENOJ1/2023,1134,1146
hCoV-19/England/PHEC-YYENKXC/2023,1134,1146
hCoV-19/England/PHEC-YYENKT8/2023,1134,1146
hCoV-19/England/PHEC-YYENKOJ/2023,1134,1146
hCoV-19/England/PHEC-YYENKDR/2023,1134,1146
hCoV-19/England/PHEC-YYENKA3/2023,1134,1146
hCoV-19/England/PHEC-YYENIEX/2023,1134,1149
hCoV-19/England/PHEC-YYENID3/2023,1134,1149
hCoV-19/England/PHEC-YYENHNW/2023,1134,1150
hCoV-19/England/PHEC-YYENAX6/2023,1134,1150
hCoV-19/England/PHEC-YYENACR/2023,1134,1149
hCoV-19/England/PHEC-YYENA97/2023,1134,1150
hCoV-19/England/PHEC-YYEN51W/2023,1134,1150
hCoV-19/England/PHEC-YYEN4R1/2023,1134,1150
hCoV-19/England/PHEC-YYEN3B3/2023,1134,1150
hCoV-19/England/PHEC-YYEN1DH/2023,1134,1146
hCoV-19/England/PHEC-YYEN18W/2023,1134,1146
hCoV-19/England/PHEC-YYEGXQB/2023,1134,1162
hCoV-19/England/PHEC-YYEDW8O/2023,1134,1153
hCoV-19/England/PHEC-YYEDRYQ/2023,1134,1150
hCoV-19/England/PHEC-YYEDRJH/2023,1134,1150
hCoV-19/England/PHEC-YYEDRE6/2023,1134,1150
hCoV-19/England/PHEC-YYEDEPO/2023,1134,1153
hCoV-19/England/PHEC-YYEDEHT/2023,1134,1153
hCoV-19/England/PHEC-YYEDAFO/2023,1134,1153
hCoV-19/England/PHEC-YYEDA8C/2023,1134,1153
hCoV-19/England/PHEC-YYENWXN/2023,1135,1149
hCoV-19/England/PHEC-YYENWT7/2023,1135,1149
hCoV-19/England/PHEC-YYENWQR/2023,1135,1149
hCoV-19/England/PHEC-YYENWPG/2023,1135,1149
hCoV-19/England/PHEC-YYENWO9/2023,1135,1149
hCoV-19/England/PHEC-YYENWKC/2023,1135,1149
hCoV-19/England/PHEC-YYENWJQ/2023,1135,1149
hCoV-19/England/PHEC-YYENW6D/2023,1135,1149
hCoV-19/England/PHEC-YYENS3M/2023,1135,1149
hCoV-19/England/PHEC-YYENIQD/2023,1135,1149
hCoV-19/England/PHEC-YYENIAQ/2023,1135,1149
hCoV-19/England/PHEC-YYENI8T/2023,1135,1149
hCoV-19/England/PHEC-YYENHWX/2023,1135,1150
hCoV-19/England/PHEC-YYENHSM/2023,1135,1150
hCoV-19/England/PHEC-YYENH77/2023,1135,1150
hCoV-19/England/PHEC-YYENH4D/2023,1135,1150
hCoV-19/England/PHEC-YYENAWU/2023,1135,1150
hCoV-19/England/PHEC-YYENAT3/2023,1135,1150
hCoV-19/England/PHEC-YYENAQY/2023,1135,1150
hCoV-19/England/PHEC-YYEN5WO/2023,1135,1150
hCoV-19/England/PHEC-YYEN5P9/2023,1135,1150
hCoV-19/England/PHEC-YYEN54R/2023,1135,1150
hCoV-19/England/PHEC-YYEN3NZ/2023,1135,1150
hCoV-19/England/PHEC-YYEN3FT/2023,1135,1150
hCoV-19/England/PHEC-YYEDZSQ/2023,1135,1153
hCoV-19/England/PHEC-YYEDUZO/2023,1135,1153
hCoV-19/England/PHEC-YYEDUAQ/2023,1135,1153
hCoV-19/England/PHEC-YYEDU3C/2023,1135,1153
hCoV-19/England/PHEC-YYEDTHE/2023,1135,1153
hCoV-19/England/PHEC-YYEDNHZ/2023,1135,1150
hCoV-19/England/PHEC-YYEDNGR/2023,1135,1150
hCoV-19/England/PHEC-YYEDN8N/2023,1135,1150
hCoV-19/England/PHEC-YYEDN45/2023,1135,1150
hCoV-19/England/PHEC-YYEDJUN/2023,1135,1153
hCoV-19/England/PHEC-YYEDJE3/2023,1135,1153
hCoV-19/England/PHEC-YYEDJDD/2023,1135,1153
hCoV-19/England/PHEC-YYEDGYC/2023,1135,1153
hCoV-19/England/PHEC-YYEDE6P/2023,1135,1153
hCoV-19/England/PHEC-YYEDAMR/2023,1135,1153
hCoV-19/England/PHEC-YYE8QUI/2023,1135,1167
hCoV-19/England/PHEC-YYERYRE/2023,1136,1154
hCoV-19/England/PHEC-YYERYEY/2023,1136,1154
hCoV-19/England/PHEC-YYENW3P/2023,1136,1149
hCoV-19/England/PHEC-YYENHUT/2023,1136,1150
hCoV-19/England/PHEC-YYENHIP/2023,1136,1150
hCoV-19/England/PHEC-YYENH8K/2023,1136,1150
hCoV-19/England/PHEC-YYENH5B/2023,1136,1150
hCoV-19/England/PHEC-YYENH3F/2023,1136,1150
hCoV-19/England/PHEC-YYEN7P7/2023,1136,1150
hCoV-19/England/PHEC-YYEN7JF/2023,1136,1150
hCoV-19/England/PHEC-YYEN78J/2023,1136,1150
hCoV-19/England/PHEC-YYEN5ZK/2023,1136,1150
hCoV-19/England/PHEC-YYEN5TS/2023,1136,1150
hCoV-19/England/PHEC-YYEN5OA/2023,1136,1150
hCoV-19/England/PHEC-YYEN4JE/2023,1136,1150
hCoV-19/England/PHEC-YYEN4BA/2023,1136,1150
hCoV-19/England/PHEC-YYEN3IO/2023,1136,1150
hCoV-19/England/PHEC-YYEN3AK/2023,1136,1150
hCoV-19/England/PHEC-YYEGXT4/2023,1136,1162
hCoV-19/England/PHEC-YYEDWRS/2023,1136,1153
hCoV-19/England/PHEC-YYEDU14/2023,1136,1153
hCoV-19/England/PHEC-YYEDRXO/2023,1136,1150
hCoV-19/England/PHEC-YYEDRNK/2023,1136,1150
hCoV-19/England/PHEC-YYEDPEI/2023,1136,1153
hCoV-19/England/PHEC-YYEDM1N/2023,1136,1153
hCoV-19/England/PHEC-YYEDJHO/2023,1136,1153
hCoV-19/England/PHEC-YYEDHGK/2023,1136,1153
hCoV-19/England/PHEC-YYEDEUD/2023,1136,1153
hCoV-19/England/PHEC-YYEDCZZ/2023,1136,1153
hCoV-19/England/PHEC-YYED9XI/2023,1136,1154
hCoV-19/England/PHEC-YYED9QZ/2023,1136,1154
hCoV-19/England/PHEC-YYED9O1/2023,1136,1154
hCoV-19/England/PHEC-YYED9H4/2023,1136,1154
hCoV-19/England/PHEC-YYED9ED/2023,1136,1154
hCoV-19/England/PHEC-YYED8XP/2023,1136,1153
hCoV-19/England/PHEC-YYED79S/2023,1136,1154
hCoV-19/England/PHEC-YYED74Y/2023,1136,1154
hCoV-19/England/PHEC-YYED73N/2023,1136,1154
hCoV-19/England/PHEC-YYED6ZF/2023,1136,1154
hCoV-19/England/PHEC-YYED6TT/2023,1136,1154
hCoV-19/England/PHEC-YYED6KY/2023,1136,1154
hCoV-19/England/PHEC-YYED6ER/2023,1136,1154
hCoV-19/England/PHEC-YYED6DQ/2023,1136,1154
hCoV-19/England/PHEC-YYED6CH/2023,1136,1154
hCoV-19/England/PHEC-YYED4WX/2023,1136,1153
hCoV-19/England/PHEC-YYED1O9/2023,1136,1153
hCoV-19/England/PHEC-YYERYKH/2023,1137,1154
hCoV-19/England/PHEC-YYERY8N/2023,1137,1154
hCoV-19/England/PHEC-YYERK5X/2023,1137,1156
hCoV-19/England/PHEC-YYENHP6/2023,1137,1150
hCoV-19/England/PHEC-YYEN7WQ/2023,1137,1150
hCoV-19/England/PHEC-YYEN7SK/2023,1137,1150
hCoV-19/England/PHEC-YYEN7RX/2023,1137,1150
hCoV-19/England/PHEC-YYEN7H6/2023,1137,1150
hCoV-19/England/PHEC-YYEN7DT/2023,1137,1150
hCoV-19/England/PHEC-YYEN7AG/2023,1137,1150
hCoV-19/England/PHEC-YYEN79A/2023,1137,1150
hCoV-19/England/PHEC-YYEN73R/2023,1137,1150
hCoV-19/England/PHEC-YYEN6YS/2023,1137,1150
hCoV-19/England/PHEC-YYEN6Q4/2023,1137,1150
hCoV-19/England/PHEC-YYEN6KN/2023,1137,1150
hCoV-19/England/PHEC-YYEN5U1/2023,1137,1150
hCoV-19/England/PHEC-YYEN5KF/2023,1137,1150
hCoV-19/England/PHEC-YYEN4Q6/2023,1137,1150
hCoV-19/England/PHEC-YYEN366/2023,1137,1150
hCoV-19/England/PHEC-YYEDWN4/2023,1137,1153
hCoV-19/England/PHEC-YYEDUTH/2023,1137,1153
hCoV-19/England/PHEC-YYEDUQD/2023,1137,1153
hCoV-19/England/PHEC-YYEDT6R/2023,1137,1153
hCoV-19/England/PHEC-YYEDMEZ/2023,1137,1153
hCoV-19/England/PHEC-YYEDICF/2023,1137,1153
hCoV-19/England/PHEC-YYEDEXC/2023,1137,1153
hCoV-19/England/PHEC-YYED97A/2023,1137,1154
hCoV-19/England/PHEC-YYED96S/2023,1137,1154
hCoV-19/England/PHEC-YYED8UR/2023,1137,1153
hCoV-19/England/PHEC-YYED5DT/2023,1137,1153
hCoV-19/England/PHEC-YYED1U3/2023,1137,1153
hCoV-19/England/PHEC-YYED1B6/2023,1137,1153
