hCoV-19/England/PHEC-YY89ZSS/2023,1117,1132
hCoV-19/England/PHEC-YY89ZKX/2023,1117,1132
hCoV-19/England/PHEC-YY89ZIA/2023,1117,1132
hCoV-19/England/PHEC-YY89WMO/2023,1117,1132
hCoV-19/England/PHEC-YY89WK1/2023,1117,1132
hCoV-19/England/PHEC-YY89W6J/2023,1117,1132
hCoV-19/England/PHEC-YY89W3U/2023,1117,1132
hCoV-19/England/PHEC-YY89UKU/2023,1117,1132
hCoV-19/England/PHEC-YY89SEW/2023,1117,1132
hCoV-19/England/PHEC-YY89QTJ/2023,1117,1129
hCoV-19/England/PHEC-YY89PUG/2023,1117,1129
hCoV-19/England/PHEC-YY89PIN/2023,1117,1129
hCoV-19/England/PHEC-YY89OS7/2023,1117,1132
hCoV-19/England/PHEC-YY89OMW/2023,1117,1132
hCoV-19/England/PHEC-YY89OE4/2023,1117,1132
hCoV-19/England/PHEC-YY89OC1/2023,1117,1132
hCoV-19/England/PHEC-YY89IQJ/2023,1117,1132
hCoV-19/England/PHEC-YY89I4O/2023,1117,1132
hCoV-19/England/PHEC-YY89I31/2023,1117,1132
hCoV-19/England/PHEC-YY89H7D/2023,1117,1132
hCoV-19/England/PHEC-YY89H6B/2023,1117,1132
hCoV-19/England/PHEC-YY89GRC/2023,1117,1129
hCoV-19/England/PHEC-YY89CZ9/2023,1117,1129
hCoV-19/England/PHEC-YY89CSB/2023,1117,1129
hCoV-19/England/PHEC-YY89C1J/2023,1117,1129
hCoV-19/England/PHEC-YY89AOB/2023,1117,1134
hCoV-19/England/PHEC-YY898C5/2023,1117,1129
hCoV-19/England/PHEC-YY897US/2023,1117,1132
hCoV-19/England/PHEC-YY897CF/2023,1117,1132
hCoV-19/England/PHEC-YY896QY/2023,1117,1132
hCoV-19/England/PHEC-YY8963J/2023,1117,1132
hCoV-19/England/PHEC-YYEYBRX/2023,1118,1134
hCoV-19/England/PHEC-YYEYBKD/2023,1118,1134
hCoV-19/England/PHEC-YYEYBC9/2023,1118,1134
hCoV-19/England/PHEC-YYEY1CQ/2023,1118,1139
hCoV-19/England/PHEC-YY89ZR5/2023,1118,1132
hCoV-19/England/PHEC-YY89ZMP/2023,1118,1132
hCoV-19/England/PHEC-YY89ZCM/2023,1118,1132
hCoV-19/England/PHEC-YY89ZA1/2023,1118,1132
hCoV-19/England/PHEC-YY89Z9R/2023,1118,1134
hCoV-19/England/PHEC-YY89Z5C/2023,1118,1132
hCoV-19/England/PHEC-YY89Z3O/2023,1118,1132
hCoV-19/England/PHEC-YY89WR6/2023,1118,1132
hCoV-19/England/PHEC-YY89WFH/2023,1118,1132
hCoV-19/England/PHEC-YY89WDY/2023,1118,1132
hCoV-19/England/PHEC-YY89WCQ/2023,1118,1132
hCoV-19/England/PHEC-YY89UPP/2023,1118,1132
hCoV-19/England/PHEC-YY89UAS/2023,1118,1132
hCoV-19/England/PHEC-YY89U6K/2023,1118,1132
hCoV-19/England/PHEC-YY89TDD/2023,1118,1132
hCoV-19/England/PHEC-YY89STB/2023,1118,1132
hCoV-19/England/PHEC-YY89SPK/2023,1118,1132
hCoV-19/England/PHEC-YY89SNY/2023,1118,1132
hCoV-19/England/PHEC-YY89SD6/2023,1118,1132
hCoV-19/England/PHEC-YY89S19/2023,1118,1132
hCoV-19/England/PHEC-YY89O7X/2023,1118,1132
hCoV-19/England/PHEC-YY89IX8/2023,1118,1132
hCoV-19/England/PHEC-YY89I9G/2023,1118,1132
hCoV-19/England/PHEC-YY89I5Q/2023,1118,1132
hCoV-19/England/PHEC-YY89HZX/2023,1118,1132
hCoV-19/England/PHEC-YY89HAP/2023,1118,1132
hCoV-19/England/PHEC-YY89H99/2023,1118,1132
hCoV-19/England/PHEC-YY89GER/2023,1118,1129
hCoV-19/England/PHEC-YY89CXO/2023,1118,1129
hCoV-19/England/PHEC-YY89CPW/2023,1118,1129
hCoV-19/England/PHEC-YY89CMA/2023,1118,1129
hCoV-19/England/PHEC-YY89CDE/2023,1118,1129
hCoV-19/England/PHEC-YY897Y7/2023,1118,1132
hCoV-19/England/PHEC-YY897QB/2023,1118,1132
hCoV-19/England/PHEC-YY897PD/2023,1118,1132
hCoV-19/England/PHEC-YY897GT/2023,1118,1132
hCoV-19/England/PHEC-YY8974E/2023,1118,1132
hCoV-19/England/PHEC-YY896X6/2023,1118,1132
hCoV-19/England/PHEC-YY8967B/2023,1118,1134
hCoV-19/England/PHEC-YY89648/2023,1118,1134
hCoV-19/England/PHEC-YY891HX/2023,1118,1132
hCoV-19/England/PHEC-YYEYUD9/2023,1119,1139
hCoV-19/England/PHEC-YYEYRIJ/2023,1119,1134
hCoV-19/England/PHEC-YYEYR73/2023,1119,1134
hCoV-19/England/PHEC-YYEYOAZ/2023,1119,1139
hCoV-19/England/PHEC-YYEYMIN/2023,1119,1136
hCoV-19/England/PHEC-YYEYMHW/2023,1119,1136
hCoV-19/England/PHEC-YYEYM9Q/2023,1119,1136
hCoV-19/England/PHEC-YYEYM6O/2023,1119,1136
hCoV-19/England/PHEC-YYEYJ61/2023,1119,1136
hCoV-19/England/PHEC-YYEYGY1/2023,1119,1135
hCoV-19/England/PHEC-YYEYGXW/2023,1119,1135
hCoV-19/England/PHEC-YYEYFZR/2023,1119,1135
hCoV-19/England/PHEC-YYEYFWK/2023,1119,1135
hCoV-19/England/PHEC-YYEYFUC/2023,1119,1135
hCoV-19/England/PHEC-YYEYFNX/2023,1119,1134
hCoV-19/England/PHEC-YYEYFG8/2023,1119,1134
hCoV-19/England/PHEC-YYEYF8F/2023,1119,1134
hCoV-19/England/PHEC-YYEYF3Y/2023,1119,1135
hCoV-19/England/PHEC-YYEYD56/2023,1119,1134
hCoV-19/England/PHEC-YYEREAZ/2023,1119,1156
hCoV-19/England/PHEC-YY89ZQ8/2023,1119,1132
hCoV-19/England/PHEC-YY89ZON/2023,1119,1132
hCoV-19/England/PHEC-YY89Z4Q/2023,1119,1132
hCoV-19/England/PHEC-YY89WS3/2023,1119,1132
hCoV-19/England/PHEC-YY89SYR/2023,1119,1132
hCoV-19/England/PHEC-YY89S9F/2023,1119,1132
hCoV-19/England/PHEC-YY89IWH/2023,1119,1132
hCoV-19/England/PHEC-YY89IU6/2023,1119,1132
hCoV-19/England/PHEC-YY89I1Y/2023,1119,1132
hCoV-19/England/PHEC-YY89AT9/2023,1119,1134
hCoV-19/England/PHEC-YY89697/2023,1119,1134
hCoV-19/England/PHEC-YY895XB/2023,1119,1134
hCoV-19/England/PHEC-YY895IW/2023,1119,1134
hCoV-19/England/PHEC-YY8956N/2023,1119,1134
hCoV-19/England/PHEC-YYEYUG3/2023,1120,1139
hCoV-19/England/PHEC-YYEYTND/2023,1120,1139
hCoV-19/England/PHEC-YYEYRDQ/2023,1120,1134
hCoV-19/England/PHEC-YYEYRAD/2023,1120,1134
hCoV-19/England/PHEC-YYEYR8G/2023,1120,1134
hCoV-19/England/PHEC-YYEYPIY/2023,1120,1136
hCoV-19/England/PHEC-YYEYPFB/2023,1120,1136
hCoV-19/England/PHEC-YYEYOXK/2023,1120,1139
hCoV-19/England/PHEC-YYEYOTF/2023,1120,1139
hCoV-19/England/PHEC-YYEYO1D/2023,1120,1139
hCoV-19/England/PHEC-YYEYNAF/2023,1120,1134
hCoV-19/England/PHEC-YYEYMJ5/2023,1120,1136
hCoV-19/England/PHEC-YYEYME7/2023,1120,1136
hCoV-19/England/PHEC-YYEYMAH/2023,1120,1136
hCoV-19/England/PHEC-YYEYM34/2023,1120,1136
hCoV-19/England/PHEC-YYEYJTC/2023,1120,1136
hCoV-19/England/PHEC-YYEYGSF/2023,1120,1135
hCoV-19/England/PHEC-YYEYGRK/2023,1120,1135
hCoV-19/England/PHEC-YYEYGMH/2023,1120,1135
hCoV-19/England/PHEC-YYEYGI8/2023,1120,1135
hCoV-19/England/PHEC-YYEYGH3/2023,1120,1135
hCoV-19/England/PHEC-YYEYG9U/2023,1120,1135
hCoV-19/England/PHEC-YYEYFYU/2023,1120,1134
hCoV-19/England/PHEC-YYEYDWC/2023,1120,1134
hCoV-19/England/PHEC-YYEYDSE/2023,1120,1134
hCoV-19/England/PHEC-YYEYDNT/2023,1120,1134
hCoV-19/England/PHEC-YYEYDKB/2023,1120,1134
hCoV-19/England/PHEC-YYEYD4Y/2023,1120,1134
hCoV-19/England/PHEC-YYEYBZE/2023,1120,1134
hCoV-19/England/PHEC-YYEYBWQ/2023,1120,1134
hCoV-19/England/PHEC-YYEYBTW/2023,1120,1134
hCoV-19/England/PHEC-YYEYBOS/2023,1120,1134
hCoV-19/England/PHEC-YYEY8ZN/2023,1120,1135
hCoV-19/England/PHEC-YYEY8OO/2023,1120,1135
hCoV-19/England/PHEC-YYEY8K7/2023,1120,1135
hCoV-19/England/PHEC-YYEY8IG/2023,1120,1135
hCoV-19/England/PHEC-YYEY8HA/2023,1120,1135
hCoV-19/England/PHEC-YYEY8DM/2023,1120,1135
hCoV-19/England/PHEC-YYEY1TD/2023,1120,1139
hCoV-19/England/PHEC-YYEBYFC/2023,1120,1139
hCoV-19/England/PHEC-YYEBFYT/2023,1120,1141
hCoV-19/England/PHEC-YY89ZPJ/2023,1120,1132
hCoV-19/England/PHEC-YY89IZS/2023,1120,1132
hCoV-19/England/PHEC-YY89ISA/2023,1120,1132
hCoV-19/England/PHEC-YY89HY6/2023,1120,1134
hCoV-19/England/PHEC-YY89HDA/2023,1120,1134
hCoV-19/England/PHEC-YY895HG/2023,1120,1134
hCoV-19/England/PHEC-YY895AQ/2023,1120,1134
hCoV-19/England/PHEC-YY8957R/2023,1120,1134
hCoV-19/England/PHEC-YYEYTCX/2023,1121,1139
hCoV-19/England/PHEC-YYEYR1X/2023,1121,1134
hCoV-19/England/PHEC-YYEYQ4I/2023,1121,1139
hCoV-19/England/PHEC-YYEYPOK/2023,1121,1136
hCoV-19/England/PHEC-YYEYPE5/2023,1121,1136
hCoV-19/England/PHEC-YYEYOW9/2023,1121,1139
hCoV-19/England/PHEC-YYEYONR/2023,1121,1139
hCoV-19/England/PHEC-YYEYO5T/2023,1121,1139
hCoV-19/England/PHEC-YYEYKXO/2023,1121,1136
hCoV-19/England/PHEC-YYEYKJH/2023,1121,1136
hCoV-19/England/PHEC-YYEYJXT/2023,1121,1136
hCoV-19/England/PHEC-YYEYJQU/2023,1121,1136
hCoV-19/England/PHEC-YYEYJ9O/2023,1121,1136
hCoV-19/England/PHEC-YYEYGJY/2023,1121,1135
hCoV-19/England/PHEC-YYEYDUQ/2023,1121,1134
hCoV-19/England/PHEC-YYEYDQ3/2023,1121,1134
hCoV-19/England/PHEC-YYEYDFM/2023,1121,1134
hCoV-19/England/PHEC-YYEYD74/2023,1121,1134
hCoV-19/England/PHEC-YYEYCKA/2023,1121,1136
hCoV-19/England/PHEC-YYEYCJ4/2023,1121,1136
hCoV-19/England/PHEC-YYEYCFN/2023,1121,1136
hCoV-19/England/PHEC-YYEYC33/2023,1121,1136
hCoV-19/England/PHEC-YYEY8PZ/2023,1121,1135
hCoV-19/England/PHEC-YYEY8C3/2023,1121,1135
hCoV-19/England/PHEC-YYEY87S/2023,1121,1136
hCoV-19/England/PHEC-YYEY84H/2023,1121,1135
hCoV-19/England/PHEC-YYEY1ZZ/2023,1121,1139
hCoV-19/England/PHEC-YYEY16J/2023,1121,1139
hCoV-19/England/PHEC-YYEN16F/2023,1121,1146
hCoV-19/England/PHEC-YYEBYQ4/2023,1121,1139
hCoV-19/England/PHEC-YYEBYPH/2023,1121,1139
hCoV-19/England/PHEC-YYEBYC6/2023,1121,1139
hCoV-19/England/PHEC-YYEBJCI/2023,1121,1141
hCoV-19/England/PHEC-YYEZBRY/2023,1122,1231
hCoV-19/England/PHEC-YYEYUWH/2023,1122,1139
hCoV-19/England/PHEC-YYEYUTN/2023,1122,1139
hCoV-19/England/PHEC-YYEYUMX/2023,1122,1139
hCoV-19/England/PHEC-YYEYTHQ/2023,1122,1139
hCoV-19/England/PHEC-YYEYT9E/2023,1122,1139
hCoV-19/England/PHEC-YYEYT41/2023,1122,1139
hCoV-19/England/PHEC-YYEYT3W/2023,1122,1139
hCoV-19/England/PHEC-YYEYRP4/2023,1122,1134
hCoV-19/England/PHEC-YYEYQC1/2023,1122,1139
hCoV-19/England/PHEC-YYEYPUR/2023,1122,1136
hCoV-19/England/PHEC-YYEYP5W/2023,1122,1139
hCoV-19/England/PHEC-YYEYP1G/2023,1122,1136
hCoV-19/England/PHEC-YYEYORY/2023,1122,1139
hCoV-19/England/PHEC-YYEYKID/2023,1122,1136
hCoV-19/England/PHEC-YYEYJGD/2023,1122,1136
hCoV-19/England/PHEC-YYEYJCZ/2023,1122,1136
hCoV-19/England/PHEC-YYEYEX1/2023,1122,1136
hCoV-19/England/PHEC-YYEYEW8/2023,1122,1136
hCoV-19/England/PHEC-YYEYEUJ/2023,1122,1136
hCoV-19/England/PHEC-YYEYEKH/2023,1122,1136
hCoV-19/England/PHEC-YYEYEJ6/2023,1122,1136
hCoV-19/England/PHEC-YYEYE9T/2023,1122,1136
hCoV-19/England/PHEC-YYEYCOM/2023,1122,1136
hCoV-19/England/PHEC-YYEYCHU/2023,1122,1136
hCoV-19/England/PHEC-YYEYC4Z/2023,1122,1136
hCoV-19/England/PHEC-YYEY9J8/2023,1122,1139
hCoV-19/England/PHEC-YYEY95N/2023,1122,1139
hCoV-19/England/PHEC-YYEY1S3/2023,1122,1139
hCoV-19/England/PHEC-YYEY1BR/2023,1122,1139
hCoV-19/England/PHEC-YYEY198/2023,1122,1139
hCoV-19/England/PHEC-YYEDY8R/2023,1122,1150
hCoV-19/England/PHEC-YYEBNCH/2023,1122,1139
hCoV-19/England/PHEC-YYEBJZ6/2023,1122,1141
hCoV-19/England/PHEC-YYEBJSY/2023,1122,1141
hCoV-19/England/PHEC-YYEYUQJ/2023,1123,1139
hCoV-19/England/PHEC-YYEYTAS/2023,1123,1139
hCoV-19/England/PHEC-YYEYQXC/2023,1123,1139
hCoV-19/England/PHEC-YYEYQT8/2023,1123,1139
hCoV-19/England/PHEC-YYEYP6Q/2023,1123,1139
hCoV-19/England/PHEC-YYEYOBG/2023,1123,1139
hCoV-19/England/PHEC-YYEYK5Z/2023,1123,1136
hCoV-19/England/PHEC-YYEYK1J/2023,1123,1136
hCoV-19/England/PHEC-YYEYJM3/2023,1123,1136
hCoV-19/England/PHEC-YYEYJE9/2023,1123,1136
hCoV-19/England/PHEC-YYEYETP/2023,1123,1136
hCoV-19/England/PHEC-YYEYEM4/2023,1123,1136
hCoV-19/England/PHEC-YYEYC5I/2023,1123,1136
hCoV-19/England/PHEC-YYEYC18/2023,1123,1136
hCoV-19/England/PHEC-YYEY9ZK/2023,1123,1139
hCoV-19/England/PHEC-YYEY9NI/2023,1123,1139
hCoV-19/England/PHEC-YYEY9KF/2023,1123,1139
hCoV-19/England/PHEC-YYEY9BZ/2023,1123,1139
hCoV-19/England/PHEC-YYEY65D/2023,1123,1139
hCoV-19/England/PHEC-YYEY1W7/2023,1123,1139
hCoV-19/England/PHEC-YYEY1U9/2023,1123,1139
hCoV-19/England/PHEC-YYEY1NN/2023,1123,1139
hCoV-19/England/PHEC-YYEY1I5/2023,1123,1139
hCoV-19/England/PHEC-YYEY1DY/2023,1123,1139
hCoV-19/England/PHEC-YYEY14T/2023,1123,1139
hCoV-19/England/PHEC-YYEDZO4/2023,1123,1153
hCoV-19/England/PHEC-YYEDZCD/2023,1123,1153
hCoV-19/England/PHEC-YYEBYWP/2023,1123,1139
hCoV-19/England/PHEC-YYEBYIM/2023,1123,1139
hCoV-19/England/PHEC-YYEBYAF/2023,1123,1139
hCoV-19/England/PHEC-YYEBJK3/2023,1123,1141
hCoV-19/England/PHEC-YYEBG45/2023,1123,1141
hCoV-19/England/PHEC-YYEBG37/2023,1123,1141
