hCoV-19/England/PHEC-YYE4OXI/2023,1236,1258
hCoV-19/England/PHEC-YYE4GWW/2023,1236,1258
hCoV-19/England/PHEC-YYE4GSO/2023,1236,1258
hCoV-19/England/PHEC-YYE4GPD/2023,1236,1258
hCoV-19/England/PHEC-YYE4GI1/2023,1236,1258
hCoV-19/England/PHEC-YYE4G96/2023,1236,1258
hCoV-19/England/PHEC-YYE4EW1/2023,1236,1258
hCoV-19/England/PHEC-YYE4EJJ/2023,1236,1258
hCoV-19/England/PHEC-YYE4EIO/2023,1236,1258
hCoV-19/England/PHEC-YYE4E7Y/2023,1236,1258
hCoV-19/England/PHEC-YYE48RW/2023,1236,1258
hCoV-19/England/PHEC-YYE48F1/2023,1236,1258
hCoV-19/England/PHEC-YYE41IG/2023,1236,1261
hCoV-19/England/PHEC-YYE48O5/2023,1237,1258
hCoV-19/England/PHEC-YYE481Z/2023,1237,1258
hCoV-19/England/PHEC-YYE5NIW/2023,1238,1268
hCoV-19/England/PHEC-YYE34J3/2023,1238,1251
hCoV-19/England/PHEC-YYE5NFI/2023,1239,1268
hCoV-19/England/PHEC-YYE5DKK/2023,1239,1268
hCoV-19/England/PHEC-YYE4Y7E/2023,1239,1258
hCoV-19/England/PHEC-YYE4OG8/2023,1239,1258
hCoV-19/England/PHEC-YYE4OFJ/2023,1239,1258
hCoV-19/England/PHEC-YYE4BW3/2023,1239,1258
hCoV-19/England/PHEC-YYE4BU5/2023,1239,1258
hCoV-19/England/PHEC-YYE5BH8/2023,1240,1268
hCoV-19/England/PHEC-YYE4XWM/2023,1240,1258
hCoV-19/England/PHEC-YYE4Q56/2023,1240,1258
hCoV-19/England/PHEC-YYE4Q3N/2023,1240,1258
hCoV-19/England/PHEC-YYE4O1Q/2023,1240,1258
hCoV-19/England/PHEC-YYE4N4C/2023,1240,1258
hCoV-19/England/PHEC-YYE5NQD/2023,1241,1268
hCoV-19/England/PHEC-YYE5DEQ/2023,1241,1268
hCoV-19/England/PHEC-YYE5B6D/2023,1241,1268
hCoV-19/England/PHEC-YYE5B15/2023,1241,1268
hCoV-19/England/PHEC-YYE4YIA/2023,1241,1258
hCoV-19/England/PHEC-YYE4XTT/2023,1241,1258
hCoV-19/England/PHEC-YYE4XP4/2023,1241,1258
hCoV-19/England/PHEC-YYE4X1X/2023,1241,1258
hCoV-19/England/PHEC-YYE4Q74/2023,1241,1258
hCoV-19/England/PHEC-YYE4Q4Y/2023,1241,1258
hCoV-19/England/PHEC-YYE4OIE/2023,1241,1258
hCoV-19/England/PHEC-YYE4O8F/2023,1241,1258
hCoV-19/England/PHEC-YYE4NKP/2023,1241,1258
hCoV-19/England/PHEC-YYE4NJX/2023,1241,1258
hCoV-19/England/PHEC-YYE46HC/2023,1241,1268
hCoV-19/England/PHEC-YYE467K/2023,1241,1268
hCoV-19/England/PHEC-YYE5BYY/2023,1242,1268
hCoV-19/England/PHEC-YYE5BD4/2023,1242,1268
hCoV-19/England/PHEC-YYE4TGG/2023,1242,1258
hCoV-19/England/PHEC-YYE4T8R/2023,1242,1258
hCoV-19/England/PHEC-YYE4OH4/2023,1242,1258
hCoV-19/England/PHEC-YYE4O46/2023,1242,1258
hCoV-19/England/PHEC-YYE4NR3/2023,1242,1258
hCoV-19/England/PHEC-YYE4B78/2023,1242,1258
