hCoV-19/England/PHEC-YY8HWXQ/2023,1103,1119
hCoV-19/England/PHEC-YY8HWRR/2023,1103,1119
hCoV-19/England/PHEC-YY8HRQY/2023,1103,1118
hCoV-19/England/PHEC-YY8HRO5/2023,1103,1118
hCoV-19/England/PHEC-YY8HRGO/2023,1103,1118
hCoV-19/England/PHEC-YY8HR97/2023,1103,1118
hCoV-19/England/PHEC-YY8HOHZ/2023,1103,1118
hCoV-19/England/PHEC-YY8HDAC/2023,1103,1118
hCoV-19/England/PHEC-YY8HA7P/2023,1103,1121
hCoV-19/England/PHEC-YY87GZJ/2023,1103,1125
hCoV-19/England/PHEC-YY8759R/2023,1103,1127
hCoV-19/England/PHEC-YY84QZ8/2023,1103,1115
hCoV-19/England/PHEC-YY84P11/2023,1103,1115
hCoV-19/England/PHEC-YY84HZ3/2023,1103,1118
hCoV-19/England/PHEC-YY84H7P/2023,1103,1118
hCoV-19/England/PHEC-YY84H6M/2023,1103,1118
hCoV-19/England/PHEC-YY84H3I/2023,1103,1118
hCoV-19/England/PHEC-YY847ND/2023,1103,1118
hCoV-19/England/PHEC-YY847DB/2023,1103,1118
hCoV-19/England/PHEC-YY845QP/2023,1103,1118
hCoV-19/England/QEUH-3269E9EF/2023,1104,1118
hCoV-19/England/PHEC-YYEYTXJ/2023,1104,1139
hCoV-19/England/PHEC-YY8HXWE/2023,1104,1119
hCoV-19/England/PHEC-YY8HTQU/2023,1104,1118
hCoV-19/England/PHEC-YY8HTM3/2023,1104,1118
hCoV-19/England/PHEC-YY8HTHS/2023,1104,1118
hCoV-19/England/PHEC-YY8HTGD/2023,1104,1118
hCoV-19/England/PHEC-YY8HT7W/2023,1104,1118
hCoV-19/England/PHEC-YY8HR5F/2023,1104,1118
hCoV-19/England/PHEC-YY8HPQZ/2023,1104,1118
hCoV-19/England/PHEC-YY8HPFJ/2023,1104,1118
hCoV-19/England/PHEC-YY8HO45/2023,1104,1118
hCoV-19/England/PHEC-YY8HFW1/2023,1104,1118
hCoV-19/England/PHEC-YY8HC57/2023,1104,1119
hCoV-19/England/PHEC-YY8H47M/2023,1104,1122
hCoV-19/England/PHEC-YY8H3IH/2023,1104,1122
hCoV-19/England/PHEC-YY8H1K4/2023,1104,1118
hCoV-19/England/PHEC-YY8H1JH/2023,1104,1118
hCoV-19/England/PHEC-YY89A5M/2023,1104,1134
hCoV-19/England/PHEC-YY84HM1/2023,1104,1118
hCoV-19/England/PHEC-YY847S4/2023,1104,1118
hCoV-19/England/PHEC-YY8HZRB/2023,1105,1121
hCoV-19/England/PHEC-YY8HZPX/2023,1105,1121
hCoV-19/England/PHEC-YY8HZDD/2023,1105,1121
hCoV-19/England/PHEC-YY8HZCT/2023,1105,1121
hCoV-19/England/PHEC-YY8HXQI/2023,1105,1118
hCoV-19/England/PHEC-YY8HXC3/2023,1105,1119
hCoV-19/England/PHEC-YY8HTXT/2023,1105,1118
hCoV-19/England/PHEC-YY8HTUE/2023,1105,1118
hCoV-19/England/PHEC-YY8HTPI/2023,1105,1118
hCoV-19/England/PHEC-YY8HTOQ/2023,1105,1118
hCoV-19/England/PHEC-YY8HT44/2023,1105,1118
hCoV-19/England/PHEC-YY8HS6P/2023,1105,1121
hCoV-19/England/PHEC-YY8HPG8/2023,1105,1119
hCoV-19/England/PHEC-YY8HPED/2023,1105,1119
hCoV-19/England/PHEC-YY8HPAN/2023,1105,1118
hCoV-19/England/PHEC-YY8HP5H/2023,1105,1118
hCoV-19/England/PHEC-YY8H1WF/2023,1105,1118
hCoV-19/England/PHEC-YY8H1U8/2023,1105,1118
hCoV-19/England/PHEC-YY8H1SB/2023,1105,1118
hCoV-19/England/PHEC-YY8H1OP/2023,1105,1118
hCoV-19/England/PHEC-YY8H1GN/2023,1105,1118
hCoV-19/England/PHEC-YY8H1BC/2023,1105,1118
hCoV-19/England/PHEC-YY87WOJ/2023,1105,1125
hCoV-19/England/PHEC-YY87RXH/2023,1105,1125
hCoV-19/England/PHEC-YY87RSP/2023,1105,1125
hCoV-19/England/PHEC-YY87RQ6/2023,1105,1125
hCoV-19/England/PHEC-YY87GIP/2023,1105,1125
hCoV-19/England/PHEC-YY87GA8/2023,1105,1125
hCoV-19/England/PHEC-YY878ZE/2023,1105,1125
hCoV-19/England/PHEC-YY878GM/2023,1105,1125
hCoV-19/England/PHEC-YY875HK/2023,1105,1127
hCoV-19/England/PHEC-YY8HZSH/2023,1106,1121
hCoV-19/England/PHEC-YY8HZE3/2023,1106,1121
hCoV-19/England/PHEC-YY8HZ4W/2023,1106,1121
hCoV-19/England/PHEC-YY8HZ3S/2023,1106,1121
hCoV-19/England/PHEC-YY8HWIB/2023,1106,1119
hCoV-19/England/PHEC-YY8HWA5/2023,1106,1119
hCoV-19/England/PHEC-YY8HW4Z/2023,1106,1119
hCoV-19/England/PHEC-YY8HUHW/2023,1106,1119
hCoV-19/England/PHEC-YY8HSA3/2023,1106,1121
hCoV-19/England/PHEC-YY8HOM4/2023,1106,1118
hCoV-19/England/PHEC-YY8HO37/2023,1106,1118
hCoV-19/England/PHEC-YY8HIUR/2023,1106,1119
hCoV-19/England/PHEC-YY8HIBJ/2023,1106,1119
hCoV-19/England/PHEC-YY8H9QF/2023,1106,1125
hCoV-19/England/PHEC-YY8H9P8/2023,1106,1125
hCoV-19/England/PHEC-YY8H7R5/2023,1106,1122
hCoV-19/England/PHEC-YY8H7PJ/2023,1106,1122
hCoV-19/England/PHEC-YY8H7N9/2023,1106,1122
hCoV-19/England/PHEC-YY8H6IZ/2023,1106,1122
hCoV-19/England/PHEC-YY8H54O/2023,1106,1122
hCoV-19/England/PHEC-YY8H48A/2023,1106,1122
hCoV-19/England/PHEC-YY8H36K/2023,1106,1122
hCoV-19/England/PHEC-YY8H1DE/2023,1106,1118
hCoV-19/England/PHEC-YY895FI/2023,1106,1134
hCoV-19/England/PHEC-YY87TZ6/2023,1106,1125
hCoV-19/England/PHEC-YY87RMR/2023,1106,1125
hCoV-19/England/PHEC-YY87HZU/2023,1106,1127
hCoV-19/England/PHEC-YY87GX4/2023,1106,1125
hCoV-19/England/PHEC-YY87B1A/2023,1106,1125
hCoV-19/England/PHEC-YY878H6/2023,1106,1125
hCoV-19/England/LSPA-3269BB91/2023,1106,1114
hCoV-19/England/PHEC-YY8HZXM/2023,1107,1121
hCoV-19/England/PHEC-YY8HZUN/2023,1107,1121
hCoV-19/England/PHEC-YY8HZ6C/2023,1107,1121
hCoV-19/England/PHEC-YY8HZ1R/2023,1107,1121
hCoV-19/England/PHEC-YY8HWUF/2023,1107,1119
hCoV-19/England/PHEC-YY8HIXP/2023,1107,1119
hCoV-19/England/PHEC-YY8HIQX/2023,1107,1119
hCoV-19/England/PHEC-YY8HIPT/2023,1107,1119
hCoV-19/England/PHEC-YY8HAF6/2023,1107,1121
hCoV-19/England/PHEC-YY8HADN/2023,1107,1121
hCoV-19/England/PHEC-YY8H7MP/2023,1107,1122
hCoV-19/England/PHEC-YY8H7GZ/2023,1107,1122
hCoV-19/England/PHEC-YY8H7D7/2023,1107,1122
hCoV-19/England/PHEC-YY8H6SI/2023,1107,1122
hCoV-19/England/PHEC-YY8H5R7/2023,1107,1122
hCoV-19/England/PHEC-YY8H5D9/2023,1107,1122
hCoV-19/England/PHEC-YY8H4YG/2023,1107,1122
hCoV-19/England/PHEC-YY8H4OF/2023,1107,1122
hCoV-19/England/PHEC-YY8H4I5/2023,1107,1122
hCoV-19/England/PHEC-YY8H4G4/2023,1107,1122
hCoV-19/England/PHEC-YY8H41B/2023,1107,1122
hCoV-19/England/PHEC-YY89G57/2023,1107,1129
hCoV-19/England/PHEC-YY895GU/2023,1107,1134
hCoV-19/England/PHEC-YY87YN4/2023,1107,1125
hCoV-19/England/PHEC-YY87YDA/2023,1107,1125
hCoV-19/England/PHEC-YY87TAH/2023,1107,1125
hCoV-19/England/PHEC-YY87N69/2023,1107,1125
hCoV-19/England/PHEC-YY87N5F/2023,1107,1125
hCoV-19/England/PHEC-YY87N48/2023,1107,1125
hCoV-19/England/PHEC-YY87HSI/2023,1107,1127
hCoV-19/England/PHEC-YY87GNW/2023,1107,1125
hCoV-19/England/PHEC-YY87GBS/2023,1107,1125
hCoV-19/England/PHEC-YY87DW1/2023,1107,1125
hCoV-19/England/PHEC-YY87D5R/2023,1107,1125
hCoV-19/England/PHEC-YY87BI1/2023,1107,1125
hCoV-19/England/PHEC-YY87BEP/2023,1107,1125
hCoV-19/England/PHEC-YY8787H/2023,1107,1125
hCoV-19/England/PHEC-YYEYNUX/2023,1108,1134
hCoV-19/England/PHEC-YY8HAKW/2023,1108,1121
hCoV-19/England/PHEC-YY8H9D5/2023,1108,1122
hCoV-19/England/PHEC-YY8H98U/2023,1108,1122
hCoV-19/England/PHEC-YY8H7YD/2023,1108,1122
hCoV-19/England/PHEC-YY8H7JT/2023,1108,1122
hCoV-19/England/PHEC-YY8H7IA/2023,1108,1122
hCoV-19/England/PHEC-YY8H7EU/2023,1108,1122
hCoV-19/England/PHEC-YY8H73O/2023,1108,1122
hCoV-19/England/PHEC-YY8H6W3/2023,1108,1122
hCoV-19/England/PHEC-YY8H6DH/2023,1108,1122
hCoV-19/England/PHEC-YY8H6BY/2023,1108,1122
hCoV-19/England/PHEC-YY8H3BF/2023,1108,1122
hCoV-19/England/PHEC-YY87YEQ/2023,1108,1125
hCoV-19/England/PHEC-YY87UTE/2023,1108,1125
hCoV-19/England/PHEC-YY87UCU/2023,1108,1125
hCoV-19/England/PHEC-YY87U1G/2023,1108,1125
hCoV-19/England/PHEC-YY87RY4/2023,1108,1125
hCoV-19/England/PHEC-YY87QKH/2023,1108,1125
hCoV-19/England/PHEC-YY87OWF/2023,1108,1125
hCoV-19/England/PHEC-YY87NRW/2023,1108,1125
hCoV-19/England/PHEC-YY87NB4/2023,1108,1125
hCoV-19/England/PHEC-YY87N3J/2023,1108,1125
hCoV-19/England/PHEC-YY87DZC/2023,1108,1125
hCoV-19/England/PHEC-YY87DTA/2023,1108,1125
hCoV-19/England/PHEC-YY87D9H/2023,1108,1125
hCoV-19/England/PHEC-YY87B96/2023,1108,1125
hCoV-19/England/PHEC-YY875W4/2023,1108,1127
hCoV-19/England/PHEC-YY875UH/2023,1108,1127
hCoV-19/England/PHEC-YY875MP/2023,1108,1127
hCoV-19/England/PHEC-YY875CM/2023,1108,1127
hCoV-19/England/PHEC-YY873NB/2023,1108,1127
hCoV-19/England/PHEC-YY873MX/2023,1108,1127
hCoV-19/England/PHEC-YYENUR3/2023,1109,1146
hCoV-19/England/PHEC-YYENIUA/2023,1109,1149
hCoV-19/England/PHEC-YY8H9N7/2023,1109,1122
hCoV-19/England/PHEC-YY8H9FZ/2023,1109,1122
hCoV-19/England/PHEC-YY8H7XF/2023,1109,1122
hCoV-19/England/PHEC-YY8H7UH/2023,1109,1122
hCoV-19/England/PHEC-YY8H7A1/2023,1109,1122
hCoV-19/England/PHEC-YY8H6ZU/2023,1109,1122
hCoV-19/England/PHEC-YY8H6HJ/2023,1109,1122
hCoV-19/England/PHEC-YY8H6FA/2023,1109,1122
hCoV-19/England/PHEC-YY8H6AT/2023,1109,1122
hCoV-19/England/PHEC-YY8H69D/2023,1109,1122
hCoV-19/England/PHEC-YY8H678/2023,1109,1122
hCoV-19/England/PHEC-YY89KM4/2023,1109,1132
hCoV-19/England/PHEC-YY89KGR/2023,1109,1132
hCoV-19/England/PHEC-YY87Y99/2023,1109,1125
hCoV-19/England/PHEC-YY87Y8O/2023,1109,1125
hCoV-19/England/PHEC-YY87OQ1/2023,1109,1125
hCoV-19/England/PHEC-YY87NHD/2023,1109,1125
hCoV-19/England/PHEC-YY87N97/2023,1109,1125
hCoV-19/England/PHEC-YY87DX7/2023,1109,1125
hCoV-19/England/PHEC-YY87DK8/2023,1109,1125
hCoV-19/England/PHEC-YY87DJJ/2023,1109,1125
hCoV-19/England/PHEC-YY87DFT/2023,1109,1125
hCoV-19/England/PHEC-YY87D8P/2023,1109,1125
hCoV-19/England/PHEC-YY875IA/2023,1109,1127
hCoV-19/England/PHEC-YY87516/2023,1109,1127
