hCoV-19/England/PHEC-YYEWZKR/2023,1194,1212
hCoV-19/England/PHEC-YYEWY7W/2023,1194,1210
hCoV-19/England/PHEC-YYEWSAE/2023,1194,1212
hCoV-19/England/PHEC-YYEWRCU/2023,1194,1211
hCoV-19/England/PHEC-YYEUZNS/2023,1194,1210
hCoV-19/England/PHEC-YYEUSGX/2023,1194,1210
hCoV-19/England/PHEC-YYEUSCD/2023,1194,1210
hCoV-19/England/PHEC-YYEUHBU/2023,1194,1210
hCoV-19/England/PHEC-YYEUAWO/2023,1194,1210
hCoV-19/England/PHEC-YYEU6ZR/2023,1194,1210
hCoV-19/England/PHEC-YYEU6WK/2023,1194,1210
hCoV-19/England/PHEC-YYEU6AN/2023,1194,1210
hCoV-19/England/PHEC-YYEU63Y/2023,1194,1210
hCoV-19/England/PHEC-YYEU5TU/2023,1194,1210
hCoV-19/England/PHEC-YYEU5JR/2023,1194,1210
hCoV-19/England/PHEC-YYES7DE/2023,1194,1231
hCoV-19/England/PHEC-YYEWZCY/2023,1195,1212
hCoV-19/England/PHEC-YYEWU5F/2023,1195,1212
hCoV-19/England/PHEC-YYEWK1Y/2023,1195,1211
hCoV-19/England/PHEC-YYEWIEK/2023,1195,1212
hCoV-19/England/PHEC-YYEWGRB/2023,1195,1211
hCoV-19/England/PHEC-YYEWB5Z/2023,1195,1210
hCoV-19/England/PHEC-YYEUZXH/2023,1195,1210
hCoV-19/England/PHEC-YYEUZTZ/2023,1195,1210
hCoV-19/England/PHEC-YYEUZPY/2023,1195,1210
hCoV-19/England/PHEC-YYEUZAJ/2023,1195,1210
hCoV-19/England/PHEC-YYEUZ67/2023,1195,1210
hCoV-19/England/PHEC-YYEUZ5D/2023,1195,1210
hCoV-19/England/PHEC-YYEUSIO/2023,1195,1210
hCoV-19/England/PHEC-YYEUHZG/2023,1195,1210
hCoV-19/England/PHEC-YYEUHWC/2023,1195,1210
hCoV-19/England/PHEC-YYEUHDX/2023,1195,1210
hCoV-19/England/PHEC-YYEUAZK/2023,1195,1210
hCoV-19/England/PHEC-YYEUAY3/2023,1195,1210
hCoV-19/England/PHEC-YYEUATS/2023,1195,1210
hCoV-19/England/PHEC-YYEUAQ7/2023,1195,1210
hCoV-19/England/PHEC-YYEUABZ/2023,1195,1210
hCoV-19/England/PHEC-YYEUA76/2023,1195,1210
hCoV-19/England/PHEC-YYEUA4R/2023,1195,1210
hCoV-19/England/PHEC-YYEU9RK/2023,1195,1210
hCoV-19/England/PHEC-YYEU9K6/2023,1195,1210
hCoV-19/England/PHEC-YYEU9JY/2023,1195,1210
hCoV-19/England/PHEC-YYEU69W/2023,1195,1210
hCoV-19/England/PHEC-YYEU3ZJ/2023,1195,1210
hCoV-19/England/PHEC-YYEU3SM/2023,1195,1210
hCoV-19/England/PHEC-YYEU3IP/2023,1195,1210
hCoV-19/England/PHEC-YYEU3A8/2023,1195,1210
hCoV-19/England/PHEC-YYEIWKF/2023,1195,1219
hCoV-19/England/PHEC-YYEIP5J/2023,1195,1218
hCoV-19/England/PHEC-YYEI8I5/2023,1195,1218
hCoV-19/England/PHEC-YYEWSY3/2023,1196,1212
hCoV-19/England/PHEC-YYEWQSW/2023,1196,1211
hCoV-19/England/PHEC-YYEWMHM/2023,1196,1211
hCoV-19/England/PHEC-YYEWKPM/2023,1196,1211
hCoV-19/England/PHEC-YYEW8Z3/2023,1196,1211
hCoV-19/England/PHEC-YYEW8CO/2023,1196,1211
hCoV-19/England/PHEC-YYEUZFO/2023,1196,1210
hCoV-19/England/PHEC-YYEUZEK/2023,1196,1210
hCoV-19/England/PHEC-YYEUZCN/2023,1196,1210
hCoV-19/England/PHEC-YYEUSX7/2023,1196,1210
hCoV-19/England/PHEC-YYEUSHN/2023,1196,1210
hCoV-19/England/PHEC-YYEUS9H/2023,1196,1210
hCoV-19/England/PHEC-YYEUS66/2023,1196,1210
hCoV-19/England/PHEC-YYEUS1S/2023,1196,1210
hCoV-19/England/PHEC-YYEU76Z/2023,1196,1210
hCoV-19/England/PHEC-YYEU6JB/2023,1196,1210
hCoV-19/England/PHEC-YYEU5KN/2023,1196,1210
hCoV-19/England/PHEC-YYES7NK/2023,1196,1231
hCoV-19/England/PHEC-YYEIWP9/2023,1196,1219
hCoV-19/England/PHEC-YYEIWCB/2023,1196,1219
hCoV-19/England/PHEC-YYEIPZT/2023,1196,1218
hCoV-19/England/PHEC-YYEIPII/2023,1196,1218
hCoV-19/England/PHEC-YYEI8ZZ/2023,1196,1218
hCoV-19/England/PHEC-YYEI8AI/2023,1196,1218
hCoV-19/England/PHEC-YYEWSTS/2023,1197,1212
hCoV-19/England/PHEC-YYEWSDU/2023,1197,1212
hCoV-19/England/PHEC-YYEWROK/2023,1197,1211
hCoV-19/England/PHEC-YYEWJYG/2023,1197,1211
hCoV-19/England/PHEC-YYEW5AD/2023,1197,1213
hCoV-19/England/PHEC-YYEUZO3/2023,1197,1210
hCoV-19/England/PHEC-YYEUHKB/2023,1197,1210
hCoV-19/England/PHEC-YYEUAP9/2023,1197,1210
hCoV-19/England/PHEC-YYEUANI/2023,1197,1210
hCoV-19/England/PHEC-YYEUAGP/2023,1197,1210
hCoV-19/England/PHEC-YYEUADU/2023,1197,1210
hCoV-19/England/PHEC-YYEU5XA/2023,1197,1210
hCoV-19/England/PHEC-YYEU5PH/2023,1197,1210
hCoV-19/England/PHEC-YYEU5FC/2023,1197,1210
hCoV-19/England/PHEC-YYEIGHQ/2023,1197,1218
hCoV-19/England/PHEC-YYEIE8Z/2023,1197,1218
hCoV-19/England/PHEC-YYEI8TD/2023,1197,1218
hCoV-19/England/PHEC-YYEI8NN/2023,1197,1218
hCoV-19/England/PHEC-YYEWSBZ/2023,1198,1212
hCoV-19/England/PHEC-YYEWKNB/2023,1198,1211
hCoV-19/England/PHEC-YYEWIUU/2023,1198,1212
hCoV-19/England/PHEC-YYEWI5D/2023,1198,1212
hCoV-19/England/PHEC-YYESYG9/2023,1198,1220
hCoV-19/England/PHEC-YYESH9O/2023,1198,1231
hCoV-19/England/PHEC-YYESBXC/2023,1198,1220
hCoV-19/England/PHEC-YYEIWTS/2023,1198,1219
hCoV-19/England/PHEC-YYEIRTG/2023,1198,1218
hCoV-19/England/PHEC-YYEIQO6/2023,1198,1218
hCoV-19/England/PHEC-YYEIQKM/2023,1198,1218
hCoV-19/England/PHEC-YYEIP3P/2023,1198,1218
hCoV-19/England/PHEC-YYEIG9E/2023,1198,1218
hCoV-19/England/PHEC-YYEIFZ3/2023,1198,1218
hCoV-19/England/PHEC-YYEIFUB/2023,1198,1218
hCoV-19/England/PHEC-YYEIFI7/2023,1198,1218
hCoV-19/England/PHEC-YYEIF6M/2023,1198,1218
hCoV-19/England/PHEC-YYEIDS7/2023,1198,1218
hCoV-19/England/PHEC-YYEICP8/2023,1198,1218
hCoV-19/England/PHEC-YYEIBGY/2023,1198,1218
hCoV-19/England/PHEC-YYEI8YG/2023,1198,1218
hCoV-19/England/PHEC-YYEI8JW/2023,1198,1218
hCoV-19/England/PHEC-YYEI8ES/2023,1198,1218
hCoV-19/England/PHEC-YYEI8DY/2023,1198,1218
hCoV-19/England/PHEC-YYEI81B/2023,1198,1218
hCoV-19/England/PHEP-YYGU8KA/2023,1199,1213
hCoV-19/England/PHEC-YYEW9RE/2023,1199,1218
hCoV-19/England/PHEC-YYEW9J6/2023,1199,1218
hCoV-19/England/PHEC-YYEW6PZ/2023,1199,1218
hCoV-19/England/PHEC-YYEW6HA/2023,1199,1218
hCoV-19/England/PHEC-YYESY4S/2023,1199,1220
hCoV-19/England/PHEC-YYESHM3/2023,1199,1231
hCoV-19/England/PHEC-YYESBZ5/2023,1199,1220
hCoV-19/England/PHEC-YYESBWB/2023,1199,1220
hCoV-19/England/PHEC-YYESBOJ/2023,1199,1220
hCoV-19/England/PHEC-YYEIYCI/2023,1199,1218
hCoV-19/England/PHEC-YYEIY34/2023,1199,1218
hCoV-19/England/PHEC-YYEINZH/2023,1199,1218
hCoV-19/England/PHEC-YYEIN6Q/2023,1199,1218
hCoV-19/England/PHEC-YYEIGXJ/2023,1199,1218
hCoV-19/England/PHEC-YYEIGW6/2023,1199,1218
hCoV-19/England/PHEC-YYEIGPP/2023,1199,1218
hCoV-19/England/PHEC-YYEIG3W/2023,1199,1218
hCoV-19/England/PHEC-YYEIG1N/2023,1199,1218
hCoV-19/England/PHEC-YYEIFDN/2023,1199,1218
hCoV-19/England/PHEC-YYEIFBG/2023,1199,1218
hCoV-19/England/PHEC-YYEICWA/2023,1199,1218
hCoV-19/England/PHEC-YYEIC6R/2023,1199,1218
hCoV-19/England/PHEC-YYEI8QK/2023,1199,1218
hCoV-19/England/PHEC-YYEI8PC/2023,1199,1218
hCoV-19/England/PHEC-YYEI8MO/2023,1199,1218
hCoV-19/England/PHEC-YYEI8K1/2023,1199,1218
hCoV-19/England/PHEC-YYEW9FG/2023,1200,1218
hCoV-19/England/PHEC-YYESYH1/2023,1200,1220
hCoV-19/England/PHEC-YYESY6Q/2023,1200,1220
hCoV-19/England/PHEC-YYESNYJ/2023,1200,1220
hCoV-19/England/PHEC-YYESHXT/2023,1200,1231
hCoV-19/England/PHEC-YYESHQU/2023,1200,1231
hCoV-19/England/PHEC-YYEIYQT/2023,1200,1218
hCoV-19/England/PHEC-YYEINWN/2023,1200,1218
hCoV-19/England/PHEC-YYEINIY/2023,1200,1218
hCoV-19/England/PHEC-YYEIMBY/2023,1200,1218
hCoV-19/England/PHEC-YYEIJNY/2023,1200,1218
hCoV-19/England/PHEC-YYEIGY8/2023,1200,1218
hCoV-19/England/PHEC-YYEIGS4/2023,1200,1218
hCoV-19/England/PHEC-YYEIGND/2023,1200,1218
hCoV-19/England/PHEC-YYEIF9J/2023,1200,1218
hCoV-19/England/PHEC-YYEIDJA/2023,1200,1218
hCoV-19/England/PHEC-YYEI9WF/2023,1200,1220
