hCoV-19/England/PHEC-YYEYUEI/2023,1124,1139
hCoV-19/England/PHEC-YYEYU8Z/2023,1124,1139
hCoV-19/England/PHEC-YYEYU5Q/2023,1124,1139
hCoV-19/England/PHEC-YYEYQZ5/2023,1124,1139
hCoV-19/England/PHEC-YYEYQWB/2023,1124,1139
hCoV-19/England/PHEC-YYEYQS7/2023,1124,1139
hCoV-19/England/PHEC-YYEYQA3/2023,1124,1139
hCoV-19/England/PHEC-YYEYOKW/2023,1124,1139
hCoV-19/England/PHEC-YYEYOJS/2023,1124,1139
hCoV-19/England/PHEC-YYEYOEA/2023,1124,1139
hCoV-19/England/PHEC-YYEYCTJ/2023,1124,1136
hCoV-19/England/PHEC-YYEYCIB/2023,1124,1136
hCoV-19/England/PHEC-YYEY9Q7/2023,1124,1139
hCoV-19/England/PHEC-YYEY9OA/2023,1124,1139
hCoV-19/England/PHEC-YYEY7UW/2023,1124,1139
hCoV-19/England/PHEC-YYEY7RU/2023,1124,1139
hCoV-19/England/PHEC-YYEY1XE/2023,1124,1139
hCoV-19/England/PHEC-YYEY1AI/2023,1124,1139
hCoV-19/England/PHEC-YYEBRAB/2023,1124,1141
hCoV-19/England/PHEC-YYEBMJ3/2023,1124,1141
hCoV-19/England/PHEC-YYEBGPS/2023,1124,1141
hCoV-19/England/PHEC-YYEBEQ1/2023,1124,1141
hCoV-19/England/PHEC-YYEBE9X/2023,1124,1141
hCoV-19/England/PHEC-YYEBDFJ/2023,1124,1139
hCoV-19/England/PHEC-YYEBDED/2023,1124,1139
hCoV-19/England/PHEC-YYEYUCP/2023,1125,1139
hCoV-19/England/PHEC-YYEYQYK/2023,1125,1139
hCoV-19/England/PHEC-YYEYQI9/2023,1125,1139
hCoV-19/England/PHEC-YYEYQBE/2023,1125,1139
hCoV-19/England/PHEC-YYEYP7O/2023,1125,1139
hCoV-19/England/PHEC-YYEY9WO/2023,1125,1139
hCoV-19/England/PHEC-YYEY9U1/2023,1125,1139
hCoV-19/England/PHEC-YYEY9IQ/2023,1125,1139
hCoV-19/England/PHEC-YYEY91W/2023,1125,1139
hCoV-19/England/PHEC-YYEY7K8/2023,1125,1139
hCoV-19/England/PHEC-YYEY7EM/2023,1125,1139
hCoV-19/England/PHEC-YYEY79H/2023,1125,1139
hCoV-19/England/PHEC-YYEY6ZM/2023,1125,1139
hCoV-19/England/PHEC-YYEY6UU/2023,1125,1139
hCoV-19/England/PHEC-YYEY6KG/2023,1125,1139
hCoV-19/England/PHEC-YYEY6JE/2023,1125,1139
hCoV-19/England/PHEC-YYEY6FO/2023,1125,1139
hCoV-19/England/PHEC-YYEY6EK/2023,1125,1139
hCoV-19/England/PHEC-YYEY6CN/2023,1125,1139
hCoV-19/England/PHEC-YYENO4X/2023,1125,1146
hCoV-19/England/PHEC-YYENK3Z/2023,1125,1146
hCoV-19/England/PHEC-YYEBY9Z/2023,1125,1139
hCoV-19/England/PHEC-YYEBRNQ/2023,1125,1141
hCoV-19/England/PHEC-YYEBRGG/2023,1125,1141
hCoV-19/England/PHEC-YYEBRBO/2023,1125,1141
hCoV-19/England/PHEC-YYEBR9U/2023,1125,1141
hCoV-19/England/PHEC-YYEBR8R/2023,1125,1141
hCoV-19/England/PHEC-YYEBJFD/2023,1125,1141
hCoV-19/England/PHEC-YYEBJ6O/2023,1125,1141
hCoV-19/England/PHEC-YYEBGX1/2023,1125,1141
hCoV-19/England/PHEC-YYEBGHZ/2023,1125,1141
hCoV-19/England/PHEC-YYEBG7I/2023,1125,1141
hCoV-19/England/PHEC-YYEBFQI/2023,1125,1141
hCoV-19/England/PHEC-YYEBFBX/2023,1125,1141
hCoV-19/England/PHEC-YYEBEZ9/2023,1125,1141
hCoV-19/England/PHEC-YYEBEPW/2023,1125,1141
hCoV-19/England/PHEC-YYEBEID/2023,1125,1141
hCoV-19/England/PHEC-YYEBEHI/2023,1125,1141
hCoV-19/England/PHEC-YYEBE7U/2023,1125,1141
hCoV-19/England/PHEC-YYEBDXI/2023,1125,1139
hCoV-19/England/PHEC-YYEBDTO/2023,1125,1139
hCoV-19/England/PHEC-YYEY6BA/2023,1126,1139
hCoV-19/England/PHEC-YYENOI3/2023,1126,1146
hCoV-19/England/PHEC-YYENOHM/2023,1126,1146
hCoV-19/England/PHEC-YYENBZR/2023,1126,1146
hCoV-19/England/PHEC-YYEBZ8T/2023,1126,1143
hCoV-19/England/PHEC-YYEBXQM/2023,1126,1142
hCoV-19/England/PHEC-YYEBWIZ/2023,1126,1143
hCoV-19/England/PHEC-YYEBTF5/2023,1126,1142
hCoV-19/England/PHEC-YYEBRY1/2023,1126,1141
hCoV-19/England/PHEC-YYEBOCQ/2023,1126,1142
hCoV-19/England/PHEC-YYEBNZF/2023,1126,1139
hCoV-19/England/PHEC-YYEBNB1/2023,1126,1139
hCoV-19/England/PHEC-YYEBN3B/2023,1126,1139
hCoV-19/England/PHEC-YYEBKXQ/2023,1126,1141
hCoV-19/England/PHEC-YYEBK6X/2023,1126,1141
hCoV-19/England/PHEC-YYEBJAH/2023,1126,1141
hCoV-19/England/PHEC-YYEBJ4A/2023,1126,1141
hCoV-19/England/PHEC-YYEBJ34/2023,1126,1141
hCoV-19/England/PHEC-YYEBGW8/2023,1126,1141
hCoV-19/England/PHEC-YYEBGUJ/2023,1126,1141
hCoV-19/England/PHEC-YYEBGTP/2023,1126,1141
hCoV-19/England/PHEC-YYEBGM4/2023,1126,1141
hCoV-19/England/PHEC-YYEBGKH/2023,1126,1141
hCoV-19/England/PHEC-YYEBFXU/2023,1126,1141
hCoV-19/England/PHEC-YYEBFOO/2023,1126,1141
hCoV-19/England/PHEC-YYEBFC3/2023,1126,1141
hCoV-19/England/PHEC-YYEBEXO/2023,1126,1141
hCoV-19/England/PHEC-YYEBEK4/2023,1126,1141
hCoV-19/England/PHEC-YYEBEA7/2023,1126,1141
hCoV-19/England/PHEC-YYEBE8Y/2023,1126,1141
hCoV-19/England/PHEC-YYEBDM7/2023,1126,1139
hCoV-19/England/PHEC-YYEBD7A/2023,1126,1141
hCoV-19/England/PHEC-YYENXHC/2023,1127,1146
hCoV-19/England/PHEC-YYENUN7/2023,1127,1146
hCoV-19/England/PHEC-YYENUGI/2023,1127,1146
hCoV-19/England/PHEC-YYENIS1/2023,1127,1149
hCoV-19/England/PHEC-YYEN8UG/2023,1127,1146
hCoV-19/England/PHEC-YYEN19D/2023,1127,1146
hCoV-19/England/PHEC-YYEJO75/2023,1127,1170
hCoV-19/England/PHEC-YYEDYTX/2023,1127,1150
hCoV-19/England/PHEC-YYEBZ5E/2023,1127,1143
hCoV-19/England/PHEC-YYEBXPP/2023,1127,1142
hCoV-19/England/PHEC-YYEBTJU/2023,1127,1142
hCoV-19/England/PHEC-YYEBRXW/2023,1127,1141
hCoV-19/England/PHEC-YYEBRPA/2023,1127,1141
hCoV-19/England/PHEC-YYEBROT/2023,1127,1141
hCoV-19/England/PHEC-YYEBRMH/2023,1127,1141
hCoV-19/England/PHEC-YYEBRK6/2023,1127,1141
hCoV-19/England/PHEC-YYEBRC4/2023,1127,1141
hCoV-19/England/PHEC-YYEBOJW/2023,1127,1142
hCoV-19/England/PHEC-YYEBO98/2023,1127,1142
hCoV-19/England/PHEC-YYEBKWD/2023,1127,1141
hCoV-19/England/PHEC-YYEBKOM/2023,1127,1141
hCoV-19/England/PHEC-YYEBK18/2023,1127,1141
hCoV-19/England/PHEC-YYEBIB9/2023,1127,1143
hCoV-19/England/PHEC-YYEBHKG/2023,1127,1146
hCoV-19/England/PHEC-YYEBGJ6/2023,1127,1141
hCoV-19/England/PHEC-YYEBFZN/2023,1127,1141
hCoV-19/England/PHEC-YYEBFSR/2023,1127,1141
hCoV-19/England/PHEC-YYEBFM5/2023,1127,1141
hCoV-19/England/PHEC-YYEBF36/2023,1127,1141
hCoV-19/England/PHEC-YYEBE6T/2023,1127,1141
hCoV-19/England/PHEC-YYENYTT/2023,1128,1146
hCoV-19/England/PHEC-YYENOQE/2023,1128,1146
hCoV-19/England/PHEC-YYENFTC/2023,1128,1146
hCoV-19/England/PHEC-YYEDAY4/2023,1128,1153
hCoV-19/England/PHEC-YYEBUYD/2023,1128,1143
hCoV-19/England/PHEC-YYEBUTY/2023,1128,1143
hCoV-19/England/PHEC-YYEBUBB/2023,1128,1143
hCoV-19/England/PHEC-YYEBTKT/2023,1128,1142
hCoV-19/England/PHEC-YYEBTEI/2023,1128,1142
hCoV-19/England/PHEC-YYEBRH3/2023,1128,1141
hCoV-19/England/PHEC-YYEBIR3/2023,1128,1143
hCoV-19/England/PHEC-YYEBA3M/2023,1128,1143
hCoV-19/England/PHEC-YYEB4HD/2023,1128,1146
hCoV-19/England/PHEC-YYEB1I3/2023,1128,1143
hCoV-19/England/PHEC-YYENYUP/2023,1129,1146
hCoV-19/England/PHEC-YYENX9G/2023,1129,1146
hCoV-19/England/PHEC-YYENWNH/2023,1129,1149
hCoV-19/England/PHEC-YYENRHZ/2023,1129,1146
hCoV-19/England/PHEC-YYENQK1/2023,1129,1146
hCoV-19/England/PHEC-YYED657/2023,1129,1154
hCoV-19/England/PHEC-YYED63B/2023,1129,1154
hCoV-19/England/PHEC-YYEBWT9/2023,1129,1143
hCoV-19/England/PHEC-YYEBTWH/2023,1129,1143
hCoV-19/England/PHEC-YYEBSEO/2023,1129,1143
hCoV-19/England/PHEC-YYEBOBR/2023,1129,1142
hCoV-19/England/PHEC-YYEBIWA/2023,1129,1143
hCoV-19/England/PHEC-YYEB9TW/2023,1129,1146
hCoV-19/England/PHEC-YYENQCQ/2023,1130,1146
hCoV-19/England/PHEC-YYEBWXR/2023,1130,1143
hCoV-19/England/PHEC-YYEBUQ8/2023,1130,1143
hCoV-19/England/PHEC-YYEBUPJ/2023,1130,1143
hCoV-19/England/PHEC-YYEBUIA/2023,1130,1143
hCoV-19/England/PHEC-YYEBIP8/2023,1130,1143
hCoV-19/England/PHEC-YYEBIJX/2023,1130,1143
hCoV-19/England/PHEC-YYEBI4C/2023,1130,1143
hCoV-19/England/PHEC-YYEB9MB/2023,1130,1146
hCoV-19/England/PHEC-YYEB9KD/2023,1130,1146
hCoV-19/England/PHEC-YYEB97H/2023,1130,1146
hCoV-19/England/PHEC-YYEB61U/2023,1130,1146
hCoV-19/England/PHEC-YYEB1QE/2023,1130,1143
hCoV-19/England/PHEC-YYEB1MQ/2023,1130,1143
