hCoV-19/England/PHEC-YYERQN6/2023,1145,1157
hCoV-19/England/PHEC-YYERQFA/2023,1145,1157
hCoV-19/England/PHEC-YYERPUH/2023,1145,1157
hCoV-19/England/PHEC-YYERPSS/2023,1145,1157
hCoV-19/England/PHEC-YYERP16/2023,1145,1157
hCoV-19/England/PHEC-YYERIFT/2023,1145,1160
hCoV-19/England/PHEC-YYERIEM/2023,1145,1160
hCoV-19/England/PHEC-YYER9QI/2023,1145,1160
hCoV-19/England/PHEC-YYER9J9/2023,1145,1160
hCoV-19/England/PHEC-YYER647/2023,1145,1160
hCoV-19/England/PHEC-YYER5HH/2023,1145,1160
hCoV-19/England/PHEC-YYER1JC/2023,1145,1157
hCoV-19/England/PHEC-YYER1G1/2023,1145,1157
hCoV-19/England/PHEC-YYER1FW/2023,1145,1157
hCoV-19/England/PHEC-YYER1BH/2023,1145,1157
hCoV-19/England/PHEC-YYEGYKA/2023,1145,1160
hCoV-19/England/PHEC-YYEGY6X/2023,1145,1160
hCoV-19/England/PHEC-YYEGRW9/2023,1145,1160
hCoV-19/England/PHEC-YYEGRTF/2023,1145,1160
hCoV-19/England/PHEC-YYEGPXB/2023,1145,1162
hCoV-19/England/PHEC-YYEGNBE/2023,1145,1160
hCoV-19/England/PHEC-YYEGN9M/2023,1145,1160
hCoV-19/England/PHEC-YYEGM9N/2023,1145,1160
hCoV-19/England/PHEC-YYEGM4C/2023,1145,1160
hCoV-19/England/PHEC-YYEGFXJ/2023,1145,1160
hCoV-19/England/PHEC-YYEGFMT/2023,1145,1160
hCoV-19/England/PHEC-YYEGDI6/2023,1145,1160
hCoV-19/England/PHEC-YYEGD9K/2023,1145,1160
hCoV-19/England/PHEC-YYEGD7Q/2023,1145,1160
hCoV-19/England/PHEC-YYEGB9C/2023,1145,1160
hCoV-19/England/PHEC-YYEG8TN/2023,1145,1160
hCoV-19/England/PHEC-YYERZTS/2023,1146,1160
hCoV-19/England/PHEC-YYERSFO/2023,1146,1160
hCoV-19/England/PHEC-YYERI9H/2023,1146,1160
hCoV-19/England/PHEC-YYER9YT/2023,1146,1160
hCoV-19/England/PHEC-YYEGZT1/2023,1146,1161
hCoV-19/England/PHEC-YYEGYFN/2023,1146,1160
hCoV-19/England/PHEC-YYEGYCW/2023,1146,1160
hCoV-19/England/PHEC-YYEGX8X/2023,1146,1162
hCoV-19/England/PHEC-YYEGX7N/2023,1146,1162
hCoV-19/England/PHEC-YYEGR5T/2023,1146,1160
hCoV-19/England/PHEC-YYEGPTH/2023,1146,1162
hCoV-19/England/PHEC-YYEGPC8/2023,1146,1162
hCoV-19/England/PHEC-YYEGPAQ/2023,1146,1160
hCoV-19/England/PHEC-YYEGOB4/2023,1146,1162
hCoV-19/England/PHEC-YYEGMFZ/2023,1146,1160
hCoV-19/England/PHEC-YYEGM1H/2023,1146,1160
hCoV-19/England/PHEC-YYEGKYN/2023,1146,1160
hCoV-19/England/PHEC-YYEGKXR/2023,1146,1160
hCoV-19/England/PHEC-YYEGKSI/2023,1146,1160
hCoV-19/England/PHEC-YYEGKOB/2023,1146,1160
hCoV-19/England/PHEC-YYEGKBY/2023,1146,1160
hCoV-19/England/PHEC-YYEGK78/2023,1146,1160
hCoV-19/England/PHEC-YYEGJQ8/2023,1146,1160
hCoV-19/England/PHEC-YYEGJIA/2023,1146,1160
hCoV-19/England/PHEC-YYEGJCM/2023,1146,1160
hCoV-19/England/PHEC-YYEGJ9R/2023,1146,1162
hCoV-19/England/PHEC-YYEGJ4Q/2023,1146,1160
hCoV-19/England/PHEC-YYEGE4X/2023,1146,1162
hCoV-19/England/PHEC-YYEGD51/2023,1146,1160
hCoV-19/England/PHEC-YYEGB1G/2023,1146,1160
hCoV-19/England/PHEC-YYEGANO/2023,1146,1161
hCoV-19/England/PHEC-YYEGA3B/2023,1146,1161
hCoV-19/England/PHEC-YYEG9TK/2023,1146,1164
hCoV-19/England/PHEC-YYEG9K3/2023,1146,1164
hCoV-19/England/PHEC-YYEG91E/2023,1146,1164
hCoV-19/England/PHEC-YYEG5UK/2023,1146,1163
hCoV-19/England/PHEC-YYE8Z9W/2023,1146,1169
hCoV-19/England/PHEC-YYE8XIO/2023,1146,1167
hCoV-19/England/PHEC-YYE8RQK/2023,1146,1164
hCoV-19/England/PHEC-YYE8RMO/2023,1146,1164
hCoV-19/England/PHEC-YYE8MAQ/2023,1146,1167
hCoV-19/England/PHEC-YYE8KAX/2023,1146,1167
hCoV-19/England/PHEC-YYE8I6A/2023,1146,1169
hCoV-19/England/PHEC-YYE8AY1/2023,1146,1169
hCoV-19/England/PHEC-YYEJNKO/2023,1147,1169
hCoV-19/England/PHEC-YYEJDXF/2023,1147,1169
hCoV-19/England/PHEC-YYEGZWC/2023,1147,1161
hCoV-19/England/PHEC-YYEGZUQ/2023,1147,1161
hCoV-19/England/PHEC-YYEGZP5/2023,1147,1161
hCoV-19/England/PHEC-YYEGXZQ/2023,1147,1162
hCoV-19/England/PHEC-YYEGXN3/2023,1147,1162
hCoV-19/England/PHEC-YYEGSYS/2023,1147,1161
hCoV-19/England/PHEC-YYEGSTU/2023,1147,1161
hCoV-19/England/PHEC-YYEGSN1/2023,1147,1161
hCoV-19/England/PHEC-YYEGSAF/2023,1147,1161
hCoV-19/England/PHEC-YYEGS1T/2023,1147,1161
hCoV-19/England/PHEC-YYEGPS1/2023,1147,1162
hCoV-19/England/PHEC-YYEGPRZ/2023,1147,1160
hCoV-19/England/PHEC-YYEGPQD/2023,1147,1160
hCoV-19/England/PHEC-YYEGPKM/2023,1147,1160
hCoV-19/England/PHEC-YYEGPEX/2023,1147,1160
hCoV-19/England/PHEC-YYEGP9Y/2023,1147,1162
hCoV-19/England/PHEC-YYEGP6N/2023,1147,1162
hCoV-19/England/PHEC-YYEGN5U/2023,1147,1160
hCoV-19/England/PHEC-YYEGN1F/2023,1147,1160
hCoV-19/England/PHEC-YYEGMOY/2023,1147,1160
hCoV-19/England/PHEC-YYEGM6R/2023,1147,1160
hCoV-19/England/PHEC-YYEGM5K/2023,1147,1160
hCoV-19/England/PHEC-YYEGKW3/2023,1147,1160
hCoV-19/England/PHEC-YYEGKR4/2023,1147,1162
hCoV-19/England/PHEC-YYEGKN6/2023,1147,1162
hCoV-19/England/PHEC-YYEGKE1/2023,1147,1160
hCoV-19/England/PHEC-YYEGK9D/2023,1147,1162
hCoV-19/England/PHEC-YYEGK5M/2023,1147,1162
hCoV-19/England/PHEC-YYEGK3X/2023,1147,1162
hCoV-19/England/PHEC-YYEGJTY/2023,1147,1160
hCoV-19/England/PHEC-YYEGJKX/2023,1147,1160
hCoV-19/England/PHEC-YYEGJ7E/2023,1147,1160
hCoV-19/England/PHEC-YYEGH45/2023,1147,1163
hCoV-19/England/PHEC-YYEGEHM/2023,1147,1160
hCoV-19/England/PHEC-YYEGE5P/2023,1147,1160
hCoV-19/England/PHEC-YYEGDSH/2023,1147,1160
hCoV-19/England/PHEC-YYEGDHO/2023,1147,1160
hCoV-19/England/PHEC-YYEGDAA/2023,1147,1160
hCoV-19/England/PHEC-YYEGAUP/2023,1147,1161
hCoV-19/England/PHEC-YYEGARC/2023,1147,1161
hCoV-19/England/PHEC-YYEGAKY/2023,1147,1161
hCoV-19/England/PHEC-YYEG591/2023,1147,1163
hCoV-19/England/PHEC-YYEG4MH/2023,1147,1163
hCoV-19/England/PHEC-YYEG4GG/2023,1147,1163
hCoV-19/England/PHEC-YYEG3ZR/2023,1147,1163
hCoV-19/England/PHEC-YYEG3UC/2023,1147,1163
hCoV-19/England/PHEC-YYEG3NX/2023,1147,1163
hCoV-19/England/PHEC-YYEG36S/2023,1147,1163
hCoV-19/England/PHEC-YYE8ZJB/2023,1147,1169
hCoV-19/England/PHEC-YYE8M9Y/2023,1147,1167
hCoV-19/England/PHEC-YYE8M4K/2023,1147,1167
hCoV-19/England/PHEC-YYE8J3Q/2023,1147,1167
hCoV-19/England/PHEC-YYE8D7C/2023,1147,1164
hCoV-19/England/PHEC-YYE8A8R/2023,1147,1169
hCoV-19/England/BRBR-326DD4C5/2023,1147,1154
hCoV-19/England/PHEC-YYEJNU7/2023,1148,1169
hCoV-19/England/PHEC-YYEJBSA/2023,1148,1169
hCoV-19/England/PHEC-YYEJ8D3/2023,1148,1170
hCoV-19/England/PHEC-YYEGZXZ/2023,1148,1161
hCoV-19/England/PHEC-YYEGZNT/2023,1148,1161
hCoV-19/England/PHEC-YYEGZKB/2023,1148,1161
hCoV-19/England/PHEC-YYEGZ9S/2023,1148,1161
hCoV-19/England/PHEC-YYEGZ88/2023,1148,1161
hCoV-19/England/PHEC-YYEGZ6A/2023,1148,1161
hCoV-19/England/PHEC-YYEGZ4Y/2023,1148,1161
hCoV-19/England/PHEC-YYEGXAC/2023,1148,1162
hCoV-19/England/PHEC-YYEGX3K/2023,1148,1162
hCoV-19/England/PHEC-YYEGSWP/2023,1148,1161
hCoV-19/England/PHEC-YYEGSQ4/2023,1148,1161
hCoV-19/England/PHEC-YYEGSPH/2023,1148,1161
hCoV-19/England/PHEC-YYEGSJR/2023,1148,1161
hCoV-19/England/PHEC-YYEGSIM/2023,1148,1161
hCoV-19/England/PHEC-YYEGSGK/2023,1148,1161
hCoV-19/England/PHEC-YYEGSFC/2023,1148,1161
hCoV-19/England/PHEC-YYEGSC6/2023,1148,1161
hCoV-19/England/PHEC-YYEGMGI/2023,1148,1162
hCoV-19/England/PHEC-YYEGKHJ/2023,1148,1162
hCoV-19/England/PHEC-YYEGK6F/2023,1148,1162
hCoV-19/England/PHEC-YYEGJYD/2023,1148,1160
hCoV-19/England/PHEC-YYEGJN9/2023,1148,1160
hCoV-19/England/PHEC-YYEGHW8/2023,1148,1163
hCoV-19/England/PHEC-YYEGHDK/2023,1148,1163
hCoV-19/England/PHEC-YYEGAYW/2023,1148,1161
hCoV-19/England/PHEC-YYEG7R8/2023,1148,1163
hCoV-19/England/PHEC-YYEG7QU/2023,1148,1163
hCoV-19/England/PHEC-YYEG7M3/2023,1148,1163
hCoV-19/England/PHEC-YYEG7K5/2023,1148,1163
hCoV-19/England/PHEC-YYEG4XW/2023,1148,1163
hCoV-19/England/PHEC-YYEG4TX/2023,1148,1163
hCoV-19/England/PHEC-YYEG4RK/2023,1148,1163
hCoV-19/England/PHEC-YYEG4PA/2023,1148,1163
hCoV-19/England/PHEC-YYEG4K6/2023,1148,1163
hCoV-19/England/PHEC-YYEG4AB/2023,1148,1163
hCoV-19/England/PHEC-YYE8YUD/2023,1148,1164
hCoV-19/England/PHEC-YYE8NW9/2023,1148,1164
hCoV-19/England/PHEC-YYE8DKU/2023,1148,1164
hCoV-19/England/PHEC-YYE8AXW/2023,1148,1169
hCoV-19/England/PHEC-YYE8AWJ/2023,1148,1169
hCoV-19/England/PHEC-YYE8AMH/2023,1148,1169
hCoV-19/England/PHEC-YYEJGAX/2023,1149,1170
hCoV-19/England/PHEC-YYEJFB9/2023,1149,1169
hCoV-19/England/PHEC-YYEJ8RZ/2023,1149,1170
hCoV-19/England/PHEC-YYEJ8N5/2023,1149,1170
hCoV-19/England/PHEC-YYEJ8EX/2023,1149,1170
hCoV-19/England/PHEC-YYEJ3J5/2023,1149,1171
hCoV-19/England/PHEC-YYEJ31E/2023,1149,1171
hCoV-19/England/PHEC-YYEGZBU/2023,1149,1161
hCoV-19/England/PHEC-YYEGSKN/2023,1149,1161
hCoV-19/England/PHEC-YYEGSH7/2023,1149,1161
hCoV-19/England/PHEC-YYEGS9Z/2023,1149,1161
hCoV-19/England/PHEC-YYEGS75/2023,1149,1161
hCoV-19/England/PHEC-YYEGS4B/2023,1149,1161
hCoV-19/England/PHEC-YYEGHM4/2023,1149,1163
hCoV-19/England/PHEC-YYEGHKH/2023,1149,1163
hCoV-19/England/PHEC-YYEGHIF/2023,1149,1163
hCoV-19/England/PHEC-YYEGHFG/2023,1149,1163
hCoV-19/England/PHEC-YYEGH37/2023,1149,1163
hCoV-19/England/PHEC-YYEG56W/2023,1149,1163
hCoV-19/England/PHEC-YYEG4OT/2023,1149,1163
hCoV-19/England/PHEC-YYEG3SG/2023,1149,1163
hCoV-19/England/PHEC-YYE8Y4I/2023,1149,1164
hCoV-19/England/PHEC-YYE8RZZ/2023,1149,1164
hCoV-19/England/PHEC-YYE8RK1/2023,1149,1164
hCoV-19/England/PHEC-YYE8R1B/2023,1149,1164
hCoV-19/England/PHEC-YYE8PI1/2023,1149,1167
hCoV-19/England/PHEC-YYE8MXB/2023,1149,1167
hCoV-19/England/PHEC-YYE8MWS/2023,1149,1167
hCoV-19/England/PHEC-YYE8MD3/2023,1149,1167
hCoV-19/England/PHEC-YYE8M5E/2023,1149,1167
hCoV-19/England/PHEC-YYE8DUY/2023,1149,1164
hCoV-19/England/PHEC-YYEJRHJ/2023,1150,1169
hCoV-19/England/PHEC-YYEJR9D/2023,1150,1169
hCoV-19/England/PHEC-YYEJR78/2023,1150,1169
hCoV-19/England/PHEC-YYEJP1W/2023,1150,1169
hCoV-19/England/PHEC-YYEJGNH/2023,1150,1169
hCoV-19/England/PHEC-YYEJGB6/2023,1150,1169
hCoV-19/England/PHEC-YYEJFYB/2023,1150,1169
hCoV-19/England/PHEC-YYEG7DJ/2023,1150,1163
hCoV-19/England/PHEC-YYE8Y7X/2023,1150,1164
hCoV-19/England/PHEC-YYE8WN1/2023,1150,1167
hCoV-19/England/PHEC-YYE8WKN/2023,1150,1167
hCoV-19/England/PHEC-YYE8WFC/2023,1150,1167
hCoV-19/England/PHEC-YYE8WBW/2023,1150,1167
hCoV-19/England/PHEC-YYE8W9Z/2023,1150,1169
hCoV-19/England/PHEC-YYE8UX3/2023,1150,1167
hCoV-19/England/PHEC-YYE8USK/2023,1150,1167
hCoV-19/England/PHEC-YYE8UGM/2023,1150,1167
hCoV-19/England/PHEC-YYE8UFP/2023,1150,1167
hCoV-19/England/PHEC-YYE8U8J/2023,1150,1167
hCoV-19/England/PHEC-YYE8U3R/2023,1150,1167
hCoV-19/England/PHEC-YYE8RXE/2023,1150,1164
hCoV-19/England/PHEC-YYE8RJW/2023,1150,1164
hCoV-19/England/PHEC-YYE8RI5/2023,1150,1164
hCoV-19/England/PHEC-YYE8R98/2023,1150,1164
hCoV-19/England/PHEC-YYE8R5X/2023,1150,1164
hCoV-19/England/PHEC-YYE8PSO/2023,1150,1167
hCoV-19/England/PHEC-YYE8PRI/2023,1150,1167
hCoV-19/England/PHEC-YYE8PAC/2023,1150,1167
hCoV-19/England/PHEC-YYE8N6M/2023,1150,1164
hCoV-19/England/PHEC-YYE8M6N/2023,1150,1167
hCoV-19/England/PHEC-YYE8KMK/2023,1150,1167
hCoV-19/England/PHEC-YYE8KJQ/2023,1150,1167
hCoV-19/England/PHEC-YYE8J9N/2023,1150,1167
hCoV-19/England/PHEC-YYE8J7G/2023,1150,1167
hCoV-19/England/PHEC-YYE8J1H/2023,1150,1167
hCoV-19/England/PHEC-YYE8HCS/2023,1150,1169
hCoV-19/England/PHEC-YYE8DY8/2023,1150,1164
hCoV-19/England/PHEC-YYE8DAS/2023,1150,1164
hCoV-19/England/PHEC-YYE8CME/2023,1150,1167
hCoV-19/England/PHEC-YYE8CKK/2023,1150,1167
hCoV-19/England/PHEC-YYE8C7D/2023,1150,1167
hCoV-19/England/PHEC-YYE81WX/2023,1150,1167
hCoV-19/England/PHEC-YYE81OZ/2023,1150,1167
hCoV-19/England/PHEC-YYE81KR/2023,1150,1167
hCoV-19/England/PHEC-YYE81CY/2023,1150,1167
hCoV-19/England/PHEC-YYE814D/2023,1150,1167
hCoV-19/England/PHEC-YYEJRW3/2023,1151,1169
hCoV-19/England/PHEC-YYEJRIZ/2023,1151,1169
hCoV-19/England/PHEC-YYEJFWA/2023,1151,1169
hCoV-19/England/PHEC-YYE8WUX/2023,1151,1167
hCoV-19/England/PHEC-YYE8UNU/2023,1151,1167
hCoV-19/England/PHEC-YYE8UMB/2023,1151,1167
hCoV-19/England/PHEC-YYE8UBI/2023,1151,1167
hCoV-19/England/PHEC-YYE8MB7/2023,1151,1167
hCoV-19/England/PHEC-YYE8K3P/2023,1151,1167
hCoV-19/England/PHEC-YYE8FKT/2023,1151,1164
hCoV-19/England/PHEC-YYE8FJU/2023,1151,1164
hCoV-19/England/PHEC-YYE8AZD/2023,1151,1169
hCoV-19/England/PHEC-YYE81H9/2023,1151,1167
hCoV-19/England/PHEC-YYE8165/2023,1151,1167
