hCoV-19/England/PHEC-YYERYNC/2023,1138,1154
hCoV-19/England/PHEC-YYEN7IC/2023,1138,1150
hCoV-19/England/PHEC-YYEN6UX/2023,1138,1150
hCoV-19/England/PHEC-YYEN6OI/2023,1138,1150
hCoV-19/England/PHEC-YYEN6IM/2023,1138,1150
hCoV-19/England/PHEC-YYEN5Q7/2023,1138,1150
hCoV-19/England/PHEC-YYEN4KG/2023,1138,1150
hCoV-19/England/PHEC-YYEDWST/2023,1138,1153
hCoV-19/England/PHEC-YYEDURZ/2023,1138,1153
hCoV-19/England/PHEC-YYEDTP8/2023,1138,1153
hCoV-19/England/PHEC-YYEDTJX/2023,1138,1153
hCoV-19/England/PHEC-YYEDT1H/2023,1138,1153
hCoV-19/England/PHEC-YYEDSYH/2023,1138,1153
hCoV-19/England/PHEC-YYEDSRW/2023,1138,1153
hCoV-19/England/PHEC-YYEDSO5/2023,1138,1153
hCoV-19/England/PHEC-YYEDKPQ/2023,1138,1153
hCoV-19/England/PHEC-YYEDK6M/2023,1138,1153
hCoV-19/England/PHEC-YYEDK5T/2023,1138,1153
hCoV-19/England/PHEC-YYEDJCT/2023,1138,1153
hCoV-19/England/PHEC-YYEDIPD/2023,1138,1153
hCoV-19/England/PHEC-YYEDIM8/2023,1138,1153
hCoV-19/England/PHEC-YYEDAXH/2023,1138,1153
hCoV-19/England/PHEC-YYEDAUU/2023,1138,1153
hCoV-19/England/PHEC-YYEDAQ6/2023,1138,1153
hCoV-19/England/PHEC-YYED6YW/2023,1138,1154
hCoV-19/England/PHEC-YYED6M6/2023,1138,1154
hCoV-19/England/PHEC-YYED5GM/2023,1138,1153
hCoV-19/England/PHEC-YYED5FP/2023,1138,1153
hCoV-19/England/PHEC-YYED5E8/2023,1138,1153
hCoV-19/England/PHEC-YYED4RO/2023,1138,1153
hCoV-19/England/PHEC-YYED1SU/2023,1138,1153
hCoV-19/England/PHEC-YYED1PG/2023,1138,1153
hCoV-19/England/PHEC-YYED13P/2023,1138,1153
hCoV-19/England/QEUH-326CF1ED/2023,1139,1148
hCoV-19/England/PHEC-YYERY9T/2023,1139,1155
hCoV-19/England/PHEC-YYERQT9/2023,1139,1157
hCoV-19/England/PHEC-YYERNOP/2023,1139,1155
hCoV-19/England/PHEC-YYERNBC/2023,1139,1155
hCoV-19/England/PHEC-YYERJXJ/2023,1139,1156
hCoV-19/England/PHEC-YYERJ3W/2023,1139,1156
hCoV-19/England/PHEC-YYERGWB/2023,1139,1156
hCoV-19/England/PHEC-YYERGNG/2023,1139,1156
hCoV-19/England/PHEC-YYERGE4/2023,1139,1156
hCoV-19/England/PHEC-YYERGDR/2023,1139,1156
hCoV-19/England/PHEC-YYERDE7/2023,1139,1155
hCoV-19/England/PHEC-YYERDAH/2023,1139,1156
hCoV-19/England/PHEC-YYERBUE/2023,1139,1155
hCoV-19/England/PHEC-YYERBOQ/2023,1139,1155
hCoV-19/England/PHEC-YYERB1K/2023,1139,1155
hCoV-19/England/PHEC-YYEGYA5/2023,1139,1160
hCoV-19/England/PHEC-YYEGXKJ/2023,1139,1162
hCoV-19/England/PHEC-YYEGRXK/2023,1139,1160
hCoV-19/England/PHEC-YYEG761/2023,1139,1163
hCoV-19/England/PHEC-YYEDZ3E/2023,1139,1153
hCoV-19/England/PHEC-YYEDXSS/2023,1139,1153
hCoV-19/England/PHEC-YYEDXHK/2023,1139,1153
hCoV-19/England/PHEC-YYEDX9R/2023,1139,1153
hCoV-19/England/PHEC-YYEDX5C/2023,1139,1153
hCoV-19/England/PHEC-YYEDWUZ/2023,1139,1153
hCoV-19/England/PHEC-YYEDWPR/2023,1139,1153
hCoV-19/England/PHEC-YYEDWJC/2023,1139,1153
hCoV-19/England/PHEC-YYEDWHF/2023,1139,1153
hCoV-19/England/PHEC-YYEDW13/2023,1139,1153
hCoV-19/England/PHEC-YYEDUGU/2023,1139,1153
hCoV-19/England/PHEC-YYEDUB7/2023,1139,1153
hCoV-19/England/PHEC-YYEDU8T/2023,1139,1153
hCoV-19/England/PHEC-YYEDTYB/2023,1139,1153
hCoV-19/England/PHEC-YYEDTWA/2023,1139,1153
hCoV-19/England/PHEC-YYEDTFZ/2023,1139,1153
hCoV-19/England/PHEC-YYEDT8U/2023,1139,1153
hCoV-19/England/PHEC-YYEDSCR/2023,1139,1153
hCoV-19/England/PHEC-YYEDMZA/2023,1139,1153
hCoV-19/England/PHEC-YYEDIY7/2023,1139,1153
hCoV-19/England/PHEC-YYEDIRI/2023,1139,1153
hCoV-19/England/PHEC-YYEDIDZ/2023,1139,1153
hCoV-19/England/PHEC-YYEDI8X/2023,1139,1153
hCoV-19/England/PHEC-YYEDH3D/2023,1139,1153
hCoV-19/England/PHEC-YYEDATZ/2023,1139,1153
hCoV-19/England/PHEC-YYED7KB/2023,1139,1153
hCoV-19/England/PHEC-YYED5KD/2023,1139,1153
hCoV-19/England/PHEC-YYED4BS/2023,1139,1153
hCoV-19/England/PHEC-YYED3ZK/2023,1139,1153
hCoV-19/England/PHEC-YYED3P9/2023,1139,1153
hCoV-19/England/PHEC-YYED1ZT/2023,1139,1153
hCoV-19/England/PHEC-YYED1YY/2023,1139,1153
hCoV-19/England/PHEC-YYED1RA/2023,1139,1153
hCoV-19/England/PHEC-YYED14M/2023,1139,1153
hCoV-19/England/PHEC-YYE8ZP3/2023,1139,1169
hCoV-19/England/PHEC-YYE8ZM7/2023,1139,1169
hCoV-19/England/PHEC-YYE8I74/2023,1139,1169
hCoV-19/England/PHEC-YYERZP9/2023,1140,1160
hCoV-19/England/PHEC-YYERY6U/2023,1140,1155
hCoV-19/England/PHEC-YYERXET/2023,1140,1157
hCoV-19/England/PHEC-YYERX8U/2023,1140,1157
hCoV-19/England/PHEC-YYERQW3/2023,1140,1157
hCoV-19/England/PHEC-YYERMYF/2023,1140,1156
hCoV-19/England/PHEC-YYERMTN/2023,1140,1156
hCoV-19/England/PHEC-YYERMPM/2023,1140,1156
hCoV-19/England/PHEC-YYERJPP/2023,1140,1156
hCoV-19/England/PHEC-YYERJ5O/2023,1140,1156
hCoV-19/England/PHEC-YYERIW1/2023,1140,1160
hCoV-19/England/PHEC-YYERGXC/2023,1140,1156
hCoV-19/England/PHEC-YYERGS7/2023,1140,1156
hCoV-19/England/PHEC-YYERGI9/2023,1140,1156
hCoV-19/England/PHEC-YYEREI7/2023,1140,1156
hCoV-19/England/PHEC-YYERD9Q/2023,1140,1156
hCoV-19/England/PHEC-YYERD34/2023,1140,1156
hCoV-19/England/PHEC-YYERCI3/2023,1140,1156
hCoV-19/England/PHEC-YYERC5P/2023,1140,1156
hCoV-19/England/PHEC-YYEGXOH/2023,1140,1162
hCoV-19/England/PHEC-YYEG46I/2023,1140,1163
hCoV-19/England/PHEC-YYEDZ9H/2023,1140,1153
hCoV-19/England/PHEC-YYEDX7E/2023,1140,1153
hCoV-19/England/PHEC-YYEDWEQ/2023,1140,1153
hCoV-19/England/PHEC-YYEDUMJ/2023,1140,1153
hCoV-19/England/PHEC-YYEDUKM/2023,1140,1153
hCoV-19/England/PHEC-YYEDUC8/2023,1140,1153
hCoV-19/England/PHEC-YYEDS3J/2023,1140,1153
hCoV-19/England/PHEC-YYEDIHR/2023,1140,1153
hCoV-19/England/PHEC-YYEDI1A/2023,1140,1153
hCoV-19/England/PHEC-YYEDH63/2023,1140,1153
hCoV-19/England/PHEC-YYEDH59/2023,1140,1153
hCoV-19/England/PHEC-YYED4JG/2023,1140,1153
hCoV-19/England/PHEC-YYED4H9/2023,1140,1153
hCoV-19/England/PHEC-YYED3MD/2023,1140,1153
hCoV-19/England/PHEC-YYED1EO/2023,1140,1153
hCoV-19/England/PHEC-YYERZKF/2023,1141,1160
hCoV-19/England/PHEC-YYERXT6/2023,1141,1157
hCoV-19/England/PHEC-YYERXIS/2023,1141,1157
hCoV-19/England/PHEC-YYERXD5/2023,1141,1157
hCoV-19/England/PHEC-YYERQAT/2023,1141,1157
hCoV-19/England/PHEC-YYERPYD/2023,1141,1156
hCoV-19/England/PHEC-YYERP8I/2023,1141,1156
hCoV-19/England/PHEC-YYERNGN/2023,1141,1155
hCoV-19/England/PHEC-YYERMR7/2023,1141,1156
hCoV-19/England/PHEC-YYERKFH/2023,1141,1156
hCoV-19/England/PHEC-YYERJW6/2023,1141,1156
hCoV-19/England/PHEC-YYERJUY/2023,1141,1156
hCoV-19/England/PHEC-YYERJBF/2023,1141,1156
hCoV-19/England/PHEC-YYERJ6K/2023,1141,1156
hCoV-19/England/PHEC-YYERIQ9/2023,1141,1160
hCoV-19/England/PHEC-YYERGUD/2023,1141,1156
hCoV-19/England/PHEC-YYERGMW/2023,1141,1156
hCoV-19/England/PHEC-YYERG7X/2023,1141,1156
hCoV-19/England/PHEC-YYERETF/2023,1141,1156
hCoV-19/England/PHEC-YYEREM1/2023,1141,1156
hCoV-19/England/PHEC-YYEREJS/2023,1141,1156
hCoV-19/England/PHEC-YYEREBG/2023,1141,1156
hCoV-19/England/PHEC-YYERE84/2023,1141,1156
hCoV-19/England/PHEC-YYERE6M/2023,1141,1156
hCoV-19/England/PHEC-YYERDGB/2023,1141,1155
hCoV-19/England/PHEC-YYERD89/2023,1141,1155
hCoV-19/England/PHEC-YYERCTB/2023,1141,1156
hCoV-19/England/PHEC-YYERCQE/2023,1141,1156
hCoV-19/England/PHEC-YYERC9F/2023,1141,1156
hCoV-19/England/PHEC-YYER8TG/2023,1141,1156
hCoV-19/England/PHEC-YYER8RB/2023,1141,1156
hCoV-19/England/PHEC-YYER8QP/2023,1141,1156
hCoV-19/England/PHEC-YYER8E3/2023,1141,1156
hCoV-19/England/PHEC-YYER89K/2023,1141,1156
hCoV-19/England/PHEC-YYER87Q/2023,1141,1156
hCoV-19/England/PHEC-YYEGFZA/2023,1141,1160
hCoV-19/England/PHEC-YYEGFAS/2023,1141,1160
hCoV-19/England/PHEC-YYEGF3W/2023,1141,1160
hCoV-19/England/PHEC-YYEGDE3/2023,1141,1160
hCoV-19/England/PHEC-YYEG9NJ/2023,1141,1163
hCoV-19/England/PHEC-YYEG5F8/2023,1141,1163
hCoV-19/England/PHEC-YYEDZFT/2023,1141,1153
hCoV-19/England/PHEC-YYEDSHD/2023,1141,1153
hCoV-19/England/PHEC-YYEDS7B/2023,1141,1153
hCoV-19/England/PHEC-YYEDS48/2023,1141,1153
hCoV-19/England/PHEC-YYEDA95/2023,1141,1153
hCoV-19/England/PHEC-YYERXB9/2023,1142,1157
hCoV-19/England/PHEC-YYERTEX/2023,1142,1157
hCoV-19/England/PHEC-YYERQZU/2023,1142,1157
hCoV-19/England/PHEC-YYERQPE/2023,1142,1157
hCoV-19/England/PHEC-YYERQMC/2023,1142,1157
hCoV-19/England/PHEC-YYERQHJ/2023,1142,1157
hCoV-19/England/PHEC-YYERQ5M/2023,1142,1157
hCoV-19/England/PHEC-YYERPR5/2023,1142,1156
hCoV-19/England/PHEC-YYERMU6/2023,1142,1156
hCoV-19/England/PHEC-YYERMSA/2023,1142,1156
hCoV-19/England/PHEC-YYERMHC/2023,1142,1156
hCoV-19/England/PHEC-YYERMBD/2023,1142,1156
hCoV-19/England/PHEC-YYERM6E/2023,1142,1156
hCoV-19/England/PHEC-YYERM1Y/2023,1142,1156
hCoV-19/England/PHEC-YYERKPC/2023,1142,1156
hCoV-19/England/PHEC-YYERKG4/2023,1142,1156
hCoV-19/England/PHEC-YYERKES/2023,1142,1156
hCoV-19/England/PHEC-YYERJZA/2023,1142,1156
hCoV-19/England/PHEC-YYERI5R/2023,1142,1160
hCoV-19/England/PHEC-YYEREO8/2023,1142,1156
hCoV-19/England/PHEC-YYERENR/2023,1142,1156
hCoV-19/England/PHEC-YYERCZI/2023,1142,1156
hCoV-19/England/PHEC-YYERCW5/2023,1142,1156
hCoV-19/England/PHEC-YYERCSZ/2023,1142,1156
hCoV-19/England/PHEC-YYERC19/2023,1142,1156
hCoV-19/England/PHEC-YYER8MU/2023,1142,1156
hCoV-19/England/PHEC-YYER8JZ/2023,1142,1156
hCoV-19/England/PHEC-YYER7DP/2023,1142,1160
hCoV-19/England/PHEC-YYER5C7/2023,1142,1160
hCoV-19/England/PHEC-YYER4XA/2023,1142,1160
hCoV-19/England/PHEC-YYEGJMP/2023,1142,1162
hCoV-19/England/PHEC-YYEGBXP/2023,1142,1160
hCoV-19/England/PHEC-YYEGBCU/2023,1142,1160
hCoV-19/England/PHEC-YYEGAQA/2023,1142,1161
hCoV-19/England/PHEC-YYEG9GB/2023,1142,1163
hCoV-19/England/PHEC-YYEG8R7/2023,1142,1160
hCoV-19/England/PHEC-YYED5OS/2023,1142,1153
hCoV-19/England/PHEC-YYED5H6/2023,1142,1153
hCoV-19/England/PHEC-YYED59A/2023,1142,1153
hCoV-19/England/PHEC-YYED54N/2023,1142,1153
hCoV-19/England/PHEC-YYERZEJ/2023,1143,1160
hCoV-19/England/PHEC-YYERSXH/2023,1143,1160
hCoV-19/England/PHEC-YYERSO3/2023,1143,1160
hCoV-19/England/PHEC-YYERPXF/2023,1143,1157
hCoV-19/England/PHEC-YYEROII/2023,1143,1157
hCoV-19/England/PHEC-YYERKXE/2023,1143,1156
hCoV-19/England/PHEC-YYER6DC/2023,1143,1160
hCoV-19/England/PHEC-YYEGP4K/2023,1143,1160
hCoV-19/England/PHEC-YYEGJW4/2023,1143,1160
hCoV-19/England/PHEC-YYEGJD7/2023,1143,1162
hCoV-19/England/PHEC-YYEGFND/2023,1143,1160
hCoV-19/England/PHEC-YYEGF9E/2023,1143,1160
hCoV-19/England/PHEC-YYEGEYR/2023,1143,1160
hCoV-19/England/PHEC-YYEGEMQ/2023,1143,1160
hCoV-19/England/PHEC-YYEGEGA/2023,1143,1160
hCoV-19/England/PHEC-YYEGED6/2023,1143,1160
hCoV-19/England/PHEC-YYEGEBN/2023,1143,1160
hCoV-19/England/PHEC-YYEGAER/2023,1143,1161
hCoV-19/England/PHEC-YYEG8NB/2023,1143,1160
hCoV-19/England/PHEC-YYEG84O/2023,1143,1160
hCoV-19/England/PHEC-YYEG5PZ/2023,1143,1163
hCoV-19/England/PHEC-YYEG5M5/2023,1143,1163
hCoV-19/England/PHEC-YYEG5J9/2023,1143,1163
hCoV-19/England/PHEC-YYERZIQ/2023,1144,1160
hCoV-19/England/PHEC-YYERPHK/2023,1144,1157
hCoV-19/England/PHEC-YYERPCM/2023,1144,1157
hCoV-19/England/PHEC-YYERP9R/2023,1144,1157
hCoV-19/England/PHEC-YYERP5C/2023,1144,1157
hCoV-19/England/PHEC-YYERP4Q/2023,1144,1157
hCoV-19/England/PHEC-YYERIK8/2023,1144,1160
hCoV-19/England/PHEC-YYER59S/2023,1144,1160
hCoV-19/England/PHEC-YYER1Y6/2023,1144,1157
hCoV-19/England/PHEC-YYEGYWD/2023,1144,1160
hCoV-19/England/PHEC-YYEGYS9/2023,1144,1160
hCoV-19/England/PHEC-YYEGY18/2023,1144,1160
hCoV-19/England/PHEC-YYEGR6M/2023,1144,1160
hCoV-19/England/PHEC-YYEGMZ1/2023,1144,1160
hCoV-19/England/PHEC-YYEGM3Q/2023,1144,1160
hCoV-19/England/PHEC-YYEGFIH/2023,1144,1160
hCoV-19/England/PHEC-YYEGF5O/2023,1144,1160
hCoV-19/England/PHEC-YYEGDNF/2023,1144,1160
hCoV-19/England/PHEC-YYEGBIY/2023,1144,1160
hCoV-19/England/PHEC-YYEGB5W/2023,1144,1160
hCoV-19/England/PHEC-YYEG8QJ/2023,1144,1160
hCoV-19/England/PHEC-YYE8ZXI/2023,1144,1169
