hCoV-19/England/PHEC-YYEZ4CZ/2023,1201,1237
hCoV-19/England/PHEC-YYEW6WE/2023,1201,1218
hCoV-19/England/PHEC-YYEW6F8/2023,1201,1218
hCoV-19/England/PHEC-YYEW6EB/2023,1201,1218
hCoV-19/England/PHEC-YYEW6DM/2023,1201,1218
hCoV-19/England/PHEC-YYEW6AY/2023,1201,1218
hCoV-19/England/PHEC-YYESBYK/2023,1201,1220
hCoV-19/England/PHEC-YYES7WF/2023,1201,1231
hCoV-19/England/PHEC-YYES7ID/2023,1201,1231
hCoV-19/England/PHEC-YYEIR4W/2023,1201,1218
hCoV-19/England/PHEC-YYEIR3S/2023,1201,1218
hCoV-19/England/PHEC-YYEIQS1/2023,1201,1218
hCoV-19/England/PHEC-YYEIQFI/2023,1201,1218
hCoV-19/England/PHEC-YYEIPYY/2023,1201,1218
hCoV-19/England/PHEC-YYEIPD4/2023,1201,1218
hCoV-19/England/PHEC-YYEINJ3/2023,1201,1218
hCoV-19/England/PHEC-YYEING9/2023,1201,1218
hCoV-19/England/PHEC-YYEINBJ/2023,1201,1218
hCoV-19/England/PHEC-YYEIDQQ/2023,1201,1218
hCoV-19/England/PHEC-YYEIDPO/2023,1201,1218
hCoV-19/England/PHEC-YYEIDC1/2023,1201,1218
hCoV-19/England/PHEC-YYEICSW/2023,1201,1218
hCoV-19/England/PHEC-YYEICKP/2023,1201,1218
hCoV-19/England/PHEC-YYEIC1H/2023,1201,1218
hCoV-19/England/PHEC-YYEIB6X/2023,1201,1218
hCoV-19/England/PHEC-YYEZ41K/2023,1202,1237
hCoV-19/England/PHEC-YYESYWN/2023,1202,1220
hCoV-19/England/PHEC-YYESYTE/2023,1202,1220
hCoV-19/England/PHEC-YYESYRD/2023,1202,1220
hCoV-19/England/PHEC-YYESYOK/2023,1202,1220
hCoV-19/England/PHEC-YYESYKZ/2023,1202,1220
hCoV-19/England/PHEC-YYESYCU/2023,1202,1220
hCoV-19/England/PHEC-YYESYBJ/2023,1202,1220
hCoV-19/England/PHEC-YYESRS4/2023,1202,1223
hCoV-19/England/PHEC-YYESRIH/2023,1202,1223
hCoV-19/England/PHEC-YYESRBF/2023,1202,1223
hCoV-19/England/PHEC-YYESNUN/2023,1202,1223
hCoV-19/England/PHEC-YYESNTG/2023,1202,1223
hCoV-19/England/PHEC-YYESNSH/2023,1202,1223
hCoV-19/England/PHEC-YYESNQP/2023,1202,1223
hCoV-19/England/PHEC-YYESNAA/2023,1202,1223
hCoV-19/England/PHEC-YYESN1R/2023,1202,1223
hCoV-19/England/PHEC-YYESHPI/2023,1202,1231
hCoV-19/England/PHEC-YYESHJ7/2023,1202,1231
hCoV-19/England/PHEC-YYEIRYJ/2023,1202,1218
hCoV-19/England/PHEC-YYEIRMU/2023,1202,1218
hCoV-19/England/PHEC-YYEIRHO/2023,1202,1218
hCoV-19/England/PHEC-YYEIQEX/2023,1202,1218
hCoV-19/England/PHEC-YYEIQ4K/2023,1202,1218
hCoV-19/England/PHEC-YYEIP9B/2023,1202,1218
hCoV-19/England/PHEC-YYEINYM/2023,1202,1218
hCoV-19/England/PHEC-YYEINE5/2023,1202,1218
hCoV-19/England/PHEC-YYEIER7/2023,1202,1218
hCoV-19/England/PHEC-YYEID9M/2023,1202,1218
hCoV-19/England/PHEC-YYEICJX/2023,1202,1218
hCoV-19/England/PHEC-YYEIC7G/2023,1202,1218
hCoV-19/England/PHEC-YYESR6K/2023,1203,1223
hCoV-19/England/PHEC-YYESR5O/2023,1203,1223
hCoV-19/England/PHEC-YYESR3W/2023,1203,1223
hCoV-19/England/PHEC-YYESQWW/2023,1203,1223
hCoV-19/England/PHEC-YYESNWY/2023,1203,1223
hCoV-19/England/PHEC-YYESN7Q/2023,1203,1223
hCoV-19/England/PHEC-YYESN4W/2023,1203,1223
hCoV-19/England/PHEC-YYESDYE/2023,1203,1223
hCoV-19/England/PHEC-YYESDW9/2023,1203,1223
hCoV-19/England/PHEC-YYESDNR/2023,1203,1223
hCoV-19/England/PHEC-YYESDBG/2023,1203,1223
hCoV-19/England/PHEC-YYESDAZ/2023,1203,1223
hCoV-19/England/PHEC-YYESD9J/2023,1203,1223
hCoV-19/England/PHEC-YYESD5T/2023,1203,1223
hCoV-19/England/PHEC-YYES7A7/2023,1203,1231
hCoV-19/England/PHEC-YYEIZJR/2023,1203,1219
hCoV-19/England/PHEC-YYEIZBW/2023,1203,1219
hCoV-19/England/PHEC-YYEIW3G/2023,1203,1219
hCoV-19/England/PHEC-YYEISRX/2023,1203,1219
hCoV-19/England/PHEC-YYEISMB/2023,1203,1219
hCoV-19/England/PHEC-YYEIS11/2023,1203,1219
hCoV-19/England/PHEC-YYEIMW3/2023,1203,1218
hCoV-19/England/PHEC-YYEIEJU/2023,1203,1218
hCoV-19/England/PHEC-YYEIBRR/2023,1203,1218
hCoV-19/England/PHEC-YYEIAWC/2023,1203,1220
hCoV-19/England/PHEC-YYEIAUQ/2023,1203,1220
hCoV-19/England/PHEC-YYEZ4SN/2023,1204,1237
hCoV-19/England/PHEC-YYEZ4OQ/2023,1204,1237
hCoV-19/England/PHEC-YYESISJ/2023,1204,1223
hCoV-19/England/PHEC-YYESH1K/2023,1204,1231
hCoV-19/England/PHEC-YYESFYG/2023,1204,1223
hCoV-19/England/PHEC-YYES7RG/2023,1204,1231
hCoV-19/England/PHEC-YYEIZRQ/2023,1204,1219
hCoV-19/England/PHEC-YYEIZQ4/2023,1204,1219
hCoV-19/England/PHEC-YYEIZKN/2023,1204,1219
hCoV-19/England/PHEC-YYEIW76/2023,1204,1219
hCoV-19/England/PHEC-YYEIW6H/2023,1204,1219
hCoV-19/England/PHEC-YYEIW5N/2023,1204,1219
hCoV-19/England/PHEC-YYEISZE/2023,1204,1219
hCoV-19/England/PHEC-YYEISX3/2023,1204,1219
hCoV-19/England/PHEC-YYEISP7/2023,1204,1219
hCoV-19/England/PHEC-YYEISOS/2023,1204,1219
hCoV-19/England/PHEC-YYEISIC/2023,1204,1219
hCoV-19/England/PHEC-YYEISFP/2023,1204,1219
hCoV-19/England/PHEC-YYEISAG/2023,1204,1219
hCoV-19/England/PHEC-YYEIS9A/2023,1204,1219
hCoV-19/England/PHEC-YYEIS64/2023,1204,1219
hCoV-19/England/PHEC-YYEIS4N/2023,1204,1219
hCoV-19/England/PHEC-YYEIS3R/2023,1204,1219
hCoV-19/England/PHEC-YYEIHRJ/2023,1204,1220
hCoV-19/England/PHEC-YYEIHBX/2023,1204,1220
hCoV-19/England/PHEC-YYEIADX/2023,1204,1220
hCoV-19/England/PHEC-YYEI7YO/2023,1204,1220
hCoV-19/England/PHEC-YYEI78N/2023,1204,1220
hCoV-19/England/PHEC-YYEI5OT/2023,1204,1220
hCoV-19/England/PHEC-YYEI4QZ/2023,1204,1220
hCoV-19/England/PHEC-YYEI4P3/2023,1204,1220
hCoV-19/England/PHEC-YYEI3WM/2023,1204,1220
hCoV-19/England/PHEC-YYEI3QA/2023,1204,1220
hCoV-19/England/PHEC-YYEI3P4/2023,1204,1220
hCoV-19/England/PHEC-YYESTQ6/2023,1205,1223
hCoV-19/England/PHEC-YYESRY8/2023,1205,1223
hCoV-19/England/PHEC-YYESQUS/2023,1205,1223
hCoV-19/England/PHEC-YYESQSO/2023,1205,1223
hCoV-19/England/PHEC-YYESQ1A/2023,1205,1223
hCoV-19/England/PHEC-YYESO3E/2023,1205,1223
hCoV-19/England/PHEC-YYESI8E/2023,1205,1223
hCoV-19/England/PHEC-YYESGX8/2023,1205,1223
hCoV-19/England/PHEC-YYESGBD/2023,1205,1223
hCoV-19/England/PHEC-YYESF98/2023,1205,1223
hCoV-19/England/PHEC-YYESEGZ/2023,1205,1223
hCoV-19/England/PHEC-YYES3WJ/2023,1205,1225
hCoV-19/England/PHEC-YYEIZUX/2023,1205,1219
hCoV-19/England/PHEC-YYEIZTU/2023,1205,1219
hCoV-19/England/PHEC-YYEIZOI/2023,1205,1219
hCoV-19/England/PHEC-YYEISH6/2023,1205,1219
hCoV-19/England/PHEC-YYEIHJ9/2023,1205,1220
hCoV-19/England/PHEC-YYEIHGF/2023,1205,1220
hCoV-19/England/PHEC-YYEI7RE/2023,1205,1220
hCoV-19/England/PHEC-YYEI7GR/2023,1205,1220
hCoV-19/England/PHEC-YYEI7DK/2023,1205,1220
hCoV-19/England/PHEC-YYEI5K6/2023,1205,1220
hCoV-19/England/PHEC-YYEI4JB/2023,1205,1220
hCoV-19/England/PHEC-YYEI4G8/2023,1205,1220
hCoV-19/England/PHEC-YYEI3RC/2023,1205,1220
hCoV-19/England/PHEC-YYEI3IJ/2023,1205,1220
hCoV-19/England/PHEC-YYEI373/2023,1205,1220
hCoV-19/England/PHEC-YYEI31X/2023,1205,1220
hCoV-19/England/PHEC-YYEZCAC/2023,1206,1231
hCoV-19/England/PHEC-YYEZC4E/2023,1206,1231
hCoV-19/England/PHEC-YYEZC3K/2023,1206,1231
hCoV-19/England/PHEC-YYESXQY/2023,1206,1223
hCoV-19/England/PHEC-YYESXO5/2023,1206,1223
hCoV-19/England/PHEC-YYESTO3/2023,1206,1223
hCoV-19/England/PHEC-YYESTEK/2023,1206,1223
hCoV-19/England/PHEC-YYESQOH/2023,1206,1223
hCoV-19/England/PHEC-YYESIMY/2023,1206,1223
hCoV-19/England/PHEC-YYESHSN/2023,1206,1231
hCoV-19/England/PHEC-YYESGU6/2023,1206,1223
hCoV-19/England/PHEC-YYESGOR/2023,1206,1223
hCoV-19/England/PHEC-YYESGNB/2023,1206,1223
hCoV-19/England/PHEC-YYESGMX/2023,1206,1223
hCoV-19/England/PHEC-YYESGHC/2023,1206,1223
hCoV-19/England/PHEC-YYESG5Q/2023,1206,1223
hCoV-19/England/PHEC-YYESFPC/2023,1206,1223
hCoV-19/England/PHEC-YYESFK1/2023,1206,1223
hCoV-19/England/PHEC-YYESFCQ/2023,1206,1223
hCoV-19/England/PHEC-YYESEZW/2023,1206,1223
hCoV-19/England/PHEC-YYESAXI/2023,1206,1225
hCoV-19/England/PHEC-YYEIZ63/2023,1206,1220
hCoV-19/England/PHEC-YYEIHTQ/2023,1206,1220
hCoV-19/England/PHEC-YYEIHQI/2023,1206,1220
hCoV-19/England/PHEC-YYEIHF8/2023,1206,1220
hCoV-19/England/PHEC-YYEIAXZ/2023,1206,1220
hCoV-19/England/PHEC-YYEIAT1/2023,1206,1220
hCoV-19/England/PHEC-YYEIAP5/2023,1206,1220
hCoV-19/England/PHEC-YYEIAOW/2023,1206,1220
hCoV-19/England/PHEC-YYEIAC7/2023,1206,1220
hCoV-19/England/PHEC-YYEIA4Y/2023,1206,1220
hCoV-19/England/PHEC-YYEIA1O/2023,1206,1220
hCoV-19/England/PHEC-YYEI5UM/2023,1206,1220
hCoV-19/England/PHEC-YYEI5TX/2023,1206,1220
hCoV-19/England/PHEC-YYEI5QS/2023,1206,1220
hCoV-19/England/PHEC-YYEI4YU/2023,1206,1220
hCoV-19/England/PHEC-YYEI4K9/2023,1206,1220
hCoV-19/England/PHEC-YYEZCHR/2023,1207,1231
hCoV-19/England/PHEC-YYEZC7N/2023,1207,1231
hCoV-19/England/PHEC-YYEZC5G/2023,1207,1231
hCoV-19/England/PHEC-YYESXJK/2023,1207,1223
hCoV-19/England/PHEC-YYESTWT/2023,1207,1223
hCoV-19/England/PHEC-YYESQM8/2023,1207,1223
hCoV-19/England/PHEC-YYESQCF/2023,1207,1223
hCoV-19/England/PHEC-YYESHGD/2023,1207,1231
hCoV-19/England/PHEC-YYESGI4/2023,1207,1223
hCoV-19/England/PHEC-YYESFXE/2023,1207,1223
hCoV-19/England/PHEC-YYESFU9/2023,1207,1223
hCoV-19/England/PHEC-YYESFOF/2023,1207,1223
hCoV-19/England/PHEC-YYESF6J/2023,1207,1223
hCoV-19/England/PHEC-YYESF1B/2023,1207,1223
hCoV-19/England/PHEC-YYESETY/2023,1207,1223
hCoV-19/England/PHEC-YYESAO1/2023,1207,1225
hCoV-19/England/PHEC-YYEIZ59/2023,1207,1220
hCoV-19/England/PHEC-YYEIAQ3/2023,1207,1220
hCoV-19/England/PHEC-YYEI3B1/2023,1207,1220
