hCoV-19/England/PHEC-YYEZA7S/2023,1159,1233
hCoV-19/England/PHEC-YYEQOCW/2023,1159,1188
hCoV-19/England/PHEC-YYEQ1I9/2023,1159,1188
hCoV-19/England/PHEC-YYEMY6F/2023,1159,1176
hCoV-19/England/PHEC-YYEMRWI/2023,1159,1177
hCoV-19/England/PHEC-YYEKHJS/2023,1159,1174
hCoV-19/England/PHEC-YYEKFQD/2023,1159,1174
hCoV-19/England/PHEC-YYEKFKM/2023,1159,1174
hCoV-19/England/PHEC-YYEKFD3/2023,1159,1174
hCoV-19/England/PHEC-YYEJSIF/2023,1159,1171
hCoV-19/England/PHEC-YYEQOTJ/2023,1160,1188
hCoV-19/England/PHEC-YYEMXC5/2023,1160,1178
hCoV-19/England/PHEC-YYEMW9X/2023,1160,1178
hCoV-19/England/PHEC-YYEMIFD/2023,1160,1178
hCoV-19/England/PHEC-YYEMFHR/2023,1160,1177
hCoV-19/England/PHEC-YYEMF6Y/2023,1160,1177
hCoV-19/England/PHEC-YYEMF4E/2023,1160,1177
hCoV-19/England/PHEC-YYEMEQ6/2023,1160,1177
hCoV-19/England/PHEC-YYEMBGI/2023,1160,1176
hCoV-19/England/PHEC-YYEMBD5/2023,1160,1176
hCoV-19/England/PHEC-YYEM84G/2023,1160,1177
hCoV-19/England/PHEC-YYEKU7S/2023,1160,1174
hCoV-19/England/PHEC-YYEKFC8/2023,1160,1174
hCoV-19/England/PHEC-YYEK7IH/2023,1160,1174
hCoV-19/England/PHEC-YYEJSYO/2023,1160,1171
hCoV-19/England/PHEC-YYEPZR9/2023,1161,1181
hCoV-19/England/PHEC-YYEPRZM/2023,1161,1181
hCoV-19/England/PHEC-YYEP1MS/2023,1161,1181
hCoV-19/England/PHEC-YYEMX8F/2023,1161,1178
hCoV-19/England/PHEC-YYEMRG1/2023,1161,1177
hCoV-19/England/PHEC-YYEMRDA/2023,1161,1177
hCoV-19/England/PHEC-YYEMRAP/2023,1161,1177
hCoV-19/England/PHEC-YYEMR8O/2023,1161,1177
hCoV-19/England/PHEC-YYEMR3M/2023,1161,1177
hCoV-19/England/PHEC-YYEMOZD/2023,1161,1178
hCoV-19/England/PHEC-YYEMOTX/2023,1161,1178
hCoV-19/England/PHEC-YYEMOI8/2023,1161,1178
hCoV-19/England/PHEC-YYEMGNA/2023,1161,1177
hCoV-19/England/PHEC-YYEMEKG/2023,1161,1177
hCoV-19/England/PHEC-YYEMDXB/2023,1161,1176
hCoV-19/England/PHEC-YYEMDTH/2023,1161,1176
hCoV-19/England/PHEC-YYEMBWA/2023,1161,1176
hCoV-19/England/PHEC-YYEMBQF/2023,1161,1176
hCoV-19/England/PHEC-YYEMBKP/2023,1161,1176
hCoV-19/England/PHEC-YYEMBIS/2023,1161,1176
hCoV-19/England/PHEC-YYEK7R9/2023,1161,1174
hCoV-19/England/PHEC-YYEK7DB/2023,1161,1174
hCoV-19/England/PHEC-YYEK75O/2023,1161,1174
hCoV-19/England/PHEC-YYEK6QK/2023,1161,1174
hCoV-19/England/PHEC-YYEK63U/2023,1161,1174
hCoV-19/England/PHEC-YYE1DX1/2023,1161,1202
hCoV-19/England/LOND-YYBK6WR/2023,1161,1192
hCoV-19/Scotland/SCOT-27624/2023,1162,1185
hCoV-19/England/PHEC-YYEXM5A/2023,1162,1189
hCoV-19/England/PHEC-YYEQTPT/2023,1162,1188
hCoV-19/England/PHEC-YYEPWT8/2023,1162,1181
hCoV-19/England/PHEC-YYEPW9M/2023,1162,1181
hCoV-19/England/PHEC-YYEP1J4/2023,1162,1181
hCoV-19/England/PHEC-YYEMYPE/2023,1162,1174
hCoV-19/England/PHEC-YYEMYKQ/2023,1162,1174
hCoV-19/England/PHEC-YYEMYJO/2023,1162,1174
hCoV-19/England/PHEC-YYEMYIZ/2023,1162,1176
hCoV-19/England/PHEC-YYEMYE1/2023,1162,1174
hCoV-19/England/PHEC-YYEMYBY/2023,1162,1174
hCoV-19/England/PHEC-YYEMYAT/2023,1162,1176
hCoV-19/England/PHEC-YYEMXZR/2023,1162,1178
hCoV-19/England/PHEC-YYEMXAN/2023,1162,1178
hCoV-19/England/PHEC-YYEMRQN/2023,1162,1177
hCoV-19/England/PHEC-YYEMRO7/2023,1162,1177
hCoV-19/England/PHEC-YYEMRJC/2023,1162,1177
hCoV-19/England/PHEC-YYEMRHF/2023,1162,1177
hCoV-19/England/PHEC-YYEMOBO/2023,1162,1178
hCoV-19/England/PHEC-YYEMGZP/2023,1162,1177
hCoV-19/England/PHEC-YYEMGHD/2023,1162,1177
hCoV-19/England/PHEC-YYEMGDS/2023,1162,1177
hCoV-19/England/PHEC-YYEMG97/2023,1162,1177
hCoV-19/England/PHEC-YYEMG7B/2023,1162,1177
hCoV-19/England/PHEC-YYEMG48/2023,1162,1177
hCoV-19/England/PHEC-YYEMFUS/2023,1162,1177
hCoV-19/England/PHEC-YYEMFN3/2023,1162,1177
hCoV-19/England/PHEC-YYEMFJM/2023,1162,1177
hCoV-19/England/PHEC-YYEMFI1/2023,1162,1177
hCoV-19/England/PHEC-YYEMFDZ/2023,1162,1177
hCoV-19/England/PHEC-YYEMFB5/2023,1162,1177
hCoV-19/England/PHEC-YYEMEZM/2023,1162,1177
hCoV-19/England/PHEC-YYEMEUU/2023,1162,1177
hCoV-19/England/PHEC-YYEMESP/2023,1162,1177
hCoV-19/England/PHEC-YYEMER1/2023,1162,1177
hCoV-19/England/PHEC-YYEME67/2023,1162,1177
hCoV-19/England/PHEC-YYEMD5E/2023,1162,1176
hCoV-19/England/PHEC-YYEMAC1/2023,1162,1181
hCoV-19/England/PHEC-YYEM8X7/2023,1162,1177
hCoV-19/England/PHEC-YYEM8O4/2023,1162,1177
hCoV-19/England/PHEC-YYEM8NZ/2023,1162,1177
hCoV-19/England/PHEC-YYEM8K8/2023,1162,1177
hCoV-19/England/PHEC-YYEM8EM/2023,1162,1177
hCoV-19/England/PHEC-YYEM8CD/2023,1162,1177
hCoV-19/England/PHEC-YYEKHUB/2023,1162,1174
hCoV-19/England/PHEC-YYEK9WH/2023,1162,1174
hCoV-19/England/PHEC-YYEK9TN/2023,1162,1174
hCoV-19/England/PHEC-YYEK9OR/2023,1162,1174
hCoV-19/England/PHEC-YYEK9JU/2023,1162,1174
hCoV-19/England/PHEC-YYEK9HC/2023,1162,1174
hCoV-19/England/PHEC-YYEK96E/2023,1162,1174
hCoV-19/England/PHEC-YYEK91Y/2023,1162,1174
hCoV-19/England/PHEC-YYEK65X/2023,1162,1174
hCoV-19/England/PHEC-YYEK5G7/2023,1162,1174
hCoV-19/Scotland/SCOT-27644/2023,1163,1185
hCoV-19/England/PHEC-YYEXCPW/2023,1163,1189
hCoV-19/England/PHEC-YYEQTH1/2023,1163,1188
hCoV-19/England/PHEC-YYEQT5W/2023,1163,1188
hCoV-19/England/PHEC-YYEPWA3/2023,1163,1181
hCoV-19/England/PHEC-YYEPUTE/2023,1163,1181
hCoV-19/England/PHEC-YYEPUQX/2023,1163,1181
hCoV-19/England/PHEC-YYEPORG/2023,1163,1181
hCoV-19/England/PHEC-YYEMR99/2023,1163,1177
hCoV-19/England/PHEC-YYEMR6B/2023,1163,1177
hCoV-19/England/PHEC-YYEMGAM/2023,1163,1177
hCoV-19/England/PHEC-YYEMG5F/2023,1163,1177
hCoV-19/England/PHEC-YYEMFZQ/2023,1163,1177
hCoV-19/England/PHEC-YYEMFX9/2023,1163,1177
hCoV-19/England/PHEC-YYEMFPD/2023,1163,1177
hCoV-19/England/PHEC-YYEMFM8/2023,1163,1177
hCoV-19/England/PHEC-YYEMFKJ/2023,1163,1177
hCoV-19/England/PHEC-YYEMFGT/2023,1163,1177
hCoV-19/England/PHEC-YYEMF8X/2023,1163,1177
hCoV-19/England/PHEC-YYEMEAJ/2023,1163,1177
hCoV-19/England/PHEC-YYEME4F/2023,1163,1177
hCoV-19/England/PHEC-YYEMCTU/2023,1163,1178
hCoV-19/England/PHEC-YYEM8RU/2023,1163,1177
hCoV-19/England/PHEC-YYEK9F5/2023,1163,1174
hCoV-19/England/PHEC-YYEK67M/2023,1163,1174
hCoV-19/England/PHEC-YYEQ1C1/2023,1164,1188
hCoV-19/England/PHEC-YYEQ18H/2023,1164,1188
hCoV-19/England/PHEC-YYEPUWN/2023,1164,1181
hCoV-19/England/PHEC-YYEPTJ5/2023,1164,1181
hCoV-19/England/PHEC-YYEPFU1/2023,1164,1181
hCoV-19/England/PHEC-YYEPFSC/2023,1164,1181
hCoV-19/England/PHEC-YYEPFGP/2023,1164,1181
hCoV-19/England/PHEC-YYEPF8M/2023,1164,1181
hCoV-19/England/PHEC-YYEPF4R/2023,1164,1181
hCoV-19/England/PHEC-YYEPF3G/2023,1164,1181
hCoV-19/England/PHEC-YYEPDZC/2023,1164,1181
hCoV-19/England/PHEC-YYEMPAR/2023,1164,1178
hCoV-19/England/PHEC-YYEMARN/2023,1164,1181
hCoV-19/England/PHEC-YYEMANG/2023,1164,1181
hCoV-19/England/PHEC-YYEPW7X/2023,1165,1181
hCoV-19/England/PHEC-YYEOHSQ/2023,1165,1195
hCoV-19/England/PHEC-YYEMZG9/2023,1165,1181
hCoV-19/England/PHEC-YYEMZE5/2023,1165,1181
hCoV-19/England/PHEC-YYEMPUQ/2023,1165,1178
hCoV-19/England/PHEC-YYEMJP9/2023,1165,1178
hCoV-19/England/PHEC-YYEMJOA/2023,1165,1178
hCoV-19/England/PHEC-YYEMJBZ/2023,1165,1178
