hCoV-19/England/PHEC-YY8AOZJ/2023,1096,1111
hCoV-19/England/PHEC-YY8AHA5/2023,1096,1113
hCoV-19/England/PHEC-YY8AGR4/2023,1096,1111
hCoV-19/England/PHEC-YY8AFYD/2023,1096,1111
hCoV-19/England/PHEC-YY8AF9R/2023,1096,1111
hCoV-19/England/PHEC-YY8A163/2023,1096,1113
hCoV-19/England/PHEC-YY84SZ9/2023,1096,1115
hCoV-19/England/PHEC-YY84ET3/2023,1096,1115
hCoV-19/England/PHEC-YY84BUH/2023,1096,1114
hCoV-19/England/PHEC-YY845DD/2023,1096,1118
hCoV-19/England/PHEC-YY843H1/2023,1096,1118
hCoV-19/England/PHEC-YY8AGYN/2023,1097,1111
hCoV-19/England/PHEC-YY8AGKQ/2023,1097,1111
hCoV-19/England/PHEC-YY8AFQ8/2023,1097,1111
hCoV-19/England/PHEC-YY8AF8I/2023,1097,1111
hCoV-19/England/PHEC-YY89MUE/2023,1097,1132
hCoV-19/England/PHEC-YY87AU9/2023,1097,1127
hCoV-19/England/PHEC-YY87AI5/2023,1097,1127
hCoV-19/England/PHEC-YY84ZE7/2023,1097,1115
hCoV-19/England/PHEC-YY84ZCI/2023,1097,1115
hCoV-19/England/PHEC-YY84ZBM/2023,1097,1115
hCoV-19/England/PHEC-YY84SOP/2023,1097,1115
hCoV-19/England/PHEC-YY84SNK/2023,1097,1115
hCoV-19/England/PHEC-YY84SDE/2023,1097,1115
hCoV-19/England/PHEC-YY84SBC/2023,1097,1115
hCoV-19/England/PHEC-YY84RB6/2023,1097,1115
hCoV-19/England/PHEC-YY84NSI/2023,1097,1114
hCoV-19/England/PHEC-YY84JRU/2023,1097,1115
hCoV-19/England/PHEC-YY84ISN/2023,1097,1115
hCoV-19/England/PHEC-YY84FQD/2023,1097,1115
hCoV-19/England/PHEC-YY84EJK/2023,1097,1115
hCoV-19/England/PHEC-YY84E97/2023,1097,1115
hCoV-19/England/PHEC-YY84E3J/2023,1097,1115
hCoV-19/England/PHEC-YY848ZQ/2023,1097,1115
hCoV-19/England/PHEC-YY848CF/2023,1097,1115
hCoV-19/England/PHEC-YY848AC/2023,1097,1115
hCoV-19/England/PHEC-YY8484E/2023,1097,1115
hCoV-19/England/PHEC-YY8H51Y/2023,1098,1122
hCoV-19/England/PHEC-YY8AWQA/2023,1098,1113
hCoV-19/England/PHEC-YY8AW1X/2023,1098,1113
hCoV-19/England/PHEC-YY8AUZG/2023,1098,1113
hCoV-19/England/PHEC-YY8AUC7/2023,1098,1113
hCoV-19/England/PHEC-YY8AU88/2023,1098,1113
hCoV-19/England/PHEC-YY8AGBY/2023,1098,1111
hCoV-19/England/PHEC-YY8A9RB/2023,1098,1113
hCoV-19/England/PHEC-YY87WKS/2023,1098,1125
hCoV-19/England/PHEC-YY87AW7/2023,1098,1127
hCoV-19/England/PHEC-YY84ZK3/2023,1098,1115
hCoV-19/England/PHEC-YY84SYQ/2023,1098,1115
hCoV-19/England/PHEC-YY84SPW/2023,1098,1115
hCoV-19/England/PHEC-YY84SCS/2023,1098,1115
hCoV-19/England/PHEC-YY84R81/2023,1098,1115
hCoV-19/England/PHEC-YY84JNZ/2023,1098,1115
hCoV-19/England/PHEC-YY84GRS/2023,1098,1115
hCoV-19/England/PHEC-YY84GME/2023,1098,1115
hCoV-19/England/PHEC-YY84GFW/2023,1098,1115
hCoV-19/England/PHEC-YY84GEQ/2023,1098,1115
hCoV-19/England/PHEC-YY84FXB/2023,1098,1115
hCoV-19/England/PHEC-YY84F8T/2023,1098,1115
hCoV-19/England/PHEC-YY84ERW/2023,1098,1115
hCoV-19/England/PHEC-YY84EDS/2023,1098,1115
hCoV-19/England/PHEC-YY84DP8/2023,1098,1114
hCoV-19/England/PHEC-YY84D7G/2023,1098,1115
hCoV-19/England/PHEC-YY84D4C/2023,1098,1114
hCoV-19/England/PHEC-YY84D1H/2023,1098,1114
hCoV-19/England/PHEC-YY848I1/2023,1098,1115
hCoV-19/England/PHEC-YY843XP/2023,1098,1118
hCoV-19/England/PHEC-YY8HEYA/2023,1099,1118
hCoV-19/England/PHEC-YY8H5WH/2023,1099,1122
hCoV-19/England/PHEC-YY8AT9A/2023,1099,1113
hCoV-19/England/PHEC-YY8AQ95/2023,1099,1111
hCoV-19/England/PHEC-YY8AQ67/2023,1099,1111
hCoV-19/England/PHEC-YY8A19Z/2023,1099,1113
hCoV-19/England/PHEC-YY87WYK/2023,1099,1125
hCoV-19/England/PHEC-YY87TYP/2023,1099,1125
hCoV-19/England/PHEC-YY87A98/2023,1099,1127
hCoV-19/England/PHEC-YY87A6J/2023,1099,1127
hCoV-19/England/PHEC-YY87A4T/2023,1099,1127
hCoV-19/England/PHEC-YY873YF/2023,1099,1127
hCoV-19/England/PHEC-YY84Z1E/2023,1099,1115
hCoV-19/England/PHEC-YY84SU8/2023,1099,1115
hCoV-19/England/PHEC-YY84SK4/2023,1099,1115
hCoV-19/England/PHEC-YY84SID/2023,1099,1115
hCoV-19/England/PHEC-YY84S7U/2023,1099,1115
hCoV-19/England/PHEC-YY84RYY/2023,1099,1115
hCoV-19/England/PHEC-YY84RO9/2023,1099,1115
hCoV-19/England/PHEC-YY84RMK/2023,1099,1115
hCoV-19/England/PHEC-YY84RII/2023,1099,1115
hCoV-19/England/PHEC-YY84REO/2023,1099,1115
hCoV-19/England/PHEC-YY84RD4/2023,1099,1115
hCoV-19/England/PHEC-YY84R9B/2023,1099,1115
hCoV-19/England/PHEC-YY84R6D/2023,1099,1115
hCoV-19/England/PHEC-YY84JK8/2023,1099,1115
hCoV-19/England/PHEC-YY84I61/2023,1099,1115
hCoV-19/England/PHEC-YY84GUZ/2023,1099,1115
hCoV-19/England/PHEC-YY84GT5/2023,1099,1115
hCoV-19/England/PHEC-YY84GPR/2023,1099,1115
hCoV-19/England/PHEC-YY84GO7/2023,1099,1115
hCoV-19/England/PHEC-YY84GN4/2023,1099,1115
hCoV-19/England/PHEC-YY84GDA/2023,1099,1115
hCoV-19/England/PHEC-YY84G8O/2023,1099,1115
hCoV-19/England/PHEC-YY84FZO/2023,1099,1115
hCoV-19/England/PHEC-YY84FUA/2023,1099,1115
hCoV-19/England/PHEC-YY84FD3/2023,1099,1115
hCoV-19/England/PHEC-YY84FB7/2023,1099,1115
hCoV-19/England/PHEC-YY84ESX/2023,1099,1115
hCoV-19/England/PHEC-YY84EQY/2023,1099,1115
hCoV-19/England/PHEC-YY84EO5/2023,1099,1115
hCoV-19/England/PHEC-YY84EB4/2023,1099,1115
hCoV-19/England/PHEC-YY84DZ1/2023,1099,1114
hCoV-19/England/PHEC-YY84DR3/2023,1099,1114
hCoV-19/England/PHEC-YY84DMM/2023,1099,1114
hCoV-19/England/PHEC-YY84DET/2023,1099,1114
hCoV-19/England/PHEC-YY84D8U/2023,1099,1114
hCoV-19/England/PHEC-YY84D5K/2023,1099,1114
hCoV-19/England/PHEC-YY84D3Q/2023,1099,1114
hCoV-19/England/PHEC-YY84A5I/2023,1099,1118
hCoV-19/England/PHEC-YY848US/2023,1099,1115
hCoV-19/England/PHEC-YY843N8/2023,1099,1118
hCoV-19/England/PHEC-YY8431G/2023,1099,1118
hCoV-19/England/PHEC-YY8HXK7/2023,1100,1118
hCoV-19/England/PHEC-YY8HUNJ/2023,1100,1118
hCoV-19/England/PHEC-YY8HRUI/2023,1100,1118
hCoV-19/England/PHEC-YY8HOYO/2023,1100,1119
hCoV-19/England/PHEC-YY8H1HI/2023,1100,1118
hCoV-19/England/PHEC-YY8H1A7/2023,1100,1118
hCoV-19/England/PHEC-YY87WDR/2023,1100,1125
hCoV-19/England/PHEC-YY87HT9/2023,1100,1127
hCoV-19/England/PHEC-YY87AZZ/2023,1100,1127
hCoV-19/England/PHEC-YY873BD/2023,1100,1127
hCoV-19/England/PHEC-YY84SWF/2023,1100,1115
hCoV-19/England/PHEC-YY84SGN/2023,1100,1115
hCoV-19/England/PHEC-YY84RZT/2023,1100,1115
hCoV-19/England/PHEC-YY84RXN/2023,1100,1115
hCoV-19/England/PHEC-YY84RWZ/2023,1100,1115
hCoV-19/England/PHEC-YY84RU3/2023,1100,1115
hCoV-19/England/PHEC-YY84RSU/2023,1100,1115
hCoV-19/England/PHEC-YY84RPG/2023,1100,1115
hCoV-19/England/PHEC-YY84RNH/2023,1100,1115
hCoV-19/England/PHEC-YY84RKC/2023,1100,1115
hCoV-19/England/PHEC-YY84RJQ/2023,1100,1115
hCoV-19/England/PHEC-YY84R5J/2023,1100,1115
hCoV-19/England/PHEC-YY84R4M/2023,1100,1115
hCoV-19/England/PHEC-YY84R3P/2023,1100,1115
hCoV-19/England/PHEC-YY84R15/2023,1100,1115
hCoV-19/England/PHEC-YY84PFP/2023,1100,1115
hCoV-19/England/PHEC-YY84GWI/2023,1100,1115
hCoV-19/England/PHEC-YY84GST/2023,1100,1115
hCoV-19/England/PHEC-YY84GJC/2023,1100,1115
hCoV-19/England/PHEC-YY84FN5/2023,1100,1115
hCoV-19/England/PHEC-YY84FIW/2023,1100,1115
hCoV-19/England/PHEC-YY84FHG/2023,1100,1115
hCoV-19/England/PHEC-YY84EX6/2023,1100,1115
hCoV-19/England/PHEC-YY84DSW/2023,1100,1114
hCoV-19/England/PHEC-YY8487N/2023,1100,1115
hCoV-19/England/PHEC-YY8HUJ5/2023,1101,1118
hCoV-19/England/PHEC-YY8HUFD/2023,1101,1118
hCoV-19/England/PHEC-YY8HRZP/2023,1101,1118
hCoV-19/England/PHEC-YY8HRSX/2023,1101,1118
hCoV-19/England/PHEC-YY8HMXZ/2023,1101,1118
hCoV-19/England/PHEC-YY8HGEK/2023,1101,1118
hCoV-19/England/PHEC-YY8HFZC/2023,1101,1118
hCoV-19/England/PHEC-YY8HFQ9/2023,1101,1118
hCoV-19/England/PHEC-YY8HFMF/2023,1101,1118
hCoV-19/England/PHEC-YY8HDHR/2023,1101,1118
hCoV-19/England/PHEC-YY8HD5G/2023,1101,1118
hCoV-19/England/PHEC-YY89AHJ/2023,1101,1134
hCoV-19/England/PHEC-YY87TMZ/2023,1101,1125
hCoV-19/England/PHEC-YY87HU5/2023,1101,1127
hCoV-19/England/PHEC-YY87HIZ/2023,1101,1127
hCoV-19/England/PHEC-YY84Z9Q/2023,1101,1118
hCoV-19/England/PHEC-YY84RT7/2023,1101,1115
hCoV-19/England/PHEC-YY84RQR/2023,1101,1115
hCoV-19/England/PHEC-YY84GKK/2023,1101,1115
hCoV-19/England/PHEC-YY84AYC/2023,1101,1118
hCoV-19/England/PHEC-YY84ARR/2023,1101,1118
hCoV-19/England/PHEC-YY84AJ4/2023,1101,1118
hCoV-19/England/PHEC-YY84A4Z/2023,1101,1118
hCoV-19/England/PHEC-YY847IH/2023,1101,1118
hCoV-19/England/PHEC-YY847CX/2023,1101,1118
hCoV-19/England/PHEC-YY843ZH/2023,1101,1118
hCoV-19/England/PHEC-YY843IY/2023,1101,1118
hCoV-19/England/PHEC-YY843DF/2023,1101,1118
hCoV-19/England/PHEC-YY8434S/2023,1101,1118
hCoV-19/England/PHEC-YY8HXPZ/2023,1102,1118
hCoV-19/England/PHEC-YY8HWFN/2023,1102,1119
hCoV-19/England/PHEC-YY8HRX6/2023,1102,1118
hCoV-19/England/PHEC-YY8HRNA/2023,1102,1118
hCoV-19/England/PHEC-YY8HRKE/2023,1102,1118
hCoV-19/England/PHEC-YY8HRB4/2023,1102,1118
hCoV-19/England/PHEC-YY8HR69/2023,1102,1118
hCoV-19/England/PHEC-YY8HR1Z/2023,1102,1118
hCoV-19/England/PHEC-YY8HMRP/2023,1102,1118
hCoV-19/England/PHEC-YY8HIG9/2023,1102,1119
hCoV-19/England/PHEC-YY8HIFB/2023,1102,1119
hCoV-19/England/PHEC-YY8HFNZ/2023,1102,1118
hCoV-19/England/PHEC-YY8HFIO/2023,1102,1118
hCoV-19/England/PHEC-YY8HFDI/2023,1102,1118
hCoV-19/England/PHEC-YY8H876/2023,1102,1118
hCoV-19/England/PHEC-YY84FC8/2023,1102,1115
hCoV-19/England/PHEC-YY84AXQ/2023,1102,1118
hCoV-19/England/PHEC-YY84ATJ/2023,1102,1118
hCoV-19/England/PHEC-YY84AEH/2023,1102,1118
hCoV-19/England/PHEC-YY84ABK/2023,1102,1118
hCoV-19/England/PHEC-YY847XJ/2023,1102,1118
hCoV-19/England/PHEC-YY847TR/2023,1102,1118
hCoV-19/England/PHEC-YY8473W/2023,1102,1118
