hCoV-19/England/PHEC-YYETQAS/2023,1180,1198
hCoV-19/England/PHEC-YYETESY/2023,1180,1197
hCoV-19/England/PHEC-YYETCSH/2023,1180,1198
hCoV-19/England/PHEC-YYETC51/2023,1180,1198
hCoV-19/England/PHEC-YYET1UH/2023,1180,1198
hCoV-19/England/PHEC-YYEOZNH/2023,1180,1195
hCoV-19/England/PHEC-YYEOT98/2023,1180,1192
hCoV-19/England/PHEC-YYEOSWA/2023,1180,1195
hCoV-19/England/PHEC-YYEOSR3/2023,1180,1195
hCoV-19/England/PHEC-YYEOSKP/2023,1180,1195
hCoV-19/England/PHEC-YYEOIW3/2023,1180,1195
hCoV-19/England/PHEC-YYEOIR4/2023,1180,1195
hCoV-19/England/PHEC-YYEOIOB/2023,1180,1195
hCoV-19/England/PHEC-YYEOIJO/2023,1180,1195
hCoV-19/England/PHEC-YYEOIFA/2023,1180,1195
hCoV-19/England/PHEC-YYEOICK/2023,1180,1195
hCoV-19/England/PHEC-YYEOCDF/2023,1180,1192
hCoV-19/England/PHEC-YYEOAUA/2023,1180,1195
hCoV-19/England/PHEC-YYEOATH/2023,1180,1195
hCoV-19/England/PHEC-YYEOAD3/2023,1180,1195
hCoV-19/England/PHEC-YYEOAB7/2023,1180,1195
hCoV-19/England/PHEC-YYEOA14/2023,1180,1195
hCoV-19/England/PHEC-YYEO3PR/2023,1180,1195
hCoV-19/England/PHEC-YYE1OIA/2023,1180,1202
hCoV-19/England/PHEC-YYEW7JY/2023,1181,1218
hCoV-19/England/PHEC-YYEUWY7/2023,1181,1210
hCoV-19/England/PHEC-YYEUWX9/2023,1181,1210
hCoV-19/England/PHEC-YYEUWB5/2023,1181,1210
hCoV-19/England/PHEC-YYEUIDS/2023,1181,1210
hCoV-19/England/PHEC-YYEU1O6/2023,1181,1210
hCoV-19/England/PHEC-YYEU1HG/2023,1181,1210
hCoV-19/England/PHEC-YYEU16N/2023,1181,1210
hCoV-19/England/PHEC-YYETQIH/2023,1181,1198
hCoV-19/England/PHEC-YYETPDN/2023,1181,1198
hCoV-19/England/PHEC-YYETOSA/2023,1181,1198
hCoV-19/England/PHEC-YYETOPM/2023,1181,1198
hCoV-19/England/PHEC-YYETO7K/2023,1181,1198
hCoV-19/England/PHEC-YYETO1Y/2023,1181,1198
hCoV-19/England/PHEC-YYETEPU/2023,1181,1197
hCoV-19/England/PHEC-YYETCZ4/2023,1181,1198
hCoV-19/England/PHEC-YYET1F3/2023,1181,1198
hCoV-19/England/PHEC-YYEOZO9/2023,1181,1195
hCoV-19/England/PHEC-YYEOWR5/2023,1181,1195
hCoV-19/England/PHEC-YYEOSHE/2023,1181,1195
hCoV-19/England/PHEC-YYEOS7G/2023,1181,1195
hCoV-19/England/PHEC-YYEOIZU/2023,1181,1195
hCoV-19/England/PHEC-YYEOIDH/2023,1181,1195
hCoV-19/England/PHEC-YYEOAXB/2023,1181,1195
hCoV-19/England/PHEC-YYEOA4K/2023,1181,1195
hCoV-19/England/PHEC-YYEO74F/2023,1181,1195
hCoV-19/England/PHEC-YYEO6MD/2023,1181,1195
hCoV-19/England/PHEC-YYEO3FW/2023,1181,1195
hCoV-19/England/PHEC-YYE1OCM/2023,1181,1202
hCoV-19/England/PHEC-YYEUWGT/2023,1182,1210
hCoV-19/England/PHEC-YYEUWFU/2023,1182,1210
hCoV-19/England/PHEC-YYEUWAC/2023,1182,1210
hCoV-19/England/PHEC-YYEUW6Y/2023,1182,1210
hCoV-19/England/PHEC-YYEUW3K/2023,1182,1210
hCoV-19/England/PHEC-YYEUIJK/2023,1182,1210
hCoV-19/England/PHEC-YYEUI7B/2023,1182,1210
hCoV-19/England/PHEC-YYETXTD/2023,1182,1198
hCoV-19/England/PHEC-YYETX6J/2023,1182,1198
hCoV-19/England/PHEC-YYETP6M/2023,1182,1198
hCoV-19/England/PHEC-YYETONB/2023,1182,1198
hCoV-19/England/PHEC-YYETNTO/2023,1182,1195
hCoV-19/England/PHEC-YYETMPO/2023,1182,1198
hCoV-19/England/PHEC-YYETMJA/2023,1182,1198
hCoV-19/England/PHEC-YYETKZH/2023,1182,1198
hCoV-19/England/PHEC-YYEOA9Y/2023,1182,1195
hCoV-19/England/PHEC-YYEO7AJ/2023,1182,1195
hCoV-19/England/PHEC-YYEO767/2023,1182,1195
hCoV-19/England/PHEC-YYE1IKK/2023,1182,1202
hCoV-19/England/PHEC-YYEW7PA/2023,1183,1218
hCoV-19/England/PHEC-YYEUHT1/2023,1183,1210
hCoV-19/England/PHEC-YYEU1XB/2023,1183,1210
hCoV-19/England/PHEC-YYEU1UA/2023,1183,1210
hCoV-19/England/PHEC-YYEU1S1/2023,1183,1210
hCoV-19/England/PHEC-YYEU14K/2023,1183,1210
hCoV-19/England/PHEC-YYETQY8/2023,1183,1198
hCoV-19/England/PHEC-YYETQEZ/2023,1183,1198
hCoV-19/England/PHEC-YYETPRY/2023,1183,1198
hCoV-19/England/PHEC-YYETMYK/2023,1183,1198
hCoV-19/England/PHEC-YYETMS7/2023,1183,1198
hCoV-19/England/PHEC-YYETMDR/2023,1183,1198
hCoV-19/England/PHEC-YYETMA3/2023,1183,1198
hCoV-19/England/PHEC-YYETM7X/2023,1183,1198
hCoV-19/England/PHEC-YYETM3Z/2023,1183,1198
hCoV-19/England/PHEC-YYETKXP/2023,1183,1198
hCoV-19/England/PHEC-YYETKS6/2023,1183,1198
hCoV-19/England/PHEC-YYETKH1/2023,1183,1198
hCoV-19/England/PHEC-YYETK7O/2023,1183,1198
hCoV-19/England/PHEC-YYETK4S/2023,1183,1198
hCoV-19/England/PHEC-YYETK1G/2023,1183,1198
hCoV-19/England/PHEC-YYETJHU/2023,1183,1197
hCoV-19/England/PHEC-YYETCQP/2023,1183,1198
hCoV-19/England/PHEC-YYETCPX/2023,1183,1198
hCoV-19/England/PHEC-YYETCOE/2023,1183,1198
hCoV-19/England/PHEC-YYETCMU/2023,1183,1198
hCoV-19/England/PHEC-YYETCDD/2023,1183,1198
hCoV-19/England/PHEC-YYET9H7/2023,1183,1199
hCoV-19/England/PHEC-YYET9AF/2023,1183,1199
hCoV-19/England/PHEC-YYET8U8/2023,1183,1197
hCoV-19/England/PHEC-YYET81J/2023,1183,1197
hCoV-19/England/PHEC-YYET6MB/2023,1183,1199
hCoV-19/England/PHEC-YYE1YRM/2023,1183,1199
hCoV-19/England/PHEC-YYE1YAN/2023,1183,1199
hCoV-19/England/PHEC-YYE1XU7/2023,1183,1202
hCoV-19/England/PHEC-YYE1XSZ/2023,1183,1202
hCoV-19/England/PHEC-YYE1WJP/2023,1183,1202
hCoV-19/England/PHEC-YYE1HRX/2023,1183,1210
hCoV-19/England/PHEC-YYE16HH/2023,1183,1210
hCoV-19/England/PHEC-YYETQXJ/2023,1184,1198
hCoV-19/England/PHEC-YYETQJI/2023,1184,1198
hCoV-19/England/PHEC-YYETPQC/2023,1184,1198
hCoV-19/England/PHEC-YYETPO8/2023,1184,1198
hCoV-19/England/PHEC-YYETPF6/2023,1184,1198
hCoV-19/England/PHEC-YYETP1D/2023,1184,1198
hCoV-19/England/PHEC-YYETMOJ/2023,1184,1198
hCoV-19/England/PHEC-YYETKFB/2023,1184,1198
hCoV-19/England/PHEC-YYETKA4/2023,1184,1198
hCoV-19/England/PHEC-YYETJKA/2023,1184,1197
hCoV-19/England/PHEC-YYETE6O/2023,1184,1197
hCoV-19/England/PHEC-YYETCWY/2023,1184,1198
hCoV-19/England/PHEC-YYETCHO/2023,1184,1198
hCoV-19/England/PHEC-YYETCF9/2023,1184,1198
hCoV-19/England/PHEC-YYETCAA/2023,1184,1198
hCoV-19/England/PHEC-YYETC9K/2023,1184,1198
hCoV-19/England/PHEC-YYET765/2023,1184,1202
hCoV-19/England/PHEC-YYET75B/2023,1184,1202
hCoV-19/England/PHEC-YYET74D/2023,1184,1202
hCoV-19/England/PHEC-YYET6OS/2023,1184,1202
hCoV-19/England/PHEC-YYET6FP/2023,1184,1202
hCoV-19/England/PHEC-YYE1ZUI/2023,1184,1202
hCoV-19/England/PHEC-YYE1ZJK/2023,1184,1202
hCoV-19/England/PHEC-YYE1ZGO/2023,1184,1202
hCoV-19/England/PHEC-YYE1YNX/2023,1184,1199
hCoV-19/England/PHEC-YYE1Y46/2023,1184,1199
hCoV-19/England/PHEC-YYE1XZI/2023,1184,1202
hCoV-19/England/PHEC-YYE1WUA/2023,1184,1202
hCoV-19/England/PHEC-YYE1ST4/2023,1184,1202
hCoV-19/England/PHEC-YYE1SN3/2023,1184,1202
hCoV-19/England/PHEC-YYE1SB5/2023,1184,1202
hCoV-19/England/PHEC-YYE1PMO/2023,1184,1202
hCoV-19/England/PHEC-YYE1NDM/2023,1184,1202
hCoV-19/England/PHEC-YYE1N8D/2023,1184,1202
hCoV-19/England/PHEC-YYE1KCT/2023,1184,1202
hCoV-19/England/PHEC-YYE1JRN/2023,1184,1202
hCoV-19/England/PHEC-YYE1I99/2023,1184,1202
hCoV-19/England/PHEC-YYE1I7D/2023,1184,1202
hCoV-19/England/PHEC-YYE1E7O/2023,1184,1202
hCoV-19/England/PHEC-YYE1CXJ/2023,1184,1202
hCoV-19/England/PHEC-YYE1B9U/2023,1184,1199
hCoV-19/England/PHEC-YYE19XS/2023,1184,1210
hCoV-19/England/PHEC-YYE19RC/2023,1184,1210
hCoV-19/England/PHEC-YYE19DQ/2023,1184,1210
hCoV-19/England/PHEC-YYE198G/2023,1184,1210
hCoV-19/England/PHEC-YYE154D/2023,1184,1210
hCoV-19/England/PHEC-YYEW7WJ/2023,1185,1218
hCoV-19/England/PHEC-YYETH6H/2023,1185,1202
hCoV-19/England/PHEC-YYET9TU/2023,1185,1202
hCoV-19/England/PHEC-YYET9BW/2023,1185,1202
hCoV-19/England/PHEC-YYET91T/2023,1185,1202
hCoV-19/England/PHEC-YYET7A8/2023,1185,1199
hCoV-19/England/PHEC-YYET6KD/2023,1185,1202
hCoV-19/England/PHEC-YYET6H6/2023,1185,1202
hCoV-19/England/PHEC-YYET69A/2023,1185,1202
hCoV-19/England/PHEC-YYE1ZT3/2023,1185,1202
hCoV-19/England/PHEC-YYE1ZCR/2023,1185,1202
hCoV-19/England/PHEC-YYE1YWK/2023,1185,1199
hCoV-19/England/PHEC-YYE1YQZ/2023,1185,1199
hCoV-19/England/PHEC-YYE1SM8/2023,1185,1202
hCoV-19/England/PHEC-YYE1SHR/2023,1185,1202
hCoV-19/England/PHEC-YYE1S1A/2023,1185,1202
hCoV-19/England/PHEC-YYE1QR7/2023,1185,1202
hCoV-19/England/PHEC-YYE1Q8Z/2023,1185,1202
hCoV-19/England/PHEC-YYE1PTD/2023,1185,1202
hCoV-19/England/PHEC-YYE1NYT/2023,1185,1199
hCoV-19/England/PHEC-YYE1NF8/2023,1185,1202
hCoV-19/England/PHEC-YYE1N36/2023,1185,1202
hCoV-19/England/PHEC-YYE1MDN/2023,1185,1202
hCoV-19/England/PHEC-YYE1MCO/2023,1185,1202
hCoV-19/England/PHEC-YYE1JXC/2023,1185,1202
hCoV-19/England/PHEC-YYE1HTW/2023,1185,1210
hCoV-19/England/PHEC-YYE1DYO/2023,1185,1199
hCoV-19/England/PHEC-YYE1DRE/2023,1185,1199
hCoV-19/England/PHEC-YYE1BK6/2023,1185,1199
hCoV-19/England/PHEC-YYE1B55/2023,1185,1202
hCoV-19/England/PHEC-YYE19CH/2023,1185,1210
hCoV-19/England/PHEC-YYEW747/2023,1186,1218
hCoV-19/England/PHEC-YYET9Z8/2023,1186,1202
hCoV-19/England/PHEC-YYET9WP/2023,1186,1202
hCoV-19/England/PHEC-YYET9RQ/2023,1186,1202
hCoV-19/England/PHEC-YYET9GK/2023,1186,1202
hCoV-19/England/PHEC-YYET9EG/2023,1186,1202
hCoV-19/England/PHEC-YYET98E/2023,1186,1202
hCoV-19/England/PHEC-YYET7YA/2023,1186,1202
hCoV-19/England/PHEC-YYET7OZ/2023,1186,1202
hCoV-19/England/PHEC-YYET7NW/2023,1186,1202
hCoV-19/England/PHEC-YYET7CY/2023,1186,1202
hCoV-19/England/PHEC-YYET73F/2023,1186,1199
hCoV-19/England/PHEC-YYET6X3/2023,1186,1199
hCoV-19/England/PHEC-YYET6JF/2023,1186,1199
hCoV-19/England/PHEC-YYET6C9/2023,1186,1199
hCoV-19/England/PHEC-YYE1Y6S/2023,1186,1199
hCoV-19/England/PHEC-YYE1WKM/2023,1186,1202
hCoV-19/England/PHEC-YYE1U6D/2023,1186,1202
hCoV-19/England/PHEC-YYE1SWW/2023,1186,1202
hCoV-19/England/PHEC-YYE1SI1/2023,1186,1202
hCoV-19/England/PHEC-YYE1SEP/2023,1186,1202
hCoV-19/England/PHEC-YYE1S6Y/2023,1186,1202
hCoV-19/England/PHEC-YYE1S4E/2023,1186,1202
hCoV-19/England/PHEC-YYE1QZS/2023,1186,1202
hCoV-19/England/PHEC-YYE1NSR/2023,1186,1199
hCoV-19/England/PHEC-YYE1M3I/2023,1186,1202
hCoV-19/England/PHEC-YYE1BUM/2023,1186,1202
hCoV-19/England/PHEC-YYE1BRK/2023,1186,1202
hCoV-19/England/PHEC-YYE1AX7/2023,1186,1202
hCoV-19/England/PHEC-YYE1AO4/2023,1186,1202
hCoV-19/England/PHEC-YYE1A1S/2023,1186,1210
