hCoV-19/England/PHEC-YYET9YS/2023,1187,1199
hCoV-19/England/PHEC-YYET9Q4/2023,1187,1199
hCoV-19/England/PHEC-YYET9N1/2023,1187,1199
hCoV-19/England/PHEC-YYET9IM/2023,1187,1199
hCoV-19/England/PHEC-YYET9FC/2023,1187,1199
hCoV-19/England/PHEC-YYET9C6/2023,1187,1199
hCoV-19/England/PHEC-YYET975/2023,1187,1202
hCoV-19/England/PHEC-YYET6ZE/2023,1187,1199
hCoV-19/England/PHEC-YYET6WQ/2023,1187,1199
hCoV-19/England/PHEC-YYET6DT/2023,1187,1199
hCoV-19/England/PHEC-YYE1YUC/2023,1187,1202
hCoV-19/England/PHEC-YYE1YK9/2023,1187,1202
hCoV-19/England/PHEC-YYE1YED/2023,1187,1202
hCoV-19/England/PHEC-YYE1YBT/2023,1187,1202
hCoV-19/England/PHEC-YYE1QPM/2023,1187,1202
hCoV-19/England/PHEC-YYE1PW7/2023,1187,1202
hCoV-19/England/PHEC-YYE1PS3/2023,1187,1202
hCoV-19/England/PHEC-YYE1PAI/2023,1187,1202
hCoV-19/England/PHEC-YYE1N7S/2023,1187,1199
hCoV-19/England/PHEC-YYE1N54/2023,1187,1199
hCoV-19/England/PHEC-YYE1N4H/2023,1187,1199
hCoV-19/England/PHEC-YYE1K51/2023,1187,1202
hCoV-19/England/PHEC-YYE1HOS/2023,1187,1210
hCoV-19/England/PHEC-YYE1HGM/2023,1187,1210
hCoV-19/England/PHEC-YYE1FZ9/2023,1187,1202
hCoV-19/England/PHEC-YYE1DNC/2023,1187,1199
hCoV-19/England/PHEC-YYE1C3W/2023,1187,1202
hCoV-19/England/PHEC-YYE1B47/2023,1187,1199
hCoV-19/England/PHEC-YYE16KB/2023,1187,1210
hCoV-19/England/PHEC-YYE16C7/2023,1187,1210
hCoV-19/England/PHEC-YYEW9SD/2023,1188,1218
hCoV-19/England/PHEC-YYEUYUK/2023,1188,1210
hCoV-19/England/PHEC-YYEUYK7/2023,1188,1210
hCoV-19/England/PHEC-YYEUYC3/2023,1188,1210
hCoV-19/England/PHEC-YYEUY1C/2023,1188,1210
hCoV-19/England/PHEC-YYEUNGD/2023,1188,1210
hCoV-19/England/PHEC-YYEUNDJ/2023,1188,1210
hCoV-19/England/PHEC-YYEUBZB/2023,1188,1210
hCoV-19/England/PHEC-YYEUBRE/2023,1188,1210
hCoV-19/England/PHEC-YYEUBNC/2023,1188,1210
hCoV-19/England/PHEC-YYEUBGR/2023,1188,1210
hCoV-19/England/PHEC-YYEIW8M/2023,1188,1219
hCoV-19/England/PHEC-YYEI84T/2023,1188,1218
hCoV-19/England/PHEC-YYE1YDP/2023,1188,1202
hCoV-19/England/PHEC-YYE1XJ1/2023,1188,1202
hCoV-19/England/PHEC-YYE1XF4/2023,1188,1202
hCoV-19/England/PHEC-YYE1XEW/2023,1188,1202
hCoV-19/England/PHEC-YYE1X4X/2023,1188,1202
hCoV-19/England/PHEC-YYE1QYF/2023,1188,1202
hCoV-19/England/PHEC-YYE1QWH/2023,1188,1202
hCoV-19/England/PHEC-YYE1QU6/2023,1188,1202
hCoV-19/England/PHEC-YYE1QI4/2023,1188,1202
hCoV-19/England/PHEC-YYE1QEI/2023,1188,1202
hCoV-19/England/PHEC-YYE1PR6/2023,1188,1202
hCoV-19/England/PHEC-YYE1PG4/2023,1188,1202
hCoV-19/England/PHEC-YYE1P98/2023,1188,1202
hCoV-19/England/PHEC-YYE1MHX/2023,1188,1202
hCoV-19/England/PHEC-YYE1KWY/2023,1188,1202
hCoV-19/England/PHEC-YYE1KSH/2023,1188,1202
hCoV-19/England/PHEC-YYE1KOE/2023,1188,1202
hCoV-19/England/PHEC-YYE1KI6/2023,1188,1202
hCoV-19/England/PHEC-YYE1K3S/2023,1188,1202
hCoV-19/England/PHEC-YYE1HMB/2023,1188,1210
hCoV-19/England/PHEC-YYE1CQM/2023,1188,1202
hCoV-19/England/PHEC-YYE1COG/2023,1188,1202
hCoV-19/England/PHEC-YYE1BH3/2023,1188,1199
hCoV-19/England/PHEC-YYE1AW1/2023,1188,1210
hCoV-19/England/PHEC-YYE1ATA/2023,1188,1210
hCoV-19/England/PHEC-YYE1ASQ/2023,1188,1210
hCoV-19/England/PHEC-YYE1AIO/2023,1188,1210
hCoV-19/England/PHEC-YYE1A4G/2023,1188,1210
hCoV-19/England/PHEC-YYE16WC/2023,1188,1210
hCoV-19/England/PHEC-YYE15RO/2023,1188,1210
hCoV-19/England/PHEC-YYE15KR/2023,1188,1210
hCoV-19/England/PHEC-YYE15JG/2023,1188,1210
hCoV-19/England/PHEC-YYE15D1/2023,1188,1210
hCoV-19/England/PHEC-YYE14MD/2023,1188,1210
hCoV-19/England/PHEC-YYE14J8/2023,1188,1210
hCoV-19/England/PHEC-YYE14FX/2023,1188,1210
hCoV-19/England/PHEC-YYE13XH/2023,1188,1210
hCoV-19/England/PHEC-YYE13Q6/2023,1188,1210
hCoV-19/England/PHEC-YYE13O3/2023,1188,1210
hCoV-19/England/PHEC-YYE13NS/2023,1188,1210
hCoV-19/England/PHEC-YYEW97I/2023,1189,1218
hCoV-19/England/PHEC-YYEUYEB/2023,1189,1210
hCoV-19/England/PHEC-YYEUR4A/2023,1189,1210
hCoV-19/England/PHEC-YYEUN44/2023,1189,1210
hCoV-19/England/PHEC-YYEI8HP/2023,1189,1218
hCoV-19/England/PHEC-YYE1QKT/2023,1189,1202
hCoV-19/England/PHEC-YYE1IWI/2023,1189,1202
hCoV-19/England/PHEC-YYE1IUZ/2023,1189,1202
hCoV-19/England/PHEC-YYE1IQN/2023,1189,1202
hCoV-19/England/PHEC-YYE1IAP/2023,1189,1202
hCoV-19/England/PHEC-YYE1I13/2023,1189,1202
hCoV-19/England/PHEC-YYE1HSK/2023,1189,1210
hCoV-19/England/PHEC-YYE1HKD/2023,1189,1210
hCoV-19/England/PHEC-YYE1AHN/2023,1189,1210
hCoV-19/England/PHEC-YYE1A7Y/2023,1189,1210
hCoV-19/England/PHEC-YYE1A66/2023,1189,1210
hCoV-19/England/PHEC-YYE19P4/2023,1189,1210
hCoV-19/England/PHEC-YYE19M6/2023,1189,1210
hCoV-19/England/PHEC-YYE19KY/2023,1189,1210
hCoV-19/England/PHEC-YYE19GE/2023,1189,1210
hCoV-19/England/PHEC-YYE19FK/2023,1189,1210
hCoV-19/England/PHEC-YYE1957/2023,1189,1210
hCoV-19/England/PHEC-YYE14WO/2023,1189,1210
hCoV-19/England/PHEC-YYE14P9/2023,1189,1210
hCoV-19/England/PHEC-YYE14OA/2023,1189,1210
hCoV-19/England/PHEC-YYE14IQ/2023,1189,1210
hCoV-19/England/PHEC-YYE145N/2023,1189,1210
hCoV-19/England/PHEC-YYE143G/2023,1189,1210
hCoV-19/England/PHEC-YYE13Y4/2023,1189,1210
hCoV-19/England/PHEC-YYE13WT/2023,1189,1210
hCoV-19/England/PHEC-YYE13MR/2023,1189,1210
hCoV-19/England/PHEC-YYE13JE/2023,1189,1210
hCoV-19/England/PHEC-YYE13HB/2023,1189,1210
hCoV-19/England/PHEC-YYE13FO/2023,1189,1210
hCoV-19/England/PHEC-YYEWYCZ/2023,1190,1210
hCoV-19/England/PHEC-YYEWCPJ/2023,1190,1211
hCoV-19/England/PHEC-YYEWCKX/2023,1190,1211
hCoV-19/England/PHEC-YYEWBCS/2023,1190,1210
hCoV-19/England/PHEC-YYEUYRJ/2023,1190,1210
hCoV-19/England/PHEC-YYEUYF8/2023,1190,1210
hCoV-19/England/PHEC-YYEUHOW/2023,1190,1210
hCoV-19/England/PHEC-YYEUD5Z/2023,1190,1210
hCoV-19/England/PHEC-YYEUBFG/2023,1190,1210
hCoV-19/England/PHEC-YYE1HZE/2023,1190,1210
hCoV-19/England/PHEC-YYE1HAG/2023,1190,1210
hCoV-19/England/PHEC-YYE1H7H/2023,1190,1210
hCoV-19/England/PHEC-YYE1H64/2023,1190,1210
hCoV-19/England/PHEC-YYE1H3R/2023,1190,1210
hCoV-19/England/PHEC-YYE19QA/2023,1190,1210
hCoV-19/England/PHEC-YYE16YI/2023,1190,1210
hCoV-19/England/PHEC-YYE16BU/2023,1190,1210
hCoV-19/England/PHEC-YYE14X5/2023,1190,1210
hCoV-19/England/PHEC-YYE14TS/2023,1190,1210
hCoV-19/England/PHEC-YYE13EK/2023,1190,1210
hCoV-19/England/PHEC-YYEWYWG/2023,1191,1210
hCoV-19/England/PHEC-YYEWY1K/2023,1191,1210
hCoV-19/England/PHEC-YYEWUZP/2023,1191,1212
hCoV-19/England/PHEC-YYEWPU5/2023,1191,1211
hCoV-19/England/PHEC-YYEWBRG/2023,1191,1210
hCoV-19/England/PHEC-YYEWBOP/2023,1191,1210
hCoV-19/England/PHEC-YYEWB9X/2023,1191,1210
hCoV-19/England/PHEC-YYEWB7U/2023,1191,1210
hCoV-19/England/PHEC-YYEW7NQ/2023,1191,1218
hCoV-19/England/PHEC-YYEW7GG/2023,1191,1218
hCoV-19/England/PHEC-YYEUSK8/2023,1191,1210
hCoV-19/England/PHEC-YYEUF9P/2023,1191,1210
hCoV-19/England/PHEC-YYEU9TX/2023,1191,1210
hCoV-19/England/PHEC-YYEU6P3/2023,1191,1210
hCoV-19/England/PHEC-YYEU5Z8/2023,1191,1210
hCoV-19/England/PHEC-YYEU5EG/2023,1191,1210
hCoV-19/England/PHEC-YYEU51T/2023,1191,1210
hCoV-19/England/PHEC-YYE1HJF/2023,1191,1210
hCoV-19/England/PHEC-YYEWYR8/2023,1192,1210
hCoV-19/England/PHEC-YYEWYDJ/2023,1192,1210
hCoV-19/England/PHEC-YYEWXPG/2023,1192,1211
hCoV-19/England/PHEC-YYEWQ6R/2023,1192,1211
hCoV-19/England/PHEC-YYEWBID/2023,1192,1210
hCoV-19/England/PHEC-YYEUH74/2023,1192,1210
hCoV-19/England/PHEC-YYEUH56/2023,1192,1210
hCoV-19/England/PHEC-YYEU9NQ/2023,1192,1210
hCoV-19/England/PHEC-YYEU5BW/2023,1192,1210
hCoV-19/England/PHEC-YYEU3UT/2023,1192,1210
hCoV-19/England/PHEC-YYEU3QH/2023,1192,1210
hCoV-19/England/PHEC-YYEU377/2023,1192,1210
hCoV-19/England/PHEC-YYESRQM/2023,1192,1223
hCoV-19/England/PHEC-YYEWU7B/2023,1193,1212
hCoV-19/England/PHEC-YYEWKSA/2023,1193,1211
hCoV-19/England/PHEC-YYEWBGN/2023,1193,1210
hCoV-19/England/PHEC-YYEW6TQ/2023,1193,1218
hCoV-19/England/PHEC-YYEU9BO/2023,1193,1210
hCoV-19/England/PHEC-YYEU7M6/2023,1193,1210
hCoV-19/England/PHEC-YYEU7CH/2023,1193,1210
hCoV-19/England/PHEC-YYEU59Z/2023,1193,1210
hCoV-19/England/PHEC-YYEU54B/2023,1193,1210
hCoV-19/England/PHEC-YYEIP81/2023,1193,1218
