hCoV-19/Scotland/SCOT-28169/2023,1173,1197
hCoV-19/England/PHEC-YYEXPFD/2023,1173,1188
hCoV-19/England/PHEC-YYEXP89/2023,1173,1188
hCoV-19/England/PHEC-YYEXNX4/2023,1173,1188
hCoV-19/England/PHEC-YYEXMWG/2023,1173,1188
hCoV-19/England/PHEC-YYEXMSN/2023,1173,1188
hCoV-19/England/PHEC-YYEXKUJ/2023,1173,1188
hCoV-19/England/PHEC-YYEXKNC/2023,1173,1188
hCoV-19/England/PHEC-YYEXKM4/2023,1173,1188
hCoV-19/England/PHEC-YYEXCZ9/2023,1173,1188
hCoV-19/England/PHEC-YYEXAXR/2023,1173,1190
hCoV-19/England/PHEC-YYEQWUB/2023,1173,1188
hCoV-19/England/PHEC-YYEQWI7/2023,1173,1188
hCoV-19/England/PHEC-YYEQWAZ/2023,1173,1188
hCoV-19/England/PHEC-YYEQW6M/2023,1173,1188
hCoV-19/England/PHEC-YYEQW5T/2023,1173,1188
hCoV-19/England/PHEC-YYEQUTG/2023,1173,1188
hCoV-19/England/PHEC-YYEQUSH/2023,1173,1188
hCoV-19/England/PHEC-YYEQUHO/2023,1173,1188
hCoV-19/England/PHEC-YYEQUF9/2023,1173,1188
hCoV-19/England/PHEC-YYEQTMI/2023,1173,1188
hCoV-19/England/PHEC-YYEQTA4/2023,1173,1188
hCoV-19/England/PHEC-YYEQO6X/2023,1173,1188
hCoV-19/England/PHEC-YYEQO5I/2023,1173,1188
hCoV-19/England/PHEC-YYEQKEN/2023,1173,1185
hCoV-19/England/PHEC-YYEQIR9/2023,1173,1188
hCoV-19/England/PHEC-YYEQIQM/2023,1173,1188
hCoV-19/England/PHEC-YYEQIDB/2023,1173,1188
hCoV-19/England/PHEC-YYEQ7S1/2023,1173,1188
hCoV-19/England/PHEC-YYEQ78T/2023,1173,1188
hCoV-19/England/PHEC-YYEQ4SI/2023,1173,1188
hCoV-19/England/PHEC-YYEQ4R4/2023,1173,1188
hCoV-19/England/PHEC-YYEQ1WB/2023,1173,1188
hCoV-19/England/PHEC-YYEQ1OJ/2023,1173,1188
hCoV-19/England/PHEC-YYEQ19M/2023,1173,1188
hCoV-19/England/PHEC-YYEXT4W/2023,1174,1188
hCoV-19/England/PHEC-YYEXRSJ/2023,1174,1188
hCoV-19/England/PHEC-YYEXPOC/2023,1174,1188
hCoV-19/England/PHEC-YYEXPJ5/2023,1174,1188
hCoV-19/England/PHEC-YYEXP1E/2023,1174,1188
hCoV-19/England/PHEC-YYEXOQQ/2023,1174,1189
hCoV-19/England/PHEC-YYEXOMW/2023,1174,1189
hCoV-19/England/PHEC-YYEXOC1/2023,1174,1189
hCoV-19/England/PHEC-YYEXNEE/2023,1174,1188
hCoV-19/England/PHEC-YYEXM9O/2023,1174,1188
hCoV-19/England/PHEC-YYEXJTQ/2023,1174,1188
hCoV-19/England/PHEC-YYEXCJH/2023,1174,1188
hCoV-19/England/PHEC-YYEXC5Z/2023,1174,1188
hCoV-19/England/PHEC-YYEX59Y/2023,1174,1191
hCoV-19/England/PHEC-YYEX56N/2023,1174,1191
hCoV-19/England/PHEC-YYEQZAW/2023,1174,1188
hCoV-19/England/PHEC-YYEQWZ3/2023,1174,1188
hCoV-19/England/PHEC-YYEQW9J/2023,1174,1188
hCoV-19/England/PHEC-YYEQTRD/2023,1174,1188
hCoV-19/England/PHEC-YYEQ478/2023,1174,1188
hCoV-19/England/PHEC-YYEOPWB/2023,1174,1192
hCoV-19/England/PHEC-YYEOPOJ/2023,1174,1192
hCoV-19/England/PHEC-YYEOBYS/2023,1174,1192
hCoV-19/England/PHEC-YYEXZTY/2023,1175,1190
hCoV-19/England/PHEC-YYEXZSS/2023,1175,1190
hCoV-19/England/PHEC-YYEXTWY/2023,1175,1189
hCoV-19/England/PHEC-YYEXTSH/2023,1175,1188
hCoV-19/England/PHEC-YYEXTOE/2023,1175,1188
hCoV-19/England/PHEC-YYEXQXQ/2023,1175,1189
hCoV-19/England/PHEC-YYEXQS9/2023,1175,1189
hCoV-19/England/PHEC-YYEXQOM/2023,1175,1188
hCoV-19/England/PHEC-YYEXQCW/2023,1175,1189
hCoV-19/England/PHEC-YYEXQBK/2023,1175,1188
hCoV-19/England/PHEC-YYEXQA5/2023,1175,1188
hCoV-19/England/PHEC-YYEXQ18/2023,1175,1188
hCoV-19/England/PHEC-YYEXPMZ/2023,1175,1189
hCoV-19/England/PHEC-YYEXPIN/2023,1175,1189
hCoV-19/England/PHEC-YYEXP34/2023,1175,1188
hCoV-19/England/PHEC-YYEXOYK/2023,1175,1188
hCoV-19/England/PHEC-YYEXORN/2023,1175,1188
hCoV-19/England/PHEC-YYEXHT5/2023,1175,1191
hCoV-19/England/PHEC-YYEXHST/2023,1175,1191
hCoV-19/England/PHEC-YYEXHPR/2023,1175,1191
hCoV-19/England/PHEC-YYEXCXO/2023,1175,1189
hCoV-19/England/PHEC-YYEXCQ1/2023,1175,1189
hCoV-19/England/PHEC-YYEXC9X/2023,1175,1188
hCoV-19/England/PHEC-YYEXABY/2023,1175,1190
hCoV-19/England/PHEC-YYEX5KM/2023,1175,1191
hCoV-19/England/PHEC-YYEX5D3/2023,1175,1191
hCoV-19/England/PHEC-YYEX5C8/2023,1175,1191
hCoV-19/England/PHEC-YYEX514/2023,1175,1191
hCoV-19/England/PHEC-YYEX4ZT/2023,1175,1191
hCoV-19/England/PHEC-YYEX4H8/2023,1175,1191
hCoV-19/England/PHEC-YYEX4FS/2023,1175,1191
hCoV-19/England/PHEC-YYEX4D4/2023,1175,1191
hCoV-19/England/PHEC-YYEOZMK/2023,1175,1195
hCoV-19/England/PHEC-YYEOZ4M/2023,1175,1195
hCoV-19/England/PHEC-YYEOXI7/2023,1175,1192
hCoV-19/England/PHEC-YYEOW3O/2023,1175,1195
hCoV-19/England/PHEC-YYEOT3U/2023,1175,1192
hCoV-19/England/PHEC-YYEOPC1/2023,1175,1192
hCoV-19/England/PHEC-YYEOMRR/2023,1175,1192
hCoV-19/England/PHEC-YYEOCWN/2023,1175,1192
hCoV-19/England/PHEC-YYEOC6Q/2023,1175,1192
hCoV-19/England/PHEC-YYEOC4S/2023,1175,1192
hCoV-19/England/PHEC-YYEO7JE/2023,1175,1195
hCoV-19/England/LOND-YYBK9BK/2023,1175,1239
hCoV-19/England/PHEC-YYEXZ8I/2023,1176,1190
hCoV-19/England/PHEC-YYEXWZZ/2023,1176,1190
hCoV-19/England/PHEC-YYEXT9K/2023,1176,1189
hCoV-19/England/PHEC-YYEXQFN/2023,1176,1188
hCoV-19/England/PHEC-YYEXQ7T/2023,1176,1189
hCoV-19/England/PHEC-YYEXQ5I/2023,1176,1189
hCoV-19/England/PHEC-YYEXOXC/2023,1176,1188
hCoV-19/England/PHEC-YYEXOT8/2023,1176,1188
hCoV-19/England/PHEC-YYEXOPO/2023,1176,1188
hCoV-19/England/PHEC-YYEXHFW/2023,1176,1191
hCoV-19/England/PHEC-YYEXHEQ/2023,1176,1191
hCoV-19/England/PHEC-YYEXH99/2023,1176,1191
hCoV-19/England/PHEC-YYEX7X9/2023,1176,1191
hCoV-19/England/PHEC-YYEX7SO/2023,1176,1191
hCoV-19/England/PHEC-YYEX7PD/2023,1176,1191
hCoV-19/England/PHEC-YYEX7OH/2023,1176,1191
hCoV-19/England/PHEC-YYEX7GT/2023,1176,1191
hCoV-19/England/PHEC-YYEX796/2023,1176,1191
hCoV-19/England/PHEC-YYEX6NA/2023,1176,1191
hCoV-19/England/PHEC-YYEX6DS/2023,1176,1191
hCoV-19/England/PHEC-YYEX5ZO/2023,1176,1191
hCoV-19/England/PHEC-YYEX4XN/2023,1176,1191
hCoV-19/England/PHEC-YYEX4RA/2023,1176,1191
hCoV-19/England/PHEC-YYEX4QR/2023,1176,1191
hCoV-19/England/PHEC-YYEX4O9/2023,1176,1191
hCoV-19/England/PHEC-YYEX3Z1/2023,1176,1191
hCoV-19/England/PHEC-YYEX3QF/2023,1176,1191
hCoV-19/England/PHEC-YYEX3P8/2023,1176,1191
hCoV-19/England/PHEC-YYETQOG/2023,1176,1198
hCoV-19/England/PHEC-YYEOZXN/2023,1176,1195
hCoV-19/England/PHEC-YYEOTCQ/2023,1176,1192
hCoV-19/England/PHEC-YYEOQKI/2023,1176,1192
hCoV-19/England/PHEC-YYEOQF9/2023,1176,1192
hCoV-19/England/PHEC-YYEOMBK/2023,1176,1192
hCoV-19/England/PHEC-YYEOC9C/2023,1176,1192
hCoV-19/England/PHEC-YYEO7Y4/2023,1176,1195
hCoV-19/England/PHEC-YYEO7HB/2023,1176,1195
hCoV-19/England/PHEC-YYEO78C/2023,1176,1195
hCoV-19/England/PHEC-YYE31RM/2023,1176,1248
hCoV-19/England/PHEC-YYE1TSI/2023,1176,1202
hCoV-19/England/PHEC-YYEXHDA/2023,1177,1191
hCoV-19/England/PHEC-YYEXH4J/2023,1177,1191
hCoV-19/England/PHEC-YYEXH3M/2023,1177,1191
hCoV-19/England/PHEC-YYEX78X/2023,1177,1191
hCoV-19/England/PHEC-YYEX57R/2023,1177,1191
hCoV-19/England/PHEC-YYEX3OY/2023,1177,1191
hCoV-19/England/PHEC-YYEX3IS/2023,1177,1191
hCoV-19/England/PHEC-YYETEHW/2023,1177,1197
hCoV-19/England/PHEC-YYEOXF6/2023,1177,1192
hCoV-19/England/PHEC-YYEOX9J/2023,1177,1192
hCoV-19/England/PHEC-YYEOX84/2023,1177,1192
hCoV-19/England/PHEC-YYEOWN9/2023,1177,1192
hCoV-19/England/PHEC-YYEOWF3/2023,1177,1195
hCoV-19/England/PHEC-YYEOTXE/2023,1177,1192
hCoV-19/England/PHEC-YYEOTPC/2023,1177,1192
hCoV-19/England/PHEC-YYEOGBX/2023,1177,1192
hCoV-19/England/PHEC-YYEOCIY/2023,1177,1192
hCoV-19/England/PHEC-YYEOB59/2023,1177,1192
hCoV-19/England/PHEC-YYEO1X8/2023,1177,1192
hCoV-19/England/PHEC-YYETJDG/2023,1178,1197
hCoV-19/England/PHEC-YYETEZ6/2023,1178,1197
hCoV-19/England/PHEC-YYEOZ6D/2023,1178,1195
hCoV-19/England/PHEC-YYEOXAZ/2023,1178,1192
hCoV-19/England/PHEC-YYEOX7P/2023,1178,1192
hCoV-19/England/PHEC-YYEOW8I/2023,1178,1195
hCoV-19/England/PHEC-YYEOQOE/2023,1178,1192
hCoV-19/England/PHEC-YYEOQMU/2023,1178,1192
hCoV-19/England/PHEC-YYEOQ4W/2023,1178,1192
hCoV-19/England/PHEC-YYEOP6P/2023,1178,1192
hCoV-19/England/PHEC-YYEONQ3/2023,1178,1192
hCoV-19/England/PHEC-YYEONGJ/2023,1178,1192
hCoV-19/England/PHEC-YYEOM9P/2023,1178,1192
hCoV-19/England/PHEC-YYEOK6O/2023,1178,1192
hCoV-19/England/PHEC-YYEOIYN/2023,1178,1195
hCoV-19/England/PHEC-YYEOIBY/2023,1178,1195
hCoV-19/England/PHEC-YYEOH7Y/2023,1178,1195
hCoV-19/England/PHEC-YYEOCS6/2023,1178,1192
hCoV-19/England/PHEC-YYEOCBJ/2023,1178,1192
hCoV-19/England/PHEC-YYEOAMJ/2023,1178,1195
hCoV-19/England/PHEC-YYEO81M/2023,1178,1192
hCoV-19/England/PHEC-YYEO7Q6/2023,1178,1195
hCoV-19/England/PHEC-YYEO1ZS/2023,1178,1192
hCoV-19/England/PHEC-YYEO1SA/2023,1178,1192
hCoV-19/England/PHEC-YYEO1MX/2023,1178,1192
hCoV-19/England/PHEC-YYEO1BD/2023,1178,1192
hCoV-19/England/PHEC-YYETXQK/2023,1179,1198
hCoV-19/England/PHEC-YYETXFH/2023,1179,1198
hCoV-19/England/PHEC-YYET1ZW/2023,1179,1198
hCoV-19/England/PHEC-YYEOWXF/2023,1179,1195
hCoV-19/England/PHEC-YYEOWUH/2023,1179,1195
hCoV-19/England/PHEC-YYEOWTY/2023,1179,1195
hCoV-19/England/PHEC-YYEOWSS/2023,1179,1195
hCoV-19/England/PHEC-YYEOWPJ/2023,1179,1195
hCoV-19/England/PHEC-YYEOWMP/2023,1179,1195
hCoV-19/England/PHEC-YYEOWCM/2023,1179,1195
hCoV-19/England/PHEC-YYEOW9R/2023,1179,1195
hCoV-19/England/PHEC-YYEOW16/2023,1179,1195
hCoV-19/England/PHEC-YYEOTNN/2023,1179,1192
hCoV-19/England/PHEC-YYEOTK1/2023,1179,1192
hCoV-19/England/PHEC-YYEOTJW/2023,1179,1192
hCoV-19/England/PHEC-YYEOTHP/2023,1179,1192
hCoV-19/England/PHEC-YYEOT8A/2023,1179,1192
hCoV-19/England/PHEC-YYEOT6J/2023,1179,1192
hCoV-19/England/PHEC-YYEOT4T/2023,1179,1192
hCoV-19/England/PHEC-YYEOSGI/2023,1179,1195
hCoV-19/England/PHEC-YYEOSB9/2023,1179,1195
hCoV-19/England/PHEC-YYEOQSH/2023,1179,1192
hCoV-19/England/PHEC-YYEOKTK/2023,1179,1192
hCoV-19/England/PHEC-YYEOJ5Z/2023,1179,1192
hCoV-19/England/PHEC-YYEOIN6/2023,1179,1195
hCoV-19/England/PHEC-YYEOARZ/2023,1179,1195
hCoV-19/England/PHEC-YYEOAN5/2023,1179,1195
hCoV-19/England/PHEC-YYEO3WI/2023,1179,1195
hCoV-19/England/PHEC-YYEO1OR/2023,1179,1192
hCoV-19/England/PHEC-YYEO1NB/2023,1179,1192
hCoV-19/England/PHEC-YYEO1F5/2023,1179,1192
hCoV-19/England/PHEC-YYEO14O/2023,1179,1192
hCoV-19/England/PHEC-YYE1UGW/2023,1179,1202
hCoV-19/England/PHEC-YYE15WX/2023,1179,1210
hCoV-19/England/PHEC-YYE15IP/2023,1179,1210
