hCoV-19/Wales/PHWC-16CD82/2020,158,278
hCoV-19/Wales/PHWC-1685F7/2020,158,202
hCoV-19/Wales/PHWC-167F09/2020,158,202
hCoV-19/Wales/PHWC-167E39/2020,158,202
hCoV-19/Wales/PHWC-166210/2020,158,196
hCoV-19/Wales/PHWC-165D10/2020,158,196
hCoV-19/Wales/PHWC-165C9B/2020,158,196
hCoV-19/Wales/PHWC-165A19/2020,158,196
hCoV-19/Wales/PHWC-1657F4/2020,158,196
hCoV-19/Wales/PHWC-16578B/2020,158,196
hCoV-19/Wales/PHWC-16531E/2020,158,181
hCoV-19/Wales/ALDP-944140/2020,158,300
hCoV-19/Wales/ALDP-944113/2020,158,300
hCoV-19/Scotland/EDB6369/2020,158,174
hCoV-19/England/SHEF-D1466/2020,158,189
hCoV-19/England/SHEF-CAB7A/2020,158,189
hCoV-19/England/SHEF-C5B9D/2020,158,189
hCoV-19/England/OXON-B3761/2020,158,257
hCoV-19/England/NOTT-111D6E/2020,158,174
hCoV-19/England/NORW-ED5A0/2020,158,174
hCoV-19/England/NORT-29306A/2020,158,195
hCoV-19/England/MILK-95998C/2020,158,271
hCoV-19/England/MILK-95995F/2020,158,271
hCoV-19/England/MILK-959940/2020,158,271
hCoV-19/England/MILK-959931/2020,158,271
hCoV-19/England/MILK-956B5C/2020,158,271
hCoV-19/England/MILK-956AB9/2020,158,271
hCoV-19/England/MILK-9569F8/2020,158,271
hCoV-19/England/MILK-956952/2020,158,271
hCoV-19/England/MILK-9567C1/2020,158,271
hCoV-19/England/MILK-4A045D/2020,158,271
hCoV-19/England/LCST-24D70BD/2020,158,181
hCoV-19/England/LCST-24D70AE/2020,158,181
hCoV-19/England/LCST-24D6B35/2020,158,181
hCoV-19/England/LCST-24D6B26/2020,158,181
hCoV-19/England/CWAR-24FDEA8/2020,158,292
hCoV-19/England/CWAR-24FDE99/2020,158,292
hCoV-19/England/CWAR-24FDDE7/2020,158,292
hCoV-19/England/CAMB-1B4A66/2020,158,174
hCoV-19/England/CAMB-1B48A8/2020,158,174
hCoV-19/England/CAMB-1B3F1D/2020,158,174
hCoV-19/England/BIRM-611EC/2020,158,174
hCoV-19/England/BIRM-608D9/2020,158,189
hCoV-19/England/ALDP-956679/2020,158,271
hCoV-19/England/ALDP-9538D0/2020,158,271
hCoV-19/England/ALDP-9538C1/2020,158,271
hCoV-19/England/ALDP-944C8B/2020,158,271
hCoV-19/England/ALDP-944C7C/2020,158,271
hCoV-19/England/ALDP-944BD9/2020,158,271
hCoV-19/England/ALDP-944BBB/2020,158,271
hCoV-19/England/ALDP-944B9D/2020,158,271
hCoV-19/England/ALDP-944A27/2020,158,271
hCoV-19/England/ALDP-944A09/2020,158,271
hCoV-19/England/ALDP-9449FD/2020,158,271
hCoV-19/England/ALDP-9449EE/2020,158,271
hCoV-19/England/ALDP-9449DF/2020,158,271
hCoV-19/England/ALDP-9449C0/2020,158,271
hCoV-19/England/ALDP-9449B1/2020,158,271
hCoV-19/England/ALDP-9449A2/2020,158,271
hCoV-19/England/ALDP-944975/2020,158,271
hCoV-19/England/ALDP-94492A/2020,158,271
hCoV-19/England/ALDP-94491B/2020,158,271
hCoV-19/England/ALDP-94490C/2020,158,271
hCoV-19/England/ALDP-9448F0/2020,158,271
hCoV-19/England/ALDP-9448D2/2020,158,271
hCoV-19/England/ALDP-9448C3/2020,158,271
hCoV-19/England/ALDP-9448B4/2020,158,271
hCoV-19/England/ALDP-9448A5/2020,158,271
hCoV-19/England/ALDP-944896/2020,158,271
hCoV-19/England/ALDP-944878/2020,158,271
hCoV-19/England/ALDP-94485A/2020,158,271
hCoV-19/England/ALDP-94484B/2020,158,271
hCoV-19/England/ALDP-94483C/2020,158,271
hCoV-19/England/ALDP-94482D/2020,158,271
hCoV-19/England/ALDP-94481E/2020,158,271
hCoV-19/England/ALDP-94480F/2020,158,271
hCoV-19/England/ALDP-9447C6/2020,158,271
hCoV-19/England/ALDP-9447B7/2020,158,271
hCoV-19/England/ALDP-94478A/2020,158,271
hCoV-19/England/ALDP-94476C/2020,158,271
hCoV-19/England/ALDP-94473F/2020,158,271
hCoV-19/England/ALDP-944702/2020,158,271
hCoV-19/England/ALDP-9446D8/2020,158,271
hCoV-19/England/ALDP-9446BA/2020,158,271
hCoV-19/England/ALDP-94469C/2020,158,271
hCoV-19/England/ALDP-94467E/2020,158,271
hCoV-19/England/ALDP-94466F/2020,158,271
hCoV-19/England/ALDP-944650/2020,158,271
hCoV-19/England/ALDP-944641/2020,158,271
hCoV-19/England/ALDP-944623/2020,158,271
hCoV-19/England/ALDP-944614/2020,158,271
hCoV-19/England/ALDP-944605/2020,158,271
hCoV-19/England/ALDP-9445F9/2020,158,271
hCoV-19/England/ALDP-9445EA/2020,158,271
hCoV-19/England/ALDP-9445CC/2020,158,271
hCoV-19/England/ALDP-94459F/2020,158,271
hCoV-19/England/ALDP-944553/2020,158,271
hCoV-19/England/ALDP-944544/2020,158,271
hCoV-19/England/ALDP-944526/2020,158,271
hCoV-19/England/ALDP-944508/2020,158,271
hCoV-19/England/ALDP-9444ED/2020,158,271
hCoV-19/England/ALDP-944492/2020,158,271
hCoV-19/England/ALDP-944483/2020,158,271
hCoV-19/England/ALDP-944474/2020,158,271
hCoV-19/England/ALDP-944465/2020,158,271
hCoV-19/England/ALDP-944456/2020,158,271
hCoV-19/England/ALDP-944447/2020,158,271
hCoV-19/England/ALDP-944438/2020,158,271
hCoV-19/England/ALDP-944429/2020,158,271
hCoV-19/England/ALDP-94440B/2020,158,271
hCoV-19/England/ALDP-9443E0/2020,158,271
hCoV-19/England/ALDP-9443D1/2020,158,271
hCoV-19/England/ALDP-9443C2/2020,158,271
hCoV-19/England/ALDP-9443B3/2020,158,271
hCoV-19/England/ALDP-9443A4/2020,158,271
hCoV-19/England/ALDP-944395/2020,158,271
hCoV-19/England/ALDP-94432C/2020,158,271
hCoV-19/England/ALDP-94430E/2020,158,271
hCoV-19/England/ALDP-9442F2/2020,158,271
hCoV-19/England/ALDP-9442D4/2020,158,271
hCoV-19/England/ALDP-9442C5/2020,158,271
hCoV-19/England/ALDP-944298/2020,158,271
hCoV-19/England/ALDP-944289/2020,158,271
hCoV-19/England/ALDP-94427A/2020,158,271
hCoV-19/England/ALDP-94426B/2020,158,271
hCoV-19/England/ALDP-94424D/2020,158,271
hCoV-19/England/ALDP-94423E/2020,158,271
hCoV-19/England/ALDP-944210/2020,158,271
hCoV-19/England/ALDP-944201/2020,158,271
hCoV-19/England/ALDP-9441F5/2020,158,271
hCoV-19/England/ALDP-9441E6/2020,158,271
hCoV-19/England/ALDP-9441D7/2020,158,271
hCoV-19/England/ALDP-9441B9/2020,158,271
hCoV-19/England/ALDP-9441AA/2020,158,271
hCoV-19/England/ALDP-94418C/2020,158,271
hCoV-19/England/ALDP-944131/2020,158,271
hCoV-19/England/ALDP-944104/2020,158,271
hCoV-19/England/ALDP-9440DA/2020,158,271
hCoV-19/England/ALDP-9440CB/2020,158,271
hCoV-19/England/ALDP-9440AD/2020,158,271
hCoV-19/England/ALDP-94408F/2020,158,271
hCoV-19/England/ALDP-944061/2020,158,271
hCoV-19/England/ALDP-944052/2020,158,271
hCoV-19/England/ALDP-944043/2020,158,271
hCoV-19/England/ALDP-944007/2020,158,271
hCoV-19/England/ALDP-943FED/2020,158,271
hCoV-19/England/ALDP-943FCF/2020,158,271
hCoV-19/England/ALDP-943FB0/2020,158,271
hCoV-19/England/ALDP-943FA1/2020,158,271
hCoV-19/England/ALDP-943F92/2020,158,271
hCoV-19/England/ALDP-943F74/2020,158,271
hCoV-19/England/ALDP-943F56/2020,158,271
hCoV-19/England/ALDP-943F47/2020,158,271
hCoV-19/England/ALDP-943F38/2020,158,271
hCoV-19/England/ALDP-943F0B/2020,158,271
hCoV-19/England/ALDP-4A4C9D/2020,158,271
hCoV-19/England/ALDP-4A4BDC/2020,158,271
hCoV-19/England/ALDP-4A4B18/2020,158,271
hCoV-19/England/ALDP-4A4A57/2020,158,271
hCoV-19/England/ALDP-4A48D5/2020,158,271
hCoV-19/England/ALDP-4A485D/2020,158,271
hCoV-19/England/ALDP-4A483F/2020,158,271
hCoV-19/England/ALDP-4A47BA/2020,158,271
hCoV-19/England/ALDP-4976EA/2020,158,271
hCoV-19/England/ALDP-497565/2020,158,271
hCoV-19/England/ALDP-497538/2020,158,271
hCoV-19/England/ALDP-4971F8/2020,158,271
hCoV-19/England/ALDP-497152/2020,158,271
hCoV-19/England/ALDP-496E6B/2020,158,271
hCoV-19/England/ALDP-496D40/2020,158,271
hCoV-19/England/ALDP-496B82/2020,158,271
hCoV-19/England/ALDP-496B37/2020,158,271
hCoV-19/England/ALDP-496B19/2020,158,271
hCoV-19/England/ALDP-496AD0/2020,158,271
hCoV-19/England/ALDP-49692E/2020,158,271
hCoV-19/England/ALDP-49687C/2020,158,271
hCoV-19/England/ALDP-496706/2020,158,271
hCoV-19/England/ALDP-4966BE/2020,158,271
hCoV-19/Wales/PHWC-16915C/2020,159,209
hCoV-19/Wales/PHWC-168D59/2020,159,202
hCoV-19/Wales/PHWC-167EFD/2020,159,202
hCoV-19/Wales/PHWC-1658F1/2020,159,196
hCoV-19/Wales/PHWC-164B26/2020,159,181
hCoV-19/Scotland/MILK-95999B/2020,159,274
hCoV-19/Scotland/CVR3931/2020,159,223
hCoV-19/Scotland/CVR3857/2020,159,189
hCoV-19/England/SHEF-D1509/2020,159,181
hCoV-19/England/NOTT-1124A4/2020,159,189
hCoV-19/England/NOTT-111DB9/2020,159,174
hCoV-19/England/NOTT-111D40/2020,159,174
hCoV-19/England/NOTT-111D31/2020,159,174
hCoV-19/England/NORT-29BA0A/2020,159,215
hCoV-19/England/NORT-29B9B2/2020,159,215
hCoV-19/England/NORT-285F04/2020,159,202
hCoV-19/England/MILK-957A30/2020,159,271
hCoV-19/England/MILK-956FF6/2020,159,271
hCoV-19/England/MILK-956FC9/2020,159,271
hCoV-19/England/MILK-956EEA/2020,159,271
hCoV-19/England/MILK-956EDB/2020,159,271
hCoV-19/England/MILK-956ECC/2020,159,271
hCoV-19/England/MILK-956E71/2020,159,271
hCoV-19/England/MILK-956D56/2020,159,271
hCoV-19/England/MILK-956CC2/2020,159,271
hCoV-19/England/MILK-956C68/2020,159,271
hCoV-19/England/MILK-956C2C/2020,159,271
hCoV-19/England/LIVE-A2880/2020,159,209
hCoV-19/England/LIVE-A1942/2020,159,196
hCoV-19/England/LIVE-A1924/2020,159,196
hCoV-19/England/LCST-24D6BBD/2020,159,189
hCoV-19/England/LCST-24D6BAE/2020,159,189
hCoV-19/England/LCST-24D6B80/2020,159,181
hCoV-19/England/LCST-24D6B71/2020,159,181
hCoV-19/England/LCST-24D6B62/2020,159,181
hCoV-19/England/CWAR-24FDE02/2020,159,292
hCoV-19/England/CAMB-1B4A57/2020,159,174
hCoV-19/England/CAMB-1B3EF2/2020,159,174
hCoV-19/England/BIRM-612AD/2020,159,174
hCoV-19/England/BIRM-6128F/2020,159,174
hCoV-19/England/BIRM-60930/2020,159,189
hCoV-19/England/BIRM-60921/2020,159,189
hCoV-19/England/ALDP-95A96D/2020,159,271
hCoV-19/England/ALDP-95A350/2020,159,271
hCoV-19/England/ALDP-9566F1/2020,159,271
hCoV-19/England/ALDP-9566B5/2020,159,271
hCoV-19/England/ALDP-9566A6/2020,159,271
hCoV-19/England/ALDP-956688/2020,159,271
hCoV-19/England/ALDP-95666A/2020,159,271
hCoV-19/England/ALDP-95665B/2020,159,271
hCoV-19/England/ALDP-95663D/2020,159,271
hCoV-19/England/ALDP-9565E5/2020,159,271
hCoV-19/England/ALDP-9565B8/2020,159,271
hCoV-19/England/ALDP-95659A/2020,159,271
hCoV-19/England/ALDP-95658B/2020,159,271
hCoV-19/England/ALDP-95656D/2020,159,271
hCoV-19/England/ALDP-95655E/2020,159,271
hCoV-19/England/ALDP-95654F/2020,159,271
hCoV-19/England/ALDP-956530/2020,159,271
hCoV-19/England/ALDP-9564F7/2020,159,271
hCoV-19/England/ALDP-9564D9/2020,159,271
hCoV-19/England/ALDP-9564BB/2020,159,271
hCoV-19/England/ALDP-9564AC/2020,159,271
hCoV-19/England/ALDP-95647F/2020,159,271
hCoV-19/England/ALDP-956460/2020,159,271
hCoV-19/England/ALDP-956451/2020,159,271
hCoV-19/England/ALDP-956442/2020,159,271
hCoV-19/England/ALDP-956433/2020,159,271
hCoV-19/England/ALDP-956424/2020,159,271
hCoV-19/England/ALDP-9563FA/2020,159,271
hCoV-19/England/ALDP-9563EB/2020,159,271
hCoV-19/England/ALDP-9563DC/2020,159,271
hCoV-19/England/ALDP-9563CD/2020,159,271
hCoV-19/England/ALDP-9563BE/2020,159,271
hCoV-19/England/ALDP-9563AF/2020,159,271
hCoV-19/England/ALDP-956390/2020,159,271
hCoV-19/England/ALDP-956354/2020,159,271
hCoV-19/England/ALDP-956327/2020,159,271
hCoV-19/England/ALDP-956318/2020,159,271
hCoV-19/England/ALDP-956309/2020,159,271
hCoV-19/England/ALDP-9562FD/2020,159,271
hCoV-19/England/ALDP-9562C0/2020,159,271
hCoV-19/England/ALDP-9562B1/2020,159,271
hCoV-19/England/ALDP-9562A2/2020,159,271
hCoV-19/England/ALDP-956275/2020,159,271
hCoV-19/England/ALDP-956266/2020,159,271
hCoV-19/England/ALDP-956257/2020,159,271
hCoV-19/England/ALDP-956248/2020,159,271
hCoV-19/England/ALDP-956239/2020,159,271
hCoV-19/England/ALDP-95620C/2020,159,271
hCoV-19/England/ALDP-9561F0/2020,159,271
hCoV-19/England/ALDP-956187/2020,159,271
hCoV-19/England/ALDP-956178/2020,159,271
hCoV-19/England/ALDP-956169/2020,159,271
hCoV-19/England/ALDP-95615A/2020,159,271
hCoV-19/England/ALDP-95614B/2020,159,271
hCoV-19/England/ALDP-95613C/2020,159,271
hCoV-19/England/ALDP-95611E/2020,159,271
hCoV-19/England/ALDP-95610F/2020,159,271
hCoV-19/England/ALDP-9560F3/2020,159,271
hCoV-19/England/ALDP-9560E4/2020,159,271
hCoV-19/England/ALDP-9560D5/2020,159,271
hCoV-19/England/ALDP-9560B7/2020,159,271
hCoV-19/England/ALDP-9560A8/2020,159,271
hCoV-19/England/ALDP-95608A/2020,159,271
hCoV-19/England/ALDP-95606C/2020,159,271
hCoV-19/England/ALDP-95603F/2020,159,271
hCoV-19/England/ALDP-955FF7/2020,159,271
hCoV-19/England/ALDP-955FE8/2020,159,271
hCoV-19/England/ALDP-955FAC/2020,159,271
hCoV-19/England/ALDP-955F9D/2020,159,271
hCoV-19/England/ALDP-955F15/2020,159,271
hCoV-19/England/ALDP-955E54/2020,159,271
hCoV-19/England/ALDP-953C3E/2020,159,271
hCoV-19/England/ALDP-953C2F/2020,159,271
hCoV-19/England/ALDP-953C10/2020,159,271
hCoV-19/England/ALDP-953C01/2020,159,271
hCoV-19/England/ALDP-953BF5/2020,159,271
hCoV-19/England/ALDP-953BC8/2020,159,271
hCoV-19/England/ALDP-953BB9/2020,159,271
hCoV-19/England/ALDP-953BAA/2020,159,271
hCoV-19/England/ALDP-953B6E/2020,159,271
hCoV-19/England/ALDP-953B40/2020,159,271
hCoV-19/England/ALDP-953B31/2020,159,271
hCoV-19/England/ALDP-953B13/2020,159,271
hCoV-19/England/ALDP-953B04/2020,159,271
hCoV-19/England/ALDP-953AF8/2020,159,271
hCoV-19/England/ALDP-953A70/2020,159,271
hCoV-19/England/ALDP-953A43/2020,159,271
hCoV-19/England/ALDP-953A16/2020,159,271
hCoV-19/England/ALDP-953A07/2020,159,271
hCoV-19/England/ALDP-9539FB/2020,159,271
hCoV-19/England/ALDP-9539EC/2020,159,271
hCoV-19/England/ALDP-9539DD/2020,159,271
hCoV-19/England/ALDP-9539A0/2020,159,271
hCoV-19/England/ALDP-9538EF/2020,159,271
hCoV-19/England/ALDP-9538B2/2020,159,271
hCoV-19/England/ALDP-9538A3/2020,159,271
hCoV-19/England/ALDP-953885/2020,159,271
hCoV-19/England/ALDP-953849/2020,159,271
hCoV-19/England/ALDP-95380D/2020,159,271
hCoV-19/England/ALDP-9537F1/2020,159,271
hCoV-19/England/ALDP-9537E2/2020,159,271
hCoV-19/England/ALDP-9537D3/2020,159,271
hCoV-19/England/ALDP-9537C4/2020,159,271
hCoV-19/England/ALDP-9537B5/2020,159,271
hCoV-19/England/ALDP-9537A6/2020,159,271
hCoV-19/England/ALDP-953788/2020,159,271
hCoV-19/England/ALDP-953779/2020,159,271
hCoV-19/England/ALDP-95375B/2020,159,271
hCoV-19/England/ALDP-95374C/2020,159,271
hCoV-19/England/ALDP-95372E/2020,159,271
hCoV-19/England/ALDP-95371F/2020,159,271
hCoV-19/England/ALDP-9536B8/2020,159,271
hCoV-19/England/ALDP-9536A9/2020,159,271
hCoV-19/England/ALDP-95369A/2020,159,271
hCoV-19/England/ALDP-95368B/2020,159,271
hCoV-19/England/ALDP-95366D/2020,159,271
hCoV-19/England/ALDP-95365E/2020,159,271
hCoV-19/England/ALDP-95364F/2020,159,271
hCoV-19/England/ALDP-953621/2020,159,271
hCoV-19/England/ALDP-953612/2020,159,271
hCoV-19/England/ALDP-953603/2020,159,271
hCoV-19/England/ALDP-9535F7/2020,159,271
hCoV-19/England/ALDP-9535E8/2020,159,271
hCoV-19/England/ALDP-9535CA/2020,159,271
hCoV-19/England/ALDP-9535BB/2020,159,271
hCoV-19/England/ALDP-95359D/2020,159,271
hCoV-19/England/ALDP-95357F/2020,159,271
hCoV-19/England/ALDP-953560/2020,159,271
hCoV-19/England/ALDP-953551/2020,159,271
hCoV-19/England/ALDP-953542/2020,159,271
hCoV-19/England/ALDP-953533/2020,159,271
hCoV-19/England/ALDP-953524/2020,159,271
hCoV-19/England/ALDP-9534FA/2020,159,271
hCoV-19/England/ALDP-9534EB/2020,159,271
hCoV-19/England/ALDP-9534DC/2020,159,271
hCoV-19/England/ALDP-9534CD/2020,159,271
hCoV-19/England/ALDP-9534BE/2020,159,271
hCoV-19/England/ALDP-9534AF/2020,159,271
hCoV-19/England/ALDP-953490/2020,159,271
hCoV-19/England/ALDP-953481/2020,159,271
hCoV-19/England/ALDP-5AB9E9/2020,159,271
hCoV-19/England/ALDP-5AB99E/2020,159,271
hCoV-19/England/ALDP-5AB7A3/2020,159,271
hCoV-19/England/ALDP-59A15E/2020,159,287
hCoV-19/England/ALDP-599DE2/2020,159,271
hCoV-19/England/ALDP-599CA9/2020,159,271
hCoV-19/England/ALDP-599BD9/2020,159,271
hCoV-19/England/ALDP-599BCA/2020,159,271
hCoV-19/England/ALDP-599A72/2020,159,271
hCoV-19/England/ALDP-599A09/2020,159,271
hCoV-19/England/ALDP-59985A/2020,159,271
hCoV-19/England/ALDP-59977B/2020,159,271
hCoV-19/England/ALDP-4AE1B2/2020,159,271
hCoV-19/England/ALDP-4AE158/2020,159,271
hCoV-19/England/ALDP-4AE0D3/2020,159,271
hCoV-19/England/ALDP-4AE0C4/2020,159,271
hCoV-19/England/ALDP-4AE06A/2020,159,271
hCoV-19/England/ALDP-4ADFAA/2020,159,271
hCoV-19/England/ALDP-4ADF31/2020,159,271
hCoV-19/England/ALDP-4ADE8F/2020,159,271
hCoV-19/England/ALDP-4ADDCE/2020,159,271
hCoV-19/England/ALDP-4A79DF/2020,159,271
hCoV-19/England/ALDP-4A7948/2020,159,271
hCoV-19/England/ALDP-4A78C3/2020,159,271
hCoV-19/England/ALDP-4A77E4/2020,159,271
hCoV-19/England/ALDP-4A776C/2020,159,271
hCoV-19/England/ALDP-4A76E7/2020,159,271
hCoV-19/England/ALDP-4A76C9/2020,159,271
hCoV-19/England/ALDP-4A76BA/2020,159,271
hCoV-19/England/ALDP-4A766F/2020,159,271
hCoV-19/England/ALDP-4A7526/2020,159,271
hCoV-19/England/ALDP-4A7492/2020,159,271
hCoV-19/England/ALDP-4A6E86/2020,159,271
hCoV-19/England/ALDP-4A6C9B/2020,159,271
hCoV-19/England/ALDP-4A6BCB/2020,159,271
hCoV-19/England/ALDP-4A69D0/2020,159,271
hCoV-19/England/ALDP-4A6141/2020,159,271
hCoV-19/England/ALDP-4A6132/2020,159,271
hCoV-19/England/ALDP-49DBA9/2020,159,271
hCoV-19/England/ALDP-49DA42/2020,159,271
hCoV-19/England/ALDP-49D839/2020,159,271
hCoV-19/England/ALDP-49D24A/2020,159,271
hCoV-19/England/ALDP-49D23B/2020,159,271
hCoV-19/England/ALDP-49A30E/2020,159,271
hCoV-19/England/ALDP-49A1B9/2020,159,271
hCoV-19/England/202561786/2020,159,190
hCoV-19/Wales/PHWC-16C6F0/2020,160,278
hCoV-19/Wales/PHWC-16921D/2020,160,209
hCoV-19/Wales/PHWC-168E38/2020,160,209
hCoV-19/Wales/PHWC-168524/2020,160,264
hCoV-19/Wales/PHWC-167F27/2020,160,202
hCoV-19/Wales/PHWC-165220/2020,160,181
hCoV-19/Wales/PHWC-1650CC/2020,160,181
hCoV-19/Wales/MILK-9586C2/2020,160,271
hCoV-19/Wales/MILK-958659/2020,160,271
hCoV-19/Wales/MILK-95772A/2020,160,271
hCoV-19/Wales/MILK-55D47C/2020,160,271
hCoV-19/Wales/ALDP-95AD52/2020,160,271
hCoV-19/Scotland/CVR3906/2020,160,223
hCoV-19/Scotland/CVR3905/2020,160,223
hCoV-19/Scotland/CVR3837/2020,160,181
hCoV-19/England/SHEF-C61E5/2020,160,189
hCoV-19/England/SHEF-C580F/2020,160,181
hCoV-19/England/PORT-2D115E/2020,160,189
hCoV-19/England/NOTT-112486/2020,160,189
hCoV-19/England/NOTT-11240E/2020,160,189
hCoV-19/England/NOTT-111DC8/2020,160,174
hCoV-19/England/MILK-958792/2020,160,271
hCoV-19/England/MILK-958783/2020,160,271
hCoV-19/England/MILK-958774/2020,160,271
hCoV-19/England/MILK-958747/2020,160,271
hCoV-19/England/MILK-9586FF/2020,160,271
hCoV-19/England/MILK-9586E0/2020,160,271
hCoV-19/England/MILK-9586B3/2020,160,271
hCoV-19/England/MILK-9586A4/2020,160,271
hCoV-19/England/MILK-958598/2020,160,271
hCoV-19/England/MILK-95853E/2020,160,271
hCoV-19/England/MILK-95852F/2020,160,271
hCoV-19/England/MILK-958510/2020,160,271
hCoV-19/England/MILK-958501/2020,160,271
hCoV-19/England/MILK-958422/2020,160,271
hCoV-19/England/MILK-958413/2020,160,271
hCoV-19/England/MILK-9583DA/2020,160,271
hCoV-19/England/MILK-9583BC/2020,160,271
hCoV-19/England/MILK-958370/2020,160,271
hCoV-19/England/MILK-958361/2020,160,271
hCoV-19/England/MILK-9582DD/2020,160,271
hCoV-19/England/MILK-958282/2020,160,271
hCoV-19/England/MILK-958273/2020,160,271
hCoV-19/England/MILK-958255/2020,160,271
hCoV-19/England/MILK-958246/2020,160,271
hCoV-19/England/MILK-9581B2/2020,160,271
hCoV-19/England/MILK-9581A3/2020,160,271
hCoV-19/England/MILK-95803D/2020,160,271
hCoV-19/England/MILK-957FD7/2020,160,271
hCoV-19/England/MILK-957F9B/2020,160,271
hCoV-19/England/MILK-957F40/2020,160,271
hCoV-19/England/MILK-957F31/2020,160,271
hCoV-19/England/MILK-957E25/2020,160,271
hCoV-19/England/MILK-957E16/2020,160,271
hCoV-19/England/MILK-957DCE/2020,160,271
hCoV-19/England/MILK-957C2B/2020,160,271
hCoV-19/England/MILK-957B4C/2020,160,271
hCoV-19/England/MILK-957B3D/2020,160,271
hCoV-19/England/MILK-957B2E/2020,160,271
hCoV-19/England/MILK-957AC7/2020,160,271
hCoV-19/England/MILK-957AB8/2020,160,271
hCoV-19/England/MILK-95799D/2020,160,271
hCoV-19/England/MILK-95797F/2020,160,271
hCoV-19/England/MILK-9578EB/2020,160,271
hCoV-19/England/MILK-9578DC/2020,160,271
hCoV-19/England/MILK-9578BE/2020,160,271
hCoV-19/England/MILK-957890/2020,160,271
hCoV-19/England/MILK-957872/2020,160,271
hCoV-19/England/MILK-957863/2020,160,271
hCoV-19/England/MILK-957854/2020,160,271
hCoV-19/England/MILK-957827/2020,160,271
hCoV-19/England/MILK-957809/2020,160,271
hCoV-19/England/MILK-9577EE/2020,160,271
hCoV-19/England/MILK-957784/2020,160,271
hCoV-19/England/MILK-95771B/2020,160,271
hCoV-19/England/MILK-957687/2020,160,271
hCoV-19/England/MILK-957678/2020,160,271
hCoV-19/England/MILK-95754E/2020,160,271
hCoV-19/England/MILK-956F05/2020,160,271
hCoV-19/England/MILK-956E53/2020,160,271
hCoV-19/England/MILK-956CD1/2020,160,271
hCoV-19/England/MILK-57A840/2020,160,271
hCoV-19/England/MILK-56C53B/2020,160,271
hCoV-19/England/MILK-56C4E3/2020,160,271
hCoV-19/England/MILK-559DC0/2020,160,271
hCoV-19/England/MILK-55949E/2020,160,271
hCoV-19/England/MILK-4BEEB8/2020,160,271
hCoV-19/England/LIVE-A299C/2020,160,209
hCoV-19/England/LIVE-A298D/2020,160,209
hCoV-19/England/LIVE-A296F/2020,160,209
hCoV-19/England/LIVE-A19CA/2020,160,189
hCoV-19/England/LIVE-A198E/2020,160,189
hCoV-19/England/LIVE-A1933/2020,160,196
hCoV-19/England/LIVE-A1915/2020,160,196
hCoV-19/England/LCST-24D6CC9/2020,160,189
hCoV-19/England/LCST-24D6CBA/2020,160,189
hCoV-19/England/LCST-24D6CAB/2020,160,189
hCoV-19/England/LCST-24D6C9C/2020,160,189
hCoV-19/England/LCST-24D6C8D/2020,160,181
hCoV-19/England/HECH-259A3E9/2020,160,195
hCoV-19/England/HECH-259A3DA/2020,160,195
hCoV-19/England/CWAR-24FDE20/2020,160,292
hCoV-19/England/CWAR-24FDE11/2020,160,292
hCoV-19/England/CAMB-1B4BBE/2020,160,174
hCoV-19/England/BRIS-13267B/2020,160,222
hCoV-19/England/BIRM-612F8/2020,160,181
hCoV-19/England/BIRM-612DA/2020,160,181
hCoV-19/England/BIRM-608BB/2020,160,189
hCoV-19/England/ALDP-95AD8F/2020,160,271
hCoV-19/England/ALDP-95AD70/2020,160,271
hCoV-19/England/ALDP-95AD61/2020,160,287
hCoV-19/England/ALDP-95ABD0/2020,160,271
hCoV-19/England/ALDP-95A87F/2020,160,271
hCoV-19/England/ALDP-95A208/2020,160,271
hCoV-19/England/ALDP-95A1FC/2020,160,271
hCoV-19/England/ALDP-954909/2020,160,271
hCoV-19/England/ALDP-9548FD/2020,160,271
hCoV-19/England/ALDP-9548DF/2020,160,271
hCoV-19/England/ALDP-9548B1/2020,160,271
hCoV-19/England/ALDP-954893/2020,160,271
hCoV-19/England/ALDP-954884/2020,160,271
hCoV-19/England/ALDP-954866/2020,160,271
hCoV-19/England/ALDP-954839/2020,160,271
hCoV-19/England/ALDP-95480C/2020,160,271
hCoV-19/England/ALDP-9547F0/2020,160,271
hCoV-19/England/ALDP-9547A5/2020,160,271
hCoV-19/England/ALDP-954787/2020,160,271
hCoV-19/England/ALDP-954778/2020,160,271
hCoV-19/England/ALDP-954769/2020,160,271
hCoV-19/England/ALDP-95475A/2020,160,271
hCoV-19/England/ALDP-95474B/2020,160,271
hCoV-19/England/ALDP-95472D/2020,160,271
hCoV-19/England/ALDP-95471E/2020,160,271
hCoV-19/England/ALDP-9546C6/2020,160,271
hCoV-19/England/ALDP-9546B7/2020,160,271
hCoV-19/England/ALDP-9545C9/2020,160,271
hCoV-19/England/ALDP-954550/2020,160,271
hCoV-19/England/ALDP-954541/2020,160,271
hCoV-19/England/ALDP-952877/2020,160,271
hCoV-19/England/ALDP-95273E/2020,160,271
hCoV-19/England/ALDP-95272F/2020,160,271
hCoV-19/England/ALDP-952710/2020,160,271
hCoV-19/England/ALDP-952701/2020,160,271
hCoV-19/England/ALDP-9526F5/2020,160,271
hCoV-19/England/ALDP-9526D7/2020,160,271
hCoV-19/England/ALDP-9526C8/2020,160,271
hCoV-19/England/ALDP-9526AA/2020,160,271
hCoV-19/England/ALDP-95269B/2020,160,271
hCoV-19/England/ALDP-95266E/2020,160,271
hCoV-19/England/ALDP-95265F/2020,160,271
hCoV-19/England/ALDP-952640/2020,160,271
hCoV-19/England/ALDP-952613/2020,160,271
hCoV-19/England/ALDP-952604/2020,160,271
hCoV-19/England/ALDP-9525E9/2020,160,271
hCoV-19/England/ALDP-9525AD/2020,160,271
hCoV-19/England/ALDP-95259E/2020,160,271
hCoV-19/England/ALDP-952552/2020,160,271
hCoV-19/England/ALDP-952543/2020,160,271
hCoV-19/England/ALDP-952525/2020,160,271
hCoV-19/England/ALDP-952516/2020,160,271
hCoV-19/England/ALDP-952507/2020,160,271
hCoV-19/England/ALDP-9524CE/2020,160,271
hCoV-19/England/ALDP-952446/2020,160,271
hCoV-19/England/ALDP-952428/2020,160,271
hCoV-19/England/ALDP-95240A/2020,160,271
hCoV-19/England/ALDP-9523A3/2020,160,271
hCoV-19/England/ALDP-952394/2020,160,271
hCoV-19/England/ALDP-952358/2020,160,271
hCoV-19/England/ALDP-952349/2020,160,271
hCoV-19/England/ALDP-95232B/2020,160,271
hCoV-19/England/ALDP-9522E2/2020,160,271
hCoV-19/England/ALDP-9522D3/2020,160,271
hCoV-19/England/ALDP-9522B5/2020,160,271
hCoV-19/England/ALDP-952288/2020,160,271
hCoV-19/England/ALDP-952279/2020,160,271
hCoV-19/England/ALDP-95225B/2020,160,271
hCoV-19/England/ALDP-95223D/2020,160,271
hCoV-19/England/ALDP-95222E/2020,160,271
hCoV-19/England/ALDP-95221F/2020,160,271
hCoV-19/England/ALDP-952200/2020,160,271
hCoV-19/England/ALDP-9521F4/2020,160,271
hCoV-19/England/ALDP-9521E5/2020,160,271
hCoV-19/England/ALDP-9521D6/2020,160,271
hCoV-19/England/ALDP-9521C7/2020,160,271
hCoV-19/England/ALDP-9521B8/2020,160,271
hCoV-19/England/ALDP-9521A9/2020,160,271
hCoV-19/England/ALDP-95219A/2020,160,271
hCoV-19/England/ALDP-95218B/2020,160,271
hCoV-19/England/ALDP-95216D/2020,160,271
hCoV-19/England/ALDP-952121/2020,160,271
hCoV-19/England/ALDP-952112/2020,160,271
hCoV-19/England/ALDP-952103/2020,160,271
hCoV-19/England/ALDP-9520F7/2020,160,271
hCoV-19/England/ALDP-9520E8/2020,160,271
hCoV-19/England/ALDP-9520D9/2020,160,271
hCoV-19/England/ALDP-9520CA/2020,160,271
hCoV-19/England/ALDP-9520AC/2020,160,271
hCoV-19/England/ALDP-95207F/2020,160,271
hCoV-19/England/ALDP-952006/2020,160,271
hCoV-19/England/ALDP-951FFB/2020,160,271
hCoV-19/England/ALDP-951FCE/2020,160,271
hCoV-19/England/ALDP-951FBF/2020,160,271
hCoV-19/England/ALDP-951F55/2020,160,271
hCoV-19/England/ALDP-951F46/2020,160,271
hCoV-19/England/ALDP-951F37/2020,160,271
hCoV-19/England/ALDP-951F28/2020,160,271
hCoV-19/England/ALDP-951F19/2020,160,271
hCoV-19/England/ALDP-951F0A/2020,160,271
hCoV-19/England/ALDP-951EEF/2020,160,271
hCoV-19/England/ALDP-4ADC76/2020,160,271
hCoV-19/England/ALDP-4ADBB5/2020,160,271
hCoV-19/England/ALDP-4ADB00/2020,160,271
hCoV-19/England/ALDP-4AD9CA/2020,160,271
hCoV-19/England/ALDP-4AD915/2020,160,271
hCoV-19/England/ALDP-4AD863/2020,160,271
hCoV-19/England/ALDP-4AD7C0/2020,160,271
hCoV-19/England/ALDP-4AD793/2020,160,271
hCoV-19/England/ALDP-4A9551/2020,160,271
hCoV-19/England/ALDP-4A94FA/2020,160,271
hCoV-19/England/ALDP-4A94AF/2020,160,271
hCoV-19/England/ALDP-4A9454/2020,160,271
hCoV-19/England/ALDP-4A93C0/2020,160,271
hCoV-19/England/ALDP-4A9339/2020,160,271
hCoV-19/England/ALDP-4A931B/2020,160,271
hCoV-19/England/ALDP-4A92F0/2020,160,271
hCoV-19/England/ALDP-4A92C3/2020,160,271
hCoV-19/England/ALDP-4A924B/2020,160,271
hCoV-19/England/ALDP-4A922D/2020,160,271
hCoV-19/England/ALDP-4A91C6/2020,160,271
hCoV-19/England/ALDP-4A635A/2020,160,271
hCoV-19/England/ALDP-4A631E/2020,160,271
hCoV-19/England/ALDP-4A628A/2020,160,271
hCoV-19/England/ALDP-4A6044/2020,160,271
hCoV-19/England/ALDP-4A6008/2020,160,271
hCoV-19/England/ALDP-4A5EE1/2020,160,271
hCoV-19/England/ALDP-4A5EB4/2020,160,271
hCoV-19/England/ALDP-4A5E4B/2020,160,271
hCoV-19/England/ALDP-4A5DA8/2020,160,271
hCoV-19/England/ALDP-4A5C14/2020,160,271
hCoV-19/England/ALDP-4A5B71/2020,160,271
hCoV-19/England/ALDP-4A5B53/2020,160,271
hCoV-19/England/ALDP-4A5AA1/2020,160,271
hCoV-19/England/ALDP-4A5A92/2020,160,271
hCoV-19/England/ALDP-4A5889/2020,160,271
hCoV-19/England/ALDP-4A519D/2020,160,271
hCoV-19/England/ALDP-4A50CD/2020,160,271
hCoV-19/England/ALDP-4A4E88/2020,160,271
hCoV-19/England/ALDP-4A4D6D/2020,160,271
hCoV-19/England/202881378/2020,160,198
hCoV-19/England/202881376/2020,160,198
hCoV-19/England/202822177/2020,160,196
hCoV-19/England/202561787/2020,160,190
hCoV-19/Wales/PHWC-166A54/2020,161,202
hCoV-19/Wales/PHWC-166887/2020,161,202
hCoV-19/Wales/PHWC-16681E/2020,161,202
hCoV-19/Wales/PHWC-1664DE/2020,161,202
hCoV-19/Wales/PHWC-165378/2020,161,181
hCoV-19/Wales/MILK-958729/2020,161,271
hCoV-19/Wales/MILK-9575D5/2020,161,271
hCoV-19/Wales/MILK-56A8AD/2020,161,271
hCoV-19/Wales/MILK-5142FF/2020,161,271
hCoV-19/Wales/MILK-511B15/2020,161,271
hCoV-19/Wales/MILK-50D314/2020,161,271
hCoV-19/Wales/ALDP-95ADF8/2020,161,271
hCoV-19/Scotland/CVR3892/2020,161,189
hCoV-19/Scotland/CVR3861/2020,161,189
hCoV-19/England/SHEF-C8A8E/2020,161,189
hCoV-19/England/SHEF-C54DE/2020,161,189
hCoV-19/England/SHEF-10B30FA/2020,161,259
hCoV-19/England/PORT-2D166E/2020,161,223
hCoV-19/England/NOTT-111E4D/2020,161,174
hCoV-19/England/NOTT-111E3E/2020,161,174
hCoV-19/England/NOTT-111E2F/2020,161,174
hCoV-19/England/NORT-2931FE/2020,161,201
hCoV-19/England/MILK-958A99/2020,161,271
hCoV-19/England/MILK-958677/2020,161,271
hCoV-19/England/MILK-95854D/2020,161,271
hCoV-19/England/MILK-958088/2020,161,271
hCoV-19/England/MILK-958079/2020,161,271
hCoV-19/England/MILK-957D73/2020,161,271
hCoV-19/England/MILK-957BF1/2020,161,271
hCoV-19/England/MILK-957BC4/2020,161,271
hCoV-19/England/MILK-957B88/2020,161,271
hCoV-19/England/MILK-957B79/2020,161,271
hCoV-19/England/MILK-9579F7/2020,161,271
hCoV-19/England/MILK-9579BB/2020,161,271
hCoV-19/England/MILK-9579AC/2020,161,271
hCoV-19/England/MILK-95798E/2020,161,271
hCoV-19/England/MILK-9578FA/2020,161,271
hCoV-19/England/MILK-957696/2020,161,271
hCoV-19/England/MILK-95756C/2020,161,271
hCoV-19/England/MILK-957405/2020,161,271
hCoV-19/England/MILK-9573F9/2020,161,271
hCoV-19/England/MILK-9573DB/2020,161,271
hCoV-19/England/MILK-957344/2020,161,271
hCoV-19/England/MILK-9572FC/2020,161,271
hCoV-19/England/MILK-9572DE/2020,161,271
hCoV-19/England/MILK-9572CF/2020,161,271
hCoV-19/England/MILK-9572B0/2020,161,271
hCoV-19/England/MILK-95720B/2020,161,271
hCoV-19/England/MILK-957168/2020,161,271
hCoV-19/England/MILK-95713B/2020,161,271
hCoV-19/England/MILK-9570F2/2020,161,271
hCoV-19/England/MILK-9570E3/2020,161,271
hCoV-19/England/MILK-9570D4/2020,161,271
hCoV-19/England/MILK-95706B/2020,161,271
hCoV-19/England/MILK-95705C/2020,161,271
hCoV-19/England/MILK-95704D/2020,161,271
hCoV-19/England/MILK-95702F/2020,161,271
hCoV-19/England/MILK-957010/2020,161,271
hCoV-19/England/MILK-956DCF/2020,161,271
hCoV-19/England/MILK-956D83/2020,161,271
hCoV-19/England/MILK-956D38/2020,161,271
hCoV-19/England/MILK-956CE0/2020,161,271
hCoV-19/England/MILK-956C59/2020,161,271
hCoV-19/England/MILK-956C3B/2020,161,271
hCoV-19/England/MILK-597CAB/2020,161,271
hCoV-19/England/MILK-59625F/2020,161,271
hCoV-19/England/MILK-57901C/2020,161,271
hCoV-19/England/MILK-576F7C/2020,161,271
hCoV-19/England/MILK-5757FD/2020,161,271
hCoV-19/England/MILK-5753DB/2020,161,271
hCoV-19/England/MILK-574DFC/2020,161,287
hCoV-19/England/MILK-5747C1/2020,161,271
hCoV-19/England/MILK-57314C/2020,161,271
hCoV-19/England/MILK-5715F7/2020,161,271
hCoV-19/England/MILK-56B217/2020,161,271
hCoV-19/England/MILK-569D72/2020,161,271
hCoV-19/England/MILK-569677/2020,161,271
hCoV-19/England/MILK-568D37/2020,161,271
hCoV-19/England/MILK-568D0A/2020,161,271
hCoV-19/England/MILK-568CD0/2020,161,271
hCoV-19/England/MILK-567A31/2020,161,271
hCoV-19/England/MILK-56710F/2020,161,271
hCoV-19/England/MILK-565D2B/2020,161,271
hCoV-19/England/MILK-565AE8/2020,161,271
hCoV-19/England/MILK-56514D/2020,161,271
hCoV-19/England/MILK-564AF8/2020,161,271
hCoV-19/England/MILK-5642D2/2020,161,271
hCoV-19/England/MILK-563A62/2020,161,271
hCoV-19/England/MILK-563929/2020,161,271
hCoV-19/England/MILK-56381D/2020,161,271
hCoV-19/England/MILK-5637C5/2020,161,271
hCoV-19/England/MILK-5630D9/2020,161,271
hCoV-19/England/MILK-562EC1/2020,161,271
hCoV-19/England/MILK-562E76/2020,161,271
hCoV-19/England/MILK-562D6A/2020,161,271
hCoV-19/England/MILK-562D5B/2020,161,271
hCoV-19/England/MILK-562CA9/2020,161,271
hCoV-19/England/MILK-562ABE/2020,161,271
hCoV-19/England/MILK-56133C/2020,161,271
hCoV-19/England/MILK-5605FB/2020,161,271
hCoV-19/England/MILK-55F10A/2020,161,271
hCoV-19/England/MILK-55E790/2020,161,271
hCoV-19/England/MILK-55E165/2020,161,271
hCoV-19/England/MILK-55C52F/2020,161,271
hCoV-19/England/MILK-55C1FE/2020,161,271
hCoV-19/England/MILK-55C079/2020,161,271
hCoV-19/England/MILK-55A3DC/2020,161,271
hCoV-19/England/MILK-559F15/2020,161,271
hCoV-19/England/MILK-559EFA/2020,161,271
hCoV-19/England/MILK-559E27/2020,161,271
hCoV-19/England/MILK-559DB1/2020,161,271
hCoV-19/England/MILK-559DA2/2020,161,271
hCoV-19/England/MILK-559CF0/2020,161,271
hCoV-19/England/MILK-559C3C/2020,161,271
hCoV-19/England/MILK-559ABA/2020,161,271
hCoV-19/England/MILK-51856B/2020,161,271
hCoV-19/England/MILK-512376/2020,161,271
hCoV-19/England/MILK-510EB3/2020,161,271
hCoV-19/England/MILK-510B52/2020,161,271
hCoV-19/England/MILK-50EF97/2020,161,271
hCoV-19/England/MILK-50ED60/2020,161,271
hCoV-19/England/MILK-50DD70/2020,161,271
hCoV-19/England/MILK-50A7FD/2020,161,271
hCoV-19/England/MILK-5097A3/2020,161,271
hCoV-19/England/LIVE-ABA18/2020,161,307
hCoV-19/England/LIVE-AB9A2/2020,161,307
hCoV-19/England/LIVE-A29AB/2020,161,209
hCoV-19/England/LIVE-A28F9/2020,161,209
hCoV-19/England/LIVE-A0C95/2020,161,181
hCoV-19/England/LIVE-A0C68/2020,161,181
hCoV-19/England/LCST-24D6D4E/2020,161,189
hCoV-19/England/LCST-24D6D3F/2020,161,189
hCoV-19/England/LCST-24D6D20/2020,161,189
hCoV-19/England/LCST-24D6CE7/2020,161,189
hCoV-19/England/CWAR-24FDF4B/2020,161,292
hCoV-19/England/CAMB-1B4B63/2020,161,174
hCoV-19/England/CAMB-1B4B45/2020,161,174
hCoV-19/England/CAMB-1B4B36/2020,161,174
hCoV-19/England/CAMB-1B4B09/2020,161,174
hCoV-19/England/CAMB-1B4ADF/2020,161,174
hCoV-19/England/BRIS-13273C/2020,161,201
hCoV-19/England/BRIS-13259C/2020,161,222
hCoV-19/England/ALDP-95B137/2020,161,271
hCoV-19/England/ALDP-95B128/2020,161,271
hCoV-19/England/ALDP-95B119/2020,161,271
hCoV-19/England/ALDP-95B0FE/2020,161,271
hCoV-19/England/ALDP-95AED7/2020,161,271
hCoV-19/England/ALDP-95AEC8/2020,161,271
hCoV-19/England/ALDP-95A639/2020,161,271
hCoV-19/England/ALDP-95A62A/2020,161,271
hCoV-19/England/ALDP-95A61B/2020,161,271
hCoV-19/England/ALDP-95A0B3/2020,161,271
hCoV-19/England/ALDP-95A0A4/2020,161,271
hCoV-19/England/ALDP-95A03B/2020,161,271
hCoV-19/England/ALDP-95A02C/2020,161,271
hCoV-19/England/ALDP-95A01D/2020,161,271
hCoV-19/England/ALDP-95A00E/2020,161,271
hCoV-19/England/ALDP-959FF3/2020,161,271
hCoV-19/England/ALDP-959FE4/2020,161,271
hCoV-19/England/ALDP-959FD5/2020,161,271
hCoV-19/England/ALDP-959FC6/2020,161,271
hCoV-19/England/ALDP-959FB7/2020,161,271
hCoV-19/England/ALDP-959FA8/2020,161,271
hCoV-19/England/ALDP-959E9C/2020,161,271
hCoV-19/England/ALDP-9533A2/2020,161,271
hCoV-19/England/ALDP-953384/2020,161,271
hCoV-19/England/ALDP-95324B/2020,161,271
hCoV-19/England/ALDP-952033/2020,161,271
hCoV-19/England/ALDP-951FA0/2020,161,271
hCoV-19/England/ALDP-951F91/2020,161,271
hCoV-19/England/ALDP-951F82/2020,161,271
hCoV-19/England/ALDP-951EB2/2020,161,271
hCoV-19/England/ALDP-951EA3/2020,161,271
hCoV-19/England/ALDP-951E49/2020,161,271
hCoV-19/England/ALDP-951E2B/2020,161,271
hCoV-19/England/ALDP-951E1C/2020,161,271
hCoV-19/England/ALDP-951E0D/2020,161,271
hCoV-19/England/ALDP-951DF1/2020,161,271
hCoV-19/England/ALDP-951DE2/2020,161,271
hCoV-19/England/ALDP-951DD3/2020,161,271
hCoV-19/England/ALDP-951DC4/2020,161,271
hCoV-19/England/ALDP-951D97/2020,161,271
hCoV-19/England/ALDP-951D88/2020,161,271
hCoV-19/England/ALDP-951D6A/2020,161,271
hCoV-19/England/ALDP-951CF4/2020,161,271
hCoV-19/England/ALDP-951CC7/2020,161,271
hCoV-19/England/ALDP-951C6D/2020,161,271
hCoV-19/England/ALDP-951C5E/2020,161,271
hCoV-19/England/ALDP-951C4F/2020,161,271
hCoV-19/England/ALDP-951C30/2020,161,271
hCoV-19/England/ALDP-951C21/2020,161,271
hCoV-19/England/ALDP-951C12/2020,161,271
hCoV-19/England/ALDP-951C03/2020,161,271
hCoV-19/England/ALDP-951BE8/2020,161,271
hCoV-19/England/ALDP-951BBB/2020,161,271
hCoV-19/England/ALDP-951B9D/2020,161,271
hCoV-19/England/ALDP-951B60/2020,161,271
hCoV-19/England/ALDP-951B51/2020,161,271
hCoV-19/England/ALDP-951B33/2020,161,271
hCoV-19/England/ALDP-951B24/2020,161,271
hCoV-19/England/ALDP-951B06/2020,161,271
hCoV-19/England/ALDP-951AFA/2020,161,271
hCoV-19/England/ALDP-951ADC/2020,161,271
hCoV-19/England/ALDP-951A90/2020,161,271
hCoV-19/England/ALDP-951A45/2020,161,271
hCoV-19/England/ALDP-951A27/2020,161,271
hCoV-19/England/ALDP-9519FD/2020,161,271
hCoV-19/England/ALDP-9519C0/2020,161,271
hCoV-19/England/ALDP-9519B1/2020,161,271
hCoV-19/England/ALDP-951984/2020,161,271
hCoV-19/England/ALDP-951975/2020,161,271
hCoV-19/England/ALDP-95192A/2020,161,271
hCoV-19/England/ALDP-95191B/2020,161,271
hCoV-19/England/ALDP-9518E1/2020,161,271
hCoV-19/England/ALDP-9518D2/2020,161,271
hCoV-19/England/ALDP-9518C3/2020,161,271
hCoV-19/England/ALDP-9518A5/2020,161,271
hCoV-19/England/ALDP-951887/2020,161,271
hCoV-19/England/ALDP-951878/2020,161,271
hCoV-19/England/ALDP-951869/2020,161,271
hCoV-19/England/ALDP-95185A/2020,161,271
hCoV-19/England/ALDP-95184B/2020,161,271
hCoV-19/England/ALDP-95183C/2020,161,271
hCoV-19/England/ALDP-95182D/2020,161,271
hCoV-19/England/ALDP-95181E/2020,161,271
hCoV-19/England/ALDP-9517F3/2020,161,271
hCoV-19/England/ALDP-9517B7/2020,161,271
hCoV-19/England/ALDP-95169C/2020,161,271
hCoV-19/England/ALDP-95167E/2020,161,271
hCoV-19/England/ALDP-95166F/2020,161,271
hCoV-19/England/ALDP-951650/2020,161,271
hCoV-19/England/ALDP-951641/2020,161,271
hCoV-19/England/ALDP-94B38F/2020,161,271
hCoV-19/England/ALDP-94A7EE/2020,161,271
hCoV-19/England/ALDP-94A7DF/2020,161,271
hCoV-19/England/ALDP-949D38/2020,161,271
hCoV-19/England/ALDP-4AF3D9/2020,161,271
hCoV-19/England/ALDP-4AF166/2020,161,271
hCoV-19/England/ALDP-4AA5E7/2020,161,271
hCoV-19/England/ALDP-4AA16B/2020,161,271
hCoV-19/England/ALDP-4A9E74/2020,161,271
hCoV-19/England/ALDP-4A9DC2/2020,161,271
hCoV-19/England/ALDP-4A9B7D/2020,161,271
hCoV-19/England/ALDP-4A9A9E/2020,161,271
hCoV-19/England/ALDP-4A9885/2020,161,271
hCoV-19/England/ALDP-4A975B/2020,161,271
hCoV-19/England/ALDP-4A6721/2020,161,271
hCoV-19/England/ALDP-4A667F/2020,161,271
hCoV-19/England/ALDP-4A63C3/2020,161,271
hCoV-19/England/20246148004/2020,161,173
hCoV-19/Wales/PHWC-1692B3/2020,162,209
hCoV-19/Wales/PHWC-166F82/2020,162,202
hCoV-19/Wales/PHWC-166E94/2020,162,202
hCoV-19/Wales/PHWC-166DA6/2020,162,202
hCoV-19/Wales/PHWC-166878/2020,162,202
hCoV-19/Wales/PHWC-166526/2020,162,202
hCoV-19/Wales/PHWC-164C7E/2020,162,181
hCoV-19/Wales/MILK-598123/2020,162,271
hCoV-19/Wales/MILK-5932DA/2020,162,271
hCoV-19/Wales/ALDP-95AB2B/2020,162,271
hCoV-19/Wales/ALDP-95AB1C/2020,162,271
hCoV-19/Wales/ALDP-95AAE2/2020,162,271
hCoV-19/Wales/ALDP-95AAD3/2020,162,271
hCoV-19/Wales/ALDP-955EDC/2020,162,271
hCoV-19/Wales/ALDP-955ECD/2020,162,271
hCoV-19/Wales/ALDP-955856/2020,162,271
hCoV-19/Wales/ALDP-95320F/2020,162,271
hCoV-19/Wales/ALDP-952D4B/2020,162,394
hCoV-19/Wales/ALDP-952CD5/2020,162,271
hCoV-19/Wales/ALDP-952C5D/2020,162,271
hCoV-19/Wales/ALDP-952C4E/2020,162,271
hCoV-19/Scotland/MILK-5933AA/2020,162,274
hCoV-19/Scotland/CVR3907/2020,162,223
hCoV-19/Scotland/CVR3866/2020,162,181
hCoV-19/England/SHEF-C9847/2020,162,189
hCoV-19/England/NOTT-111E7A/2020,162,174
hCoV-19/England/MILK-9587ED/2020,162,271
hCoV-19/England/MILK-9586D1/2020,162,271
hCoV-19/England/MILK-95862C/2020,162,271
hCoV-19/England/MILK-9585E3/2020,162,271
hCoV-19/England/MILK-9585D4/2020,162,271
hCoV-19/England/MILK-9585B6/2020,162,271
hCoV-19/England/MILK-9585A7/2020,162,271
hCoV-19/England/MILK-958589/2020,162,271
hCoV-19/England/MILK-9584F5/2020,162,271
hCoV-19/England/MILK-9584C8/2020,162,271
hCoV-19/England/MILK-958404/2020,162,271
hCoV-19/England/MILK-9583AD/2020,162,271
hCoV-19/England/MILK-95839E/2020,162,271
hCoV-19/England/MILK-957F7D/2020,162,271
hCoV-19/England/MILK-957BA6/2020,162,271
hCoV-19/England/MILK-957B97/2020,162,271
hCoV-19/England/MILK-957AD6/2020,162,271
hCoV-19/England/MILK-957A7C/2020,162,271
hCoV-19/England/MILK-957924/2020,162,271
hCoV-19/England/MILK-957915/2020,162,271
hCoV-19/England/MILK-9577DF/2020,162,271
hCoV-19/England/MILK-9576F0/2020,162,271
hCoV-19/England/MILK-9575E4/2020,162,271
hCoV-19/England/MILK-957599/2020,162,271
hCoV-19/England/MILK-95755D/2020,162,271
hCoV-19/England/MILK-95749C/2020,162,271
hCoV-19/England/MILK-957371/2020,162,271
hCoV-19/England/MILK-957274/2020,162,271
hCoV-19/England/MILK-9571C2/2020,162,271
hCoV-19/England/MILK-95707A/2020,162,271
hCoV-19/England/MILK-599474/2020,162,271
hCoV-19/England/MILK-5974EF/2020,162,271
hCoV-19/England/MILK-594FF0/2020,162,271
hCoV-19/England/MILK-59460A/2020,162,271
hCoV-19/England/MILK-592763/2020,162,271
hCoV-19/England/MILK-590BF0/2020,162,271
hCoV-19/England/MILK-58FF34/2020,162,271
hCoV-19/England/MILK-58FB7C/2020,162,271
hCoV-19/England/MILK-57A163/2020,162,271
hCoV-19/England/MILK-576F4F/2020,162,271
hCoV-19/England/MILK-576ED9/2020,162,271
hCoV-19/England/MILK-576ECA/2020,162,271
hCoV-19/England/MILK-570446/2020,162,271
hCoV-19/England/MILK-57024C/2020,162,271
hCoV-19/England/MILK-56DF0F/2020,162,271
hCoV-19/England/MILK-56BFD4/2020,162,271
hCoV-19/England/MILK-56B89D/2020,162,271
hCoV-19/England/MILK-567D0B/2020,162,271
hCoV-19/England/MILK-5678CE/2020,162,271
hCoV-19/England/MILK-55F322/2020,162,271
hCoV-19/England/MILK-55ED52/2020,162,271
hCoV-19/England/MILK-55C2A0/2020,162,271
hCoV-19/England/MILK-517B00/2020,162,271
hCoV-19/England/MILK-515012/2020,162,271
hCoV-19/England/MILK-5149CD/2020,162,271
hCoV-19/England/MILK-5149AF/2020,162,271
hCoV-19/England/MILK-5135E8/2020,162,271
hCoV-19/England/MILK-5104B1/2020,162,271
hCoV-19/England/MILK-50FCEA/2020,162,271
hCoV-19/England/MILK-50E38C/2020,162,271
hCoV-19/England/MILK-50CB95/2020,162,271
hCoV-19/England/MILK-50A1D1/2020,162,271
hCoV-19/England/LOND-124D54F/2020,162,215
hCoV-19/England/LCST-24D718D/2020,162,181
hCoV-19/England/LCST-24D6E87/2020,162,181
hCoV-19/England/LCST-24D6E69/2020,162,189
hCoV-19/England/LCST-24D6E3C/2020,162,189
hCoV-19/England/LCST-24D6DF3/2020,162,189
hCoV-19/England/LCST-24D6DE4/2020,162,189
hCoV-19/England/LCST-24D6DB7/2020,162,189
hCoV-19/England/LCST-24D6D99/2020,162,189
hCoV-19/England/CWAR-24FDF5A/2020,162,292
hCoV-19/England/CAMB-1B4C42/2020,162,174
hCoV-19/England/CAMB-1B4C15/2020,162,174
hCoV-19/England/BRIS-1325C9/2020,162,222
hCoV-19/England/BIRM-6089D/2020,162,189
hCoV-19/England/ALDP-95ACEC/2020,162,271
hCoV-19/England/ALDP-95ACDD/2020,162,271
hCoV-19/England/ALDP-95ABA3/2020,162,271
hCoV-19/England/ALDP-95AB94/2020,162,271
hCoV-19/England/ALDP-95AB85/2020,162,271
hCoV-19/England/ALDP-95AB0D/2020,162,271
hCoV-19/England/ALDP-95A94F/2020,162,271
hCoV-19/England/ALDP-95A921/2020,162,271
hCoV-19/England/ALDP-95A727/2020,162,271
hCoV-19/England/ALDP-95A5B4/2020,162,271
hCoV-19/England/ALDP-95A39C/2020,162,271
hCoV-19/England/ALDP-95A37E/2020,162,271
hCoV-19/England/ALDP-959D26/2020,162,271
hCoV-19/England/ALDP-9561D2/2020,162,271
hCoV-19/England/ALDP-955E81/2020,162,271
hCoV-19/England/ALDP-954FF8/2020,162,271
hCoV-19/England/ALDP-954FE9/2020,162,271
hCoV-19/England/ALDP-954FCB/2020,162,271
hCoV-19/England/ALDP-954F8F/2020,162,271
hCoV-19/England/ALDP-954E64/2020,162,271
hCoV-19/England/ALDP-954CA6/2020,162,271
hCoV-19/England/ALDP-954C5B/2020,162,271
hCoV-19/England/ALDP-954BC7/2020,162,271
hCoV-19/England/ALDP-954B8B/2020,162,271
hCoV-19/England/ALDP-954B7C/2020,162,271
hCoV-19/England/ALDP-954AF7/2020,162,271
hCoV-19/England/ALDP-954ABB/2020,162,271
hCoV-19/England/ALDP-954A9D/2020,162,271
hCoV-19/England/ALDP-9549EB/2020,162,271
hCoV-19/England/ALDP-95457E/2020,162,271
hCoV-19/England/ALDP-953982/2020,162,271
hCoV-19/England/ALDP-953919/2020,162,271
hCoV-19/England/ALDP-9538FE/2020,162,271
hCoV-19/England/ALDP-95367C/2020,162,271
hCoV-19/England/ALDP-953463/2020,162,271
hCoV-19/England/ALDP-953454/2020,162,271
hCoV-19/England/ALDP-953427/2020,162,271
hCoV-19/England/ALDP-953418/2020,162,271
hCoV-19/England/ALDP-9533FD/2020,162,271
hCoV-19/England/ALDP-9533EE/2020,162,271
hCoV-19/England/ALDP-9533DF/2020,162,271
hCoV-19/England/ALDP-953393/2020,162,271
hCoV-19/England/ALDP-953375/2020,162,271
hCoV-19/England/ALDP-953357/2020,162,271
hCoV-19/England/ALDP-95332A/2020,162,271
hCoV-19/England/ALDP-95330C/2020,162,271
hCoV-19/England/ALDP-9532F0/2020,162,271
hCoV-19/England/ALDP-9532D2/2020,162,271
hCoV-19/England/ALDP-9532B4/2020,162,271
hCoV-19/England/ALDP-9532A5/2020,162,271
hCoV-19/England/ALDP-953278/2020,162,271
hCoV-19/England/ALDP-95325A/2020,162,271
hCoV-19/England/ALDP-95323C/2020,162,271
hCoV-19/England/ALDP-9531A8/2020,162,271
hCoV-19/England/ALDP-95318A/2020,162,271
hCoV-19/England/ALDP-95317B/2020,162,271
hCoV-19/England/ALDP-95316C/2020,162,271
hCoV-19/England/ALDP-95314E/2020,162,271
hCoV-19/England/ALDP-95313F/2020,162,271
hCoV-19/England/ALDP-953120/2020,162,271
hCoV-19/England/ALDP-953111/2020,162,271
hCoV-19/England/ALDP-9530D8/2020,162,271
hCoV-19/England/ALDP-9530C9/2020,162,271
hCoV-19/England/ALDP-9530AB/2020,162,271
hCoV-19/England/ALDP-95309C/2020,162,271
hCoV-19/England/ALDP-95308D/2020,162,271
hCoV-19/England/ALDP-95306F/2020,162,271
hCoV-19/England/ALDP-953050/2020,162,271
hCoV-19/England/ALDP-953014/2020,162,271
hCoV-19/England/ALDP-953005/2020,162,271
hCoV-19/England/ALDP-952FFA/2020,162,271
hCoV-19/England/ALDP-952FDC/2020,162,271
hCoV-19/England/ALDP-952FAF/2020,162,271
hCoV-19/England/ALDP-952F81/2020,162,271
hCoV-19/England/ALDP-952F72/2020,162,271
hCoV-19/England/ALDP-952F63/2020,162,271
hCoV-19/England/ALDP-952F54/2020,162,271
hCoV-19/England/ALDP-952F36/2020,162,271
hCoV-19/England/ALDP-952F27/2020,162,271
hCoV-19/England/ALDP-952F09/2020,162,271
hCoV-19/England/ALDP-952EEE/2020,162,271
hCoV-19/England/ALDP-952EDF/2020,162,271
hCoV-19/England/ALDP-952E93/2020,162,271
hCoV-19/England/ALDP-952E84/2020,162,271
hCoV-19/England/ALDP-952E66/2020,162,271
hCoV-19/England/ALDP-952E57/2020,162,271
hCoV-19/England/ALDP-952E48/2020,162,271
hCoV-19/England/ALDP-952E39/2020,162,271
hCoV-19/England/ALDP-952E2A/2020,162,271
hCoV-19/England/ALDP-952DD2/2020,162,271
hCoV-19/England/ALDP-952DC3/2020,162,271
hCoV-19/England/ALDP-952DA5/2020,162,271
hCoV-19/England/ALDP-952D96/2020,162,271
hCoV-19/England/ALDP-952D69/2020,162,271
hCoV-19/England/ALDP-952CF3/2020,162,271
hCoV-19/England/ALDP-952C99/2020,162,271
hCoV-19/England/ALDP-952C7B/2020,162,271
hCoV-19/England/ALDP-952C6C/2020,162,271
hCoV-19/England/ALDP-952BF6/2020,162,271
hCoV-19/England/ALDP-952BE7/2020,162,271
hCoV-19/England/ALDP-952B7E/2020,162,271
hCoV-19/England/ALDP-952B50/2020,162,271
hCoV-19/England/ALDP-952B41/2020,162,271
hCoV-19/England/ALDP-952B32/2020,162,271
hCoV-19/England/ALDP-952A26/2020,162,271
hCoV-19/England/ALDP-952A17/2020,162,271
hCoV-19/England/ALDP-952974/2020,162,271
hCoV-19/England/ALDP-952859/2020,162,271
hCoV-19/England/ALDP-95284A/2020,162,271
hCoV-19/England/ALDP-95283B/2020,162,271
hCoV-19/England/ALDP-95282C/2020,162,271
hCoV-19/England/ALDP-95281D/2020,162,271
hCoV-19/England/ALDP-95280E/2020,162,271
hCoV-19/England/ALDP-9527F2/2020,162,271
hCoV-19/England/ALDP-9527D4/2020,162,271
hCoV-19/England/ALDP-9527C5/2020,162,271
hCoV-19/England/ALDP-9527B6/2020,162,271
hCoV-19/England/ALDP-9527A7/2020,162,271
hCoV-19/England/ALDP-952789/2020,162,271
hCoV-19/England/ALDP-95277A/2020,162,271
hCoV-19/England/ALDP-95276B/2020,162,271
hCoV-19/England/ALDP-94BB78/2020,162,271
hCoV-19/England/ALDP-94BB69/2020,162,271
hCoV-19/England/ALDP-94BB4B/2020,162,271
hCoV-19/England/ALDP-94B98D/2020,162,271
hCoV-19/England/ALDP-94B905/2020,162,271
hCoV-19/England/ALDP-94B8F9/2020,162,271
hCoV-19/England/ALDP-94B8EA/2020,162,271
hCoV-19/England/ALDP-94B8DB/2020,162,271
hCoV-19/England/ALDP-94B871/2020,162,271
hCoV-19/England/ALDP-94B6B3/2020,162,271
hCoV-19/England/ALDP-94B6A4/2020,162,271
hCoV-19/England/ALDP-94B686/2020,162,271
hCoV-19/England/ALDP-94B677/2020,162,271
hCoV-19/England/ALDP-94B5C5/2020,162,271
hCoV-19/England/ALDP-94B5B6/2020,162,271
hCoV-19/England/ALDP-94B3E9/2020,162,271
hCoV-19/England/ALDP-94B3BC/2020,162,271
hCoV-19/England/ALDP-94B39E/2020,162,271
hCoV-19/England/ALDP-94B370/2020,162,271
hCoV-19/England/ALDP-94B255/2020,162,271
hCoV-19/England/ALDP-94B1C1/2020,162,271
hCoV-19/England/ALDP-94B1B2/2020,162,271
hCoV-19/England/ALDP-94AF7D/2020,162,271
hCoV-19/England/ALDP-94AF6E/2020,162,271
hCoV-19/England/ALDP-94AF5F/2020,162,271
hCoV-19/England/ALDP-94AF40/2020,162,271
hCoV-19/England/ALDP-94AF31/2020,162,271
hCoV-19/England/ALDP-94AF22/2020,162,271
hCoV-19/England/ALDP-94AF13/2020,162,271
hCoV-19/England/ALDP-94AF04/2020,162,271
hCoV-19/England/ALDP-94AEF8/2020,162,271
hCoV-19/England/ALDP-94AEE9/2020,162,271
hCoV-19/England/ALDP-94AEDA/2020,162,271
hCoV-19/England/ALDP-94AEBC/2020,162,271
hCoV-19/England/ALDP-94ABF1/2020,162,271
hCoV-19/England/ALDP-94ABE2/2020,162,271
hCoV-19/England/ALDP-94ABC4/2020,162,271
hCoV-19/England/ALDP-94ABB5/2020,162,271
hCoV-19/England/ALDP-94AA8B/2020,162,271
hCoV-19/England/ALDP-94AA03/2020,162,271
hCoV-19/England/ALDP-94A9F7/2020,162,271
hCoV-19/England/ALDP-94A9BB/2020,162,271
hCoV-19/England/ALDP-94A99D/2020,162,271
hCoV-19/England/ALDP-94A71B/2020,162,271
hCoV-19/England/ALDP-94A6F0/2020,162,271
hCoV-19/England/ALDP-94A6D2/2020,162,271
hCoV-19/England/ALDP-94A65A/2020,162,271
hCoV-19/England/ALDP-94A63C/2020,162,271
hCoV-19/England/ALDP-94A57B/2020,162,271
hCoV-19/England/ALDP-94A56C/2020,162,271
hCoV-19/England/ALDP-94A4F6/2020,162,271
hCoV-19/England/ALDP-94A4E7/2020,162,271
hCoV-19/England/ALDP-94A4BA/2020,162,271
hCoV-19/England/ALDP-94A450/2020,162,271
hCoV-19/England/ALDP-94A441/2020,162,271
hCoV-19/England/ALDP-94A380/2020,162,271
hCoV-19/England/ALDP-94A362/2020,162,271
hCoV-19/England/ALDP-94A344/2020,162,271
hCoV-19/England/ALDP-94A195/2020,162,271
hCoV-19/England/ALDP-94A186/2020,162,271
hCoV-19/England/ALDP-94A177/2020,162,271
hCoV-19/England/ALDP-94A098/2020,162,271
hCoV-19/England/ALDP-94A07A/2020,162,271
hCoV-19/England/ALDP-94A06B/2020,162,271
hCoV-19/England/ALDP-94A05C/2020,162,271
hCoV-19/England/ALDP-94A04D/2020,162,271
hCoV-19/England/ALDP-94A03E/2020,162,271
hCoV-19/England/ALDP-949D65/2020,162,271
hCoV-19/England/ALDP-949C4A/2020,162,271
hCoV-19/England/ALDP-949C3B/2020,162,271
hCoV-19/England/ALDP-949C2C/2020,162,271
hCoV-19/England/ALDP-949B2F/2020,162,271
hCoV-19/England/ALDP-94999E/2020,162,271
hCoV-19/England/ALDP-9487B3/2020,162,271
hCoV-19/England/ALDP-4AE835/2020,162,271
hCoV-19/England/ALDP-4AAE28/2020,162,271
hCoV-19/England/ALDP-4AAC1F/2020,162,271
hCoV-19/England/ALDP-4A8A44/2020,162,271
hCoV-19/England/ALDP-4A8868/2020,162,271
hCoV-19/England/ALDP-4A875C/2020,162,271
hCoV-19/England/ALDP-4A86E6/2020,162,271
hCoV-19/England/ALDP-4A869B/2020,162,271
hCoV-19/England/ALDP-4A8570/2020,162,271
hCoV-19/England/ALDP-4A8428/2020,162,271
hCoV-19/England/ALDP-4A8376/2020,162,271
hCoV-19/England/ALDP-4A8367/2020,162,271
hCoV-19/England/ALDP-4A82B5/2020,162,271
hCoV-19/England/ALDP-4A822E/2020,162,271
hCoV-19/England/ALDP-4A80BB/2020,162,271
hCoV-19/England/ALDP-4A7EEF/2020,162,271
hCoV-19/England/ALDP-4A7D88/2020,162,271
hCoV-19/England/ALDP-4A7C4F/2020,162,271
hCoV-19/England/ALDP-4A7C21/2020,162,271
hCoV-19/England/ALDP-4A7C12/2020,162,271
hCoV-19/England/ALDP-4A7C03/2020,162,271
hCoV-19/England/ALDP-4A7A09/2020,162,271
hCoV-19/England/ALDP-49CB04/2020,162,271
hCoV-19/England/ALDP-49C991/2020,162,271
hCoV-19/England/ALDP-49C7D3/2020,162,271
hCoV-19/England/ALDP-49BE84/2020,162,271
hCoV-19/England/ALDP-49BDD2/2020,162,271
hCoV-19/England/ALDP-49BB50/2020,162,271
hCoV-19/England/ALDP-49BA80/2020,162,271
hCoV-19/England/ALDP-49B9B0/2020,162,271
hCoV-19/England/ALDP-49B74D/2020,162,271
hCoV-19/England/ALDP-49B631/2020,162,271
hCoV-19/England/ALDP-49B5E9/2020,162,271
hCoV-19/England/ALDP-49B525/2020,162,271
hCoV-19/England/202822176/2020,162,196
hCoV-19/Wales/PHWC-16CE34/2020,163,278
hCoV-19/Wales/PHWC-16CAE5/2020,163,278
hCoV-19/Wales/PHWC-166B06/2020,163,202
hCoV-19/Wales/PHWC-1665DB/2020,163,202
hCoV-19/Wales/PHWC-166562/2020,163,202
hCoV-19/Wales/PHWC-1663E0/2020,163,202
hCoV-19/Wales/PHWC-166201/2020,163,196
hCoV-19/Wales/PHWC-165FFC/2020,163,196
hCoV-19/Wales/PHWC-164F75/2020,163,181
hCoV-19/Wales/PHWC-164C41/2020,163,181
hCoV-19/Wales/ALDP-955EEB/2020,163,271
hCoV-19/Wales/ALDP-955C69/2020,163,394
hCoV-19/Wales/ALDP-95572C/2020,163,271
hCoV-19/Wales/ALDP-955382/2020,163,271
hCoV-19/Wales/ALDP-955249/2020,163,394
hCoV-19/Wales/ALDP-954936/2020,163,271
hCoV-19/Wales/ALDP-9543A1/2020,163,271
hCoV-19/Wales/ALDP-954383/2020,163,271
hCoV-19/Wales/ALDP-9541B6/2020,163,271
hCoV-19/Wales/ALDP-952CA8/2020,163,271
hCoV-19/Wales/ALDP-952C8A/2020,163,271
hCoV-19/Wales/ALDP-5A05A4/2020,163,271
hCoV-19/Scotland/CVR3908/2020,163,223
hCoV-19/England/SHEF-D0458/2020,163,189
hCoV-19/England/SHEF-C9A8D/2020,163,189
hCoV-19/England/SHEF-C44FD/2020,163,189
hCoV-19/England/MILK-9582BF/2020,163,271
hCoV-19/England/MILK-9580B5/2020,163,271
hCoV-19/England/MILK-958097/2020,163,271
hCoV-19/England/MILK-95805B/2020,163,271
hCoV-19/England/MILK-957D64/2020,163,271
hCoV-19/England/MILK-957B5B/2020,163,271
hCoV-19/England/MILK-95761E/2020,163,271
hCoV-19/England/MILK-957502/2020,163,271
hCoV-19/England/MILK-95747E/2020,163,271
hCoV-19/England/MILK-957450/2020,163,271
hCoV-19/England/MILK-9573AE/2020,163,271
hCoV-19/England/MILK-957353/2020,163,271
hCoV-19/England/MILK-9570B6/2020,163,271
hCoV-19/England/MILK-956864/2020,163,271
hCoV-19/England/MILK-57B223/2020,163,271
hCoV-19/England/MILK-57B0FC/2020,163,271
hCoV-19/England/MILK-57AA86/2020,163,271
hCoV-19/England/MILK-578BC1/2020,163,271
hCoV-19/England/MILK-5784E4/2020,163,271
hCoV-19/England/MILK-577FA8/2020,163,271
hCoV-19/England/MILK-576404/2020,163,271
hCoV-19/England/MILK-566C5A/2020,163,271
hCoV-19/England/MILK-566838/2020,163,271
hCoV-19/England/MILK-562605/2020,163,271
hCoV-19/England/MILK-56259F/2020,163,271
hCoV-19/England/MILK-56109F/2020,163,271
hCoV-19/England/MILK-51664C/2020,163,271
hCoV-19/England/MILK-5127F2/2020,163,271
hCoV-19/England/MILK-50FEF3/2020,163,271
hCoV-19/England/MILK-50C227/2020,163,271
hCoV-19/England/MILK-50ABF1/2020,163,271
hCoV-19/England/LIVE-AB975/2020,163,307
hCoV-19/England/LIVE-AB5CC/2020,163,307
hCoV-19/England/LIVE-A0D38/2020,163,181
hCoV-19/England/LIVE-A0CC2/2020,163,292
hCoV-19/England/LCST-24D6ED2/2020,163,189
hCoV-19/England/LCST-24D6E96/2020,163,189
hCoV-19/England/CWAR-24FDF69/2020,163,292
hCoV-19/England/CWAR-24FDF2D/2020,163,292
hCoV-19/England/CAMB-1B4D03/2020,163,174
hCoV-19/England/BRIS-1327E1/2020,163,439
hCoV-19/England/BIRM-6088E/2020,163,189
hCoV-19/England/ALDP-95C303/2020,163,271
hCoV-19/England/ALDP-95C093/2020,163,271
hCoV-19/England/ALDP-95C084/2020,163,271
hCoV-19/England/ALDP-95C075/2020,163,271
hCoV-19/England/ALDP-95AE5F/2020,163,271
hCoV-19/England/ALDP-95AC82/2020,163,271
hCoV-19/England/ALDP-95AC73/2020,163,271
hCoV-19/England/ALDP-95AC64/2020,163,271
hCoV-19/England/ALDP-95AC55/2020,163,271
hCoV-19/England/ALDP-95AC46/2020,163,271
hCoV-19/England/ALDP-95ABC1/2020,163,271
hCoV-19/England/ALDP-95AAC4/2020,163,271
hCoV-19/England/ALDP-95AAB5/2020,163,271
hCoV-19/England/ALDP-95AA6A/2020,163,271
hCoV-19/England/ALDP-95A842/2020,163,271
hCoV-19/England/ALDP-95A833/2020,163,271
hCoV-19/England/ALDP-95A824/2020,163,271
hCoV-19/England/ALDP-95A806/2020,163,271
hCoV-19/England/ALDP-95A6C0/2020,163,271
hCoV-19/England/ALDP-95A6B1/2020,163,271
hCoV-19/England/ALDP-95A675/2020,163,271
hCoV-19/England/ALDP-95A666/2020,163,271
hCoV-19/England/ALDP-95A657/2020,163,271
hCoV-19/England/ALDP-95A648/2020,163,271
hCoV-19/England/ALDP-95A5A5/2020,163,271
hCoV-19/England/ALDP-95A596/2020,163,271
hCoV-19/England/ALDP-95A587/2020,163,271
hCoV-19/England/ALDP-95A578/2020,163,271
hCoV-19/England/ALDP-95A569/2020,163,271
hCoV-19/England/ALDP-95A55A/2020,163,271
hCoV-19/England/ALDP-95A54B/2020,163,271
hCoV-19/England/ALDP-95A53C/2020,163,271
hCoV-19/England/ALDP-95A52D/2020,163,271
hCoV-19/England/ALDP-95A50F/2020,163,271
hCoV-19/England/ALDP-95A4F3/2020,163,271
hCoV-19/England/ALDP-95A4E4/2020,163,271
hCoV-19/England/ALDP-95A4D5/2020,163,271
hCoV-19/England/ALDP-95A4C6/2020,163,271
hCoV-19/England/ALDP-95A4B7/2020,163,271
hCoV-19/England/ALDP-95A499/2020,163,271
hCoV-19/England/ALDP-95A46C/2020,163,271
hCoV-19/England/ALDP-95A45D/2020,163,271
hCoV-19/England/ALDP-95A44E/2020,163,271
hCoV-19/England/ALDP-95A43F/2020,163,271
hCoV-19/England/ALDP-95A420/2020,163,271
hCoV-19/England/ALDP-95A402/2020,163,271
hCoV-19/England/ALDP-95A3D8/2020,163,271
hCoV-19/England/ALDP-95A3C9/2020,163,271
hCoV-19/England/ALDP-95A235/2020,163,271
hCoV-19/England/ALDP-95A226/2020,163,271
hCoV-19/England/ALDP-955FD9/2020,163,271
hCoV-19/England/ALDP-955F06/2020,163,271
hCoV-19/England/ALDP-955E45/2020,163,271
hCoV-19/England/ALDP-955E27/2020,163,271
hCoV-19/England/ALDP-955E18/2020,163,271
hCoV-19/England/ALDP-955E09/2020,163,271
hCoV-19/England/ALDP-955DFD/2020,163,271
hCoV-19/England/ALDP-955DEE/2020,163,271
hCoV-19/England/ALDP-955DC0/2020,163,271
hCoV-19/England/ALDP-955DB1/2020,163,271
hCoV-19/England/ALDP-955DA2/2020,163,271
hCoV-19/England/ALDP-955D93/2020,163,271
hCoV-19/England/ALDP-955D75/2020,163,271
hCoV-19/England/ALDP-955D66/2020,163,271
hCoV-19/England/ALDP-955D48/2020,163,271
hCoV-19/England/ALDP-955D39/2020,163,271
hCoV-19/England/ALDP-955D2A/2020,163,271
hCoV-19/England/ALDP-955D1B/2020,163,271
hCoV-19/England/ALDP-955D0C/2020,163,271
hCoV-19/England/ALDP-955CE1/2020,163,271
hCoV-19/England/ALDP-955CC3/2020,163,271
hCoV-19/England/ALDP-955C78/2020,163,271
hCoV-19/England/ALDP-955C4B/2020,163,271
hCoV-19/England/ALDP-955C3C/2020,163,271
hCoV-19/England/ALDP-955C2D/2020,163,271
hCoV-19/England/ALDP-955C1E/2020,163,271
hCoV-19/England/ALDP-955BF3/2020,163,271
hCoV-19/England/ALDP-955BE4/2020,163,271
hCoV-19/England/ALDP-955BD5/2020,163,271
hCoV-19/England/ALDP-955BB7/2020,163,271
hCoV-19/England/ALDP-955B99/2020,163,271
hCoV-19/England/ALDP-955B7B/2020,163,271
hCoV-19/England/ALDP-955B3F/2020,163,271
hCoV-19/England/ALDP-955B20/2020,163,271
hCoV-19/England/ALDP-955B11/2020,163,271
hCoV-19/England/ALDP-955B02/2020,163,271
hCoV-19/England/ALDP-955AF6/2020,163,271
hCoV-19/England/ALDP-955AE7/2020,163,271
hCoV-19/England/ALDP-955AD8/2020,163,271
hCoV-19/England/ALDP-955AC9/2020,163,271
hCoV-19/England/ALDP-955A8D/2020,163,271
hCoV-19/England/ALDP-955A7E/2020,163,271
hCoV-19/England/ALDP-955A50/2020,163,271
hCoV-19/England/ALDP-955A41/2020,163,271
hCoV-19/England/ALDP-955A32/2020,163,271
hCoV-19/England/ALDP-955A23/2020,163,271
hCoV-19/England/ALDP-955A14/2020,163,271
hCoV-19/England/ALDP-955A05/2020,163,271
hCoV-19/England/ALDP-9559EA/2020,163,271
hCoV-19/England/ALDP-9559DB/2020,163,271
hCoV-19/England/ALDP-9559CC/2020,163,271
hCoV-19/England/ALDP-95599F/2020,163,271
hCoV-19/England/ALDP-955980/2020,163,271
hCoV-19/England/ALDP-955944/2020,163,271
hCoV-19/England/ALDP-955935/2020,163,271
hCoV-19/England/ALDP-955908/2020,163,271
hCoV-19/England/ALDP-9558FC/2020,163,271
hCoV-19/England/ALDP-9558ED/2020,163,271
hCoV-19/England/ALDP-9558DE/2020,163,271
hCoV-19/England/ALDP-9558A1/2020,163,271
hCoV-19/England/ALDP-955892/2020,163,271
hCoV-19/England/ALDP-955883/2020,163,271
hCoV-19/England/ALDP-955874/2020,163,271
hCoV-19/England/ALDP-955865/2020,163,271
hCoV-19/England/ALDP-955847/2020,163,271
hCoV-19/England/ALDP-955838/2020,163,271
hCoV-19/England/ALDP-955829/2020,163,271
hCoV-19/England/ALDP-95581A/2020,163,271
hCoV-19/England/ALDP-95580B/2020,163,271
hCoV-19/England/ALDP-9557E0/2020,163,271
hCoV-19/England/ALDP-9557B3/2020,163,271
hCoV-19/England/ALDP-9557A4/2020,163,271
hCoV-19/England/ALDP-955786/2020,163,271
hCoV-19/England/ALDP-955777/2020,163,271
hCoV-19/England/ALDP-955768/2020,163,271
hCoV-19/England/ALDP-955759/2020,163,271
hCoV-19/England/ALDP-95574A/2020,163,287
hCoV-19/England/ALDP-95573B/2020,163,271
hCoV-19/England/ALDP-95571D/2020,163,271
hCoV-19/England/ALDP-9556E3/2020,163,271
hCoV-19/England/ALDP-9556D4/2020,163,271
hCoV-19/England/ALDP-9556C5/2020,163,271
hCoV-19/England/ALDP-95567A/2020,163,271
hCoV-19/England/ALDP-95565C/2020,163,271
hCoV-19/England/ALDP-9555E6/2020,163,271
hCoV-19/England/ALDP-9555B9/2020,163,271
hCoV-19/England/ALDP-9555AA/2020,163,271
hCoV-19/England/ALDP-95559B/2020,163,271
hCoV-19/England/ALDP-95557D/2020,163,271
hCoV-19/England/ALDP-95555F/2020,163,271
hCoV-19/England/ALDP-955540/2020,163,271
hCoV-19/England/ALDP-955531/2020,163,271
hCoV-19/England/ALDP-955522/2020,163,271
hCoV-19/England/ALDP-955513/2020,163,271
hCoV-19/England/ALDP-9554F8/2020,163,271
hCoV-19/England/ALDP-9554DA/2020,163,271
hCoV-19/England/ALDP-9554CB/2020,163,271
hCoV-19/England/ALDP-9554BC/2020,163,271
hCoV-19/England/ALDP-9554AD/2020,163,271
hCoV-19/England/ALDP-95548F/2020,163,271
hCoV-19/England/ALDP-955452/2020,163,271
hCoV-19/England/ALDP-955443/2020,163,271
hCoV-19/England/ALDP-955416/2020,163,271
hCoV-19/England/ALDP-955407/2020,163,271
hCoV-19/England/ALDP-9553EC/2020,163,271
hCoV-19/England/ALDP-9553DD/2020,163,271
hCoV-19/England/ALDP-9553CE/2020,163,271
hCoV-19/England/ALDP-9553A0/2020,163,271
hCoV-19/England/ALDP-955391/2020,163,271
hCoV-19/England/ALDP-955364/2020,163,271
hCoV-19/England/ALDP-955355/2020,163,271
hCoV-19/England/ALDP-955337/2020,163,271
hCoV-19/England/ALDP-955328/2020,163,271
hCoV-19/England/ALDP-955319/2020,163,271
hCoV-19/England/ALDP-95530A/2020,163,271
hCoV-19/England/ALDP-9552C1/2020,163,271
hCoV-19/England/ALDP-9552B2/2020,163,271
hCoV-19/England/ALDP-9552A3/2020,163,271
hCoV-19/England/ALDP-955294/2020,163,271
hCoV-19/England/ALDP-955285/2020,163,271
hCoV-19/England/ALDP-955276/2020,163,271
hCoV-19/England/ALDP-955258/2020,163,271
hCoV-19/England/ALDP-95523A/2020,163,271
hCoV-19/England/ALDP-95522B/2020,163,271
hCoV-19/England/ALDP-95520D/2020,163,271
hCoV-19/England/ALDP-9551F1/2020,163,271
hCoV-19/England/ALDP-9551E2/2020,163,271
hCoV-19/England/ALDP-9551D3/2020,163,271
hCoV-19/England/ALDP-95514C/2020,163,271
hCoV-19/England/ALDP-95512E/2020,163,271
hCoV-19/England/ALDP-9550F4/2020,163,271
hCoV-19/England/ALDP-9550E5/2020,163,271
hCoV-19/England/ALDP-9550D6/2020,163,271
hCoV-19/England/ALDP-9550B8/2020,163,271
hCoV-19/England/ALDP-95509A/2020,163,271
hCoV-19/England/ALDP-95508B/2020,163,271
hCoV-19/England/ALDP-95507C/2020,163,271
hCoV-19/England/ALDP-95506D/2020,163,271
hCoV-19/England/ALDP-95505E/2020,163,271
hCoV-19/England/ALDP-95504F/2020,163,271
hCoV-19/England/ALDP-955030/2020,163,271
hCoV-19/England/ALDP-955021/2020,163,271
hCoV-19/England/ALDP-955003/2020,163,271
hCoV-19/England/ALDP-954FBC/2020,163,271
hCoV-19/England/ALDP-954FAD/2020,163,271
hCoV-19/England/ALDP-954F9E/2020,163,271
hCoV-19/England/ALDP-954F61/2020,163,271
hCoV-19/England/ALDP-954F07/2020,163,271
hCoV-19/England/ALDP-954EBF/2020,163,271
hCoV-19/England/ALDP-954EA0/2020,163,271
hCoV-19/England/ALDP-954E91/2020,163,271
hCoV-19/England/ALDP-954E0A/2020,163,271
hCoV-19/England/ALDP-954DFE/2020,163,271
hCoV-19/England/ALDP-954DC1/2020,163,271
hCoV-19/England/ALDP-954DB2/2020,163,271
hCoV-19/England/ALDP-954D94/2020,163,271
hCoV-19/England/ALDP-954D85/2020,163,271
hCoV-19/England/ALDP-954D58/2020,163,271
hCoV-19/England/ALDP-954D49/2020,163,271
hCoV-19/England/ALDP-954D1C/2020,163,271
hCoV-19/England/ALDP-954CF1/2020,163,271
hCoV-19/England/ALDP-954C3D/2020,163,271
hCoV-19/England/ALDP-954C2E/2020,163,271
hCoV-19/England/ALDP-954C00/2020,163,271
hCoV-19/England/ALDP-954BE5/2020,163,271
hCoV-19/England/ALDP-954BD6/2020,163,271
hCoV-19/England/ALDP-954AE8/2020,163,271
hCoV-19/England/ALDP-954AD9/2020,163,271
hCoV-19/England/ALDP-9549CD/2020,163,271
hCoV-19/England/ALDP-9549BE/2020,163,271
hCoV-19/England/ALDP-9549AF/2020,163,271
hCoV-19/England/ALDP-954620/2020,163,271
hCoV-19/England/ALDP-95459C/2020,163,271
hCoV-19/England/ALDP-9544DB/2020,163,271
hCoV-19/England/ALDP-9543ED/2020,163,271
hCoV-19/England/ALDP-954374/2020,163,271
hCoV-19/England/ALDP-954365/2020,163,271
hCoV-19/England/ALDP-954286/2020,163,271
hCoV-19/England/ALDP-954277/2020,163,271
hCoV-19/England/ALDP-9541E3/2020,163,271
hCoV-19/England/ALDP-9541D4/2020,163,271
hCoV-19/England/ALDP-9541A7/2020,163,271
hCoV-19/England/ALDP-954198/2020,163,271
hCoV-19/England/ALDP-9540F5/2020,163,271
hCoV-19/England/ALDP-9540C8/2020,163,271
hCoV-19/England/ALDP-95408C/2020,163,271
hCoV-19/England/ALDP-95407D/2020,163,271
hCoV-19/England/ALDP-95406E/2020,163,271
hCoV-19/England/ALDP-954004/2020,163,271
hCoV-19/England/ALDP-953F44/2020,163,271
hCoV-19/England/ALDP-953F35/2020,163,271
hCoV-19/England/ALDP-953E83/2020,163,271
hCoV-19/England/ALDP-953E74/2020,163,271
hCoV-19/England/ALDP-953E65/2020,163,271
hCoV-19/England/ALDP-953E47/2020,163,271
hCoV-19/England/ALDP-953E1A/2020,163,271
hCoV-19/England/ALDP-953E0B/2020,163,271
hCoV-19/England/ALDP-953DE0/2020,163,271
hCoV-19/England/ALDP-953DA4/2020,163,271
hCoV-19/England/ALDP-953D77/2020,163,271
hCoV-19/England/ALDP-953CA7/2020,163,271
hCoV-19/England/ALDP-953C5C/2020,163,271
hCoV-19/England/ALDP-953ACB/2020,163,271
hCoV-19/England/ALDP-953ABC/2020,163,271
hCoV-19/England/ALDP-9531D5/2020,163,271
hCoV-19/England/ALDP-9531B7/2020,163,271
hCoV-19/England/ALDP-952A35/2020,163,271
hCoV-19/England/ALDP-952956/2020,163,271
hCoV-19/England/ALDP-952947/2020,163,271
hCoV-19/England/ALDP-952938/2020,163,271
hCoV-19/England/ALDP-9528E0/2020,163,271
hCoV-19/England/ALDP-951614/2020,163,271
hCoV-19/England/ALDP-9515CC/2020,163,271
hCoV-19/England/ALDP-95119B/2020,163,271
hCoV-19/England/ALDP-9510DA/2020,163,271
hCoV-19/England/ALDP-951025/2020,163,271
hCoV-19/England/ALDP-951016/2020,163,271
hCoV-19/England/ALDP-950FED/2020,163,271
hCoV-19/England/ALDP-950DF2/2020,163,271
hCoV-19/England/ALDP-94B53E/2020,163,271
hCoV-19/England/ALDP-94B510/2020,163,271
hCoV-19/England/ALDP-94A845/2020,163,271
hCoV-19/England/ALDP-94A836/2020,163,271
hCoV-19/England/ALDP-94A58A/2020,163,271
hCoV-19/England/ALDP-94A405/2020,163,271
hCoV-19/England/ALDP-949A22/2020,163,271
hCoV-19/England/ALDP-949A13/2020,163,271
hCoV-19/England/ALDP-9498DD/2020,163,271
hCoV-19/England/ALDP-9498CE/2020,163,271
hCoV-19/England/ALDP-9498BF/2020,163,271
hCoV-19/England/ALDP-9498A0/2020,163,271
hCoV-19/England/ALDP-949882/2020,163,271
hCoV-19/England/ALDP-949873/2020,163,271
hCoV-19/England/ALDP-5A219F/2020,163,271
hCoV-19/England/ALDP-4ABF24/2020,163,271
hCoV-19/England/ALDP-4ABC69/2020,163,271
hCoV-19/England/ALDP-4AB7FF/2020,163,271
hCoV-19/England/ALDP-4A5722/2020,163,271
hCoV-19/England/ALDP-4A5661/2020,163,271
hCoV-19/England/ALDP-4A5634/2020,163,271
hCoV-19/England/ALDP-4A5607/2020,163,271
hCoV-19/England/ALDP-4A55CE/2020,163,271
hCoV-19/England/ALDP-4A52E5/2020,163,271
hCoV-19/England/ALDP-4A52C7/2020,163,271
hCoV-19/England/ALDP-49C16C/2020,163,271
hCoV-19/England/ALDP-49B464/2020,163,271
hCoV-19/England/ALDP-49B3C1/2020,163,271
hCoV-19/England/ALDP-49B200/2020,163,271
hCoV-19/England/ALDP-49B19A/2020,163,271
hCoV-19/England/ALDP-49B0F7/2020,163,271
hCoV-19/England/ALDP-49B0E8/2020,163,271
hCoV-19/England/ALDP-49B033/2020,163,271
hCoV-19/England/202822178/2020,163,196
hCoV-19/Wales/PHWC-169453/2020,164,209
hCoV-19/Wales/PHWC-169365/2020,164,209
hCoV-19/Wales/PHWC-166702/2020,164,202
hCoV-19/Wales/PHWC-166429/2020,164,202
hCoV-19/Wales/PHWC-16641A/2020,164,202
hCoV-19/Wales/PHWC-1662E3/2020,164,196
hCoV-19/Wales/PHWC-1662B6/2020,164,196
hCoV-19/Wales/PHWC-165F56/2020,164,196
hCoV-19/Wales/PHWC-165B07/2020,164,196
hCoV-19/Wales/PHWC-165A73/2020,164,196
hCoV-19/Wales/PHWC-165A37/2020,164,196
hCoV-19/Wales/PHWC-165800/2020,164,196
hCoV-19/Wales/MILK-958862/2020,164,271
hCoV-19/Wales/MILK-957E61/2020,164,271
hCoV-19/Wales/ALDP-95AF10/2020,164,271
hCoV-19/Wales/ALDP-95AC0A/2020,164,394
hCoV-19/Wales/ALDP-951377/2020,164,271
hCoV-19/Wales/ALDP-951359/2020,164,271
hCoV-19/Wales/ALDP-5A8E92/2020,164,271
hCoV-19/Wales/ALDP-5A8AE9/2020,164,271
hCoV-19/England/SHEF-CFD7F/2020,164,189
hCoV-19/England/SHEF-C84F9/2020,164,189
hCoV-19/England/SHEF-10B3151/2020,164,259
hCoV-19/England/MILK-9583CB/2020,164,271
hCoV-19/England/MILK-958219/2020,164,271
hCoV-19/England/MILK-95820A/2020,164,271
hCoV-19/England/MILK-95802E/2020,164,271
hCoV-19/England/MILK-957CA3/2020,164,271
hCoV-19/England/MILK-957C94/2020,164,271
hCoV-19/England/MILK-957C85/2020,164,271
hCoV-19/England/MILK-957C76/2020,164,271
hCoV-19/England/MILK-957C67/2020,164,271
hCoV-19/England/MILK-9576A5/2020,164,271
hCoV-19/England/MILK-9573CC/2020,164,271
hCoV-19/England/MILK-957292/2020,164,271
hCoV-19/England/MILK-957283/2020,164,271
hCoV-19/England/MILK-957195/2020,164,271
hCoV-19/England/MILK-957186/2020,164,271
hCoV-19/England/MILK-597072/2020,164,271
hCoV-19/England/MILK-58F374/2020,164,271
hCoV-19/England/MILK-516D56/2020,164,271
hCoV-19/England/MILK-5169F8/2020,164,271
hCoV-19/England/LCST-24D6F2A/2020,164,189
hCoV-19/England/BIRM-61331/2020,164,181
hCoV-19/England/ALDP-95B076/2020,164,271
hCoV-19/England/ALDP-95AF4D/2020,164,271
hCoV-19/England/ALDP-95AF2F/2020,164,271
hCoV-19/England/ALDP-95AEAA/2020,164,271
hCoV-19/England/ALDP-95AE9B/2020,164,271
hCoV-19/England/ALDP-95AC28/2020,164,271
hCoV-19/England/ALDP-95AC19/2020,164,271
hCoV-19/England/ALDP-95AB49/2020,164,271
hCoV-19/England/ALDP-95A9D6/2020,164,271
hCoV-19/England/ALDP-95A9C7/2020,164,271
hCoV-19/England/ALDP-95A9B8/2020,164,271
hCoV-19/England/ALDP-95A9A9/2020,164,271
hCoV-19/England/ALDP-95A97C/2020,164,271
hCoV-19/England/ALDP-95A8CA/2020,164,271
hCoV-19/England/ALDP-95A8BB/2020,164,271
hCoV-19/England/ALDP-95A7BE/2020,164,271
hCoV-19/England/ALDP-95A7AF/2020,164,271
hCoV-19/England/ALDP-95A772/2020,164,271
hCoV-19/England/ALDP-95A754/2020,164,271
hCoV-19/England/ALDP-95A745/2020,164,271
hCoV-19/England/ALDP-95A4A8/2020,164,271
hCoV-19/England/ALDP-959F20/2020,164,271
hCoV-19/England/ALDP-959EBA/2020,164,271
hCoV-19/England/ALDP-959E41/2020,164,271
hCoV-19/England/ALDP-959D53/2020,164,271
hCoV-19/England/ALDP-959D35/2020,164,271
hCoV-19/England/ALDP-9556A7/2020,164,271
hCoV-19/England/ALDP-95562F/2020,164,271
hCoV-19/England/ALDP-955610/2020,164,271
hCoV-19/England/ALDP-955601/2020,164,271
hCoV-19/England/ALDP-955504/2020,164,271
hCoV-19/England/ALDP-9551A6/2020,164,271
hCoV-19/England/ALDP-955197/2020,164,271
hCoV-19/England/ALDP-954E55/2020,164,271
hCoV-19/England/ALDP-954E46/2020,164,271
hCoV-19/England/ALDP-954E37/2020,164,271
hCoV-19/England/ALDP-954C79/2020,164,271
hCoV-19/England/ALDP-954C6A/2020,164,271
hCoV-19/England/ALDP-954BA9/2020,164,271
hCoV-19/England/ALDP-954B9A/2020,164,271
hCoV-19/England/ALDP-954B4F/2020,164,271
hCoV-19/England/ALDP-954B30/2020,164,271
hCoV-19/England/ALDP-954B21/2020,164,271
hCoV-19/England/ALDP-954A60/2020,164,271
hCoV-19/England/ALDP-954A24/2020,164,271
hCoV-19/England/ALDP-954A15/2020,164,271
hCoV-19/England/ALDP-954A06/2020,164,271
hCoV-19/England/ALDP-9549FA/2020,164,271
hCoV-19/England/ALDP-954990/2020,164,271
hCoV-19/England/ALDP-954945/2020,164,271
hCoV-19/England/ALDP-95466C/2020,164,271
hCoV-19/England/ALDP-95465D/2020,164,271
hCoV-19/England/ALDP-954523/2020,164,271
hCoV-19/England/ALDP-954514/2020,164,271
hCoV-19/England/ALDP-954505/2020,164,271
hCoV-19/England/ALDP-95449F/2020,164,271
hCoV-19/England/ALDP-954480/2020,164,271
hCoV-19/England/ALDP-954462/2020,164,271
hCoV-19/England/ALDP-954453/2020,164,271
hCoV-19/England/ALDP-954444/2020,164,271
hCoV-19/England/ALDP-9543FC/2020,164,271
hCoV-19/England/ALDP-954338/2020,164,271
hCoV-19/England/ALDP-95430B/2020,164,271
hCoV-19/England/ALDP-9542FF/2020,164,271
hCoV-19/England/ALDP-9542E0/2020,164,271
hCoV-19/England/ALDP-9542D1/2020,164,271
hCoV-19/England/ALDP-954268/2020,164,271
hCoV-19/England/ALDP-95424A/2020,164,271
hCoV-19/England/ALDP-95422C/2020,164,271
hCoV-19/England/ALDP-954189/2020,164,271
hCoV-19/England/ALDP-95417A/2020,164,271
hCoV-19/England/ALDP-95414D/2020,164,271
hCoV-19/England/ALDP-95412F/2020,164,271
hCoV-19/England/ALDP-954110/2020,164,271
hCoV-19/England/ALDP-954101/2020,164,271
hCoV-19/England/ALDP-9540B9/2020,164,271
hCoV-19/England/ALDP-9540AA/2020,164,271
hCoV-19/England/ALDP-953FDB/2020,164,271
hCoV-19/England/ALDP-953FBD/2020,164,271
hCoV-19/England/ALDP-953F80/2020,164,271
hCoV-19/England/ALDP-953F17/2020,164,271
hCoV-19/England/ALDP-953ECF/2020,164,271
hCoV-19/England/ALDP-953E56/2020,164,271
hCoV-19/England/ALDP-953CE3/2020,164,271
hCoV-19/England/ALDP-953C98/2020,164,271
hCoV-19/England/ALDP-953C89/2020,164,271
hCoV-19/England/ALDP-953973/2020,164,271
hCoV-19/England/ALDP-953964/2020,164,271
hCoV-19/England/ALDP-953955/2020,164,271
hCoV-19/England/ALDP-953937/2020,164,271
hCoV-19/England/ALDP-953928/2020,164,271
hCoV-19/England/ALDP-95382B/2020,164,271
hCoV-19/England/ALDP-95381C/2020,164,271
hCoV-19/England/ALDP-952CB7/2020,164,271
hCoV-19/England/ALDP-952C02/2020,164,271
hCoV-19/England/ALDP-952BBA/2020,164,271
hCoV-19/England/ALDP-952B14/2020,164,271
hCoV-19/England/ALDP-952ADB/2020,164,271
hCoV-19/England/ALDP-952ACC/2020,164,271
hCoV-19/England/ALDP-952ABD/2020,164,271
hCoV-19/England/ALDP-952AAE/2020,164,271
hCoV-19/England/ALDP-952A71/2020,164,271
hCoV-19/England/ALDP-952A62/2020,164,271
hCoV-19/England/ALDP-952A53/2020,164,271
hCoV-19/England/ALDP-9529ED/2020,164,271
hCoV-19/England/ALDP-9529DE/2020,164,271
hCoV-19/England/ALDP-9529CF/2020,164,271
hCoV-19/England/ALDP-9529B0/2020,164,271
hCoV-19/England/ALDP-9528B3/2020,164,271
hCoV-19/England/ALDP-95177B/2020,164,271
hCoV-19/England/ALDP-9515AE/2020,164,271
hCoV-19/England/ALDP-95159F/2020,164,271
hCoV-19/England/ALDP-951571/2020,164,271
hCoV-19/England/ALDP-951562/2020,164,271
hCoV-19/England/ALDP-951544/2020,164,271
hCoV-19/England/ALDP-951517/2020,164,271
hCoV-19/England/ALDP-951508/2020,164,271
hCoV-19/England/ALDP-9514FC/2020,164,271
hCoV-19/England/ALDP-9514ED/2020,164,271
hCoV-19/England/ALDP-9514DE/2020,164,271
hCoV-19/England/ALDP-9514CF/2020,164,271
hCoV-19/England/ALDP-9514A1/2020,164,271
hCoV-19/England/ALDP-951492/2020,164,271
hCoV-19/England/ALDP-951483/2020,164,271
hCoV-19/England/ALDP-951474/2020,164,271
hCoV-19/England/ALDP-951456/2020,164,271
hCoV-19/England/ALDP-951447/2020,164,271
hCoV-19/England/ALDP-951438/2020,164,271
hCoV-19/England/ALDP-951429/2020,164,271
hCoV-19/England/ALDP-95141A/2020,164,271
hCoV-19/England/ALDP-9513FF/2020,164,271
hCoV-19/England/ALDP-9513E0/2020,164,271
hCoV-19/England/ALDP-9513C2/2020,164,271
hCoV-19/England/ALDP-951395/2020,164,271
hCoV-19/England/ALDP-951368/2020,164,271
hCoV-19/England/ALDP-95134A/2020,164,271
hCoV-19/England/ALDP-95133B/2020,164,271
hCoV-19/England/ALDP-9512F2/2020,164,271
hCoV-19/England/ALDP-9512E3/2020,164,271
hCoV-19/England/ALDP-9512D4/2020,164,271
hCoV-19/England/ALDP-9512C5/2020,164,271
hCoV-19/England/ALDP-9512B6/2020,164,271
hCoV-19/England/ALDP-95127A/2020,164,271
hCoV-19/England/ALDP-9511AA/2020,164,271
hCoV-19/England/ALDP-95118C/2020,164,271
hCoV-19/England/ALDP-95117D/2020,164,271
hCoV-19/England/ALDP-95116E/2020,164,271
hCoV-19/England/ALDP-951140/2020,164,271
hCoV-19/England/ALDP-951131/2020,164,271
hCoV-19/England/ALDP-951113/2020,164,271
hCoV-19/England/ALDP-951104/2020,164,271
hCoV-19/England/ALDP-9510BC/2020,164,271
hCoV-19/England/ALDP-9510AD/2020,164,271
hCoV-19/England/ALDP-95109E/2020,164,271
hCoV-19/England/ALDP-95108F/2020,164,271
hCoV-19/England/ALDP-951070/2020,164,271
hCoV-19/England/ALDP-951061/2020,164,271
hCoV-19/England/ALDP-951034/2020,164,271
hCoV-19/England/ALDP-951007/2020,164,271
hCoV-19/England/ALDP-950FCF/2020,164,271
hCoV-19/England/ALDP-950FB0/2020,164,271
hCoV-19/England/ALDP-950FA1/2020,164,271
hCoV-19/England/ALDP-950F83/2020,164,271
hCoV-19/England/ALDP-950EFF/2020,164,271
hCoV-19/England/ALDP-950DD4/2020,164,271
hCoV-19/England/ALDP-9508E2/2020,164,271
hCoV-19/England/ALDP-9508D3/2020,164,271
hCoV-19/England/ALDP-9508B5/2020,164,271
hCoV-19/England/ALDP-9508A6/2020,164,271
hCoV-19/England/ALDP-95078B/2020,164,271
hCoV-19/England/ALDP-950730/2020,164,271
hCoV-19/England/ALDP-94D0C2/2020,164,271
hCoV-19/England/ALDP-94BB96/2020,164,271
hCoV-19/England/ALDP-94B96F/2020,164,271
hCoV-19/England/ALDP-94B941/2020,164,271
hCoV-19/England/ALDP-94B932/2020,164,271
hCoV-19/England/ALDP-94B783/2020,164,271
hCoV-19/England/ALDP-94B774/2020,164,271
hCoV-19/England/ALDP-94B13A/2020,164,271
hCoV-19/England/ALDP-94B12B/2020,164,271
hCoV-19/England/ALDP-5A8E38/2020,164,271
hCoV-19/England/ALDP-5A7868/2020,164,271
hCoV-19/England/ALDP-5A6A63/2020,164,271
hCoV-19/England/ALDP-5A67E4/2020,164,271
hCoV-19/England/ALDP-5A626B/2020,164,271
hCoV-19/England/ALDP-5A5F74/2020,164,271
hCoV-19/England/ALDP-5A48C5/2020,164,271
hCoV-19/England/ALDP-5A4528/2020,164,271
hCoV-19/England/ALDP-5A44EF/2020,164,271
hCoV-19/England/ALDP-5A41D9/2020,164,271
hCoV-19/England/ALDP-5A4142/2020,164,271
hCoV-19/England/ALDP-5A2162/2020,164,271
hCoV-19/England/ALDP-5A1619/2020,164,271
hCoV-19/England/ALDP-59F06B/2020,164,271
hCoV-19/England/ALDP-59EB4D/2020,164,271
hCoV-19/England/ALDP-59DB02/2020,164,271
hCoV-19/England/ALDP-59CAD9/2020,164,271
hCoV-19/England/ALDP-59CA7F/2020,164,271
hCoV-19/England/ALDP-59C81B/2020,164,271
hCoV-19/England/ALDP-59C4DB/2020,164,271
hCoV-19/England/ALDP-59BC2F/2020,164,271
hCoV-19/England/ALDP-59BC01/2020,164,271
hCoV-19/England/ALDP-59BB9B/2020,164,271
hCoV-19/England/ALDP-59A279/2020,164,271
hCoV-19/England/ALDP-4AA981/2020,164,271
hCoV-19/England/ALDP-4AA927/2020,164,271
hCoV-19/England/ALDP-4AA81B/2020,164,271
hCoV-19/England/ALDP-4AA74B/2020,164,271
hCoV-19/England/ALDP-4A8E57/2020,164,271
hCoV-19/England/ALDP-4A7456/2020,164,271
hCoV-19/England/ALDP-4A726B/2020,164,271
hCoV-19/England/ALDP-4A723E/2020,164,271
hCoV-19/England/ALDP-4A717D/2020,164,271
hCoV-19/England/ALDP-4A70BC/2020,164,271
hCoV-19/England/ALDP-4A7016/2020,164,271
hCoV-19/England/ALDP-4A6EFF/2020,164,271
hCoV-19/England/ALDP-49A6AB/2020,164,271
hCoV-19/England/ALDP-49A650/2020,164,271
hCoV-19/England/ALDP-49A605/2020,164,271
hCoV-19/England/ALDP-49A5AE/2020,164,271
hCoV-19/England/ALDP-49A474/2020,164,271
hCoV-19/England/ALDP-49A465/2020,164,271
hCoV-19/England/ALDP-49A456/2020,164,271
hCoV-19/England/ALDP-49A447/2020,164,271
hCoV-19/England/ALDP-49A41A/2020,164,271
hCoV-19/England/ALDP-49A3FF/2020,164,271
