hCoV-19/Wales/PHWC-16C890/2020,151,278
hCoV-19/Wales/PHWC-166975/2020,151,202
hCoV-19/Wales/PHWC-162830/2020,151,174
hCoV-19/Wales/PHWC-1626AF/2020,151,174
hCoV-19/Scotland/EDB6319/2020,151,174
hCoV-19/Scotland/CVR3883/2020,151,189
hCoV-19/Scotland/CVR3880/2020,151,189
hCoV-19/Scotland/CVR3829/2020,151,181
hCoV-19/Scotland/CVR3794/2020,151,181
hCoV-19/Scotland/CVR3789/2020,151,181
hCoV-19/Scotland/CVR3776/2020,151,181
hCoV-19/England/PORT-2F5DD8/2020,151,223
hCoV-19/England/NOTT-1123E3/2020,151,189
hCoV-19/England/NOTT-1119C4/2020,151,157
hCoV-19/England/NOTT-1119B5/2020,151,157
hCoV-19/England/NOTT-1119A6/2020,151,157
hCoV-19/England/NOTT-111997/2020,151,157
hCoV-19/England/NORT-29B42A/2020,151,202
hCoV-19/England/NORT-285CD0/2020,151,202
hCoV-19/England/MILK-958DCD/2020,151,271
hCoV-19/England/MILK-45C21A/2020,151,271
hCoV-19/England/LIVE-AB9C0/2020,151,307
hCoV-19/England/LIVE-9F895/2020,151,174
hCoV-19/England/LIVE-9F886/2020,151,174
hCoV-19/England/LIVE-9F84A/2020,151,174
hCoV-19/England/LCST-24D68A7/2020,151,181
hCoV-19/England/LCST-24D6898/2020,151,181
hCoV-19/England/LCST-24D6889/2020,151,181
hCoV-19/England/LCST-24D687A/2020,151,181
hCoV-19/England/LCST-24D684D/2020,151,181
hCoV-19/England/EXET-1375C4/2020,151,174
hCoV-19/England/CAMB-1B4240/2020,151,174
hCoV-19/England/BRIS-132602/2020,151,201
hCoV-19/England/BRIS-12DE6C/2020,151,184
hCoV-19/England/BRIS-12DE02/2020,151,184
hCoV-19/England/BRIS-12DD9C/2020,151,184
hCoV-19/England/BRIS-12DD41/2020,151,184
hCoV-19/England/BRIS-12DCCC/2020,151,195
hCoV-19/England/BRIS-12DB56/2020,151,184
hCoV-19/England/BRIS-12DB0B/2020,151,184
hCoV-19/England/202822172/2020,151,196
hCoV-19/Wales/PHWC-16D48C/2020,152,278
hCoV-19/Wales/PHWC-16D273/2020,152,278
hCoV-19/Wales/PHWC-16CC94/2020,152,278
hCoV-19/Wales/PHWC-167E84/2020,152,202
hCoV-19/Wales/PHWC-164F0C/2020,152,181
hCoV-19/Wales/PHWC-164BAE/2020,152,181
hCoV-19/Wales/PHWC-163064/2020,152,174
hCoV-19/Wales/PHWC-1624D2/2020,152,174
hCoV-19/Wales/ALDP-52C063/2020,152,271
hCoV-19/Scotland/EDB6328/2020,152,174
hCoV-19/Scotland/EDB6324/2020,152,174
hCoV-19/Scotland/CVR3884/2020,152,189
hCoV-19/Scotland/CVR3882/2020,152,189
hCoV-19/Scotland/CVR3828/2020,152,181
hCoV-19/Scotland/CVR3774/2020,152,181
hCoV-19/England/SHEF-CB0D4/2020,152,174
hCoV-19/England/NOTT-246E8A/2020,152,404
hCoV-19/England/NOTT-111B46/2020,152,157
hCoV-19/England/NOTT-111B37/2020,152,157
hCoV-19/England/NOTT-111B28/2020,152,157
hCoV-19/England/NORW-ED458/2020,152,174
hCoV-19/England/NORW-ED18E/2020,152,174
hCoV-19/England/NORW-ECE2E/2020,152,174
hCoV-19/England/MILK-4A036F/2020,152,271
hCoV-19/England/MILK-4A0095/2020,152,271
hCoV-19/England/MILK-4A0077/2020,152,271
hCoV-19/England/MILK-49FFC9/2020,152,271
hCoV-19/England/MILK-49FE44/2020,152,271
hCoV-19/England/LIVE-A97AA/2020,152,244
hCoV-19/England/LIVE-A1317/2020,152,209
hCoV-19/England/LIVE-9FCE4/2020,152,174
hCoV-19/England/LIVE-9F8A4/2020,152,174
hCoV-19/England/LCST-24D692C/2020,152,181
hCoV-19/England/LCST-24D68F2/2020,152,181
hCoV-19/England/CAMB-1B42C8/2020,152,174
hCoV-19/England/CAMB-1B4125/2020,152,174
hCoV-19/England/BRIS-12DE20/2020,152,184
hCoV-19/England/BRIS-12DDD8/2020,152,184
hCoV-19/England/BRIS-12DDC9/2020,152,184
hCoV-19/England/BRIS-12DBB0/2020,152,184
hCoV-19/England/BRIS-12DB92/2020,152,184
hCoV-19/England/BRIS-12DB1A/2020,152,184
hCoV-19/England/BIRM-606A2/2020,152,181
hCoV-19/England/ALDP-52C40D/2020,152,271
hCoV-19/England/ALDP-52C230/2020,152,271
hCoV-19/England/ALDP-52C072/2020,152,271
hCoV-19/England/ALDP-52B9E1/2020,152,271
hCoV-19/England/ALDP-52B996/2020,152,271
hCoV-19/England/ALDP-52B90F/2020,152,271
hCoV-19/England/ALDP-52B8D5/2020,152,271
hCoV-19/England/ALDP-52B8A8/2020,152,271
hCoV-19/England/ALDP-52B88A/2020,152,271
hCoV-19/England/ALDP-52B87B/2020,152,271
hCoV-19/England/ALDP-52B398/2020,152,271
hCoV-19/England/ALDP-52B2C8/2020,152,271
hCoV-19/England/ALDP-52B29B/2020,152,271
hCoV-19/England/ALDP-52B1DA/2020,152,271
hCoV-19/England/ALDP-52B125/2020,152,271
hCoV-19/England/ALDP-52AF3B/2020,152,271
hCoV-19/England/ALDP-52ADC8/2020,152,271
hCoV-19/England/ALDP-52ABA0/2020,152,271
hCoV-19/England/ALDP-52AB46/2020,152,271
hCoV-19/England/ALDP-52AAA3/2020,152,271
hCoV-19/England/ALDP-52AA85/2020,152,271
hCoV-19/England/ALDP-52A8C7/2020,152,271
hCoV-19/England/ALDP-52A89A/2020,152,271
hCoV-19/England/ALDP-52A6AF/2020,152,271
hCoV-19/England/ALDP-52A636/2020,152,271
hCoV-19/England/ALDP-52A627/2020,152,271
hCoV-19/England/ALDP-52A3E4/2020,152,271
hCoV-19/England/ALDP-5297AD/2020,152,271
hCoV-19/England/ALDP-5292F7/2020,152,271
hCoV-19/England/ALDP-5290B1/2020,152,271
hCoV-19/England/ALDP-529066/2020,152,271
hCoV-19/England/ALDP-528FA6/2020,152,271
hCoV-19/England/ALDP-528A87/2020,152,271
hCoV-19/England/ALDP-5289A8/2020,152,271
hCoV-19/England/ALDP-5284B6/2020,152,271
hCoV-19/England/ALDP-49F0B7/2020,152,271
hCoV-19/England/202320700/2020,152,274
hCoV-19/Wales/PHWC-16D422/2020,153,278
hCoV-19/Wales/PHWC-16CC0D/2020,153,278
hCoV-19/Wales/PHWC-166FA0/2020,153,202
hCoV-19/Wales/PHWC-16244B/2020,153,174
hCoV-19/Scotland/EDB6322/2020,153,174
hCoV-19/Scotland/EDB5747/2020,153,174
hCoV-19/Scotland/EDB5746/2020,153,174
hCoV-19/Scotland/EDB5745/2020,153,174
hCoV-19/Scotland/CVR3922/2020,153,223
hCoV-19/Scotland/CVR3921/2020,153,223
hCoV-19/Scotland/CVR3832/2020,153,181
hCoV-19/Scotland/CVR3791/2020,153,181
hCoV-19/Scotland/CVR3790/2020,153,181
hCoV-19/England/SHEF-10B3090/2020,153,259
hCoV-19/England/SHEF-10B3081/2020,153,259
hCoV-19/England/NOTT-246E4E/2020,153,404
hCoV-19/England/NOTT-246E3F/2020,153,404
hCoV-19/England/NOTT-111C34/2020,153,174
hCoV-19/England/NOTT-111BBF/2020,153,157
hCoV-19/England/NOTT-111BA0/2020,153,157
hCoV-19/England/NOTT-111B82/2020,153,157
hCoV-19/England/NOTT-111B64/2020,153,157
hCoV-19/England/NORW-ED24F/2020,153,174
hCoV-19/England/NORT-29B660/2020,153,202
hCoV-19/England/NORT-29B642/2020,153,202
hCoV-19/England/NORT-29310D/2020,153,196
hCoV-19/England/NORT-2930C4/2020,153,195
hCoV-19/England/NORT-285D64/2020,153,202
hCoV-19/England/MILK-9594E5/2020,153,271
hCoV-19/England/MILK-9594D6/2020,153,271
hCoV-19/England/LIVE-A9801/2020,153,257
hCoV-19/England/LIVE-A0785/2020,153,174
hCoV-19/England/LIVE-A0776/2020,153,174
hCoV-19/England/LIVE-A0767/2020,153,174
hCoV-19/England/LIVE-A02DF/2020,153,174
hCoV-19/England/LIVE-A02C0/2020,153,174
hCoV-19/England/LIVE-A0293/2020,153,174
hCoV-19/England/LIVE-A01A5/2020,153,174
hCoV-19/England/LIVE-9F8B3/2020,153,474
hCoV-19/England/HECH-259A2BF/2020,153,195
hCoV-19/England/HECH-259A2A0/2020,153,195
hCoV-19/England/CWAR-24FE065/2020,153,292
hCoV-19/England/CWAR-24FDF1E/2020,153,292
hCoV-19/England/CAMB-1B4626/2020,153,201
hCoV-19/England/CAMB-1B45DE/2020,153,201
hCoV-19/England/CAMB-1B45A1/2020,153,174
hCoV-19/England/CAMB-1B4565/2020,153,201
hCoV-19/England/CAMB-1B4538/2020,153,222
hCoV-19/England/CAMB-1B451A/2020,153,201
hCoV-19/England/CAMB-1B44D1/2020,153,201
hCoV-19/England/CAMB-1B442C/2020,153,174
hCoV-19/England/CAMB-1B43E3/2020,153,174
hCoV-19/England/BRIS-12DE8A/2020,153,184
hCoV-19/England/BIRM-61252/2020,153,174
hCoV-19/England/BIRM-61173/2020,153,174
hCoV-19/England/BIRM-61164/2020,153,174
hCoV-19/England/BIRM-60718/2020,153,189
hCoV-19/England/BIRM-60693/2020,153,181
hCoV-19/England/ALDP-5279F4/2020,153,271
hCoV-19/England/ALDP-5276A2/2020,153,271
hCoV-19/England/ALDP-5275F0/2020,153,271
hCoV-19/England/ALDP-527280/2020,153,271
hCoV-19/England/ALDP-526FC6/2020,153,271
hCoV-19/England/ALDP-526E8D/2020,153,271
hCoV-19/England/ALDP-526CB0/2020,153,271
hCoV-19/England/ALDP-526C56/2020,153,271
hCoV-19/England/ALDP-526B0E/2020,153,271
hCoV-19/England/ALDP-526AA7/2020,153,271
hCoV-19/England/ALDP-52698C/2020,153,271
hCoV-19/England/ALDP-526421/2020,153,271
hCoV-19/England/ALDP-5262DC/2020,153,271
hCoV-19/England/ALDP-526209/2020,153,271
hCoV-19/England/ALDP-525E9D/2020,153,271
hCoV-19/England/ALDP-525A11/2020,153,271
hCoV-19/England/ALDP-524E43/2020,153,271
hCoV-19/England/ALDP-524D73/2020,153,271
hCoV-19/England/ALDP-524C76/2020,153,271
hCoV-19/England/ALDP-524AB8/2020,153,271
hCoV-19/England/ALDP-5249BB/2020,153,271
hCoV-19/England/ALDP-524942/2020,153,271
hCoV-19/England/ALDP-5246E1/2020,153,271
hCoV-19/England/ALDP-5244C9/2020,153,271
hCoV-19/England/ALDP-5240D4/2020,153,271
hCoV-19/England/ALDP-523C2C/2020,153,271
hCoV-19/England/ALDP-5239BC/2020,153,271
hCoV-19/England/ALDP-523758/2020,153,271
hCoV-19/England/ALDP-523749/2020,153,271
hCoV-19/England/ALDP-523020/2020,153,271
hCoV-19/England/ALDP-522FAC/2020,153,271
hCoV-19/England/ALDP-522B8A/2020,153,271
hCoV-19/England/ALDP-522A23/2020,153,271
hCoV-19/England/ALDP-522935/2020,153,271
hCoV-19/England/ALDP-522917/2020,153,271
hCoV-19/England/ALDP-522829/2020,153,271
hCoV-19/England/ALDP-522328/2020,153,271
hCoV-19/England/ALDP-521F9E/2020,153,271
hCoV-19/England/ALDP-521EEC/2020,153,271
hCoV-19/England/ALDP-521D49/2020,153,271
hCoV-19/England/ALDP-521CE2/2020,153,271
hCoV-19/England/ALDP-521C3D/2020,153,271
hCoV-19/England/ALDP-521AF7/2020,153,287
hCoV-19/England/ALDP-5218A2/2020,153,271
hCoV-19/England/ALDP-521893/2020,153,271
hCoV-19/England/ALDP-5217D2/2020,153,271
hCoV-19/England/ALDP-521532/2020,153,271
hCoV-19/England/ALDP-52114D/2020,153,271
hCoV-19/England/ALDP-520C10/2020,153,271
hCoV-19/England/ALDP-5201F3/2020,153,271
hCoV-19/England/ALDP-51FF75/2020,153,271
hCoV-19/England/ALDP-51FEF0/2020,153,271
hCoV-19/England/ALDP-51FBAE/2020,153,271
hCoV-19/England/ALDP-51F5CE/2020,153,271
hCoV-19/England/ALDP-51F546/2020,153,271
hCoV-19/England/ALDP-51F42B/2020,153,271
hCoV-19/England/ALDP-51F28B/2020,153,271
hCoV-19/England/ALDP-51F142/2020,153,271
hCoV-19/England/ALDP-51EF85/2020,153,271
hCoV-19/England/ALDP-51E064/2020,153,271
hCoV-19/England/ALDP-51DFB3/2020,153,271
hCoV-19/England/ALDP-51DEF2/2020,153,271
hCoV-19/England/ALDP-51DE4D/2020,153,271
hCoV-19/England/ALDP-51D8E5/2020,153,271
hCoV-19/England/ALDP-51D751/2020,153,271
hCoV-19/England/ALDP-51D6FA/2020,153,271
hCoV-19/England/ALDP-51D645/2020,153,271
hCoV-19/England/ALDP-51D5B1/2020,153,271
hCoV-19/England/ALDP-51D4E1/2020,153,271
hCoV-19/England/ALDP-51D44B/2020,153,271
hCoV-19/England/ALDP-519DCC/2020,153,271
hCoV-19/England/ALDP-519D53/2020,153,271
hCoV-19/England/ALDP-519D17/2020,153,271
hCoV-19/England/ALDP-519CED/2020,153,271
hCoV-19/England/ALDP-519746/2020,153,271
hCoV-19/England/ALDP-519719/2020,153,271
hCoV-19/England/202561785/2020,153,190
hCoV-19/England/202561784/2020,153,190
hCoV-19/England/202322095/2020,153,274
hCoV-19/Wales/PHWC-16CF22/2020,154,278
hCoV-19/Wales/PHWC-16527B/2020,154,181
hCoV-19/Wales/PHWC-164AED/2020,154,181
hCoV-19/Wales/PHWC-162F59/2020,154,174
hCoV-19/Wales/PHWC-1625DF/2020,154,174
hCoV-19/Scotland/EDB6599/2020,154,181
hCoV-19/Scotland/EDB6259/2020,154,174
hCoV-19/Scotland/CVR3886/2020,154,189
hCoV-19/Scotland/CVR3788/2020,154,181
hCoV-19/England/SHEF-CA71C/2020,154,181
hCoV-19/England/SHEF-10B30BE/2020,154,259
hCoV-19/England/NOTT-246F3C/2020,154,404
hCoV-19/England/NOTT-246EF3/2020,154,404
hCoV-19/England/NOTT-246E20/2020,154,404
hCoV-19/England/NOTT-246E11/2020,154,404
hCoV-19/England/NOTT-111C61/2020,154,174
hCoV-19/England/NOTT-111C43/2020,154,174
hCoV-19/England/NOTT-111C25/2020,154,174
hCoV-19/England/NOTT-111C16/2020,154,174
hCoV-19/England/NORT-292FAA/2020,154,195
hCoV-19/England/NORT-292F9B/2020,154,195
hCoV-19/England/NORT-292F22/2020,154,195
hCoV-19/England/NORT-292EF8/2020,154,195
hCoV-19/England/LIVE-A0758/2020,154,174
hCoV-19/England/LIVE-A0749/2020,154,174
hCoV-19/England/LIVE-A02FD/2020,154,174
hCoV-19/England/LIVE-A0248/2020,154,174
hCoV-19/England/LIVE-A01E1/2020,154,174
hCoV-19/England/LIVE-A01B4/2020,154,174
hCoV-19/England/LCST-24D6A29/2020,154,181
hCoV-19/England/LCST-24D69D1/2020,154,181
hCoV-19/England/LCST-24D69C2/2020,154,181
hCoV-19/England/LCST-24D69B3/2020,154,181
hCoV-19/England/HECH-259A316/2020,154,195
hCoV-19/England/EXET-1375F1/2020,154,174
hCoV-19/England/CWAR-24FDE8A/2020,154,292
hCoV-19/England/CAMB-1B479C/2020,154,174
hCoV-19/England/CAMB-1B477E/2020,154,174
hCoV-19/England/CAMB-1B44E0/2020,154,174
hCoV-19/England/BIRM-611BF/2020,154,174
hCoV-19/England/BIRM-61182/2020,154,174
hCoV-19/England/ALDP-4A4574/2020,154,271
hCoV-19/England/ALDP-4A44E0/2020,154,271
hCoV-19/England/ALDP-4A44A4/2020,154,271
hCoV-19/England/ALDP-4A437A/2020,154,271
hCoV-19/England/ALDP-4A4213/2020,154,271
hCoV-19/England/ALDP-4A4204/2020,154,271
hCoV-19/England/ALDP-4A3D7D/2020,154,271
hCoV-19/England/ALDP-497F2B/2020,154,271
hCoV-19/England/ALDP-497E79/2020,154,271
hCoV-19/England/ALDP-497DE5/2020,154,271
hCoV-19/England/ALDP-497D12/2020,154,271
hCoV-19/England/20239016504/2020,154,173
hCoV-19/England/202390165/2020,154,257
hCoV-19/England/20238034404/2020,154,173
hCoV-19/England/20236092104/2020,154,173
hCoV-19/Wales/PHWC-16D3AD/2020,155,278
hCoV-19/Wales/PHWC-16D282/2020,155,278
hCoV-19/Wales/PHWC-16C915/2020,155,278
hCoV-19/Wales/PHWC-1661D7/2020,155,196
hCoV-19/Wales/PHWC-166025/2020,155,196
hCoV-19/Wales/PHWC-1628F4/2020,155,174
hCoV-19/Wales/PHWC-1627AC/2020,155,174
hCoV-19/Wales/PHWC-1626BE/2020,155,174
hCoV-19/Wales/PHWC-162584/2020,155,174
hCoV-19/Wales/PHWC-162566/2020,155,174
hCoV-19/Scotland/EDB6346/2020,155,174
hCoV-19/Scotland/EDB6336/2020,155,174
hCoV-19/Scotland/EDB6333/2020,155,174
hCoV-19/Scotland/EDB6329/2020,155,174
hCoV-19/Scotland/EDB6254/2020,155,174
hCoV-19/Scotland/CVR3888/2020,155,189
hCoV-19/Scotland/CVR3834/2020,155,181
hCoV-19/England/SHEF-D1AEC/2020,155,189
hCoV-19/England/NOTT-111CE9/2020,155,174
hCoV-19/England/NOTT-111C8F/2020,155,174
hCoV-19/England/NORW-ECB18/2020,155,174
hCoV-19/England/NORT-292FE6/2020,155,195
hCoV-19/England/NORT-285DBF/2020,155,202
hCoV-19/England/MILK-4BE1DD/2020,155,271
hCoV-19/England/MILK-4BC4F4/2020,155,271
hCoV-19/England/MILK-4BC157/2020,155,287
hCoV-19/England/MILK-4B8A23/2020,155,271
hCoV-19/England/MILK-4B8470/2020,155,271
hCoV-19/England/MILK-4B7523/2020,155,271
hCoV-19/England/MILK-4B620F/2020,155,271
hCoV-19/England/MILK-4B43A4/2020,155,271
hCoV-19/England/MILK-4B3378/2020,155,271
hCoV-19/England/MILK-4B325D/2020,155,271
hCoV-19/England/MILK-4B30BD/2020,155,271
hCoV-19/England/MILK-4B2889/2020,155,271
hCoV-19/England/MILK-4B1F58/2020,155,271
hCoV-19/England/MILK-4B13E3/2020,155,271
hCoV-19/England/MILK-4B13C5/2020,155,271
hCoV-19/England/MILK-4B0F2C/2020,155,271
hCoV-19/England/MILK-4A1665/2020,155,271
hCoV-19/England/MILK-4A0AB5/2020,155,271
hCoV-19/England/MILK-46C00E/2020,155,271
hCoV-19/England/MILK-46BBC2/2020,155,271
hCoV-19/England/LIVE-A12ED/2020,155,209
hCoV-19/England/LIVE-A015A/2020,155,174
hCoV-19/England/LCST-24D6A38/2020,155,181
hCoV-19/England/HECH-259A2FB/2020,155,195
hCoV-19/England/CWAR-24FE074/2020,155,292
hCoV-19/England/CWAR-24FDE4E/2020,155,292
hCoV-19/England/CAMB-1B4969/2020,155,174
hCoV-19/England/CAMB-1B495A/2020,155,174
hCoV-19/England/CAMB-1B494B/2020,155,174
hCoV-19/England/CAMB-1B493C/2020,155,174
hCoV-19/England/CAMB-1B488A/2020,155,201
hCoV-19/England/CAMB-1B4820/2020,155,201
hCoV-19/England/CAMB-1B4732/2020,155,174
hCoV-19/England/ALDP-524353/2020,155,271
hCoV-19/England/ALDP-524247/2020,155,271
hCoV-19/England/ALDP-49AD1F/2020,155,271
hCoV-19/England/ALDP-49AC6D/2020,155,271
hCoV-19/England/ALDP-49A984/2020,155,271
hCoV-19/England/ALDP-497CBB/2020,155,271
hCoV-19/England/ALDP-497CAC/2020,155,271
hCoV-19/England/ALDP-497C15/2020,155,271
hCoV-19/England/ALDP-497899/2020,155,271
hCoV-19/England/20238073804/2020,155,173
hCoV-19/England/20238073704/2020,155,173
hCoV-19/England/20238001204/2020,155,173
hCoV-19/Wales/PHWC-168FDB/2020,156,209
hCoV-19/Wales/PHWC-168506/2020,156,202
hCoV-19/Wales/PHWC-168454/2020,156,202
hCoV-19/Wales/PHWC-165B34/2020,156,196
hCoV-19/Wales/PHWC-165897/2020,156,196
hCoV-19/Wales/MILK-956855/2020,156,271
hCoV-19/Scotland/EDB6356/2020,156,174
hCoV-19/Scotland/CVR3929/2020,156,223
hCoV-19/Scotland/CVR3928/2020,156,223
hCoV-19/Scotland/CVR3926/2020,156,223
hCoV-19/Scotland/CVR3855/2020,156,189
hCoV-19/Scotland/CVR3851/2020,156,189
hCoV-19/England/SHEF-C3E2D/2020,156,189
hCoV-19/England/OXON-B43A8/2020,156,257
hCoV-19/England/NOTT-111D13/2020,156,174
hCoV-19/England/NOTT-111D04/2020,156,174
hCoV-19/England/NOTT-111CBC/2020,156,174
hCoV-19/England/NOTT-111CAD/2020,156,174
hCoV-19/England/MILK-95997D/2020,156,271
hCoV-19/England/MILK-956AF5/2020,156,271
hCoV-19/England/MILK-956A40/2020,156,271
hCoV-19/England/MILK-956A31/2020,156,271
hCoV-19/England/MILK-956A22/2020,156,271
hCoV-19/England/MILK-956A13/2020,156,271
hCoV-19/England/MILK-4BF35E/2020,156,271
hCoV-19/England/MILK-4BBD54/2020,156,271
hCoV-19/England/MILK-4A0A79/2020,156,271
hCoV-19/England/MILK-484826/2020,156,271
hCoV-19/England/MILK-46D2F8/2020,156,271
hCoV-19/England/LIVE-ABA72/2020,156,307
hCoV-19/England/LIVE-A1344/2020,156,209
hCoV-19/England/LIVE-A00F3/2020,156,174
hCoV-19/England/LCST-24D6ACF/2020,156,181
hCoV-19/England/LCST-24D6AB0/2020,156,181
hCoV-19/England/LCST-24D6AA1/2020,156,181
hCoV-19/England/LCST-24D6A83/2020,156,181
hCoV-19/England/LCST-24D6A74/2020,156,181
hCoV-19/England/CWAR-24FE19F/2020,156,292
hCoV-19/England/CWAR-24FE083/2020,156,292
hCoV-19/England/CWAR-24FDE7B/2020,156,292
hCoV-19/England/CWAR-24FDDC9/2020,156,292
hCoV-19/England/CWAR-24FDDBA/2020,156,292
hCoV-19/England/CWAR-24FDDAB/2020,156,292
hCoV-19/England/CWAR-24FDD9C/2020,156,292
hCoV-19/England/BRIS-132004/2020,156,439
hCoV-19/England/BRIS-131F44/2020,156,439
hCoV-19/England/BIRM-61225/2020,156,174
hCoV-19/England/BIRM-61216/2020,156,174
hCoV-19/England/BIRM-61207/2020,156,174
hCoV-19/England/BIRM-6096D/2020,156,189
hCoV-19/England/BIRM-607FA/2020,156,189
hCoV-19/England/BIRM-60781/2020,156,189
hCoV-19/England/BIRM-60754/2020,156,189
hCoV-19/England/202600045/2020,156,274
hCoV-19/England/20240010804/2020,156,173
hCoV-19/Wales/PHWC-1694DB/2020,157,209
hCoV-19/Wales/PHWC-168FAE/2020,157,209
hCoV-19/Wales/PHWC-168603/2020,157,202
hCoV-19/Wales/PHWC-16807E/2020,157,202
hCoV-19/Wales/MILK-956916/2020,157,271
hCoV-19/Scotland/EDB6361/2020,157,174
hCoV-19/Scotland/CVR3889/2020,157,189
hCoV-19/Scotland/CVR3835/2020,157,181
hCoV-19/England/SHEF-C1038/2020,157,189
hCoV-19/England/NOTT-111D5F/2020,157,174
hCoV-19/England/NOTT-111D22/2020,157,174
hCoV-19/England/NOTT-111CDA/2020,157,174
hCoV-19/England/NORT-285E61/2020,157,202
hCoV-19/England/MILK-956B98/2020,157,271
hCoV-19/England/MILK-956B7A/2020,157,271
hCoV-19/England/MILK-956B6B/2020,157,271
hCoV-19/England/MILK-956B10/2020,157,271
hCoV-19/England/MILK-956A9B/2020,157,271
hCoV-19/England/MILK-9569E9/2020,157,271
hCoV-19/England/MILK-9569BC/2020,157,271
hCoV-19/England/MILK-95698F/2020,157,271
hCoV-19/England/MILK-956934/2020,157,271
hCoV-19/England/MILK-956925/2020,157,271
hCoV-19/England/MILK-956907/2020,157,271
hCoV-19/England/MILK-956891/2020,157,271
hCoV-19/England/MILK-956837/2020,157,271
hCoV-19/England/MILK-9567FE/2020,157,271
hCoV-19/England/MILK-956794/2020,157,271
hCoV-19/England/MILK-956758/2020,157,271
hCoV-19/England/MILK-4C6767/2020,157,271
hCoV-19/England/MILK-4C4DC1/2020,157,271
hCoV-19/England/MILK-4C414D/2020,157,271
hCoV-19/England/MILK-4C40D7/2020,157,271
hCoV-19/England/MILK-4C2BF6/2020,157,271
hCoV-19/England/MILK-4C1966/2020,157,271
hCoV-19/England/MILK-4C16E7/2020,157,271
hCoV-19/England/MILK-4BD059/2020,157,271
hCoV-19/England/MILK-4BC773/2020,157,271
hCoV-19/England/MILK-4B9B89/2020,157,271
hCoV-19/England/MILK-4B2519/2020,157,271
hCoV-19/England/MILK-4A19A8/2020,157,271
hCoV-19/England/MILK-4A1234/2020,157,271
hCoV-19/England/LCST-24D71AB/2020,157,181
hCoV-19/England/LCST-24D709F/2020,157,181
hCoV-19/England/LCST-24D7080/2020,157,181
hCoV-19/England/CWAR-24FDEC6/2020,157,292
hCoV-19/England/CWAR-24FDDD8/2020,157,292
hCoV-19/England/CAMB-1B47C9/2020,157,201
hCoV-19/England/BIRM-61243/2020,157,174
hCoV-19/England/BIRM-611FB/2020,157,174
hCoV-19/England/BIRM-607DC/2020,157,189
hCoV-19/England/ALDP-944025/2020,157,271
hCoV-19/England/20244086004/2020,157,173
hCoV-19/England/20242090304/2020,157,173
hCoV-19/England/20242082604/2020,157,173
