hCoV-19/Wales/PHWC-165DA7/2020,137,196
hCoV-19/Wales/PHWC-16519C/2020,137,181
hCoV-19/Wales/PHWC-16029E/2020,137,174
hCoV-19/Wales/PHWC-15FFD7/2020,137,174
hCoV-19/Scotland/EDB6184/2020,137,174
hCoV-19/Scotland/EDB5157/2020,137,174
hCoV-19/Scotland/EDB5154/2020,137,202
hCoV-19/Scotland/EDB5153/2020,137,202
hCoV-19/Scotland/EDB5133/2020,137,147
hCoV-19/Scotland/EDB5128/2020,137,153
hCoV-19/Scotland/EDB5126/2020,137,153
hCoV-19/Scotland/EDB5125/2020,137,153
hCoV-19/Scotland/EDB5123/2020,137,153
hCoV-19/Scotland/EDB5121/2020,137,147
hCoV-19/Scotland/CVR3584/2020,137,174
hCoV-19/Scotland/CVR3577/2020,137,174
hCoV-19/Scotland/CVR3572/2020,137,174
hCoV-19/England/OXON-B4557/2020,137,257
hCoV-19/England/NOTT-11142D/2020,137,147
hCoV-19/England/NOTT-11141E/2020,137,147
hCoV-19/England/NORW-EC8E4/2020,137,153
hCoV-19/England/NORW-EC8C6/2020,137,153
hCoV-19/England/NORW-EC8B7/2020,137,153
hCoV-19/England/NORW-EC899/2020,137,153
hCoV-19/England/NORW-EC4A4/2020,137,153
hCoV-19/England/NORW-EA8D7/2020,137,157
hCoV-19/England/NORW-EA7CB/2020,137,157
hCoV-19/England/NORT-29EB04/2020,137,196
hCoV-19/England/NORT-29EAAD/2020,137,196
hCoV-19/England/NORT-296191/2020,137,189
hCoV-19/England/NORT-295DCB/2020,137,195
hCoV-19/England/NORT-295DAD/2020,137,195
hCoV-19/England/NORT-295D9E/2020,137,195
hCoV-19/England/NORT-28C9A5/2020,137,169
hCoV-19/England/NORT-285C49/2020,137,202
hCoV-19/England/MILK-48A34D/2020,137,271
hCoV-19/England/LIVE-A2316/2020,137,196
hCoV-19/England/LIVE-A120B/2020,137,209
hCoV-19/England/EKHU-260F1D5/2020,137,212
hCoV-19/England/CAMB-1B20DF/2020,137,147
hCoV-19/England/CAMB-1B2048/2020,137,147
hCoV-19/England/BRIS-12BC28/2020,137,169
hCoV-19/England/BRIS-12BB1C/2020,137,169
hCoV-19/England/BRIS-12BA79/2020,137,169
hCoV-19/England/BRIS-12BA00/2020,137,169
hCoV-19/England/BRIS-12B9F4/2020,137,169
hCoV-19/England/BRIS-12B9D6/2020,137,169
hCoV-19/England/BRIS-12B9C7/2020,137,169
hCoV-19/England/BIRM-5F8A0/2020,137,174
hCoV-19/England/BHRT-24B3819/2020,137,252
hCoV-19/England/BHRT-24B380A/2020,137,252
hCoV-19/England/BHRT-24B36E2/2020,137,252
hCoV-19/Wales/PHWC-1688FE/2020,138,202
hCoV-19/Wales/PHWC-1685CA/2020,138,202
hCoV-19/Wales/PHWC-168463/2020,138,202
hCoV-19/Wales/PHWC-16830C/2020,138,202
hCoV-19/Wales/PHWC-165E2C/2020,138,196
hCoV-19/Wales/PHWC-165581/2020,138,181
hCoV-19/Wales/PHWC-16542A/2020,138,181
hCoV-19/Wales/PHWC-163082/2020,138,174
hCoV-19/Wales/PHWC-162B55/2020,138,174
hCoV-19/Wales/PHWC-162803/2020,138,174
hCoV-19/Wales/PHWC-160C54/2020,138,174
hCoV-19/Wales/PHWC-16095D/2020,138,174
hCoV-19/Wales/PHWC-1605A4/2020,138,181
hCoV-19/Wales/PHWC-1603B9/2020,138,174
hCoV-19/Wales/PHWC-1602CB/2020,138,174
hCoV-19/Wales/PHWC-1601EC/2020,138,174
hCoV-19/Scotland/QEUH-53D3A2/2020,138,254
hCoV-19/Scotland/QEUH-53A5AF/2020,138,254
hCoV-19/Scotland/QEUH-532D09/2020,138,254
hCoV-19/Scotland/QEUH-531247/2020,138,254
hCoV-19/Scotland/QEUH-53102F/2020,138,254
hCoV-19/Scotland/QEUH-530ECC/2020,138,254
hCoV-19/Scotland/QEUH-530CC2/2020,138,254
hCoV-19/Scotland/QEUH-5303FA/2020,138,254
hCoV-19/Scotland/QEUH-530248/2020,138,254
hCoV-19/Scotland/EDB6603/2020,138,189
hCoV-19/Scotland/EDB6209/2020,138,174
hCoV-19/Scotland/EDB6208/2020,138,174
hCoV-19/Scotland/EDB6205/2020,138,174
hCoV-19/Scotland/EDB6204/2020,138,174
hCoV-19/Scotland/EDB6194/2020,138,174
hCoV-19/Scotland/EDB6193/2020,138,174
hCoV-19/Scotland/EDB6192/2020,138,174
hCoV-19/Scotland/EDB6188/2020,138,174
hCoV-19/Scotland/EDB5270/2020,138,202
hCoV-19/Scotland/EDB5196/2020,138,174
hCoV-19/Scotland/EDB5194/2020,138,202
hCoV-19/Scotland/EDB5165/2020,138,174
hCoV-19/Scotland/EDB5155/2020,138,153
hCoV-19/Scotland/EDB5151/2020,138,153
hCoV-19/Scotland/CVR3817/2020,138,181
hCoV-19/Scotland/CVR3813/2020,138,181
hCoV-19/Scotland/CVR3797/2020,138,181
hCoV-19/Scotland/CVR3796/2020,138,181
hCoV-19/Scotland/CVR3590/2020,138,174
hCoV-19/Scotland/CVR3586/2020,138,174
hCoV-19/Scotland/CVR3582/2020,138,174
hCoV-19/Scotland/CVR3580/2020,138,174
hCoV-19/Scotland/CVR3574/2020,138,174
hCoV-19/Scotland/CVR3573/2020,138,174
hCoV-19/England/SHEF-CF595/2020,138,157
hCoV-19/England/SHEF-CB933/2020,138,157
hCoV-19/England/SHEF-C591B/2020,138,202
hCoV-19/England/QEUH-53F2EF/2020,138,254
hCoV-19/England/QEUH-53F0B8/2020,138,254
hCoV-19/England/QEUH-53EB9A/2020,138,254
hCoV-19/England/QEUH-53E918/2020,138,254
hCoV-19/England/QEUH-53E80C/2020,138,254
hCoV-19/England/QEUH-53E4AE/2020,138,254
hCoV-19/England/QEUH-53DABC/2020,138,254
hCoV-19/England/QEUH-53DA8F/2020,138,254
hCoV-19/England/QEUH-53D17B/2020,138,254
hCoV-19/England/QEUH-53CFAF/2020,138,254
hCoV-19/England/QEUH-53CB32/2020,138,254
hCoV-19/England/QEUH-53C7F2/2020,138,254
hCoV-19/England/QEUH-53C446/2020,138,254
hCoV-19/England/QEUH-53C2C4/2020,138,254
hCoV-19/England/QEUH-53C0AC/2020,138,254
hCoV-19/England/QEUH-53BD4C/2020,138,254
hCoV-19/England/QEUH-53A554/2020,138,254
hCoV-19/England/QEUH-539E96/2020,138,254
hCoV-19/England/QEUH-539D6C/2020,138,254
hCoV-19/England/QEUH-53983E/2020,138,254
hCoV-19/England/QEUH-53931F/2020,138,254
hCoV-19/England/QEUH-538EE2/2020,138,254
hCoV-19/England/QEUH-538C9D/2020,138,254
hCoV-19/England/QEUH-538969/2020,138,254
hCoV-19/England/QEUH-537F1D/2020,138,254
hCoV-19/England/QEUH-537E01/2020,138,254
hCoV-19/England/QEUH-537A1C/2020,138,254
hCoV-19/England/QEUH-5338DA/2020,138,254
hCoV-19/England/QEUH-533861/2020,138,254
hCoV-19/England/QEUH-532792/2020,138,254
hCoV-19/England/QEUH-532765/2020,138,254
hCoV-19/England/QEUH-53204C/2020,138,254
hCoV-19/England/QEUH-531C67/2020,138,254
hCoV-19/England/QEUH-5319CA/2020,138,254
hCoV-19/England/QEUH-5318CD/2020,138,254
hCoV-19/England/QEUH-5317C0/2020,138,254
hCoV-19/England/QEUH-5313BD/2020,138,254
hCoV-19/England/QEUH-5313AE/2020,138,254
hCoV-19/England/QEUH-52FAAE/2020,138,254
hCoV-19/England/QEUH-52E78A/2020,138,254
hCoV-19/England/QEUH-52DD3E/2020,138,254
hCoV-19/England/QEUH-52DBE9/2020,138,254
hCoV-19/England/QEUH-52DACE/2020,138,254
hCoV-19/England/PORT-2CFB19/2020,138,202
hCoV-19/England/OXON-B4539/2020,138,257
hCoV-19/England/NOTT-111751/2020,138,157
hCoV-19/England/NOTT-111742/2020,138,157
hCoV-19/England/NOTT-111733/2020,138,157
hCoV-19/England/NOTT-111609/2020,138,157
hCoV-19/England/NOTT-1115FD/2020,138,157
hCoV-19/England/NOTT-1115EE/2020,138,157
hCoV-19/England/NOTT-1115DF/2020,138,157
hCoV-19/England/NOTT-1115C0/2020,138,157
hCoV-19/England/NORW-EAA0E/2020,138,157
hCoV-19/England/NORW-EA998/2020,138,157
hCoV-19/England/NORW-EA7DA/2020,138,157
hCoV-19/England/NORW-EA770/2020,138,157
hCoV-19/England/NORT-29EA07/2020,138,196
hCoV-19/England/NORT-298751/2020,138,169
hCoV-19/England/NORT-292D19/2020,138,195
hCoV-19/England/NORT-292C76/2020,138,195
hCoV-19/England/NORT-28CB81/2020,138,169
hCoV-19/England/NORT-28CAFD/2020,138,169
hCoV-19/England/NORT-28CA2A/2020,138,169
hCoV-19/England/MILK-48ADE5/2020,138,271
hCoV-19/England/LOND-128695D/2020,138,383
hCoV-19/England/LIVE-A3C65/2020,138,209
hCoV-19/England/LIVE-A3C47/2020,138,209
hCoV-19/England/LIVE-A2167/2020,138,196
hCoV-19/England/LIVE-A2158/2020,138,223
hCoV-19/England/LIVE-A202E/2020,138,196
hCoV-19/England/LIVE-A2000/2020,138,196
hCoV-19/England/LIVE-A1FAA/2020,138,196
hCoV-19/England/LIVE-A1F9B/2020,138,196
hCoV-19/England/LIVE-A1229/2020,138,209
hCoV-19/England/HECH-259A158/2020,138,195
hCoV-19/England/HECH-259A0C4/2020,138,184
hCoV-19/England/HECH-259A097/2020,138,184
hCoV-19/England/EXET-13796E/2020,138,223
hCoV-19/England/CAMB-1B2D50/2020,138,153
hCoV-19/England/CAMB-1B2D32/2020,138,153
hCoV-19/England/CAMB-1B2CCC/2020,138,153
hCoV-19/England/CAMB-1B2901/2020,138,153
hCoV-19/England/CAMB-1B2716/2020,138,153
hCoV-19/England/CAMB-1B25FE/2020,138,153
hCoV-19/England/CAMB-1B250D/2020,138,153
hCoV-19/England/CAMB-1B245B/2020,138,153
hCoV-19/England/CAMB-1B2093/2020,138,147
hCoV-19/England/BRIS-13122D/2020,138,166
hCoV-19/England/BRIS-12BAE2/2020,138,169
hCoV-19/England/BRIS-12BAD3/2020,138,169
hCoV-19/England/BRIS-12BAA6/2020,138,169
hCoV-19/England/BRIS-12BA97/2020,138,169
hCoV-19/England/BRIS-12BA88/2020,138,169
hCoV-19/England/BRIS-12BA6A/2020,138,169
hCoV-19/England/BRIS-12BA4C/2020,138,169
hCoV-19/England/BRIS-12BA2E/2020,138,169
hCoV-19/England/BRIS-12BA1F/2020,138,169
hCoV-19/England/BRIS-12B97C/2020,138,169
hCoV-19/England/BRIS-12B96D/2020,138,169
hCoV-19/England/BRIS-12B912/2020,138,169
hCoV-19/England/BRIS-12B8F7/2020,138,169
hCoV-19/England/BRIS-12B8E8/2020,138,169
hCoV-19/England/BRIS-12B8D9/2020,138,169
hCoV-19/England/BRIS-12B88E/2020,138,169
hCoV-19/England/BRIS-12B87F/2020,138,195
hCoV-19/England/BRIS-12B842/2020,138,195
hCoV-19/England/BRIS-12B736/2020,138,195
hCoV-19/England/BRIS-12B727/2020,138,195
hCoV-19/England/BRIS-12B262/2020,138,169
hCoV-19/England/BIRM-5F8CE/2020,138,174
hCoV-19/England/ALDP-9ED64A/2020,138,293
hCoV-19/England/ALDP-4A20A2/2020,138,271
hCoV-19/England/ALDP-4A1EB8/2020,138,271
hCoV-19/England/ALDP-4A1DBB/2020,138,271
hCoV-19/England/ALDP-4A1D06/2020,138,271
hCoV-19/England/20212010104/2020,138,162
hCoV-19/Wales/PHWC-1686A9/2020,139,202
hCoV-19/Wales/PHWC-167E93/2020,139,202
hCoV-19/Wales/PHWC-162E7A/2020,139,174
hCoV-19/Wales/PHWC-1628A9/2020,139,174
hCoV-19/Wales/PHWC-162539/2020,139,174
hCoV-19/Wales/PHWC-160BC0/2020,139,174
hCoV-19/Wales/PHWC-15FCB2/2020,139,174
hCoV-19/Scotland/EDB6892/2020,139,271
hCoV-19/Scotland/EDB6224/2020,139,174
hCoV-19/Scotland/EDB6223/2020,139,174
hCoV-19/Scotland/EDB6222/2020,139,174
hCoV-19/Scotland/EDB6215/2020,139,174
hCoV-19/Scotland/EDB6214/2020,139,174
hCoV-19/Scotland/EDB6213/2020,139,174
hCoV-19/Scotland/EDB6212/2020,139,174
hCoV-19/Scotland/EDB6211/2020,139,174
hCoV-19/Scotland/EDB5280/2020,139,153
hCoV-19/Scotland/EDB5276/2020,139,153
hCoV-19/Scotland/EDB5209/2020,139,153
hCoV-19/Scotland/EDB5184/2020,139,153
hCoV-19/Scotland/EDB5181/2020,139,153
hCoV-19/Scotland/EDB5170/2020,139,202
hCoV-19/Scotland/CVR3887/2020,139,202
hCoV-19/Scotland/CVR3825/2020,139,181
hCoV-19/Scotland/CVR3824/2020,139,181
hCoV-19/Scotland/CVR3823/2020,139,181
hCoV-19/Scotland/CVR3822/2020,139,181
hCoV-19/Scotland/CVR3814/2020,139,181
hCoV-19/Scotland/CVR3811/2020,139,181
hCoV-19/Scotland/CVR3803/2020,139,181
hCoV-19/Scotland/CVR3798/2020,139,181
hCoV-19/Scotland/CVR3598/2020,139,174
hCoV-19/Scotland/CVR3596/2020,139,174
hCoV-19/Scotland/CVR3594/2020,139,174
hCoV-19/Scotland/CVR3593/2020,139,174
hCoV-19/Scotland/CVR3592/2020,139,174
hCoV-19/England/SHEF-CE1A1/2020,139,253
hCoV-19/England/SHEF-C6F45/2020,139,253
hCoV-19/England/SHEF-C666E/2020,139,253
hCoV-19/England/SHEF-C665F/2020,139,253
hCoV-19/England/SHEF-C4CB9/2020,139,253
hCoV-19/England/SHEF-C1609/2020,139,253
hCoV-19/England/SHEF-C13B7/2020,139,253
hCoV-19/England/SHEF-C1092/2020,139,253
hCoV-19/England/PORT-2CFA0D/2020,139,202
hCoV-19/England/NOTT-11179D/2020,139,157
hCoV-19/England/NOTT-11178E/2020,139,157
hCoV-19/England/NOTT-11177F/2020,139,157
hCoV-19/England/NOTT-111760/2020,139,157
hCoV-19/England/NOTT-111663/2020,139,157
hCoV-19/England/NOTT-111636/2020,139,157
hCoV-19/England/NOTT-111627/2020,139,157
hCoV-19/England/NOTT-111618/2020,139,157
hCoV-19/England/NORW-EA94D/2020,139,157
hCoV-19/England/NORW-EA7BC/2020,139,157
hCoV-19/England/NORW-EA619/2020,139,157
hCoV-19/England/NORT-29A8E3/2020,139,201
hCoV-19/England/NORT-29A8D4/2020,139,201
hCoV-19/England/NORT-29A8B6/2020,139,201
hCoV-19/England/NORT-29A8A7/2020,139,201
hCoV-19/England/NORT-29879D/2020,139,169
hCoV-19/England/NORT-29878E/2020,139,169
hCoV-19/England/NORT-2961EC/2020,139,189
hCoV-19/England/NORT-292DCE/2020,139,195
hCoV-19/England/NORT-292DBF/2020,139,195
hCoV-19/England/NORT-292D46/2020,139,195
hCoV-19/England/NORT-292D37/2020,139,195
hCoV-19/England/LOND-124D4E8/2020,139,215
hCoV-19/England/LOND-124CF8E/2020,139,215
hCoV-19/England/LIVE-A3E32/2020,139,209
hCoV-19/England/LIVE-A3DAE/2020,139,209
hCoV-19/England/LIVE-A3D9F/2020,139,209
hCoV-19/England/LIVE-A3D53/2020,139,209
hCoV-19/England/LIVE-A3D44/2020,139,209
hCoV-19/England/LIVE-A3D35/2020,139,209
hCoV-19/England/LIVE-A3CDE/2020,139,209
hCoV-19/England/LIVE-A3CA1/2020,139,209
hCoV-19/England/LIVE-A3C92/2020,139,209
hCoV-19/England/LIVE-A3C74/2020,139,209
hCoV-19/England/LIVE-A2A7B/2020,139,209
hCoV-19/England/LIVE-A2853/2020,139,209
hCoV-19/England/LIVE-A27FC/2020,139,209
hCoV-19/England/LIVE-A25D4/2020,139,209
hCoV-19/England/LIVE-A256B/2020,139,209
hCoV-19/England/LIVE-A255C/2020,139,209
hCoV-19/England/LIVE-A254D/2020,139,209
hCoV-19/England/LIVE-A212B/2020,139,196
hCoV-19/England/LIVE-A1292/2020,139,209
hCoV-19/England/LIVE-A1283/2020,139,209
hCoV-19/England/HECH-259A11C/2020,139,195
hCoV-19/England/HECH-259A10D/2020,139,195
hCoV-19/England/HECH-259A0D3/2020,139,195
hCoV-19/England/HECH-259A0B5/2020,139,195
hCoV-19/England/CAMB-1B2F78/2020,139,153
hCoV-19/England/CAMB-1B2ED5/2020,139,153
hCoV-19/England/CAMB-1B2EC6/2020,139,153
hCoV-19/England/CAMB-1B2E4E/2020,139,153
hCoV-19/England/CAMB-1B2D8D/2020,139,153
hCoV-19/England/CAMB-1B2D7E/2020,139,153
hCoV-19/England/CAMB-1B2CDB/2020,139,153
hCoV-19/England/CAMB-1B2C71/2020,139,153
hCoV-19/England/CAMB-1B2C08/2020,139,153
hCoV-19/England/CAMB-1B2BED/2020,139,153
hCoV-19/England/CAMB-1B2BCF/2020,139,153
hCoV-19/England/CAMB-1B2BA1/2020,139,153
hCoV-19/England/CAMB-1B2673/2020,139,153
hCoV-19/England/BRIS-12B9A9/2020,139,169
hCoV-19/England/BRIS-12B98B/2020,139,169
hCoV-19/England/BRIS-12B860/2020,139,195
hCoV-19/England/BRIS-12B815/2020,139,195
hCoV-19/England/BRIS-12B7AF/2020,139,195
hCoV-19/England/BRIS-12B790/2020,139,195
hCoV-19/England/BRIS-12B781/2020,139,195
hCoV-19/England/BRIS-12B772/2020,139,195
hCoV-19/England/BRIS-12B763/2020,139,195
hCoV-19/England/BRIS-12B718/2020,139,195
hCoV-19/England/BRIS-12B6FD/2020,139,195
hCoV-19/England/BRIS-12B648/2020,139,195
hCoV-19/England/BIRM-5FB5C/2020,139,174
hCoV-19/England/BIRM-5FB3E/2020,139,174
hCoV-19/England/BIRM-5FB2F/2020,139,174
hCoV-19/England/ALDP-49E07C/2020,139,271
hCoV-19/England/ALDP-49DFCB/2020,139,271
hCoV-19/England/ALDP-49DEBF/2020,139,271
hCoV-19/England/20212019304/2020,139,162
hCoV-19/Wales/PHWC-1681A8/2020,140,202
hCoV-19/Wales/PHWC-1680E7/2020,140,202
hCoV-19/Wales/PHWC-162FE0/2020,140,174
hCoV-19/Wales/PHWC-162C07/2020,140,174
hCoV-19/Wales/PHWC-162AB2/2020,140,174
hCoV-19/Wales/PHWC-1629C4/2020,140,174
hCoV-19/Wales/PHWC-162663/2020,140,174
hCoV-19/Wales/PHWC-160ED6/2020,140,202
hCoV-19/Wales/PHWC-160DD9/2020,140,174
hCoV-19/Wales/PHWC-160CAF/2020,140,174
hCoV-19/Wales/PHWC-1607CC/2020,140,181
hCoV-19/Wales/PHWC-160076/2020,140,174
hCoV-19/Scotland/EDB6590/2020,140,181
hCoV-19/Scotland/EDB6235/2020,140,174
hCoV-19/Scotland/EDB5313/2020,140,153
hCoV-19/Scotland/EDB5288/2020,140,153
hCoV-19/Scotland/EDB5245/2020,140,153
hCoV-19/Scotland/EDB5244/2020,140,153
hCoV-19/Scotland/EDB5220/2020,140,153
hCoV-19/Scotland/EDB5218/2020,140,153
hCoV-19/Scotland/EDB5214/2020,140,153
hCoV-19/Scotland/CVR3806/2020,140,181
hCoV-19/Scotland/CVR3672/2020,140,174
hCoV-19/Scotland/CVR3614/2020,140,174
hCoV-19/Scotland/CVR3612/2020,140,174
hCoV-19/Scotland/CVR3611/2020,140,174
hCoV-19/England/SHEF-C674D/2020,140,181
hCoV-19/England/SHEF-C2459/2020,140,157
hCoV-19/England/SHEF-10B2F0D/2020,140,259
hCoV-19/England/OXON-B4092/2020,140,257
hCoV-19/England/OXON-B3215/2020,140,257
hCoV-19/England/OXON-B31DC/2020,140,257
hCoV-19/England/NOTT-1117BB/2020,140,157
hCoV-19/England/NOTT-1117AC/2020,140,157
hCoV-19/England/NOTT-1116AF/2020,140,157
hCoV-19/England/NOTT-111690/2020,140,157
hCoV-19/England/NOTT-111681/2020,140,157
hCoV-19/England/NORW-EA8AA/2020,140,157
hCoV-19/England/NORT-29AA0B/2020,140,201
hCoV-19/England/NORT-29A9FF/2020,140,201
hCoV-19/England/NORT-292E16/2020,140,195
hCoV-19/England/NORT-292E07/2020,140,195
hCoV-19/England/NORT-292DFB/2020,140,195
hCoV-19/England/NORT-285C67/2020,140,202
hCoV-19/England/MILK-46AAC6/2020,140,271
hCoV-19/England/MILK-46A3E9/2020,140,271
hCoV-19/England/MILK-467DEE/2020,140,271
hCoV-19/England/MILK-467434/2020,140,271
hCoV-19/England/LOND-1286B75/2020,140,383
hCoV-19/England/LIVE-A2EE8/2020,140,209
hCoV-19/England/LIVE-A2774/2020,140,209
hCoV-19/England/LIVE-A2765/2020,140,223
hCoV-19/England/LIVE-A2756/2020,140,209
hCoV-19/England/LIVE-A270B/2020,140,209
hCoV-19/England/LIVE-A26FF/2020,140,209
hCoV-19/England/LIVE-A26E0/2020,140,209
hCoV-19/England/LIVE-A26D1/2020,140,209
hCoV-19/England/LIVE-A263B/2020,140,209
hCoV-19/England/LIVE-A245F/2020,140,209
hCoV-19/England/LIVE-A2431/2020,140,196
hCoV-19/England/LIVE-A2404/2020,140,196
hCoV-19/England/HECH-259A0F1/2020,140,195
hCoV-19/England/HECH-259A0E2/2020,140,195
hCoV-19/England/CAMB-1B2F1E/2020,140,153
hCoV-19/England/CAMB-1B2E99/2020,140,153
hCoV-19/England/CAMB-1B2E8A/2020,140,153
hCoV-19/England/CAMB-1B2CF9/2020,140,153
hCoV-19/England/CAMB-1B2CBD/2020,140,153
hCoV-19/England/BRIS-1333EC/2020,140,203
hCoV-19/England/BRIS-1333DD/2020,140,203
hCoV-19/England/BRIS-1311C6/2020,140,166
hCoV-19/England/BRIS-13116C/2020,140,166
hCoV-19/England/BRIS-12B806/2020,140,195
hCoV-19/England/BRIS-12B7EB/2020,140,195
hCoV-19/England/BRIS-12B7DC/2020,140,195
hCoV-19/England/BRIS-12B6DF/2020,140,195
hCoV-19/England/BRIS-12B6C0/2020,140,195
hCoV-19/England/BRIS-12B6B1/2020,140,195
hCoV-19/England/BRIS-12B6A2/2020,140,195
hCoV-19/England/BRIS-12B693/2020,140,195
hCoV-19/England/BRIS-12B684/2020,140,195
hCoV-19/England/BRIS-12B675/2020,140,195
hCoV-19/England/BRIS-12B666/2020,140,195
hCoV-19/England/BRIS-12B639/2020,140,195
hCoV-19/England/BRIS-12B62A/2020,140,195
hCoV-19/England/BRIS-12B61B/2020,140,195
hCoV-19/England/BRIS-12B5F0/2020,140,195
hCoV-19/England/BRIS-12B5E1/2020,140,195
hCoV-19/England/BRIS-12B5D2/2020,140,195
hCoV-19/England/BRIS-12B54B/2020,140,195
hCoV-19/England/BIRM-5FC0E/2020,140,174
hCoV-19/England/BIRM-5FBF2/2020,140,174
hCoV-19/England/BIRM-5FBE3/2020,140,174
hCoV-19/England/BHRT-24B38DD/2020,140,252
hCoV-19/England/ALDP-49EC3C/2020,140,271
hCoV-19/England/ALDP-49E9CC/2020,140,271
hCoV-19/England/ALDP-49E980/2020,140,271
hCoV-19/England/ALDP-49E8FC/2020,140,271
hCoV-19/England/ALDP-49E4DA/2020,140,271
hCoV-19/England/ALDP-49E391/2020,140,271
hCoV-19/England/ALDP-49E355/2020,140,271
hCoV-19/England/ALDP-49E20D/2020,140,271
hCoV-19/Wales/PHWC-1686F4/2020,141,202
hCoV-19/Wales/PHWC-168339/2020,141,202
hCoV-19/Wales/PHWC-162D40/2020,141,174
hCoV-19/Wales/PHWC-160331/2020,141,202
hCoV-19/Wales/PHWC-160182/2020,141,174
hCoV-19/Wales/PHWC-1600A3/2020,141,174
hCoV-19/Wales/PHWC-15FCEF/2020,141,174
hCoV-19/Wales/PHWC-15FCD0/2020,141,174
hCoV-19/Scotland/EDB6248/2020,141,174
hCoV-19/Scotland/EDB6247/2020,141,174
hCoV-19/Scotland/EDB6246/2020,141,174
hCoV-19/Scotland/EDB6245/2020,141,174
hCoV-19/Scotland/EDB6244/2020,141,174
hCoV-19/Scotland/EDB6243/2020,141,174
hCoV-19/Scotland/EDB5320/2020,141,202
hCoV-19/Scotland/EDB5289/2020,141,202
hCoV-19/Scotland/EDB5251/2020,141,153
hCoV-19/Scotland/EDB5250/2020,141,153
hCoV-19/Scotland/EDB5249/2020,141,153
hCoV-19/Scotland/EDB5247/2020,141,153
hCoV-19/Scotland/CVR3818/2020,141,181
hCoV-19/Scotland/CVR3816/2020,141,181
hCoV-19/Scotland/CVR3810/2020,141,181
hCoV-19/Scotland/CVR3808/2020,141,181
hCoV-19/Scotland/CVR3807/2020,141,181
hCoV-19/Scotland/CVR3802/2020,141,181
hCoV-19/Scotland/CVR3663/2020,141,181
hCoV-19/Scotland/CVR3657/2020,141,181
hCoV-19/Scotland/CVR3656/2020,141,181
hCoV-19/Scotland/CVR3650/2020,141,174
hCoV-19/Scotland/CVR3648/2020,141,181
hCoV-19/Scotland/CVR3637/2020,141,174
hCoV-19/England/SHEF-D33D0/2020,141,202
hCoV-19/England/SHEF-CC02E/2020,141,202
hCoV-19/England/SHEF-CA970/2020,141,189
hCoV-19/England/SHEF-C8D1C/2020,141,189
hCoV-19/England/SHEF-10B2F49/2020,141,259
hCoV-19/England/NOTT-11185E/2020,141,157
hCoV-19/England/NOTT-11184F/2020,141,157
hCoV-19/England/NOTT-111821/2020,141,157
hCoV-19/England/NOTT-111803/2020,141,157
hCoV-19/England/NOTT-1117F7/2020,141,157
hCoV-19/England/NOTT-1117E8/2020,141,157
hCoV-19/England/NOTT-1117D9/2020,141,157
hCoV-19/England/NOTT-1117CA/2020,141,157
hCoV-19/England/NOTT-1116CD/2020,141,157
hCoV-19/England/NORW-ED77D/2020,141,174
hCoV-19/England/NORW-EC046/2020,141,174
hCoV-19/England/NORW-EBF86/2020,141,174
hCoV-19/England/NORW-EA87D/2020,141,157
hCoV-19/England/NORW-EA743/2020,141,157
hCoV-19/England/NORW-EA734/2020,141,157
hCoV-19/England/NORW-EA664/2020,141,157
hCoV-19/England/NORW-EA646/2020,141,157
hCoV-19/England/NORW-EA5FE/2020,141,157
hCoV-19/England/NORT-29AB80/2020,141,201
hCoV-19/England/NORT-29AB71/2020,141,201
hCoV-19/England/NORT-29AAFC/2020,141,201
hCoV-19/England/NORT-285AF4/2020,141,202
hCoV-19/England/MILK-467B7B/2020,141,271
hCoV-19/England/MILK-467610/2020,141,271
hCoV-19/England/MILK-4675F5/2020,141,271
hCoV-19/England/MILK-4674DA/2020,141,271
hCoV-19/England/MILK-4673CE/2020,141,271
hCoV-19/England/LIVE-A2659/2020,141,209
hCoV-19/England/LIVE-A12A1/2020,141,209
hCoV-19/England/HECH-259A1D0/2020,141,195
hCoV-19/England/HECH-259A1B2/2020,141,195
hCoV-19/England/CAMB-1B3250/2020,141,153
hCoV-19/England/CAMB-1B3232/2020,141,153
hCoV-19/England/CAMB-1B319F/2020,141,157
hCoV-19/England/CAMB-1B3065/2020,141,153
hCoV-19/England/CAMB-1B3047/2020,141,153
hCoV-19/England/CAMB-1B3029/2020,141,153
hCoV-19/England/CAMB-1B2EB7/2020,141,153
hCoV-19/England/CAMB-1B2E7B/2020,141,153
hCoV-19/England/BRIS-1333BF/2020,141,203
hCoV-19/England/BRIS-12B6EE/2020,141,195
hCoV-19/England/BRIS-12B5C3/2020,141,195
hCoV-19/England/BRIS-12B53C/2020,141,195
hCoV-19/England/BRIS-12B52D/2020,141,195
hCoV-19/England/BRIS-12B4E4/2020,141,195
hCoV-19/England/BIRM-5FC59/2020,141,174
hCoV-19/England/BIRM-5FBC5/2020,141,174
hCoV-19/England/BIRM-5FBB6/2020,141,174
hCoV-19/England/BHRT-24B3925/2020,141,252
hCoV-19/England/ALDP-4A25FE/2020,141,271
hCoV-19/England/ALDP-4A235E/2020,141,271
hCoV-19/England/ALDP-4A22AC/2020,141,271
hCoV-19/England/ALDP-4A229D/2020,141,271
hCoV-19/England/ALDP-4A21FA/2020,141,271
hCoV-19/Wales/PHWC-168D4A/2020,142,202
hCoV-19/Wales/PHWC-168472/2020,142,202
hCoV-19/Wales/PHWC-165AA0/2020,142,196
hCoV-19/Wales/PHWC-16288B/2020,142,174
hCoV-19/Wales/PHWC-160D60/2020,142,174
hCoV-19/Wales/PHWC-160D42/2020,142,174
hCoV-19/Wales/PHWC-160BFD/2020,142,174
hCoV-19/Wales/PHWC-160B57/2020,142,174
hCoV-19/Wales/PHWC-160AB4/2020,142,174
hCoV-19/Wales/PHWC-160A3C/2020,142,174
hCoV-19/Wales/PHWC-16093F/2020,142,174
hCoV-19/Wales/PHWC-160805/2020,142,174
hCoV-19/Wales/PHWC-1607F9/2020,142,174
hCoV-19/Wales/PHWC-1606CF/2020,142,174
hCoV-19/Wales/PHWC-1605C2/2020,142,174
hCoV-19/Wales/PHWC-16035F/2020,142,174
hCoV-19/Wales/PHWC-15FD91/2020,142,174
hCoV-19/Scotland/EDB6251/2020,142,174
hCoV-19/Scotland/EDB5344/2020,142,153
hCoV-19/Scotland/EDB5337/2020,142,202
hCoV-19/Scotland/EDB5336/2020,142,202
hCoV-19/Scotland/EDB5333/2020,142,202
hCoV-19/Scotland/CVR3821/2020,142,181
hCoV-19/Scotland/CVR3820/2020,142,181
hCoV-19/Scotland/CVR3809/2020,142,181
hCoV-19/Scotland/CVR3799/2020,142,181
hCoV-19/Scotland/CVR3781/2020,142,181
hCoV-19/Scotland/CVR3680/2020,142,181
hCoV-19/Scotland/CVR3677/2020,142,181
hCoV-19/Scotland/CVR3674/2020,142,174
hCoV-19/Scotland/CVR3664/2020,142,174
hCoV-19/England/SHEF-C6CB7/2020,142,181
hCoV-19/England/SHEF-C5E67/2020,142,174
hCoV-19/England/SHEF-C578A/2020,142,189
hCoV-19/England/SHEF-C43A5/2020,142,202
hCoV-19/England/SHEF-C2C9D/2020,142,202
hCoV-19/England/SHEF-C15A2/2020,142,157
hCoV-19/England/PORT-2CF78E/2020,142,157
hCoV-19/England/PHEC-YYDRQZA/2020,142,807
hCoV-19/England/OXON-B428D/2020,142,257
hCoV-19/England/OXON-B39E3/2020,142,257
hCoV-19/England/OXON-B33B8/2020,142,257
hCoV-19/England/OXON-B2F1F/2020,142,257
hCoV-19/England/NOTT-1118B8/2020,142,157
hCoV-19/England/NOTT-1118A9/2020,142,157
hCoV-19/England/NOTT-11189A/2020,142,157
hCoV-19/England/NOTT-11188B/2020,142,157
hCoV-19/England/NOTT-111830/2020,142,157
hCoV-19/England/NOTT-1116EB/2020,142,157
hCoV-19/England/NOTT-1116DC/2020,142,157
hCoV-19/England/NORT-29ABF9/2020,142,201
hCoV-19/England/NORT-29ABEA/2020,142,201
hCoV-19/England/NORT-292A6D/2020,142,195
hCoV-19/England/NORT-292A30/2020,142,195
hCoV-19/England/NORT-2929F7/2020,142,195
hCoV-19/England/NORT-29298E/2020,142,195
hCoV-19/England/NORT-285B79/2020,142,202
hCoV-19/England/MILK-4691FF/2020,142,271
hCoV-19/England/MILK-468D74/2020,142,271
hCoV-19/England/MILK-46822A/2020,142,271
hCoV-19/England/MILK-46804E/2020,142,271
hCoV-19/England/MILK-467F7F/2020,142,271
hCoV-19/England/CAMB-1B39F1/2020,142,201
hCoV-19/England/CAMB-1B39B5/2020,142,201
hCoV-19/England/CAMB-1B396A/2020,142,201
hCoV-19/England/CAMB-1B385E/2020,142,222
hCoV-19/England/CAMB-1B31DB/2020,142,153
hCoV-19/England/CAMB-1B300B/2020,142,153
hCoV-19/England/CAMB-1B2FE1/2020,142,153
hCoV-19/England/CAMB-1B2F96/2020,142,153
hCoV-19/England/BRIS-12B5B4/2020,142,195
hCoV-19/England/BRIS-12B5A5/2020,142,195
hCoV-19/England/BRIS-12B596/2020,142,195
hCoV-19/England/BRIS-12B587/2020,142,195
hCoV-19/England/BRIS-12B50F/2020,142,195
hCoV-19/England/BRIS-12B4F3/2020,142,195
hCoV-19/England/BIRM-5F934/2020,142,174
hCoV-19/England/BIRM-5F925/2020,142,174
hCoV-19/England/BIRM-5F916/2020,142,174
hCoV-19/England/BIRM-5F8FB/2020,142,174
hCoV-19/England/ALDP-4A2BFC/2020,142,271
hCoV-19/England/ALDP-4A2A77/2020,142,271
hCoV-19/England/ALDP-4A29A7/2020,142,271
hCoV-19/England/ALDP-4A279E/2020,142,271
hCoV-19/England/ALDP-49F80A/2020,142,271
hCoV-19/England/ALDP-49F6A6/2020,142,271
hCoV-19/England/ALDP-49F5B8/2020,142,271
hCoV-19/England/ALDP-49F530/2020,142,271
hCoV-19/England/ALDP-49F3BE/2020,142,271
hCoV-19/Wales/PHWC-164C23/2020,143,181
hCoV-19/Wales/PHWC-160DBB/2020,143,174
hCoV-19/Wales/PHWC-160D33/2020,143,174
hCoV-19/Wales/PHWC-160C63/2020,143,174
hCoV-19/Wales/PHWC-1609E4/2020,143,174
hCoV-19/Wales/PHWC-16096C/2020,143,174
hCoV-19/Wales/PHWC-160780/2020,143,174
hCoV-19/Wales/PHWC-1606DE/2020,143,174
hCoV-19/Wales/PHWC-1606A1/2020,143,174
hCoV-19/Wales/PHWC-16052C/2020,143,174
hCoV-19/Wales/PHWC-160146/2020,143,174
hCoV-19/Wales/PHWC-16000D/2020,143,174
hCoV-19/Wales/PHWC-15FFB9/2020,143,174
hCoV-19/Wales/PHWC-15FE25/2020,143,174
hCoV-19/Scotland/EDB5351/2020,143,153
hCoV-19/Scotland/EDB5349/2020,143,153
hCoV-19/Scotland/EDB5348/2020,143,153
hCoV-19/Scotland/EDB5345/2020,143,153
hCoV-19/Scotland/CVR3676/2020,143,181
hCoV-19/England/SHEF-D30AC/2020,143,174
hCoV-19/England/SHEF-C9267/2020,143,174
hCoV-19/England/LIVE-AB69C/2020,143,307
hCoV-19/England/LIVE-A03BE/2020,143,174
hCoV-19/England/LIVE-A0318/2020,143,174
hCoV-19/England/BRIS-131393/2020,143,166
hCoV-19/England/BRIS-131375/2020,143,166
hCoV-19/England/BRIS-12B4C6/2020,143,195
hCoV-19/England/BRIS-12B499/2020,143,195
hCoV-19/England/BRIS-12B29F/2020,143,169
hCoV-19/England/ALDP-4A30B0/2020,143,271
hCoV-19/England/ALDP-4A2DC9/2020,143,271
