hCoV-19/Wales/PHWC-160E21/2020,144,174
hCoV-19/Wales/PHWC-160C90/2020,144,174
hCoV-19/Wales/PHWC-160B75/2020,144,174
hCoV-19/Wales/PHWC-160B0C/2020,144,174
hCoV-19/Wales/PHWC-160832/2020,144,174
hCoV-19/Wales/PHWC-160708/2020,144,174
hCoV-19/Wales/PHWC-1604A7/2020,144,174
hCoV-19/Wales/PHWC-160489/2020,144,174
hCoV-19/Wales/PHWC-16001C/2020,144,174
hCoV-19/Scotland/EDB6573/2020,144,181
hCoV-19/Scotland/EDB5363/2020,144,153
hCoV-19/Scotland/CVR3690/2020,144,181
hCoV-19/Scotland/CVR3631/2020,144,181
hCoV-19/Scotland/CVR3630/2020,144,174
hCoV-19/Scotland/CVR3629/2020,144,181
hCoV-19/England/SHEF-C9962/2020,144,174
hCoV-19/England/SHEF-C7E29/2020,144,174
hCoV-19/England/SHEF-C6CD5/2020,144,264
hCoV-19/England/SHEF-10B2FA3/2020,144,259
hCoV-19/England/OXON-B3FC3/2020,144,257
hCoV-19/England/OXON-B2FE2/2020,144,257
hCoV-19/England/NOTT-111706/2020,144,157
hCoV-19/England/NOTT-1116FA/2020,144,157
hCoV-19/England/NORT-29AC7E/2020,144,201
hCoV-19/England/NORT-292B00/2020,144,195
hCoV-19/England/MILK-4699F7/2020,144,271
hCoV-19/England/MILK-469924/2020,144,271
hCoV-19/England/MILK-469766/2020,144,271
hCoV-19/England/MILK-46958A/2020,144,271
hCoV-19/England/MILK-4694C9/2020,144,271
hCoV-19/England/LIVE-A1247/2020,144,209
hCoV-19/England/LIVE-A049D/2020,144,174
hCoV-19/England/HECH-259A1FE/2020,144,195
hCoV-19/England/BRIS-12B48A/2020,144,195
hCoV-19/England/BIRM-60341/2020,144,174
hCoV-19/England/BIRM-5FBA7/2020,144,174
hCoV-19/England/BIRM-5FB98/2020,144,174
hCoV-19/England/BIRM-5FB89/2020,144,174
hCoV-19/England/BIRM-5FB7A/2020,144,174
hCoV-19/England/ALDP-49F239/2020,144,271
hCoV-19/England/ALDP-49F169/2020,144,271
hCoV-19/England/ALDP-49EF24/2020,144,271
hCoV-19/England/ALDP-49EE63/2020,144,271
hCoV-19/England/ALDP-49EE54/2020,144,271
hCoV-19/England/ALDP-49EDDF/2020,144,271
hCoV-19/England/ALDP-49ED57/2020,144,271
hCoV-19/Wales/PHWC-166DF1/2020,145,202
hCoV-19/Wales/PHWC-166CF4/2020,145,202
hCoV-19/Wales/PHWC-165DC5/2020,145,196
hCoV-19/Wales/PHWC-16590D/2020,145,196
hCoV-19/Wales/PHWC-16583D/2020,145,196
hCoV-19/Wales/PHWC-164FEE/2020,145,181
hCoV-19/Wales/PHWC-1627D9/2020,145,174
hCoV-19/Wales/PHWC-1608D8/2020,145,174
hCoV-19/Wales/PHWC-160173/2020,145,174
hCoV-19/Wales/PHWC-1600FE/2020,145,174
hCoV-19/Wales/PHWC-15FFE6/2020,145,174
hCoV-19/Wales/PHWC-15FF6E/2020,145,174
hCoV-19/Wales/PHWC-15FDEC/2020,145,174
hCoV-19/Wales/PHWC-15FD55/2020,145,174
hCoV-19/Scotland/EDB6654/2020,145,202
hCoV-19/Scotland/EDB6653/2020,145,202
hCoV-19/Scotland/EDB6652/2020,145,202
hCoV-19/Scotland/EDB6651/2020,145,202
hCoV-19/Scotland/EDB5590/2020,145,157
hCoV-19/Scotland/EDB5456/2020,145,253
hCoV-19/Scotland/EDB5448/2020,145,157
hCoV-19/Scotland/CVR3870/2020,145,189
hCoV-19/Scotland/CVR3869/2020,145,189
hCoV-19/Scotland/CVR3868/2020,145,189
hCoV-19/Scotland/CVR3709/2020,145,174
hCoV-19/Scotland/CVR3706/2020,145,181
hCoV-19/Scotland/CVR3703/2020,145,174
hCoV-19/Scotland/CVR3699/2020,145,181
hCoV-19/Scotland/CVR3698/2020,145,174
hCoV-19/Scotland/CVR3632/2020,145,174
hCoV-19/England/SHEF-CD1EE/2020,145,174
hCoV-19/England/SHEF-C630D/2020,145,174
hCoV-19/England/SHEF-C483D/2020,145,264
hCoV-19/England/SHEF-C0BCF/2020,145,174
hCoV-19/England/SHEF-10B2FD0/2020,145,259
hCoV-19/England/PORT-2F5DE7/2020,145,223
hCoV-19/England/OXON-B345B/2020,145,257
hCoV-19/England/NORW-EA50D/2020,145,174
hCoV-19/England/NORT-29AE2D/2020,145,201
hCoV-19/England/NORT-29ADC6/2020,145,201
hCoV-19/England/NORT-29AD4E/2020,145,201
hCoV-19/England/NORT-29AD11/2020,145,201
hCoV-19/England/LIVE-A0521/2020,145,174
hCoV-19/England/LIVE-A04D9/2020,145,174
hCoV-19/England/LIVE-A03DC/2020,145,174
hCoV-19/England/LIVE-A03AF/2020,145,174
hCoV-19/England/LIVE-A0372/2020,145,174
hCoV-19/England/LIVE-A0363/2020,145,174
hCoV-19/England/HECH-259A1EF/2020,145,195
hCoV-19/England/CAMB-1B30ED/2020,145,157
hCoV-19/England/CAMB-1B3083/2020,145,157
hCoV-19/England/CAMB-1B3074/2020,145,157
hCoV-19/England/BRIS-12B46C/2020,145,195
hCoV-19/England/BRIS-12B45D/2020,145,195
hCoV-19/England/BRIS-12B44E/2020,145,195
hCoV-19/England/BIRM-6045D/2020,145,174
hCoV-19/England/BIRM-60411/2020,145,174
hCoV-19/England/BIRM-603E7/2020,145,174
hCoV-19/England/BIRM-6038D/2020,145,174
hCoV-19/England/BIRM-5F8EC/2020,145,174
hCoV-19/England/ALDP-498A47/2020,145,271
hCoV-19/England/ALDP-498A0B/2020,145,271
hCoV-19/England/ALDP-49878C/2020,145,271
hCoV-19/England/ALDP-4986DA/2020,145,271
hCoV-19/England/ALDP-498607/2020,145,271
hCoV-19/England/ALDP-4985FB/2020,145,271
hCoV-19/England/ALDP-4984B2/2020,145,271
hCoV-19/England/ALDP-49843A/2020,145,271
hCoV-19/England/ALDP-4983D3/2020,145,271
hCoV-19/England/ALDP-4982D6/2020,145,271
hCoV-19/Wales/PHWC-165CAA/2020,146,196
hCoV-19/Wales/PHWC-160DF7/2020,146,174
hCoV-19/Wales/PHWC-160BA2/2020,146,174
hCoV-19/Wales/PHWC-160559/2020,146,174
hCoV-19/Wales/PHWC-16044D/2020,146,174
hCoV-19/Wales/PHWC-1601DD/2020,146,174
hCoV-19/Wales/PHWC-15FF5F/2020,146,174
hCoV-19/Wales/PHWC-15FF40/2020,146,174
hCoV-19/Wales/PHWC-15FDDD/2020,146,174
hCoV-19/Scotland/EDB6647/2020,146,202
hCoV-19/Scotland/EDB6646/2020,146,202
hCoV-19/Scotland/EDB6643/2020,146,202
hCoV-19/Scotland/EDB6641/2020,146,202
hCoV-19/Scotland/CVR3711/2020,146,174
hCoV-19/England/SHEF-CD588/2020,146,174
hCoV-19/England/SHEF-CC96F/2020,146,257
hCoV-19/England/SHEF-C7ADA/2020,146,174
hCoV-19/England/SHEF-C64DD/2020,146,257
hCoV-19/England/SHEF-10B3018/2020,146,259
hCoV-19/England/OXON-B4232/2020,146,257
hCoV-19/England/OXON-B4144/2020,146,257
hCoV-19/England/OXON-B34C4/2020,146,257
hCoV-19/England/NOTT-111AB2/2020,146,157
hCoV-19/England/NOTT-111A0D/2020,146,157
hCoV-19/England/NOTT-1119F1/2020,146,157
hCoV-19/England/NORW-ED5EC/2020,146,174
hCoV-19/England/NORW-ED42B/2020,146,174
hCoV-19/England/NORT-29B017/2020,146,202
hCoV-19/England/NORT-29AFFD/2020,146,202
hCoV-19/England/NORT-29AF0C/2020,146,202
hCoV-19/England/LOND-124D503/2020,146,215
hCoV-19/England/LIVE-A12CF/2020,146,209
hCoV-19/England/LIVE-A12B0/2020,146,209
hCoV-19/England/LIVE-A062E/2020,146,174
hCoV-19/England/LIVE-A0600/2020,146,174
hCoV-19/England/LIVE-A0530/2020,146,174
hCoV-19/England/LIVE-A0503/2020,146,174
hCoV-19/England/LIVE-A04AC/2020,146,174
hCoV-19/England/LIVE-A0460/2020,146,174
hCoV-19/England/HECH-259A273/2020,146,195
hCoV-19/England/HECH-259A264/2020,146,195
hCoV-19/England/HECH-259A255/2020,146,195
hCoV-19/England/CAMB-1B3B64/2020,146,157
hCoV-19/England/CAMB-1B3AB2/2020,146,157
hCoV-19/England/CAMB-1B3593/2020,146,157
hCoV-19/England/CAMB-1B2E5D/2020,146,157
hCoV-19/England/BRIS-133461/2020,146,203
hCoV-19/England/BRIS-12B47B/2020,146,195
hCoV-19/England/BIRM-604C6/2020,146,174
hCoV-19/England/BIRM-6048A/2020,146,174
hCoV-19/England/BIRM-6047B/2020,146,174
hCoV-19/England/BIRM-6043F/2020,146,174
hCoV-19/England/BIRM-603F6/2020,146,174
hCoV-19/England/ALDP-499DC5/2020,146,271
hCoV-19/England/ALDP-499B9E/2020,146,271
hCoV-19/England/ALDP-499AFB/2020,146,271
hCoV-19/England/ALDP-4990AE/2020,146,271
hCoV-19/England/202881370/2020,146,198
hCoV-19/Wales/PHWC-1680F6/2020,147,202
hCoV-19/Wales/PHWC-1667C6/2020,147,202
hCoV-19/Wales/PHWC-166553/2020,147,202
hCoV-19/Wales/PHWC-1631BC/2020,147,174
hCoV-19/Wales/PHWC-163161/2020,147,174
hCoV-19/Wales/PHWC-163125/2020,147,174
hCoV-19/Wales/PHWC-163037/2020,147,174
hCoV-19/Wales/PHWC-162E10/2020,147,174
hCoV-19/Wales/PHWC-162DD7/2020,147,174
hCoV-19/Wales/PHWC-162DAA/2020,147,174
hCoV-19/Wales/PHWC-162CF8/2020,147,174
hCoV-19/Wales/PHWC-162CE9/2020,147,174
hCoV-19/Wales/PHWC-162CCB/2020,147,174
hCoV-19/Wales/PHWC-162C70/2020,147,174
hCoV-19/Wales/PHWC-162B37/2020,147,174
hCoV-19/Wales/PHWC-1629E2/2020,147,174
hCoV-19/Wales/PHWC-162751/2020,147,174
hCoV-19/Scotland/EDB5678/2020,147,174
hCoV-19/Scotland/EDB5676/2020,147,174
hCoV-19/Scotland/EDB5621/2020,147,202
hCoV-19/Scotland/CVR3782/2020,147,181
hCoV-19/Scotland/CVR3773/2020,147,181
hCoV-19/Scotland/CVR3729/2020,147,174
hCoV-19/Scotland/CVR3728/2020,147,174
hCoV-19/Scotland/CVR3723/2020,147,181
hCoV-19/England/SHEF-D281E/2020,147,257
hCoV-19/England/SHEF-D2456/2020,147,257
hCoV-19/England/SHEF-D1EB3/2020,147,257
hCoV-19/England/SHEF-D02C7/2020,147,257
hCoV-19/England/SHEF-CF137/2020,147,257
hCoV-19/England/SHEF-CE8D9/2020,147,174
hCoV-19/England/SHEF-CE39C/2020,147,257
hCoV-19/England/SHEF-CDE14/2020,147,257
hCoV-19/England/SHEF-CDD62/2020,147,257
hCoV-19/England/SHEF-CC273/2020,147,257
hCoV-19/England/SHEF-CBAD6/2020,147,257
hCoV-19/England/SHEF-C98B0/2020,147,257
hCoV-19/England/SHEF-C9470/2020,147,174
hCoV-19/England/SHEF-C73EE/2020,147,257
hCoV-19/England/SHEF-C6E93/2020,147,257
hCoV-19/England/SHEF-C6B41/2020,147,174
hCoV-19/England/SHEF-C51F5/2020,147,257
hCoV-19/England/SHEF-C4114/2020,147,257
hCoV-19/England/SHEF-C0FE1/2020,147,257
hCoV-19/England/SHEF-C0A1D/2020,147,174
hCoV-19/England/NORW-ECEC4/2020,147,174
hCoV-19/England/NORW-ECA48/2020,147,174
hCoV-19/England/NORT-292BF1/2020,147,195
hCoV-19/England/MILK-466A15/2020,147,271
hCoV-19/England/MILK-46667B/2020,147,271
hCoV-19/England/LIVE-A071C/2020,147,174
hCoV-19/England/LIVE-A065B/2020,147,174
hCoV-19/England/HECH-259A219/2020,147,195
hCoV-19/England/CAMB-1B4671/2020,147,174
hCoV-19/England/CAMB-1B3B82/2020,147,157
hCoV-19/England/CAMB-1B3B73/2020,147,157
hCoV-19/England/CAMB-1B3AA3/2020,147,157
hCoV-19/England/CAMB-1B3A94/2020,147,157
hCoV-19/England/CAMB-1B3A85/2020,147,157
hCoV-19/England/CAMB-1B3A76/2020,147,157
hCoV-19/England/CAMB-1B3575/2020,147,157
hCoV-19/England/CAMB-1B3557/2020,147,157
hCoV-19/England/BRIS-13175B/2020,147,439
hCoV-19/England/BRIS-1316F4/2020,147,439
hCoV-19/England/BRIS-12DA68/2020,147,184
hCoV-19/England/BIRM-60596/2020,147,181
hCoV-19/England/BIRM-60569/2020,147,174
hCoV-19/England/BIRM-6054B/2020,147,174
hCoV-19/England/BIRM-6053C/2020,147,174
hCoV-19/England/BIRM-604D5/2020,147,174
hCoV-19/England/BIRM-60499/2020,147,174
hCoV-19/England/BHRT-24B3794/2020,147,252
hCoV-19/England/ALDP-4A39F1/2020,147,271
hCoV-19/England/ALDP-4A392E/2020,147,271
hCoV-19/England/ALDP-4A389A/2020,147,271
hCoV-19/England/ALDP-4A37CA/2020,147,271
hCoV-19/England/ALDP-4A35C0/2020,147,271
hCoV-19/England/ALDP-4A3539/2020,147,271
hCoV-19/England/ALDP-4997C7/2020,147,271
hCoV-19/England/ALDP-49978B/2020,147,271
hCoV-19/England/ALDP-4996AC/2020,147,271
hCoV-19/England/ALDP-49969D/2020,147,271
hCoV-19/England/ALDP-499633/2020,147,271
hCoV-19/England/ALDP-499624/2020,147,271
hCoV-19/England/ALDP-499615/2020,147,271
hCoV-19/England/ALDP-4994A2/2020,147,271
hCoV-19/England/ALDP-49942A/2020,147,271
hCoV-19/England/ALDP-499369/2020,147,271
hCoV-19/Wales/PHWC-1681D5/2020,148,202
hCoV-19/Wales/PHWC-1680D8/2020,148,202
hCoV-19/Wales/PHWC-167E0C/2020,148,202
hCoV-19/Wales/PHWC-165EFF/2020,148,196
hCoV-19/Wales/PHWC-165299/2020,148,181
hCoV-19/Wales/PHWC-1631E9/2020,148,174
hCoV-19/Wales/PHWC-1630DD/2020,148,174
hCoV-19/Wales/PHWC-162D9B/2020,148,174
hCoV-19/Wales/PHWC-162C16/2020,148,174
hCoV-19/Wales/PHWC-162988/2020,148,174
hCoV-19/Wales/PHWC-16291F/2020,148,174
hCoV-19/Scotland/EDB6640/2020,148,202
hCoV-19/Scotland/EDB5684/2020,148,174
hCoV-19/Scotland/EDB5683/2020,148,174
hCoV-19/Scotland/EDB5682/2020,148,174
hCoV-19/Scotland/EDB5680/2020,148,174
hCoV-19/Scotland/CVR3875/2020,148,202
hCoV-19/Scotland/CVR3826/2020,148,181
hCoV-19/Scotland/CVR3761/2020,148,181
hCoV-19/England/SHEF-D1976/2020,148,174
hCoV-19/England/SHEF-CE11A/2020,148,257
hCoV-19/England/SHEF-CDC47/2020,148,189
hCoV-19/England/SHEF-CD9D7/2020,148,257
hCoV-19/England/SHEF-CCDEB/2020,148,257
hCoV-19/England/SHEF-C9FAC/2020,148,257
hCoV-19/England/SHEF-C91E2/2020,148,174
hCoV-19/England/SHEF-C8B7C/2020,148,257
hCoV-19/England/SHEF-C6419/2020,148,257
hCoV-19/England/SHEF-C3D8A/2020,148,257
hCoV-19/England/PORT-2CFF4A/2020,148,202
hCoV-19/England/NOTT-111B0A/2020,148,157
hCoV-19/England/NOTT-111AEF/2020,148,157
hCoV-19/England/NOTT-111A3A/2020,148,157
hCoV-19/England/NOTT-111A2B/2020,148,157
hCoV-19/England/NOTT-111900/2020,148,157
hCoV-19/England/NORW-ED476/2020,148,174
hCoV-19/England/NORW-ED449/2020,148,174
hCoV-19/England/NORW-ED3F1/2020,148,174
hCoV-19/England/NORW-ED32E/2020,148,174
hCoV-19/England/NORW-ECD12/2020,148,174
hCoV-19/England/NORW-ECB90/2020,148,174
hCoV-19/England/NORT-29B1BA/2020,148,202
hCoV-19/England/LIVE-A06E2/2020,148,174
hCoV-19/England/LIVE-A06D3/2020,148,174
hCoV-19/England/HECH-259A282/2020,148,195
hCoV-19/England/CAMB-1B426E/2020,148,174
hCoV-19/England/CAMB-1B3D9B/2020,148,201
hCoV-19/England/CAMB-1B3B28/2020,148,157
hCoV-19/England/BRIS-131937/2020,148,195
hCoV-19/England/BRIS-131885/2020,148,169
hCoV-19/England/BRIS-1317D3/2020,148,439
hCoV-19/England/BIRM-605E1/2020,148,181
hCoV-19/England/BHRT-24B3A13/2020,148,252
hCoV-19/England/202822193/2020,148,196
hCoV-19/England/202822191/2020,148,196
hCoV-19/Wales/PHWC-1682A5/2020,149,202
hCoV-19/Wales/PHWC-163116/2020,149,174
hCoV-19/Wales/PHWC-162FD1/2020,149,174
hCoV-19/Wales/PHWC-162D8C/2020,149,174
hCoV-19/Wales/PHWC-162BA0/2020,149,174
hCoV-19/Wales/PHWC-162B0A/2020,149,174
hCoV-19/Wales/PHWC-162AFE/2020,149,174
hCoV-19/Wales/PHWC-162812/2020,149,174
hCoV-19/Wales/PHWC-1625FD/2020,149,174
hCoV-19/Scotland/EDB5661/2020,149,174
hCoV-19/Scotland/CVR3827/2020,149,181
hCoV-19/England/SHEF-CEBEF/2020,149,257
hCoV-19/England/SHEF-CE00E/2020,149,174
hCoV-19/England/SHEF-C1487/2020,149,257
hCoV-19/England/SHEF-C0998/2020,149,257
hCoV-19/England/PORT-2CFF68/2020,149,202
hCoV-19/England/NOTT-111BFB/2020,149,174
hCoV-19/England/NOTT-111A49/2020,149,157
hCoV-19/England/NOTT-11193D/2020,149,157
hCoV-19/England/NOTT-11192E/2020,149,157
hCoV-19/England/NORW-ECD21/2020,149,174
hCoV-19/England/CAMB-1B3E89/2020,149,201
hCoV-19/England/CAMB-1B3CE9/2020,149,157
hCoV-19/England/BRIS-131ABC/2020,149,439
hCoV-19/England/BRIS-12DAE0/2020,149,184
hCoV-19/England/BIRM-5FAF5/2020,149,174
hCoV-19/England/BIRM-5FAC8/2020,149,174
hCoV-19/England/202822194/2020,149,196
hCoV-19/England/20186123804/2020,149,162
hCoV-19/Wales/PHWC-16C4C9/2020,150,278
hCoV-19/Wales/PHWC-167FEB/2020,150,202
hCoV-19/Wales/PHWC-163055/2020,150,174
hCoV-19/Wales/PHWC-162B73/2020,150,174
hCoV-19/Scotland/CVR3878/2020,150,189
hCoV-19/Scotland/CVR3877/2020,150,189
hCoV-19/Scotland/CVR3876/2020,150,189
hCoV-19/Scotland/CVR3779/2020,150,181
hCoV-19/England/SHEF-D1CC8/2020,150,257
hCoV-19/England/SHEF-D1B25/2020,150,257
hCoV-19/England/SHEF-C6EB1/2020,150,253
hCoV-19/England/SHEF-C0D50/2020,150,174
hCoV-19/England/PORT-2F5DBA/2020,150,223
hCoV-19/England/NOTT-11251A/2020,150,189
hCoV-19/England/NOTT-11250B/2020,150,189
hCoV-19/England/NOTT-1123F2/2020,150,189
hCoV-19/England/NOTT-111979/2020,150,157
hCoV-19/England/NORT-29B387/2020,150,202
hCoV-19/England/NORT-2928BE/2020,150,195
hCoV-19/England/NORT-2928AF/2020,150,195
hCoV-19/England/NORT-292881/2020,150,195
hCoV-19/England/NORT-292854/2020,150,195
hCoV-19/England/MILK-496593/2020,150,271
hCoV-19/England/LOND-D9905/2020,150,285
hCoV-19/England/LCST-24D6810/2020,150,181
hCoV-19/England/LCST-24D6801/2020,150,181
hCoV-19/England/LCST-24D67F5/2020,150,181
hCoV-19/England/LCST-24D67E6/2020,150,181
hCoV-19/England/LCST-24D67D7/2020,150,181
hCoV-19/England/LCST-24D67C8/2020,150,181
hCoV-19/England/LCST-24D67B9/2020,150,181
hCoV-19/England/LCST-24D67AA/2020,150,181
hCoV-19/England/LCST-24D676E/2020,150,181
hCoV-19/England/LCST-24D675F/2020,150,181
hCoV-19/England/CAMB-1B3E7A/2020,150,157
hCoV-19/England/CAMB-1B3E3E/2020,150,157
hCoV-19/England/CAMB-1B3C61/2020,150,157
hCoV-19/England/BRIS-12DE5D/2020,150,184
hCoV-19/England/BRIS-12DDF6/2020,150,184
hCoV-19/England/BRIS-12DD50/2020,150,184
hCoV-19/England/202822195/2020,150,196
hCoV-19/England/202822171/2020,150,196
hCoV-19/England/202822170/2020,150,196
