hCoV-19/England/PHEC-1B0D5/2020,54,546
hCoV-19/England/PHEC-1B0C6/2020,54,546
hCoV-19/England/PHEC-1B0B7/2020,54,546
hCoV-19/England/PHEC-1B0A8/2020,54,546
hCoV-19/England/20092096704/2020,54,162
hCoV-19/England/200920118/2020,54,190
hCoV-19/England/20092000804/2020,54,162
hCoV-19/England/20092000704/2020,54,162
hCoV-19/England/PHEC-1B0E4/2020,55,546
hCoV-19/England/20102087902/2020,55,84
hCoV-19/England/200960515/2020,55,69
hCoV-19/England/20094061504/2020,55,162
hCoV-19/England/20094061404/2020,55,162
hCoV-19/England/200940527/2020,55,69
hCoV-19/England/20094007004/2020,55,162
hCoV-19/England/PHEC-1B11E/2020,56,546
hCoV-19/England/20099044904/2020,56,162
hCoV-19/England/200990006/2020,56,69
hCoV-19/England/200981386/2020,56,69
hCoV-19/England/20098017604/2020,56,162
hCoV-19/England/20096051104/2020,56,162
hCoV-19/England/20096051004/2020,56,162
hCoV-19/Wales/PHW1/2020,57,66
hCoV-19/England/PHEC-1B345/2020,57,546
hCoV-19/England/PHEC-1B309/2020,57,546
hCoV-19/England/PHEC-1B1E1/2020,57,546
hCoV-19/England/PHEC-1B1A5/2020,57,546
hCoV-19/England/PHEC-1B13C/2020,57,546
hCoV-19/England/CAMB-8475A/2020,57,132
hCoV-19/England/201061453/2020,57,162
hCoV-19/England/20102000106/2020,57,75
hCoV-19/England/20099089604/2020,57,162
hCoV-19/England/200990723/2020,57,69
hCoV-19/England/20099066204/2020,57,162
hCoV-19/England/20099066104/2020,57,162
hCoV-19/England/200990660/2020,57,72
hCoV-19/England/20099000504/2020,57,162
hCoV-19/England/20098017804/2020,57,162
hCoV-19/England/20098017704/2020,57,162
hCoV-19/England/20098017504/2020,57,162
hCoV-19/England/20098017204/2020,57,162
hCoV-19/England/20098017104/2020,57,162
hCoV-19/England/20096115304/2020,57,162
hCoV-19/England/20096101804/2020,57,162
hCoV-19/England/200960041/2020,57,69
hCoV-19/Scotland/CVR01/2020,58,63
hCoV-19/England/PHEC-1B336/2020,58,546
hCoV-19/England/PHEC-1B2FD/2020,58,546
hCoV-19/England/PHEC-1B2A2/2020,58,546
hCoV-19/England/CAMB-84769/2020,58,132
hCoV-19/England/20100005604/2020,58,162
hCoV-19/England/20100005504/2020,58,162
hCoV-19/England/20099089504/2020,58,162
hCoV-19/England/20099072604/2020,58,162
hCoV-19/England/200990725/2020,58,69
hCoV-19/England/200990724/2020,58,69
hCoV-19/England/20099072204/2020,58,162
hCoV-19/England/20099071804/2020,58,162
hCoV-19/England/20099048504/2020,58,162
hCoV-19/England/20099000804/2020,58,162
hCoV-19/England/20099000304/2020,58,162
hCoV-19/England/200990002/2020,58,72
hCoV-19/England/20099000104/2020,58,162
hCoV-19/England/PHEC-1B275/2020,59,546
hCoV-19/England/PHEC-1B266/2020,59,546
hCoV-19/England/PHEC-1B239/2020,59,546
hCoV-19/England/PHEC-1B22A/2020,59,546
hCoV-19/England/PHEC-1B21B/2020,59,546
hCoV-19/England/BRIS-12F565/2020,59,195
hCoV-19/England/20100121007/2020,59,75
hCoV-19/England/20100121006/2020,59,75
hCoV-19/England/20100022706/2020,59,75
hCoV-19/England/20100004806/2020,59,75
hCoV-19/England/20100004706/2020,59,75
hCoV-19/England/20099071404/2020,59,162
hCoV-19/England/20099070104/2020,59,162
hCoV-19/England/20099069904/2020,59,162
hCoV-19/England/20099069504/2020,59,162
hCoV-19/England/20099069004/2020,59,162
hCoV-19/England/20099068604/2020,59,162
hCoV-19/England/20099068104/2020,59,162
hCoV-19/England/20099038206/2020,59,75
hCoV-19/England/20099015104/2020,59,162
hCoV-19/England/PHEC-1B327/2020,60,546
hCoV-19/England/LIVE-A50B2/2020,60,209
hCoV-19/England/LIVE-A4DDA/2020,60,209
hCoV-19/England/CAMB-84787/2020,60,132
hCoV-19/England/BRIS-1854512/2020,60,201
hCoV-19/England/201061458/2020,60,162
hCoV-19/England/201061457/2020,60,162
hCoV-19/England/201061455/2020,60,162
hCoV-19/England/201040154/2020,60,162
hCoV-19/England/20104015302/2020,60,84
hCoV-19/England/201040152/2020,60,162
hCoV-19/England/20102098802/2020,60,84
hCoV-19/England/20102068502/2020,60,84
hCoV-19/England/20102000506/2020,60,75
hCoV-19/England/20102000402/2020,60,162
hCoV-19/England/20102000306/2020,60,75
hCoV-19/England/20102000206/2020,60,75
hCoV-19/England/20100078004/2020,60,162
hCoV-19/England/20100004602/2020,60,162
hCoV-19/England/20100001204/2020,60,162
hCoV-19/England/20100000904/2020,60,162
hCoV-19/England/201000003/2020,60,69
hCoV-19/England/200991076/2020,60,72
hCoV-19/England/20099089404/2020,60,162
hCoV-19/England/20099079106/2020,60,75
hCoV-19/England/20099072104/2020,60,162
hCoV-19/England/NOTT-10DF8D/2020,61,119
hCoV-19/England/NORT-281050/2020,61,195
hCoV-19/England/NORT-281041/2020,61,195
hCoV-19/England/LIVE-A50C1/2020,61,209
hCoV-19/England/LIVE-A4F01/2020,61,209
hCoV-19/England/LIVE-A4E7D/2020,61,209
hCoV-19/England/LIVE-A4D52/2020,61,209
hCoV-19/England/CAMB-847C3/2020,61,132
hCoV-19/England/BRIS-12F583/2020,61,195
hCoV-19/England/BRIS-12176D/2020,61,132
hCoV-19/England/BRIS-12175E/2020,61,132
hCoV-19/England/20108004702/2020,61,84
hCoV-19/England/201060026/2020,61,162
hCoV-19/England/201060025/2020,61,162
hCoV-19/England/201060024/2020,61,156
hCoV-19/England/201060023/2020,61,162
hCoV-19/England/201041398/2020,61,162
hCoV-19/England/201041387/2020,61,162
hCoV-19/England/20104013703/2020,61,84
hCoV-19/England/20104009102/2020,61,84
hCoV-19/England/20104009002/2020,61,84
hCoV-19/England/20104008702/2020,61,84
hCoV-19/England/201040081/2020,61,72
hCoV-19/England/201040077/2020,61,162
hCoV-19/England/20104004902/2020,61,84
hCoV-19/England/20104004304/2020,61,162
hCoV-19/England/20104004204/2020,61,162
hCoV-19/England/201040041/2020,61,162
hCoV-19/England/20104003104/2020,61,156
hCoV-19/England/20102133304/2020,61,162
hCoV-19/England/20102014904/2020,61,162
hCoV-19/England/20102005304/2020,61,162
hCoV-19/England/20102004104/2020,61,162
hCoV-19/England/20102003804/2020,61,162
hCoV-19/England/20102001704/2020,61,162
hCoV-19/England/20102001304/2020,61,162
hCoV-19/England/20102000704/2020,61,162
hCoV-19/England/20100122107/2020,61,75
hCoV-19/England/20100122106/2020,61,75
hCoV-19/Scotland/CVR77/2020,62,104
hCoV-19/Scotland/CVR64/2020,62,104
hCoV-19/England/Sheff02/2020,62,71
hCoV-19/England/SHEF-BFD54/2020,62,82
hCoV-19/England/SHEF-BFD27/2020,62,82
hCoV-19/England/SHEF-BFCDF/2020,62,82
hCoV-19/England/SHEF-BFCC0/2020,62,82
hCoV-19/England/SHEF-BFCB1/2020,62,82
hCoV-19/England/NORT-28106F/2020,62,195
hCoV-19/England/NORT-281023/2020,62,195
hCoV-19/England/LIVE-A4F10/2020,62,209
hCoV-19/England/BRIS-1854521/2020,62,201
hCoV-19/England/BRIS-12F5ED/2020,62,195
hCoV-19/England/BRIS-12F5DE/2020,62,195
hCoV-19/England/BRIS-12F5B0/2020,62,195
hCoV-19/England/BRIS-12F5A1/2020,62,195
hCoV-19/England/BRIS-12177C/2020,62,132
hCoV-19/England/20109002704/2020,62,162
hCoV-19/England/20109002504/2020,62,162
hCoV-19/England/20108152504/2020,62,162
hCoV-19/England/201080080/2020,62,162
hCoV-19/England/201080078/2020,62,162
hCoV-19/England/20108007504/2020,62,162
hCoV-19/England/20108007402/2020,62,84
hCoV-19/England/20108007302/2020,62,84
hCoV-19/England/201080072/2020,62,162
hCoV-19/England/201080064/2020,62,162
hCoV-19/England/201080051/2020,62,162
hCoV-19/England/201080050/2020,62,162
hCoV-19/England/201080049/2020,62,162
hCoV-19/England/20108003302/2020,62,84
hCoV-19/England/20106145903/2020,62,84
hCoV-19/England/201061090/2020,62,147
hCoV-19/England/201060300/2020,62,162
hCoV-19/England/20106005403/2020,62,84
hCoV-19/England/201060052/2020,62,162
hCoV-19/England/20106004803/2020,62,84
hCoV-19/England/201060035/2020,62,162
hCoV-19/England/20106003303/2020,62,84
hCoV-19/England/201060020/2020,62,162
hCoV-19/England/201060019/2020,62,162
hCoV-19/England/201060018/2020,62,162
hCoV-19/England/201060015/2020,62,162
hCoV-19/England/201060006/2020,62,147
hCoV-19/England/201060004/2020,62,162
hCoV-19/England/201060003/2020,62,162
hCoV-19/England/20104035803/2020,62,84
hCoV-19/England/201040141/2020,62,72
hCoV-19/England/20104008802/2020,62,84
hCoV-19/England/20104008402/2020,62,84
hCoV-19/England/201040079/2020,62,162
hCoV-19/England/20104007503/2020,62,84
hCoV-19/England/201040073/2020,62,162
hCoV-19/England/201040036/2020,62,162
hCoV-19/England/201040027/2020,62,162
hCoV-19/England/20104002606/2020,62,84
hCoV-19/England/201021655/2020,62,162
hCoV-19/England/201021561/2020,62,162
hCoV-19/England/201021560/2020,62,162
hCoV-19/England/201021559/2020,62,162
hCoV-19/England/201021557/2020,62,162
hCoV-19/England/201021555/2020,62,162
hCoV-19/England/201021554/2020,62,162
hCoV-19/England/201021553/2020,62,162
hCoV-19/England/20102000906/2020,62,75
hCoV-19/Wales/PHW2/2020,63,66
hCoV-19/Scotland/EDB004/2020,63,77
hCoV-19/Scotland/CVR72/2020,63,104
hCoV-19/Scotland/CVR05/2020,63,69
hCoV-19/England/Sheff01/2020,63,71
hCoV-19/England/LIVE-A50D0/2020,63,209
hCoV-19/England/CAMB-84848/2020,63,132
hCoV-19/England/CAMB-84839/2020,63,132
hCoV-19/England/CAMB-8482A/2020,63,132
hCoV-19/England/BRIS-12F5FC/2020,63,195
hCoV-19/England/BRIS-1217B8/2020,63,132
hCoV-19/England/20109050306/2020,63,84
hCoV-19/England/20109042004/2020,63,162
hCoV-19/England/20109041904/2020,63,162
hCoV-19/England/20109041704/2020,63,162
hCoV-19/England/20109009804/2020,63,162
hCoV-19/England/20109005904/2020,63,162
hCoV-19/England/20109003304/2020,63,147
hCoV-19/England/20109002904/2020,63,162
hCoV-19/England/20109002804/2020,63,162
hCoV-19/England/20109001804/2020,63,162
hCoV-19/England/20109001704/2020,63,162
hCoV-19/England/20109000204/2020,63,162
hCoV-19/England/20109000104/2020,63,162
hCoV-19/England/20108134404/2020,63,162
hCoV-19/England/201080082/2020,63,162
hCoV-19/England/201080077/2020,63,162
hCoV-19/England/201080076/2020,63,162
hCoV-19/England/201080071/2020,63,162
hCoV-19/England/20108007002/2020,63,84
hCoV-19/England/20108006802/2020,63,84
hCoV-19/England/201080063/2020,63,162
hCoV-19/England/201080031/2020,63,162
hCoV-19/England/201080013/2020,63,162
hCoV-19/England/201080012/2020,63,162
hCoV-19/England/201061439/2020,63,162
hCoV-19/England/201061300/2020,63,162
hCoV-19/England/201061225/2020,63,162
hCoV-19/England/201061034/2020,63,162
hCoV-19/England/201061000/2020,63,162
hCoV-19/England/201060323/2020,63,162
hCoV-19/England/201060160/2020,63,162
hCoV-19/England/201060144/2020,63,162
hCoV-19/England/201060143/2020,63,162
hCoV-19/England/201060142/2020,63,162
hCoV-19/England/201060067/2020,63,162
hCoV-19/England/201060066/2020,63,162
hCoV-19/England/201060063/2020,63,162
hCoV-19/England/201060061/2020,63,162
hCoV-19/England/201060059/2020,63,162
hCoV-19/England/201060050/2020,63,162
hCoV-19/England/201060046/2020,63,162
hCoV-19/England/201060017/2020,63,162
hCoV-19/England/201060010/2020,63,162
hCoV-19/England/201060008/2020,63,162
hCoV-19/England/201060007/2020,63,162
hCoV-19/England/201041493/2020,63,162
hCoV-19/England/201040707/2020,63,162
hCoV-19/England/201040706/2020,63,162
hCoV-19/England/201040691/2020,63,162
hCoV-19/England/201040375/2020,63,162
hCoV-19/England/20104008902/2020,63,84
hCoV-19/England/201040046/2020,63,162
hCoV-19/England/20104003304/2020,63,162
hCoV-19/England/20104003002/2020,63,84
hCoV-19/Scotland/EDB002/2020,64,104
hCoV-19/Scotland/CVR80/2020,64,104
hCoV-19/Scotland/CVR76/2020,64,104
hCoV-19/England/SHEF-BFE60/2020,64,89
hCoV-19/England/NORT-28115D/2020,64,195
hCoV-19/England/NORT-281120/2020,64,195
hCoV-19/England/LIVE-A5207/2020,64,209
hCoV-19/England/LIVE-A5058/2020,64,209
hCoV-19/England/LIVE-A4FB6/2020,64,209
hCoV-19/England/LIVE-A4E04/2020,64,209
hCoV-19/England/LIVE-A4D70/2020,64,209
hCoV-19/England/CAMB-848C0/2020,64,132
hCoV-19/England/BRIS-12F671/2020,64,195
hCoV-19/England/BRIS-12F653/2020,64,195
hCoV-19/England/20110000706/2020,64,84
hCoV-19/England/20109093906/2020,64,84
hCoV-19/England/20109093706/2020,64,84
hCoV-19/England/20109056906/2020,64,84
hCoV-19/England/20109050806/2020,64,84
hCoV-19/England/20109050706/2020,64,84
hCoV-19/England/20109050606/2020,64,84
hCoV-19/England/20109050506/2020,64,84
hCoV-19/England/20109045704/2020,64,147
hCoV-19/England/20109035906/2020,64,84
hCoV-19/England/20109019704/2020,64,162
hCoV-19/England/20109008704/2020,64,162
hCoV-19/England/20109008604/2020,64,162
hCoV-19/England/20109008404/2020,64,162
hCoV-19/England/20109007504/2020,64,162
hCoV-19/England/20109007404/2020,64,162
hCoV-19/England/20109006304/2020,64,147
hCoV-19/England/20109001104/2020,64,162
hCoV-19/England/20108127304/2020,64,162
hCoV-19/England/20108126004/2020,64,162
hCoV-19/England/20108125404/2020,64,162
hCoV-19/England/201081250/2020,64,162
hCoV-19/England/201081131/2020,64,162
hCoV-19/England/201081129/2020,64,162
hCoV-19/England/201080164/2020,64,162
hCoV-19/England/201080162/2020,64,162
hCoV-19/England/201080092/2020,64,162
hCoV-19/England/201080091/2020,64,162
hCoV-19/England/20108006003/2020,64,84
hCoV-19/England/201080059/2020,64,162
hCoV-19/England/201080057/2020,64,162
hCoV-19/England/201080056/2020,64,162
hCoV-19/England/201080055/2020,64,162
hCoV-19/England/201080043/2020,64,162
hCoV-19/England/201080042/2020,64,162
hCoV-19/England/201080029/2020,64,162
hCoV-19/England/201080028/2020,64,162
hCoV-19/England/201080027/2020,64,162
hCoV-19/England/201080024/2020,64,162
hCoV-19/England/201080022/2020,64,162
hCoV-19/England/201080021/2020,64,162
hCoV-19/England/201080017/2020,64,162
hCoV-19/England/201080014/2020,64,162
hCoV-19/England/201080010/2020,64,162
hCoV-19/England/201080009/2020,64,162
hCoV-19/England/201080005/2020,64,162
hCoV-19/England/201080004/2020,64,162
hCoV-19/England/201080001/2020,64,162
hCoV-19/England/201060042/2020,64,162
hCoV-19/England/201060041/2020,64,162
hCoV-19/England/201060038/2020,64,162
hCoV-19/England/201060037/2020,64,162
hCoV-19/England/201060032/2020,64,162
hCoV-19/England/201060027/2020,64,162
hCoV-19/Scotland/CVR78/2020,65,104
hCoV-19/Scotland/CVR75/2020,65,104
hCoV-19/Scotland/CVR71/2020,65,104
hCoV-19/Scotland/CVR66/2020,65,104
hCoV-19/Scotland/CVR65/2020,65,104
hCoV-19/England/NORT-2811C6/2020,65,195
hCoV-19/England/LIVE-A4FC5/2020,65,209
hCoV-19/England/LIVE-A4F3E/2020,65,209
hCoV-19/England/CAMB-84918/2020,65,132
hCoV-19/England/BRIS-12F6CC/2020,65,195
hCoV-19/England/BRIS-12F6BD/2020,65,195
hCoV-19/England/BRIS-12F6AE/2020,65,195
hCoV-19/England/BRIS-12F635/2020,65,195
hCoV-19/England/BRIS-12F617/2020,65,195
hCoV-19/England/BRIS-12F608/2020,65,195
hCoV-19/England/20138010904/2020,65,102
hCoV-19/England/201100347/2020,65,162
hCoV-19/England/20110000606/2020,65,84
hCoV-19/England/20109099006/2020,65,84
hCoV-19/England/20109098906/2020,65,84
hCoV-19/England/20109094106/2020,65,84
hCoV-19/England/20109094006/2020,65,84
hCoV-19/England/20109093806/2020,65,84
hCoV-19/England/20109093606/2020,65,84
hCoV-19/England/201090677/2020,65,162
hCoV-19/England/20109058906/2020,65,84
hCoV-19/England/20109052106/2020,65,84
hCoV-19/England/20109052006/2020,65,84
hCoV-19/England/20109051806/2020,65,84
hCoV-19/England/20109050106/2020,65,84
hCoV-19/England/20109045404/2020,65,162
hCoV-19/England/20109040104/2020,65,162
hCoV-19/England/20109039306/2020,65,84
hCoV-19/England/201090386/2020,65,162
hCoV-19/England/20109038504/2020,65,162
hCoV-19/England/20109028804/2020,65,162
hCoV-19/England/201090128/2020,65,274
hCoV-19/England/20109007104/2020,65,162
hCoV-19/England/20109005704/2020,65,162
hCoV-19/England/20109005404/2020,65,162
hCoV-19/England/20108034006/2020,65,84
hCoV-19/England/201080083/2020,65,162
hCoV-19/England/201080081/2020,65,162
hCoV-19/England/201080061/2020,65,162
hCoV-19/England/201080053/2020,65,162
hCoV-19/England/201080039/2020,65,162
hCoV-19/England/201080038/2020,65,162
hCoV-19/England/201080026/2020,65,162
hCoV-19/Wales/PHW04/2020,66,75
hCoV-19/Scotland/CVR74/2020,66,104
hCoV-19/Scotland/CVR67/2020,66,104
hCoV-19/England/SHEF-BFCEE/2020,66,82
hCoV-19/England/NOTT-10DEAE/2020,66,104
hCoV-19/England/LIVE-A51FB/2020,66,209
hCoV-19/England/LIVE-A5155/2020,66,209
hCoV-19/England/LIVE-A4E8C/2020,66,209
hCoV-19/England/LIVE-A4DE9/2020,66,209
hCoV-19/England/BRIS-12F7AB/2020,66,195
hCoV-19/England/BRIS-12F69F/2020,66,195
hCoV-19/England/20109054806/2020,66,84
hCoV-19/England/20109053606/2020,66,84
hCoV-19/England/20109053406/2020,66,84
hCoV-19/England/20109053304/2020,66,162
hCoV-19/England/20109052506/2020,66,84
hCoV-19/England/20109047803/2020,66,89
hCoV-19/England/20109047304/2020,66,162
hCoV-19/England/20109023404/2020,66,162
hCoV-19/England/201090129/2020,66,274
hCoV-19/England/20109007304/2020,66,162
hCoV-19/Scotland/EDB003/2020,67,77
hCoV-19/England/LOND-125FEF4/2020,67,236
hCoV-19/England/LIVE-A4B0D/2020,67,209
hCoV-19/England/LIVE-A4824/2020,67,209
hCoV-19/England/LIVE-A4790/2020,67,209
hCoV-19/England/BRIS-12F6EA/2020,67,195
hCoV-19/England/BRIS-12F6DB/2020,67,195
hCoV-19/England/20110097506/2020,67,84
hCoV-19/England/201100832/2020,67,274
hCoV-19/England/20110059306/2020,67,84
hCoV-19/England/20110023706/2020,67,84
hCoV-19/England/20110015106/2020,67,84
hCoV-19/England/201100141/2020,67,162
hCoV-19/England/20109099206/2020,67,84
hCoV-19/England/20109099106/2020,67,84
hCoV-19/England/20109098806/2020,67,84
hCoV-19/England/201090978/2020,67,162
hCoV-19/England/20109097506/2020,67,84
hCoV-19/England/20109094506/2020,67,84
hCoV-19/England/20109094206/2020,67,84
hCoV-19/England/20109050406/2020,67,84
hCoV-19/Scotland/EDB039/2020,68,104
hCoV-19/Scotland/CVR85/2020,68,104
hCoV-19/Scotland/CVR83/2020,68,104
hCoV-19/Scotland/CVR79/2020,68,104
hCoV-19/Scotland/CVR70/2020,68,104
hCoV-19/Scotland/CVR68/2020,68,104
hCoV-19/Scotland/CVR17/2020,68,104
hCoV-19/Scotland/CVR07/2020,68,77
hCoV-19/England/SHEF-BFD45/2020,68,82
hCoV-19/England/SHEF-BFD36/2020,68,82
hCoV-19/England/SHEF-BFD18/2020,68,82
hCoV-19/England/SHEF-BFD09/2020,68,82
hCoV-19/England/SHEF-BFCFD/2020,68,82
hCoV-19/England/OXON-B2A78/2020,68,257
hCoV-19/England/NORT-2812A5/2020,68,195
hCoV-19/England/NORT-28125A/2020,68,195
hCoV-19/England/NORT-28124B/2020,68,195
hCoV-19/England/LIVE-A4A79/2020,68,209
hCoV-19/England/LIVE-A49E5/2020,68,209
hCoV-19/England/LIVE-A495E/2020,68,209
hCoV-19/England/LIVE-A48CA/2020,68,209
hCoV-19/England/LIVE-A4833/2020,68,209
hCoV-19/England/LIVE-A47AF/2020,68,209
hCoV-19/England/LEED-2A8CC8/2020,68,260
hCoV-19/England/LEED-2A8572/2020,68,260
hCoV-19/England/CAMB-84ACA/2020,68,132
hCoV-19/England/CAMB-84A42/2020,68,132
hCoV-19/England/CAMB-846C6/2020,68,132
hCoV-19/England/BRIS-12F750/2020,68,195
hCoV-19/England/BRIS-12185B/2020,68,132
hCoV-19/England/BRIS-12184C/2020,68,132
hCoV-19/England/20129059204/2020,68,102
hCoV-19/England/201160962/2020,68,162
hCoV-19/England/201160953/2020,68,162
hCoV-19/England/201160912/2020,68,162
hCoV-19/England/201160910/2020,68,162
hCoV-19/England/201160004/2020,68,162
hCoV-19/England/201160003/2020,68,162
hCoV-19/England/201141660/2020,68,162
hCoV-19/England/201141596/2020,68,162
hCoV-19/England/201141550/2020,68,162
hCoV-19/England/201141523/2020,68,162
hCoV-19/England/201141519/2020,68,162
hCoV-19/England/201141471/2020,68,162
hCoV-19/England/201141169/2020,68,162
hCoV-19/England/201140778/2020,68,162
hCoV-19/England/201140353/2020,68,162
hCoV-19/England/201140250/2020,68,162
hCoV-19/England/201140079/2020,68,162
hCoV-19/England/201120242/2020,68,162
hCoV-19/England/201120015/2020,68,162
hCoV-19/England/201101382/2020,68,162
hCoV-19/England/20110136302/2020,68,89
hCoV-19/England/20110058706/2020,68,84
hCoV-19/England/20110003506/2020,68,75
hCoV-19/Scotland/CVR69/2020,69,104
hCoV-19/Scotland/CVR12/2020,69,104
hCoV-19/Scotland/CVR10/2020,69,77
hCoV-19/England/OXON-B47F7/2020,69,257
hCoV-19/England/LOND-125FF79/2020,69,236
hCoV-19/England/LOND-125FCAF/2020,69,236
hCoV-19/England/LOND-125FBEE/2020,69,236
hCoV-19/England/LIVE-A4BC1/2020,69,209
hCoV-19/England/LIVE-A4B1C/2020,69,209
hCoV-19/England/LIVE-A4A97/2020,69,209
hCoV-19/England/LIVE-A4A88/2020,69,209
hCoV-19/England/LIVE-A49F4/2020,69,209
hCoV-19/England/LIVE-A496D/2020,69,209
hCoV-19/England/LIVE-A48E8/2020,69,209
hCoV-19/England/LIVE-A48D9/2020,69,209
hCoV-19/England/LIVE-A47BE/2020,69,209
hCoV-19/England/LIVE-A4736/2020,69,209
hCoV-19/England/LIVE-A4727/2020,69,209
hCoV-19/England/LIVE-A4718/2020,69,209
hCoV-19/England/LEED-2AA15E/2020,69,260
hCoV-19/England/GSTT-4106/2020,69,272
hCoV-19/England/CAMB-84B7C/2020,69,132
hCoV-19/England/CAMB-84B6D/2020,69,132
hCoV-19/England/CAMB-84A9D/2020,69,132
hCoV-19/England/CAMB-846E4/2020,69,132
hCoV-19/England/CAMB-846B7/2020,69,132
hCoV-19/England/BRIS-18547FE/2020,69,203
hCoV-19/England/BRIS-18545B8/2020,69,201
hCoV-19/England/BRIS-130992/2020,69,201
hCoV-19/England/BRIS-12F7F6/2020,69,195
hCoV-19/England/BRIS-12F7C9/2020,69,195
hCoV-19/England/BRIS-12F78D/2020,69,195
hCoV-19/England/BRIS-12F714/2020,69,195
hCoV-19/England/BRIS-12F705/2020,69,195
hCoV-19/England/BRIS-12F6F9/2020,69,195
hCoV-19/England/BRIS-12186A/2020,69,132
hCoV-19/England/20122074602/2020,69,89
hCoV-19/England/20118111904/2020,69,162
hCoV-19/England/20118102304/2020,69,162
hCoV-19/England/201180317/2020,69,162
hCoV-19/England/201161311/2020,69,162
hCoV-19/England/201161300/2020,69,162
hCoV-19/England/201161230/2020,69,162
hCoV-19/England/201161180/2020,69,162
hCoV-19/England/201160629/2020,69,162
hCoV-19/England/201160628/2020,69,162
hCoV-19/England/201160216/2020,69,162
hCoV-19/England/201160093/2020,69,162
hCoV-19/England/201160065/2020,69,162
hCoV-19/England/201160064/2020,69,162
hCoV-19/England/201141521/2020,69,162
hCoV-19/England/201141520/2020,69,162
hCoV-19/England/201141179/2020,69,162
hCoV-19/England/201141063/2020,69,162
hCoV-19/England/201141047/2020,69,162
hCoV-19/England/201140442/2020,69,162
hCoV-19/England/201140405/2020,69,162
hCoV-19/England/201140388/2020,69,162
hCoV-19/England/201121123/2020,69,162
hCoV-19/England/20112112106/2020,69,84
hCoV-19/England/201121119/2020,69,162
hCoV-19/Wales/PHW35/2020,70,78
hCoV-19/Wales/PHW21/2020,70,78
hCoV-19/Scotland/EDB042/2020,70,104
hCoV-19/Scotland/EDB038/2020,70,104
hCoV-19/Scotland/EDB036/2020,70,104
hCoV-19/Scotland/EDB030/2020,70,104
hCoV-19/Scotland/EDB016/2020,70,104
hCoV-19/Scotland/EDB015/2020,70,104
hCoV-19/Scotland/EDB014/2020,70,104
hCoV-19/Scotland/CVR29/2020,70,104
hCoV-19/Scotland/CVR13/2020,70,104
hCoV-19/England/OXON-B48C7/2020,70,257
hCoV-19/England/OXON-B4153/2020,70,257
hCoV-19/England/NOTT-10DEEA/2020,70,104
hCoV-19/England/NOTT-10DEDB/2020,70,104
hCoV-19/England/NOTT-10DECC/2020,70,104
hCoV-19/England/LOND-125FCEB/2020,70,236
hCoV-19/England/LOND-125FC63/2020,70,236
hCoV-19/England/LOND-124D020/2020,70,215
hCoV-19/England/LIVE-A4BEF/2020,70,209
hCoV-19/England/LIVE-A4B49/2020,70,209
hCoV-19/England/LIVE-A4AC4/2020,70,209
hCoV-19/England/LIVE-A4AA6/2020,70,209
hCoV-19/England/LIVE-A4A2E/2020,70,209
hCoV-19/England/LIVE-A4A1F/2020,70,209
hCoV-19/England/LIVE-A498B/2020,70,209
hCoV-19/England/LIVE-A47EB/2020,70,209
hCoV-19/England/LIVE-A4754/2020,70,209
hCoV-19/England/LIVE-A4745/2020,70,209
hCoV-19/England/CAMB-84F70/2020,70,132
hCoV-19/England/CAMB-84D94/2020,70,132
hCoV-19/England/CAMB-84C5B/2020,70,132
hCoV-19/England/CAMB-84C3D/2020,70,132
hCoV-19/England/CAMB-84BD6/2020,70,132
hCoV-19/England/CAMB-84BC7/2020,70,132
hCoV-19/England/CAMB-84BA9/2020,70,132
hCoV-19/England/CAMB-84B5E/2020,70,132
hCoV-19/England/BRIS-130B9C/2020,70,201
hCoV-19/England/BRIS-130983/2020,70,201
hCoV-19/England/BRIS-12F811/2020,70,195
hCoV-19/England/BRIS-12F802/2020,70,195
hCoV-19/England/BRIS-12F79C/2020,70,195
hCoV-19/England/BRIS-12F77E/2020,70,195
hCoV-19/England/BRIS-12F76F/2020,70,195
hCoV-19/England/BRIS-12F723/2020,70,195
hCoV-19/England/20129096804/2020,70,102
hCoV-19/England/20129096604/2020,70,102
hCoV-19/England/20129089504/2020,70,102
hCoV-19/England/20129063804/2020,70,102
hCoV-19/England/20119092004/2020,70,162
hCoV-19/England/20119087104/2020,70,162
hCoV-19/England/20119066104/2020,70,162
hCoV-19/England/20119060904/2020,70,162
hCoV-19/England/20119032004/2020,70,162
hCoV-19/England/20118104104/2020,70,162
hCoV-19/England/20118104004/2020,70,162
hCoV-19/England/20118061804/2020,70,162
hCoV-19/England/20118050404/2020,70,162
hCoV-19/England/20118050304/2020,70,162
hCoV-19/England/201180472/2020,70,162
hCoV-19/England/201180343/2020,70,162
hCoV-19/England/201180330/2020,70,162
hCoV-19/England/201180326/2020,70,162
hCoV-19/England/201180095/2020,70,162
hCoV-19/England/20118000304/2020,70,162
hCoV-19/England/201161700/2020,70,162
hCoV-19/England/201161611/2020,70,162
hCoV-19/England/201161610/2020,70,162
hCoV-19/England/20116159902/2020,70,162
hCoV-19/England/201161565/2020,70,162
hCoV-19/England/201161543/2020,70,162
hCoV-19/England/201161494/2020,70,162
hCoV-19/England/201161484/2020,70,162
hCoV-19/England/201161466/2020,70,162
hCoV-19/England/201161462/2020,70,162
hCoV-19/England/201161458/2020,70,162
hCoV-19/England/201161452/2020,70,162
hCoV-19/England/201161425/2020,70,162
hCoV-19/England/201161383/2020,70,162
hCoV-19/England/201161219/2020,70,162
hCoV-19/England/201161204/2020,70,162
hCoV-19/England/201161203/2020,70,162
hCoV-19/England/201161201/2020,70,162
hCoV-19/England/201161185/2020,70,162
hCoV-19/England/201161176/2020,70,162
hCoV-19/England/201161151/2020,70,162
hCoV-19/England/201161147/2020,70,162
hCoV-19/England/201160756/2020,70,162
hCoV-19/England/201160658/2020,70,162
hCoV-19/England/201160641/2020,70,162
hCoV-19/England/201160623/2020,70,162
hCoV-19/England/201160276/2020,70,162
hCoV-19/England/201160261/2020,70,162
hCoV-19/England/201160258/2020,70,162
hCoV-19/England/20116025603/2020,70,89
hCoV-19/England/201160243/2020,70,162
hCoV-19/England/20116022902/2020,70,89
hCoV-19/England/201160217/2020,70,162
hCoV-19/England/201160068/2020,70,162
hCoV-19/England/201160067/2020,70,162
hCoV-19/England/201160049/2020,70,162
hCoV-19/England/201160048/2020,70,162
hCoV-19/England/201160012/2020,70,162
hCoV-19/England/201160011/2020,70,162
hCoV-19/England/201160010/2020,70,162
hCoV-19/England/201160007/2020,70,162
hCoV-19/England/201160002/2020,70,162
hCoV-19/England/201141357/2020,70,162
hCoV-19/England/201140586/2020,70,162
hCoV-19/England/20114052703/2020,70,96
hCoV-19/England/201140432/2020,70,162
hCoV-19/England/201140359/2020,70,162
hCoV-19/England/201140309/2020,70,162
hCoV-19/England/201140059/2020,70,162
hCoV-19/Wales/PHWC-23BAC/2020,71,87
hCoV-19/Wales/PHWC-23B60/2020,71,87
hCoV-19/Wales/PHW37/2020,71,78
hCoV-19/Wales/PHW33/2020,71,78
hCoV-19/Wales/PHW32/2020,71,78
hCoV-19/Wales/PHW28/2020,71,78
hCoV-19/Wales/PHW27/2020,71,78
hCoV-19/Scotland/EDB044/2020,71,104
hCoV-19/Scotland/EDB041/2020,71,104
hCoV-19/Scotland/EDB037/2020,71,104
hCoV-19/Scotland/EDB028/2020,71,104
hCoV-19/Scotland/EDB024/2020,71,104
hCoV-19/Scotland/EDB023/2020,71,104
hCoV-19/Scotland/EDB022/2020,71,104
hCoV-19/Scotland/EDB018/2020,71,104
hCoV-19/Scotland/CVR91/2020,71,104
hCoV-19/Scotland/CVR89/2020,71,104
hCoV-19/Scotland/CVR62/2020,71,104
hCoV-19/Scotland/CVR60/2020,71,104
hCoV-19/Scotland/CVR58/2020,71,104
hCoV-19/Scotland/CVR57/2020,71,104
hCoV-19/Scotland/CVR56/2020,71,104
hCoV-19/Scotland/CVR34/2020,71,104
hCoV-19/Scotland/CVR28/2020,71,104
hCoV-19/Scotland/CVR27/2020,71,104
hCoV-19/Scotland/CVR24/2020,71,104
hCoV-19/Scotland/CVR23/2020,71,104
hCoV-19/Scotland/CVR19/2020,71,104
hCoV-19/Scotland/CVR18/2020,71,104
hCoV-19/Scotland/CVR16/2020,71,104
hCoV-19/Scotland/CVR15/2020,71,104
hCoV-19/Scotland/CVR131/2020,71,104
hCoV-19/Scotland/CVR118/2020,71,104
hCoV-19/England/SHEF-C0655/2020,71,96
hCoV-19/England/NOTT-10E48D/2020,71,104
hCoV-19/England/NOTT-10DF23/2020,71,104
hCoV-19/England/NOTT-10DF14/2020,71,104
hCoV-19/England/NOTT-10DF05/2020,71,104
hCoV-19/England/NORT-284178/2020,71,195
hCoV-19/England/NORT-28414B/2020,71,195
hCoV-19/England/NORT-2813A2/2020,71,195
hCoV-19/England/NORT-281357/2020,71,195
hCoV-19/England/NORT-281348/2020,71,195
hCoV-19/England/LOND-124D05D/2020,71,215
hCoV-19/England/LIVE-A4D16/2020,71,209
hCoV-19/England/LIVE-A4CDD/2020,71,209
hCoV-19/England/LIVE-A4CCE/2020,71,209
hCoV-19/England/LIVE-A4CBF/2020,71,209
hCoV-19/England/LIVE-A4CA0/2020,71,209
hCoV-19/England/LIVE-A4C73/2020,71,209
hCoV-19/England/LIVE-A4C55/2020,71,209
hCoV-19/England/LIVE-A4C46/2020,71,209
hCoV-19/England/LIVE-A4C19/2020,71,209
hCoV-19/England/LIVE-A4B2B/2020,71,209
hCoV-19/England/LIVE-A4AB5/2020,71,209
hCoV-19/England/LIVE-A4A3D/2020,71,209
hCoV-19/England/LIVE-A49A9/2020,71,209
hCoV-19/England/LIVE-A4912/2020,71,209
hCoV-19/England/LIVE-A48F7/2020,71,209
hCoV-19/England/LIVE-A4860/2020,71,209
hCoV-19/England/LIVE-A47FA/2020,71,209
hCoV-19/England/LIVE-A4763/2020,71,209
hCoV-19/England/LEED-2AA14F/2020,71,260
hCoV-19/England/LEED-2AA130/2020,71,260
hCoV-19/England/LEED-2A8CD7/2020,71,260
hCoV-19/England/GSTT-4177/2020,71,273
hCoV-19/England/GSTT-265E368/2020,71,189
hCoV-19/England/EXET-135CC1/2020,71,153
hCoV-19/England/CAMB-84C6A/2020,71,132
hCoV-19/England/CAMB-84C2E/2020,71,132
hCoV-19/England/CAMB-84C1F/2020,71,132
hCoV-19/England/CAMB-84BE5/2020,71,132
hCoV-19/England/CAMB-84B8B/2020,71,132
hCoV-19/England/CAMB-84B4F/2020,71,132
hCoV-19/England/CAMB-84B21/2020,71,132
hCoV-19/England/CAMB-84B03/2020,71,132
hCoV-19/England/CAMB-84AE8/2020,71,132
hCoV-19/England/CAMB-7524C/2020,71,132
hCoV-19/England/BRIS-1331A6/2020,71,203
hCoV-19/England/BRIS-130BBA/2020,71,201
hCoV-19/England/BRIS-130B41/2020,71,201
hCoV-19/England/BRIS-1309FC/2020,71,201
hCoV-19/England/BRIS-1309ED/2020,71,201
hCoV-19/England/BRIS-1309B0/2020,71,201
hCoV-19/England/BRIS-1218D3/2020,71,132
hCoV-19/England/20132066404/2020,71,102
hCoV-19/England/20129159604/2020,71,102
hCoV-19/England/20129148904/2020,71,102
hCoV-19/England/20129147504/2020,71,102
hCoV-19/England/20129126204/2020,71,102
hCoV-19/England/20129125504/2020,71,102
hCoV-19/England/20129067504/2020,71,162
hCoV-19/England/20129025404/2020,71,102
hCoV-19/England/20120033002/2020,71,96
hCoV-19/England/20119092204/2020,71,162
hCoV-19/England/20119073404/2020,71,162
hCoV-19/England/20119064904/2020,71,162
hCoV-19/England/20119063404/2020,71,162
hCoV-19/England/20119059404/2020,71,162
hCoV-19/England/20119059204/2020,71,162
hCoV-19/England/20119056704/2020,71,162
hCoV-19/England/20119044404/2020,71,162
hCoV-19/England/20119044204/2020,71,162
hCoV-19/England/20119040504/2020,71,162
hCoV-19/England/20119037304/2020,71,162
hCoV-19/England/20119033504/2020,71,162
hCoV-19/England/20119032104/2020,71,162
hCoV-19/England/20119029804/2020,71,162
hCoV-19/England/20119029504/2020,71,162
hCoV-19/England/20119011704/2020,71,162
hCoV-19/England/20119011604/2020,71,162
hCoV-19/England/20119009104/2020,71,162
hCoV-19/England/20119004304/2020,71,162
hCoV-19/England/20119000404/2020,71,162
hCoV-19/England/20119000304/2020,71,162
hCoV-19/England/20118175304/2020,71,162
hCoV-19/England/20118171704/2020,71,162
hCoV-19/England/20118164704/2020,71,162
hCoV-19/England/20118158504/2020,71,162
hCoV-19/England/20118151404/2020,71,162
hCoV-19/England/20118151104/2020,71,162
hCoV-19/England/20118148804/2020,71,162
hCoV-19/England/20118147904/2020,71,162
hCoV-19/England/20118146504/2020,71,162
hCoV-19/England/20118143704/2020,71,162
hCoV-19/England/20118143104/2020,71,162
hCoV-19/England/20118142904/2020,71,162
hCoV-19/England/20118130804/2020,71,162
hCoV-19/England/20118128304/2020,71,162
hCoV-19/England/20118128204/2020,71,162
hCoV-19/England/20118123204/2020,71,162
hCoV-19/England/20118123004/2020,71,162
hCoV-19/England/20118111804/2020,71,162
hCoV-19/England/20118111104/2020,71,162
hCoV-19/England/20118108604/2020,71,162
hCoV-19/England/20118108504/2020,71,162
hCoV-19/England/20118087504/2020,71,162
hCoV-19/England/20118085604/2020,71,162
hCoV-19/England/20118070604/2020,71,162
hCoV-19/England/20118070504/2020,71,162
hCoV-19/England/20118054004/2020,71,162
hCoV-19/England/20118042504/2020,71,162
hCoV-19/England/20118040004/2020,71,162
hCoV-19/England/201180107/2020,71,162
hCoV-19/England/20118006904/2020,71,162
hCoV-19/England/201180067/2020,71,162
hCoV-19/England/201180001/2020,71,162
hCoV-19/England/201161690/2020,71,162
hCoV-19/England/201161657/2020,71,162
hCoV-19/England/201161656/2020,71,162
hCoV-19/England/201161632/2020,71,162
hCoV-19/England/201161525/2020,71,162
hCoV-19/England/201161424/2020,71,162
hCoV-19/England/201161375/2020,71,162
hCoV-19/England/201161329/2020,71,162
hCoV-19/England/201160647/2020,71,162
hCoV-19/England/201160271/2020,71,162
hCoV-19/England/201160037/2020,71,162
hCoV-19/Wales/PHWC-23E85/2020,72,87
hCoV-19/Wales/PHWC-23E67/2020,72,87
hCoV-19/Wales/PHWC-23D6A/2020,72,87
hCoV-19/Scotland/EDB033/2020,72,104
hCoV-19/Scotland/EDB021/2020,72,104
hCoV-19/Scotland/EDB019/2020,72,104
hCoV-19/Scotland/CVR97/2020,72,104
hCoV-19/Scotland/CVR63/2020,72,104
hCoV-19/Scotland/CVR55/2020,72,104
hCoV-19/Scotland/CVR54/2020,72,104
hCoV-19/Scotland/CVR51/2020,72,104
hCoV-19/Scotland/CVR50/2020,72,104
hCoV-19/Scotland/CVR49/2020,72,104
hCoV-19/Scotland/CVR47/2020,72,104
hCoV-19/Scotland/CVR46/2020,72,104
hCoV-19/Scotland/CVR45/2020,72,104
hCoV-19/Scotland/CVR44/2020,72,104
hCoV-19/Scotland/CVR42/2020,72,104
hCoV-19/Scotland/CVR41/2020,72,104
hCoV-19/Scotland/CVR40/2020,72,104
hCoV-19/Scotland/CVR38/2020,72,104
hCoV-19/Scotland/CVR37/2020,72,104
hCoV-19/Scotland/CVR36/2020,72,104
hCoV-19/Scotland/CVR35/2020,72,104
hCoV-19/Scotland/CVR33/2020,72,104
hCoV-19/Scotland/CVR32/2020,72,104
hCoV-19/Scotland/CVR31/2020,72,104
hCoV-19/Scotland/CVR30/2020,72,104
hCoV-19/Scotland/CVR21/2020,72,104
hCoV-19/Scotland/CVR20/2020,72,104
hCoV-19/Scotland/CVR129/2020,72,104
hCoV-19/Scotland/CVR128/2020,72,104
hCoV-19/Scotland/CVR115/2020,72,104
hCoV-19/Scotland/CVR114/2020,72,104
hCoV-19/Scotland/CVR108/2020,72,104
hCoV-19/Scotland/CVR107/2020,72,104
hCoV-19/Scotland/CVR106/2020,72,104
hCoV-19/Scotland/CVR104/2020,72,104
hCoV-19/Scotland/CVR103/2020,72,104
hCoV-19/England/OXON-B4EA7/2020,72,257
hCoV-19/England/OXON-B49E2/2020,72,257
hCoV-19/England/NOTT-10DF32/2020,72,104
hCoV-19/England/NORT-2841D2/2020,72,195
hCoV-19/England/NORT-2841A5/2020,72,195
hCoV-19/England/NORT-2813B1/2020,72,195
hCoV-19/England/NORT-281384/2020,72,195
hCoV-19/England/LOND-1260476/2020,72,240
hCoV-19/England/LOND-124D08A/2020,72,215
hCoV-19/England/LIVE-A4DAD/2020,72,209
hCoV-19/England/LIVE-A4B76/2020,72,209
hCoV-19/England/LIVE-A4AF1/2020,72,209
hCoV-19/England/LIVE-A4AE2/2020,72,209
hCoV-19/England/LIVE-A4AD3/2020,72,209
hCoV-19/England/LIVE-A4A6A/2020,72,209
hCoV-19/England/LIVE-A48BB/2020,72,209
hCoV-19/England/LIVE-A4815/2020,72,209
hCoV-19/England/LIVE-A4709/2020,72,209
hCoV-19/England/LIVE-A46EE/2020,72,209
hCoV-19/England/GSTT-265E34A/2020,72,189
hCoV-19/England/EXET-1373CA/2020,72,174
hCoV-19/England/CAMB-84F9E/2020,72,132
hCoV-19/England/CAMB-84E37/2020,72,132
hCoV-19/England/CAMB-7559E/2020,72,104
hCoV-19/England/CAMB-7558F/2020,72,132
hCoV-19/England/CAMB-75525/2020,72,104
hCoV-19/England/CAMB-75516/2020,72,104
hCoV-19/England/CAMB-75482/2020,72,104
hCoV-19/England/CAMB-7540A/2020,72,132
hCoV-19/England/CAMB-7531C/2020,72,132
hCoV-19/England/CAMB-75288/2020,72,132
hCoV-19/England/CAMB-75279/2020,72,132
hCoV-19/England/CAMB-751C7/2020,72,132
hCoV-19/England/CAMB-74F73/2020,72,132
hCoV-19/England/BRIS-18545A9/2020,72,201
hCoV-19/England/BRIS-130B8D/2020,72,201
hCoV-19/England/BRIS-130B7E/2020,72,201
hCoV-19/England/BRIS-130B32/2020,72,201
hCoV-19/England/BRIS-130AF9/2020,72,201
hCoV-19/England/BRIS-130AEA/2020,72,201
hCoV-19/England/BRIS-130ADB/2020,72,201
hCoV-19/England/BRIS-1309DE/2020,72,201
hCoV-19/England/BRIS-1309CF/2020,72,201
hCoV-19/England/BRIS-12F7BA/2020,72,195
hCoV-19/England/BRIS-121AFB/2020,72,132
hCoV-19/England/BRIS-121A46/2020,72,132
hCoV-19/England/BRIS-1218E2/2020,72,132
hCoV-19/England/20136095604/2020,72,96
hCoV-19/England/20124097102/2020,72,89
hCoV-19/England/20124097004/2020,72,162
hCoV-19/England/20119090204/2020,72,162
hCoV-19/England/20119075504/2020,72,162
hCoV-19/England/20119073604/2020,72,162
hCoV-19/England/20119063104/2020,72,162
hCoV-19/England/20119057204/2020,72,162
hCoV-19/England/20119047104/2020,72,162
hCoV-19/England/20119043104/2020,72,162
hCoV-19/England/20119041304/2020,72,162
hCoV-19/England/20119041204/2020,72,162
hCoV-19/England/20119040406/2020,72,162
hCoV-19/England/20119026204/2020,72,162
hCoV-19/England/20119026102/2020,72,89
hCoV-19/England/20119025604/2020,72,162
hCoV-19/England/20119023104/2020,72,162
hCoV-19/England/20119005204/2020,72,162
hCoV-19/England/20118178504/2020,72,162
hCoV-19/England/20118176104/2020,72,162
hCoV-19/England/20118112104/2020,72,162
hCoV-19/England/20118059904/2020,72,162
hCoV-19/England/20118051204/2020,72,162
hCoV-19/England/20118050804/2020,72,162
hCoV-19/England/20118044606/2020,72,84
hCoV-19/England/20118039804/2020,72,162
hCoV-19/England/201161635/2020,72,162
hCoV-19/Wales/PHWC-24121/2020,73,87
hCoV-19/Wales/PHWC-240F7/2020,73,87
hCoV-19/Wales/PHWC-240E8/2020,73,87
hCoV-19/Wales/PHWC-240D9/2020,73,87
hCoV-19/Wales/PHWC-23E2B/2020,73,87
hCoV-19/Scotland/EDB045/2020,73,104
hCoV-19/Scotland/EDB020/2020,73,104
hCoV-19/Scotland/EDB017/2020,73,104
hCoV-19/Scotland/CVR99/2020,73,104
hCoV-19/Scotland/CVR96/2020,73,104
hCoV-19/Scotland/CVR53/2020,73,104
hCoV-19/Scotland/CVR52/2020,73,104
hCoV-19/Scotland/CVR125/2020,73,104
hCoV-19/Scotland/CVR110/2020,73,104
hCoV-19/Scotland/CVR101/2020,73,104
hCoV-19/Scotland/CVR100/2020,73,104
hCoV-19/England/OXON-B2B57/2020,73,257
hCoV-19/England/NOTT-10DFAB/2020,73,104
hCoV-19/England/NOTT-10DF9C/2020,73,104
hCoV-19/England/NOTT-10DF7E/2020,73,104
hCoV-19/England/NOTT-10DF6F/2020,73,104
hCoV-19/England/NOTT-10DF50/2020,73,104
hCoV-19/England/NOTT-10DF41/2020,73,104
hCoV-19/England/NORT-284196/2020,73,195
hCoV-19/England/NORT-281418/2020,73,195
hCoV-19/England/LOND-12602B8/2020,73,240
hCoV-19/England/LOND-126027C/2020,73,240
hCoV-19/England/LOND-124C66B/2020,73,201
hCoV-19/England/LIVE-A5191/2020,73,209
hCoV-19/England/LIVE-A510A/2020,73,209
hCoV-19/England/LIVE-A50FE/2020,73,209
hCoV-19/England/LIVE-A5076/2020,73,209
hCoV-19/England/LIVE-A5067/2020,73,209
hCoV-19/England/LIVE-A4F5C/2020,73,209
hCoV-19/England/LIVE-A4EC8/2020,73,209
hCoV-19/England/LIVE-A4E13/2020,73,209
hCoV-19/England/LIVE-A4D8F/2020,73,209
hCoV-19/England/LEED-2AA112/2020,73,260
hCoV-19/England/LEED-2A8615/2020,73,260
hCoV-19/England/EXET-1373AC/2020,73,174
hCoV-19/England/CAMB-84EDD/2020,73,132
hCoV-19/England/CAMB-84E19/2020,73,132
hCoV-19/England/CAMB-756C8/2020,73,132
hCoV-19/England/CAMB-754EC/2020,73,104
hCoV-19/England/CAMB-75464/2020,73,104
hCoV-19/England/CAMB-753D0/2020,73,132
hCoV-19/England/CAMB-75394/2020,73,132
hCoV-19/England/CAMB-7525B/2020,73,132
hCoV-19/England/CAMB-751E5/2020,73,132
hCoV-19/England/CAMB-750AC/2020,73,132
hCoV-19/England/CAMB-74FBF/2020,73,132
hCoV-19/England/BRIS-1310D8/2020,73,212
hCoV-19/England/BRIS-1310BA/2020,73,212
hCoV-19/England/BRIS-130BAB/2020,73,201
hCoV-19/England/BRIS-130B23/2020,73,201
hCoV-19/England/BRIS-130B14/2020,73,201
hCoV-19/England/BRIS-130B05/2020,73,201
hCoV-19/England/BRIS-12192B/2020,73,132
hCoV-19/England/BRIS-1218C4/2020,73,132
hCoV-19/England/20124000504/2020,73,162
hCoV-19/England/20120004504/2020,73,162
hCoV-19/England/20119078604/2020,73,162
hCoV-19/England/20119076104/2020,73,162
hCoV-19/England/20119067904/2020,73,162
hCoV-19/England/20119062704/2020,73,162
hCoV-19/England/20119058604/2020,73,162
hCoV-19/England/20119054604/2020,73,162
hCoV-19/England/20119049904/2020,73,162
hCoV-19/England/20119048004/2020,73,162
hCoV-19/England/20119047904/2020,73,162
hCoV-19/England/20119039204/2020,73,162
hCoV-19/England/20119034404/2020,73,162
hCoV-19/England/20119031604/2020,73,162
hCoV-19/England/20119031304/2020,73,162
hCoV-19/England/20119030804/2020,73,162
hCoV-19/England/20119030104/2020,73,162
hCoV-19/England/20119027904/2020,73,162
hCoV-19/England/20119027704/2020,73,162
hCoV-19/England/20119019304/2020,73,162
hCoV-19/England/20119015604/2020,73,162
hCoV-19/England/20119009904/2020,73,162
