hCoV-19/Wales/PHWC-164652/2020,130,174
hCoV-19/Wales/PHWC-164643/2020,130,174
hCoV-19/Wales/PHWC-164607/2020,130,174
hCoV-19/Wales/PHWC-1645EC/2020,130,174
hCoV-19/Wales/PHWC-164449/2020,130,174
hCoV-19/Wales/PHWC-16443A/2020,130,174
hCoV-19/Wales/PHWC-164397/2020,130,174
hCoV-19/Wales/PHWC-1642C7/2020,130,174
hCoV-19/Wales/PHWC-1640AF/2020,130,174
hCoV-19/Wales/PHWC-164018/2020,130,174
hCoV-19/Wales/PHWC-163FB2/2020,130,174
hCoV-19/Wales/PHWC-163A39/2020,130,174
hCoV-19/Wales/PHWC-1638D5/2020,130,174
hCoV-19/Wales/PHWC-16378D/2020,130,174
hCoV-19/Wales/PHWC-163608/2020,130,174
hCoV-19/Wales/PHWC-1635DE/2020,130,174
hCoV-19/Wales/PHWC-1633F2/2020,130,174
hCoV-19/Scotland/EDB6579/2020,130,181
hCoV-19/Scotland/EDB6578/2020,130,181
hCoV-19/Scotland/EDB6577/2020,130,181
hCoV-19/Scotland/EDB6070/2020,130,181
hCoV-19/Scotland/EDB6068/2020,130,181
hCoV-19/Scotland/EDB4757/2020,130,147
hCoV-19/Scotland/EDB4756/2020,130,147
hCoV-19/Scotland/EDB4755/2020,130,147
hCoV-19/Scotland/EDB4745/2020,130,147
hCoV-19/Scotland/EDB4744/2020,130,147
hCoV-19/Scotland/EDB4743/2020,130,147
hCoV-19/Scotland/EDB4739/2020,130,147
hCoV-19/Scotland/EDB4738/2020,130,147
hCoV-19/Scotland/EDB4706/2020,130,139
hCoV-19/Scotland/CVR3744/2020,130,174
hCoV-19/Scotland/CVR3742/2020,130,174
hCoV-19/Scotland/CVR3738/2020,130,174
hCoV-19/Scotland/CVR3502/2020,130,153
hCoV-19/Scotland/CVR3501/2020,130,153
hCoV-19/Scotland/CVR3500/2020,130,153
hCoV-19/Scotland/CVR3499/2020,130,153
hCoV-19/Scotland/CVR3458/2020,130,181
hCoV-19/Scotland/CVR3450/2020,130,181
hCoV-19/England/WSFT-25C1A8A/2020,130,203
hCoV-19/England/SHEF-D321F/2020,130,181
hCoV-19/England/SHEF-C4C8C/2020,130,174
hCoV-19/England/NORW-EC6DB/2020,130,153
hCoV-19/England/NORW-EC69F/2020,130,153
hCoV-19/England/NORW-EC680/2020,130,153
hCoV-19/England/NORW-EC671/2020,130,153
hCoV-19/England/NORW-EC662/2020,130,153
hCoV-19/England/NORW-EC653/2020,130,153
hCoV-19/England/NORW-EC5DE/2020,130,153
hCoV-19/England/NORW-EC5A1/2020,130,153
hCoV-19/England/NORW-EC592/2020,130,153
hCoV-19/England/NORW-EC4E0/2020,130,153
hCoV-19/England/NORW-EC4D1/2020,130,153
hCoV-19/England/NORW-EACF9/2020,130,153
hCoV-19/England/NORW-EACBD/2020,130,153
hCoV-19/England/NORW-EAC71/2020,130,153
hCoV-19/England/NORW-EAB74/2020,130,153
hCoV-19/England/NORW-EAB47/2020,130,153
hCoV-19/England/NORW-EAAA4/2020,130,153
hCoV-19/England/NORT-29ED1D/2020,130,195
hCoV-19/England/NORT-29ECD4/2020,130,195
hCoV-19/England/NORT-29ECC5/2020,130,202
hCoV-19/England/NORT-29ECB6/2020,130,202
hCoV-19/England/NORT-29ECA7/2020,130,196
hCoV-19/England/NORT-29EC7A/2020,130,196
hCoV-19/England/NORT-29EC6B/2020,130,196
hCoV-19/England/NORT-29D965/2020,130,195
hCoV-19/England/NORT-29D947/2020,130,195
hCoV-19/England/NORT-29D8B3/2020,130,189
hCoV-19/England/NORT-29D895/2020,130,195
hCoV-19/England/NORT-29D886/2020,130,195
hCoV-19/England/NORT-29D877/2020,130,189
hCoV-19/England/NORT-28BF1D/2020,130,153
hCoV-19/England/MILK-48548B/2020,130,271
hCoV-19/England/MILK-485245/2020,130,271
hCoV-19/England/LOND-12869C6/2020,130,383
hCoV-19/England/EXET-1376D0/2020,130,174
hCoV-19/England/EKHU-260F1B7/2020,130,212
hCoV-19/England/CAMB-1B0AF1/2020,130,147
hCoV-19/England/CAMB-1AEEBE/2020,130,147
hCoV-19/England/CAMB-1AEDDF/2020,130,147
hCoV-19/England/CAMB-1AEDC0/2020,130,147
hCoV-19/England/BRIS-12C37D/2020,130,169
hCoV-19/England/BRIS-12C331/2020,130,169
hCoV-19/England/BRIS-12C243/2020,130,169
hCoV-19/England/BRIS-12C1BF/2020,130,169
hCoV-19/England/BRIS-12C137/2020,130,169
hCoV-19/England/BRIS-12C128/2020,130,169
hCoV-19/England/BRIS-12C0FE/2020,130,169
hCoV-19/England/BRIS-12C0B2/2020,130,169
hCoV-19/England/BRIS-12C067/2020,130,169
hCoV-19/England/BRIS-12C058/2020,130,169
hCoV-19/England/BRIS-12C049/2020,130,169
hCoV-19/England/BRIS-12C03A/2020,130,169
hCoV-19/England/BRIS-12C00D/2020,130,169
hCoV-19/England/BRIS-12B1A1/2020,130,169
hCoV-19/England/BRIS-12B165/2020,130,169
hCoV-19/England/BIRM-5FA6E/2020,130,174
hCoV-19/England/BIRM-5FA5F/2020,130,174
hCoV-19/England/BIRM-5F9F8/2020,130,174
hCoV-19/Wales/PHWC-169444/2020,131,209
hCoV-19/Wales/PHWC-16528A/2020,131,181
hCoV-19/Wales/PHWC-164AB0/2020,131,181
hCoV-19/Wales/PHWC-1646AD/2020,131,174
hCoV-19/Wales/PHWC-1645DD/2020,131,174
hCoV-19/Wales/PHWC-1643F1/2020,131,174
hCoV-19/Wales/PHWC-16428B/2020,131,174
hCoV-19/Wales/PHWC-163D9A/2020,131,174
hCoV-19/Wales/PHWC-163978/2020,131,174
hCoV-19/Wales/PHWC-1637E7/2020,131,174
hCoV-19/Wales/PHWC-1636EA/2020,131,174
hCoV-19/Wales/PHWC-1635B0/2020,131,174
hCoV-19/Wales/PHWC-163547/2020,131,174
hCoV-19/Wales/PHWC-163398/2020,131,174
hCoV-19/Wales/PHWC-160C36/2020,131,174
hCoV-19/Wales/PHWC-15FEF8/2020,131,174
hCoV-19/Wales/PHWC-15E275/2020,131,174
hCoV-19/Scotland/QEUH-554F56/2020,131,254
hCoV-19/Scotland/EDB6686/2020,131,215
hCoV-19/Scotland/EDB6607/2020,131,189
hCoV-19/Scotland/EDB6086/2020,131,181
hCoV-19/Scotland/EDB6085/2020,131,181
hCoV-19/Scotland/EDB6083/2020,131,181
hCoV-19/Scotland/EDB6081/2020,131,181
hCoV-19/Scotland/EDB6078/2020,131,181
hCoV-19/Scotland/EDB4928/2020,131,174
hCoV-19/Scotland/EDB4859/2020,131,181
hCoV-19/Scotland/EDB4807/2020,131,181
hCoV-19/Scotland/EDB4806/2020,131,147
hCoV-19/Scotland/EDB4777/2020,131,181
hCoV-19/Scotland/EDB4746/2020,131,147
hCoV-19/Scotland/CVR3528/2020,131,174
hCoV-19/Scotland/CVR3479/2020,131,153
hCoV-19/Scotland/CVR3478/2020,131,153
hCoV-19/Scotland/CVR3477/2020,131,153
hCoV-19/Scotland/CVR3472/2020,131,153
hCoV-19/Scotland/CVR3471/2020,131,153
hCoV-19/Scotland/CVR3470/2020,131,153
hCoV-19/Scotland/CVR3469/2020,131,153
hCoV-19/Scotland/CVR3468/2020,131,181
hCoV-19/Scotland/CVR3467/2020,131,181
hCoV-19/Scotland/CVR3464/2020,131,181
hCoV-19/Scotland/CVR3461/2020,131,181
hCoV-19/England/WSFT-25C1A5D/2020,131,195
hCoV-19/England/SHEF-D03B5/2020,131,181
hCoV-19/England/SHEF-C9F9D/2020,131,157
hCoV-19/England/SHEF-C9926/2020,131,181
hCoV-19/England/SHEF-C9610/2020,131,157
hCoV-19/England/SHEF-C623D/2020,131,189
hCoV-19/England/SHEF-C1ED4/2020,131,157
hCoV-19/England/SHEF-10B2CCA/2020,131,259
hCoV-19/England/SHEF-10B2CBB/2020,131,259
hCoV-19/England/SHEF-10B2CAC/2020,131,259
hCoV-19/England/SHEF-10B2C9D/2020,131,259
hCoV-19/England/QEUH-557DC2/2020,131,254
hCoV-19/England/QEUH-5574FA/2020,131,254
hCoV-19/England/QEUH-557041/2020,131,254
hCoV-19/England/QEUH-556F45/2020,131,254
hCoV-19/England/QEUH-556C99/2020,131,254
hCoV-19/England/QEUH-556A35/2020,131,254
hCoV-19/England/QEUH-55674D/2020,131,254
hCoV-19/England/QEUH-55630D/2020,131,254
hCoV-19/England/QEUH-555D97/2020,131,254
hCoV-19/England/QEUH-555BF7/2020,131,254
hCoV-19/England/QEUH-555492/2020,131,254
hCoV-19/England/QEUH-554D98/2020,131,254
hCoV-19/England/QEUH-554CB9/2020,131,254
hCoV-19/England/QEUH-554C9B/2020,131,254
hCoV-19/England/QEUH-55484C/2020,131,254
hCoV-19/England/NOTT-111302/2020,131,147
hCoV-19/England/NOTT-1112F6/2020,131,147
hCoV-19/England/NOTT-1112E7/2020,131,147
hCoV-19/England/NORW-ED4D0/2020,131,174
hCoV-19/England/NORW-EC78D/2020,131,153
hCoV-19/England/NORW-EC77E/2020,131,153
hCoV-19/England/NORW-EC76F/2020,131,153
hCoV-19/England/NORW-EC750/2020,131,153
hCoV-19/England/NORW-EC714/2020,131,153
hCoV-19/England/NORW-EC6F9/2020,131,153
hCoV-19/England/NORW-EC6EA/2020,131,153
hCoV-19/England/NORW-EC6BD/2020,131,153
hCoV-19/England/NORW-EC50B/2020,131,153
hCoV-19/England/NORW-EC42C/2020,131,153
hCoV-19/England/NORW-EC41D/2020,131,153
hCoV-19/England/NORW-EC35C/2020,131,153
hCoV-19/England/NORW-EACCC/2020,131,153
hCoV-19/England/NORW-EAC80/2020,131,153
hCoV-19/England/NORW-EAC35/2020,131,153
hCoV-19/England/NORW-EAB92/2020,131,153
hCoV-19/England/NORW-EAA77/2020,131,153
hCoV-19/England/NORT-29EFCC/2020,131,189
hCoV-19/England/NORT-29EF26/2020,131,196
hCoV-19/England/NORT-29EE56/2020,131,202
hCoV-19/England/NORT-29EE38/2020,131,195
hCoV-19/England/NORT-29EE29/2020,131,202
hCoV-19/England/NORT-29EE1A/2020,131,195
hCoV-19/England/NORT-29EDD1/2020,131,196
hCoV-19/England/NORT-29ECF2/2020,131,196
hCoV-19/England/NORT-29EAF8/2020,131,195
hCoV-19/England/NORT-29EABC/2020,131,195
hCoV-19/England/NORT-29EA43/2020,131,195
hCoV-19/England/NORT-29E9EC/2020,131,195
hCoV-19/England/NORT-292511/2020,131,195
hCoV-19/England/NORT-2924E7/2020,131,195
hCoV-19/England/NORT-2923BD/2020,131,195
hCoV-19/England/NORT-2923AE/2020,131,195
hCoV-19/England/NORT-291CD1/2020,131,195
hCoV-19/England/NORT-291C95/2020,131,195
hCoV-19/England/NORT-28C170/2020,131,157
hCoV-19/England/NORT-28C055/2020,131,201
hCoV-19/England/NORT-28C028/2020,131,201
hCoV-19/England/NORT-28BFC2/2020,131,201
hCoV-19/England/NORT-285A5E/2020,131,202
hCoV-19/England/NORT-28597F/2020,131,157
hCoV-19/England/MILK-48978E/2020,131,271
hCoV-19/England/MILK-489214/2020,131,271
hCoV-19/England/MILK-461A74/2020,131,271
hCoV-19/England/LIVE-9F8C2/2020,131,174
hCoV-19/England/LIVE-1D230D/2020,131,278
hCoV-19/England/LIVE-1D219A/2020,131,278
hCoV-19/England/EXET-136B4B/2020,131,153
hCoV-19/England/CAMB-1B1F1F/2020,131,169
hCoV-19/England/CAMB-1B1EF4/2020,131,169
hCoV-19/England/CAMB-1B0EF5/2020,131,147
hCoV-19/England/CAMB-1B0EC8/2020,131,147
hCoV-19/England/CAMB-1B0EAA/2020,131,147
hCoV-19/England/CAMB-1B0E9B/2020,131,147
hCoV-19/England/CAMB-1B0E8C/2020,131,147
hCoV-19/England/CAMB-1B0D16/2020,131,147
hCoV-19/England/CAMB-1B0CEC/2020,131,147
hCoV-19/England/CAMB-1B0CCE/2020,131,147
hCoV-19/England/CAMB-1B0BA3/2020,131,147
hCoV-19/England/CAMB-1B0B3A/2020,131,147
hCoV-19/England/CAMB-1B0B1C/2020,131,147
hCoV-19/England/CAMB-1B0A5B/2020,131,147
hCoV-19/England/CAMB-1B0A3D/2020,131,147
hCoV-19/England/CAMB-1B05E1/2020,131,147
hCoV-19/England/CAMB-1B05C3/2020,131,147
hCoV-19/England/CAMB-1B05B4/2020,131,147
hCoV-19/England/CAMB-1B05A5/2020,131,147
hCoV-19/England/CAMB-1B0596/2020,131,147
hCoV-19/England/CAMB-1B0578/2020,131,147
hCoV-19/England/CAMB-1B0569/2020,131,147
hCoV-19/England/CAMB-1B055A/2020,131,147
hCoV-19/England/CAMB-1B054B/2020,131,147
hCoV-19/England/CAMB-1B053C/2020,131,147
hCoV-19/England/CAMB-1B052D/2020,131,147
hCoV-19/England/CAMB-1B04E4/2020,131,147
hCoV-19/England/CAMB-1B04D5/2020,131,147
hCoV-19/England/CAMB-1B0156/2020,131,147
hCoV-19/England/CAMB-1B0147/2020,131,147
hCoV-19/England/CAMB-1B0138/2020,131,147
hCoV-19/England/CAMB-1AFD74/2020,131,147
hCoV-19/England/CAMB-1AFD56/2020,131,147
hCoV-19/England/CAMB-1AFD38/2020,131,147
hCoV-19/England/CAMB-1AEE54/2020,131,147
hCoV-19/England/CAMB-1AEDEE/2020,131,147
hCoV-19/England/CAMB-1AEDB1/2020,131,147
hCoV-19/England/BRIS-12C43E/2020,131,169
hCoV-19/England/BRIS-12C3C8/2020,131,169
hCoV-19/England/BRIS-12C3B9/2020,131,169
hCoV-19/England/BRIS-12C3AA/2020,131,169
hCoV-19/England/BRIS-12C39B/2020,131,169
hCoV-19/England/BRIS-12C38C/2020,131,169
hCoV-19/England/BRIS-12C2BC/2020,131,169
hCoV-19/England/BRIS-12C29E/2020,131,169
hCoV-19/England/BRIS-12C28F/2020,131,169
hCoV-19/England/BRIS-12C270/2020,131,169
hCoV-19/England/BRIS-12C234/2020,131,169
hCoV-19/England/BRIS-12C1FB/2020,131,169
hCoV-19/England/BRIS-12C173/2020,131,169
hCoV-19/England/BRIS-12C155/2020,131,169
hCoV-19/England/BRIS-12C10A/2020,131,169
hCoV-19/England/BRIS-12BFE3/2020,131,169
hCoV-19/England/BRIS-12BFD4/2020,131,169
hCoV-19/England/BIRM-5F7B2/2020,131,174
hCoV-19/England/BIRM-5F7A3/2020,131,174
hCoV-19/England/BIRM-5F794/2020,131,174
hCoV-19/England/BHRT-24B35A9/2020,131,252
hCoV-19/England/BHRT-24B358B/2020,131,252
hCoV-19/England/20202015104/2020,131,252
hCoV-19/Wales/QEUH-54CB20/2020,132,254
hCoV-19/Wales/QEUH-54C9CC/2020,132,254
hCoV-19/Wales/PHWC-165E0E/2020,132,196
hCoV-19/Wales/PHWC-164160/2020,132,174
hCoV-19/Wales/PHWC-163D7C/2020,132,174
hCoV-19/Wales/PHWC-163C06/2020,132,174
hCoV-19/Wales/PHWC-163B72/2020,132,174
hCoV-19/Wales/PHWC-163A93/2020,132,174
hCoV-19/Wales/PHWC-163969/2020,132,174
hCoV-19/Wales/PHWC-1624F0/2020,132,174
hCoV-19/Wales/PHWC-15E7D0/2020,132,174
hCoV-19/Wales/PHWC-15E4F7/2020,132,174
hCoV-19/Wales/PHWC-15E3EB/2020,132,174
hCoV-19/Wales/PHWC-15E3DC/2020,132,174
hCoV-19/Wales/PHWC-15E10F/2020,132,174
hCoV-19/Wales/PHWC-15E099/2020,132,174
hCoV-19/Wales/PHWC-15E06C/2020,132,174
hCoV-19/Wales/PHWC-15DE72/2020,132,174
hCoV-19/Wales/PHWC-15DE27/2020,132,174
hCoV-19/Wales/PHWC-15D883/2020,132,174
hCoV-19/Wales/PHWC-15D56E/2020,132,174
hCoV-19/Scotland/QEUH-55418D/2020,132,254
hCoV-19/Scotland/QEUH-553BEA/2020,132,254
hCoV-19/Scotland/QEUH-5509B6/2020,132,254
hCoV-19/Scotland/QEUH-54EE34/2020,132,254
hCoV-19/Scotland/QEUH-54EC3A/2020,132,254
hCoV-19/Scotland/QEUH-54BF25/2020,132,254
hCoV-19/Scotland/EDB6684/2020,132,215
hCoV-19/Scotland/EDB6604/2020,132,189
hCoV-19/Scotland/EDB6585/2020,132,181
hCoV-19/Scotland/EDB6584/2020,132,181
hCoV-19/Scotland/EDB6582/2020,132,181
hCoV-19/Scotland/EDB6581/2020,132,181
hCoV-19/Scotland/EDB6568/2020,132,181
hCoV-19/Scotland/EDB6109/2020,132,181
hCoV-19/Scotland/EDB6108/2020,132,181
hCoV-19/Scotland/EDB6104/2020,132,181
hCoV-19/Scotland/EDB6103/2020,132,181
hCoV-19/Scotland/EDB6099/2020,132,181
hCoV-19/Scotland/EDB6096/2020,132,181
hCoV-19/Scotland/EDB6095/2020,132,181
hCoV-19/Scotland/EDB6094/2020,132,181
hCoV-19/Scotland/EDB6093/2020,132,181
hCoV-19/Scotland/EDB6092/2020,132,181
hCoV-19/Scotland/EDB6090/2020,132,181
hCoV-19/Scotland/EDB6089/2020,132,181
hCoV-19/Scotland/EDB6088/2020,132,181
hCoV-19/Scotland/EDB4888/2020,132,174
hCoV-19/Scotland/EDB4873/2020,132,181
hCoV-19/Scotland/EDB4871/2020,132,181
hCoV-19/Scotland/EDB4869/2020,132,181
hCoV-19/Scotland/EDB4822/2020,132,147
hCoV-19/Scotland/EDB4802/2020,132,147
hCoV-19/Scotland/EDB4800/2020,132,147
hCoV-19/Scotland/CVR3519/2020,132,174
hCoV-19/Scotland/CVR3513/2020,132,174
hCoV-19/Scotland/CVR3506/2020,132,196
hCoV-19/Scotland/CVR3497/2020,132,153
hCoV-19/Scotland/CVR3489/2020,132,153
hCoV-19/Scotland/CVR3488/2020,132,174
hCoV-19/Scotland/CVR3486/2020,132,153
hCoV-19/Scotland/CVR3483/2020,132,153
hCoV-19/Scotland/CVR3482/2020,132,153
hCoV-19/Scotland/CVR3474/2020,132,153
hCoV-19/England/WSFT-25C17A1/2020,132,195
hCoV-19/England/SHEF-CC8DB/2020,132,157
hCoV-19/England/SHEF-CBFB9/2020,132,202
hCoV-19/England/SHEF-CB7A2/2020,132,202
hCoV-19/England/SHEF-CA58B/2020,132,157
hCoV-19/England/SHEF-CA406/2020,132,202
hCoV-19/England/SHEF-10B2CE8/2020,132,259
hCoV-19/England/QEUH-55432D/2020,132,254
hCoV-19/England/QEUH-5538A7/2020,132,254
hCoV-19/England/QEUH-55376E/2020,132,254
hCoV-19/England/QEUH-55336A/2020,132,254
hCoV-19/England/QEUH-5528A8/2020,132,254
hCoV-19/England/QEUH-551E10/2020,132,254
hCoV-19/England/QEUH-551C52/2020,132,254
hCoV-19/England/QEUH-551900/2020,132,254
hCoV-19/England/QEUH-550DC9/2020,132,254
hCoV-19/England/QEUH-54E599/2020,132,254
hCoV-19/England/QEUH-54E46F/2020,132,254
hCoV-19/England/QEUH-54E256/2020,132,254
hCoV-19/England/QEUH-54DFC9/2020,132,254
hCoV-19/England/QEUH-54DE08/2020,132,254
hCoV-19/England/QEUH-54DDB0/2020,132,254
hCoV-19/England/QEUH-54DB6B/2020,132,254
hCoV-19/England/QEUH-54D7D0/2020,132,254
hCoV-19/England/QEUH-54D749/2020,132,254
hCoV-19/England/QEUH-54D5D6/2020,132,254
hCoV-19/England/QEUH-54D5C7/2020,132,254
hCoV-19/England/QEUH-54D55E/2020,132,254
hCoV-19/England/QEUH-54D54F/2020,132,254
hCoV-19/England/QEUH-54D4BB/2020,132,254
hCoV-19/England/QEUH-54CC78/2020,132,254
hCoV-19/England/QEUH-54CC69/2020,132,254
hCoV-19/England/QEUH-54CBF3/2020,132,254
hCoV-19/England/QEUH-54C6C5/2020,132,254
hCoV-19/England/QEUH-54C452/2020,132,254
hCoV-19/England/QEUH-54BA06/2020,132,254
hCoV-19/England/QEUH-54B9FA/2020,132,254
hCoV-19/England/QEUH-54B8A2/2020,132,254
hCoV-19/England/QEUH-54B81B/2020,132,254
hCoV-19/England/QEUH-54B73C/2020,132,254
hCoV-19/England/QEUH-54B356/2020,132,254
hCoV-19/England/QEUH-54AE65/2020,132,254
hCoV-19/England/QEUH-54AE47/2020,132,254
hCoV-19/England/QEUH-54AA34/2020,132,254
hCoV-19/England/QEUH-548BCA/2020,132,254
hCoV-19/England/PORT-2CF742/2020,132,157
hCoV-19/England/PORT-2CF715/2020,132,157
hCoV-19/England/PORT-2CF6EB/2020,132,157
hCoV-19/England/PORT-2CF6DC/2020,132,157
hCoV-19/England/PORT-2CF6CD/2020,132,157
hCoV-19/England/PORT-2CF6BE/2020,132,157
hCoV-19/England/PORT-2CF6AF/2020,132,157
hCoV-19/England/OXON-B4C16/2020,132,257
hCoV-19/England/NOTT-11F3C8/2020,132,341
hCoV-19/England/NOTT-11135D/2020,132,147
hCoV-19/England/NOTT-11134E/2020,132,147
hCoV-19/England/NOTT-11133F/2020,132,147
hCoV-19/England/NORW-EE9C1/2020,132,196
hCoV-19/England/NORW-EE9B2/2020,132,196
hCoV-19/England/NORW-EC802/2020,132,153
hCoV-19/England/NORW-EC7E7/2020,132,153
hCoV-19/England/NORW-EC7AB/2020,132,153
hCoV-19/England/NORW-EC732/2020,132,153
hCoV-19/England/NORW-EC529/2020,132,153
hCoV-19/England/NORW-EC4FF/2020,132,153
hCoV-19/England/NORW-EC40E/2020,132,153
hCoV-19/England/NORW-EC3E3/2020,132,153
hCoV-19/England/NORW-EC389/2020,132,153
hCoV-19/England/NORW-EA46A/2020,132,153
hCoV-19/England/NORW-EA42E/2020,132,153
hCoV-19/England/NORW-EA41F/2020,132,153
hCoV-19/England/NORW-EA38B/2020,132,153
hCoV-19/England/NORW-EA303/2020,132,153
hCoV-19/England/NORW-EA2AC/2020,132,153
hCoV-19/England/NORW-EA28E/2020,132,153
hCoV-19/England/NORW-EA224/2020,132,153
hCoV-19/England/NORT-29F1D4/2020,132,189
hCoV-19/England/NORT-29F1C5/2020,132,189
hCoV-19/England/NORT-29F189/2020,132,195
hCoV-19/England/NORT-29F0AA/2020,132,189
hCoV-19/England/NORT-29EC5C/2020,132,195
hCoV-19/England/NORT-29EBC8/2020,132,202
hCoV-19/England/NORT-29EAE9/2020,132,196
hCoV-19/England/NORT-29EADA/2020,132,195
hCoV-19/England/NORT-29E982/2020,132,202
hCoV-19/England/NORT-292669/2020,132,195
hCoV-19/England/NORT-29264B/2020,132,195
hCoV-19/England/NORT-29262D/2020,132,195
hCoV-19/England/NORT-29261E/2020,132,195
hCoV-19/England/NORT-29260F/2020,132,195
hCoV-19/England/NORT-2925F3/2020,132,195
hCoV-19/England/NORT-2925E4/2020,132,195
hCoV-19/England/NORT-28C2D7/2020,132,201
hCoV-19/England/NORT-28C240/2020,132,201
hCoV-19/England/NORT-285AB8/2020,132,202
hCoV-19/England/MILK-488A4A/2020,132,271
hCoV-19/England/MILK-460B27/2020,132,271
hCoV-19/England/MILK-45E61C/2020,132,271
hCoV-19/England/LOND-124C3CE/2020,132,201
hCoV-19/England/LIVE-1D20E8/2020,132,278
hCoV-19/England/LIVE-1D1D79/2020,132,278
hCoV-19/England/LIVE-1D1D6A/2020,132,278
hCoV-19/England/CAMB-1B0E6E/2020,132,147
hCoV-19/England/CAMB-1B0E5F/2020,132,147
hCoV-19/England/CAMB-1B0CDD/2020,132,147
hCoV-19/England/CAMB-1B0CBF/2020,132,147
hCoV-19/England/CAMB-1B0CA0/2020,132,147
hCoV-19/England/CAMB-1B0C91/2020,132,147
hCoV-19/England/CAMB-1B0C82/2020,132,147
hCoV-19/England/CAMB-1B0C73/2020,132,147
hCoV-19/England/CAMB-1B0C46/2020,132,147
hCoV-19/England/CAMB-1B0BB2/2020,132,147
hCoV-19/England/CAMB-1B0AB5/2020,132,147
hCoV-19/England/CAMB-1B0A2E/2020,132,147
hCoV-19/England/CAMB-1B0A00/2020,132,147
hCoV-19/England/CAMB-1B09D6/2020,132,147
hCoV-19/England/BRIS-12C850/2020,132,169
hCoV-19/England/BRIS-12C841/2020,132,169
hCoV-19/England/BRIS-12C7F9/2020,132,169
hCoV-19/England/BRIS-12C7EA/2020,132,169
hCoV-19/England/BRIS-12C7DB/2020,132,169
hCoV-19/England/BRIS-12C726/2020,132,169
hCoV-19/England/BRIS-12C5D1/2020,132,169
hCoV-19/England/BRIS-12C5B3/2020,132,169
hCoV-19/England/BRIS-12C498/2020,132,169
hCoV-19/England/BRIS-12C3F5/2020,132,169
hCoV-19/England/BIRM-5F80A/2020,132,174
hCoV-19/England/BIRM-5F7FE/2020,132,174
hCoV-19/England/BIRM-5F7D0/2020,132,174
hCoV-19/England/BIRM-5F7C1/2020,132,174
hCoV-19/England/BHRT-24B365B/2020,132,252
hCoV-19/England/BHRT-24B35C7/2020,132,252
hCoV-19/England/ALDP-9EE03C/2020,132,293
hCoV-19/England/20204052004/2020,132,162
hCoV-19/Wales/PHWC-168EDE/2020,133,209
hCoV-19/Wales/PHWC-162FFF/2020,133,174
hCoV-19/Wales/PHWC-162A67/2020,133,174
hCoV-19/Wales/PHWC-1625A2/2020,133,174
hCoV-19/Wales/PHWC-15E970/2020,133,174
hCoV-19/Wales/PHWC-15E873/2020,133,174
hCoV-19/Wales/PHWC-15E855/2020,133,174
hCoV-19/Wales/PHWC-15E819/2020,133,174
hCoV-19/Wales/PHWC-15E697/2020,133,174
hCoV-19/Wales/PHWC-15E66A/2020,133,174
hCoV-19/Wales/PHWC-15E415/2020,133,174
hCoV-19/Wales/PHWC-15E406/2020,133,174
hCoV-19/Wales/PHWC-15E381/2020,133,174
hCoV-19/Wales/PHWC-15E372/2020,133,174
hCoV-19/Wales/PHWC-15E1E1/2020,133,174
hCoV-19/Wales/PHWC-15E187/2020,133,174
hCoV-19/Wales/PHWC-15E178/2020,133,174
hCoV-19/Wales/PHWC-15E0C6/2020,133,174
hCoV-19/Wales/PHWC-15E0B7/2020,133,174
hCoV-19/Wales/PHWC-15E011/2020,133,174
hCoV-19/Wales/PHWC-15DDB1/2020,133,174
hCoV-19/Wales/PHWC-15DC87/2020,133,174
hCoV-19/Wales/PHWC-15DC78/2020,133,174
hCoV-19/Wales/PHWC-15DB7B/2020,133,174
hCoV-19/Wales/PHWC-15DB11/2020,133,174
hCoV-19/Wales/PHWC-15DAF6/2020,133,174
hCoV-19/Wales/PHWC-15DABA/2020,133,174
hCoV-19/Wales/PHWC-15DA14/2020,133,174
hCoV-19/Wales/PHWC-15D917/2020,133,174
hCoV-19/Wales/PHWC-15D8CF/2020,133,174
hCoV-19/Wales/PHWC-15D759/2020,133,174
hCoV-19/Wales/PHWC-15D601/2020,133,174
hCoV-19/Wales/MILK-45F7FA/2020,133,271
hCoV-19/Scotland/QEUH-54A023/2020,133,254
hCoV-19/Scotland/QEUH-549E48/2020,133,254
hCoV-19/Scotland/QEUH-5456F9/2020,133,254
hCoV-19/Scotland/QEUH-54542C/2020,133,254
hCoV-19/Scotland/EDB6895/2020,133,244
hCoV-19/Scotland/EDB6683/2020,133,215
hCoV-19/Scotland/EDB6586/2020,133,181
hCoV-19/Scotland/EDB6392/2020,133,174
hCoV-19/Scotland/EDB6391/2020,133,174
hCoV-19/Scotland/EDB6131/2020,133,174
hCoV-19/Scotland/EDB6130/2020,133,174
hCoV-19/Scotland/EDB6129/2020,133,174
hCoV-19/Scotland/EDB6128/2020,133,174
hCoV-19/Scotland/EDB6127/2020,133,174
hCoV-19/Scotland/EDB6123/2020,133,181
hCoV-19/Scotland/EDB6121/2020,133,181
hCoV-19/Scotland/EDB6118/2020,133,181
hCoV-19/Scotland/EDB4922/2020,133,157
hCoV-19/Scotland/EDB4912/2020,133,202
hCoV-19/Scotland/EDB4907/2020,133,202
hCoV-19/Scotland/EDB4905/2020,133,202
hCoV-19/Scotland/EDB4903/2020,133,202
hCoV-19/Scotland/EDB4898/2020,133,181
hCoV-19/Scotland/EDB4890/2020,133,147
hCoV-19/Scotland/EDB4887/2020,133,147
hCoV-19/Scotland/EDB4885/2020,133,147
hCoV-19/Scotland/EDB4883/2020,133,147
hCoV-19/Scotland/EDB4882/2020,133,147
hCoV-19/Scotland/EDB4881/2020,133,147
hCoV-19/Scotland/CVR3539/2020,133,174
hCoV-19/Scotland/CVR3532/2020,133,174
hCoV-19/Scotland/CVR3524/2020,133,174
hCoV-19/Scotland/CVR3521/2020,133,174
hCoV-19/Scotland/CVR3516/2020,133,174
hCoV-19/Scotland/CVR3515/2020,133,174
hCoV-19/Scotland/CVR3514/2020,133,174
hCoV-19/Scotland/CVR3509/2020,133,174
hCoV-19/Scotland/CVR3504/2020,133,189
hCoV-19/England/WSFT-25C1A11/2020,133,195
hCoV-19/England/WSFT-25C19D8/2020,133,195
hCoV-19/England/SHEF-CBB6A/2020,133,157
hCoV-19/England/SHEF-CAD83/2020,133,202
hCoV-19/England/SHEF-CA257/2020,133,196
hCoV-19/England/SHEF-C7F26/2020,133,157
hCoV-19/England/SHEF-C568D/2020,133,189
hCoV-19/England/SHEF-C1830/2020,133,181
hCoV-19/England/QEUH-54A445/2020,133,254
hCoV-19/England/QEUH-54A339/2020,133,254
hCoV-19/England/QEUH-549604/2020,133,254
hCoV-19/England/QEUH-5494A0/2020,133,254
hCoV-19/England/QEUH-54933A/2020,133,254
hCoV-19/England/QEUH-548939/2020,133,254
hCoV-19/England/QEUH-544108/2020,133,254
hCoV-19/England/QEUH-543DF6/2020,133,254
hCoV-19/England/QEUH-5428D8/2020,133,254
hCoV-19/England/QEUH-541FF2/2020,133,254
hCoV-19/England/QEUH-541EB9/2020,133,254
hCoV-19/England/QEUH-541A3D/2020,133,254
hCoV-19/England/QEUH-54136F/2020,133,254
hCoV-19/England/QEUH-5411ED/2020,133,254
hCoV-19/England/QEUH-540C83/2020,133,254
hCoV-19/England/PHEC-3267B1/2020,133,546
hCoV-19/England/NOTT-11137B/2020,133,147
hCoV-19/England/NOTT-11136C/2020,133,147
hCoV-19/England/NORW-EC87B/2020,133,153
hCoV-19/England/NORW-EC85D/2020,133,153
hCoV-19/England/NORW-EC4C2/2020,133,153
hCoV-19/England/NORW-EA400/2020,133,153
hCoV-19/England/NORW-EA29D/2020,133,153
hCoV-19/England/NORW-EA1BE/2020,133,153
hCoV-19/England/NORW-EA172/2020,133,153
hCoV-19/England/NORW-EA154/2020,133,153
hCoV-19/England/NORW-EA136/2020,133,153
hCoV-19/England/NORT-29F0E6/2020,133,189
hCoV-19/England/NORT-2963F5/2020,133,189
hCoV-19/England/NORT-2963AA/2020,133,195
hCoV-19/England/NORT-29639B/2020,133,195
hCoV-19/England/NORT-28C310/2020,133,201
hCoV-19/England/NORT-285A12/2020,133,202
hCoV-19/England/MILK-488CBD/2020,133,271
hCoV-19/England/MILK-4887DA/2020,133,271
hCoV-19/England/MILK-4860D1/2020,133,271
hCoV-19/England/MILK-4619FF/2020,133,271
hCoV-19/England/MILK-460D5E/2020,133,271
hCoV-19/England/MILK-460C7F/2020,133,271
hCoV-19/England/MILK-460969/2020,133,271
hCoV-19/England/MILK-45F7EB/2020,133,271
hCoV-19/England/MILK-45F6DF/2020,133,271
hCoV-19/England/MILK-45F675/2020,133,271
hCoV-19/England/LIVE-1D209D/2020,133,278
hCoV-19/England/LIVE-1D2024/2020,133,278
hCoV-19/England/LIVE-1D1EEF/2020,133,278
hCoV-19/England/LIVE-1D1DC4/2020,133,278
hCoV-19/England/LIVE-1D1D3D/2020,133,278
hCoV-19/England/LIVE-1D1CC7/2020,133,278
hCoV-19/England/EXET-136AC6/2020,133,153
hCoV-19/England/CAMB-1B29C5/2020,133,169
hCoV-19/England/CAMB-1B1B48/2020,133,147
hCoV-19/England/CAMB-1B19E4/2020,133,147
hCoV-19/England/CAMB-1B19D5/2020,133,147
hCoV-19/England/CAMB-1B195D/2020,133,147
hCoV-19/England/CAMB-1B194E/2020,133,147
hCoV-19/England/CAMB-1B193F/2020,133,147
hCoV-19/England/CAMB-1B1920/2020,133,147
hCoV-19/England/CAMB-1B17DB/2020,133,147
hCoV-19/England/CAMB-1B179F/2020,133,147
hCoV-19/England/CAMB-1B0C37/2020,133,147
hCoV-19/England/CAMB-1B0C0A/2020,133,147
hCoV-19/England/CAMB-1B0B94/2020,133,147
hCoV-19/England/CAMB-1B0B76/2020,133,147
hCoV-19/England/CAMB-1B0AA6/2020,133,147
hCoV-19/England/CAMB-1B0A88/2020,133,147
hCoV-19/England/CAMB-1B0A79/2020,133,147
hCoV-19/England/CAMB-1AFD1A/2020,133,147
hCoV-19/England/CAMB-1AFC95/2020,133,147
hCoV-19/England/BRIS-12C911/2020,133,169
hCoV-19/England/BRIS-12C8BA/2020,133,169
hCoV-19/England/BRIS-12C87E/2020,133,169
hCoV-19/England/BRIS-12C7CC/2020,133,169
hCoV-19/England/BRIS-12C7BD/2020,133,169
hCoV-19/England/BRIS-12C762/2020,133,169
hCoV-19/England/BRIS-12C6FC/2020,133,169
hCoV-19/England/BRIS-12C656/2020,133,169
hCoV-19/England/BRIS-12C60B/2020,133,169
hCoV-19/England/BRIS-12C559/2020,133,169
hCoV-19/England/BRIS-12C4D4/2020,133,169
hCoV-19/England/BRIS-12B208/2020,133,169
hCoV-19/England/BIRM-5F855/2020,133,174
hCoV-19/England/BIRM-5F837/2020,133,174
hCoV-19/England/ALDP-9ED941/2020,133,287
hCoV-19/England/20204114504/2020,133,250
hCoV-19/England/20204113704/2020,133,162
hCoV-19/England/20204112904/2020,133,244
hCoV-19/Wales/QEUH-5458A8/2020,134,254
hCoV-19/Wales/QEUH-543075/2020,134,254
hCoV-19/Wales/PHWC-165E68/2020,134,196
hCoV-19/Wales/PHWC-165A82/2020,134,196
hCoV-19/Wales/PHWC-1656AC/2020,134,196
hCoV-19/Wales/PHWC-160C18/2020,134,174
hCoV-19/Wales/PHWC-15E7FE/2020,134,174
hCoV-19/Wales/PHWC-15E794/2020,134,174
hCoV-19/Wales/PHWC-15E58B/2020,134,174
hCoV-19/Wales/PHWC-15E3AF/2020,134,174
hCoV-19/Wales/PHWC-15DEEB/2020,134,174
hCoV-19/Wales/PHWC-15DE90/2020,134,174
hCoV-19/Wales/PHWC-15DD93/2020,134,174
hCoV-19/Wales/PHWC-15DD2A/2020,134,174
hCoV-19/Wales/PHWC-15DCF0/2020,134,174
hCoV-19/Wales/PHWC-15DC2D/2020,134,174
hCoV-19/Wales/PHWC-15DBA8/2020,134,174
hCoV-19/Wales/PHWC-15DA9C/2020,134,174
hCoV-19/Wales/PHWC-15D9CC/2020,134,174
hCoV-19/Wales/PHWC-15D8FC/2020,134,174
hCoV-19/Scotland/QEUH-5484A1/2020,134,254
hCoV-19/Scotland/QEUH-548007/2020,134,254
hCoV-19/Scotland/QEUH-546081/2020,134,254
hCoV-19/Scotland/QEUH-545EF1/2020,134,254
hCoV-19/Scotland/QEUH-5443D5/2020,134,254
hCoV-19/Scotland/EDB6588/2020,134,181
hCoV-19/Scotland/EDB6587/2020,134,181
hCoV-19/Scotland/EDB6569/2020,134,181
hCoV-19/Scotland/EDB6394/2020,134,174
hCoV-19/Scotland/EDB6160/2020,134,174
hCoV-19/Scotland/EDB6158/2020,134,174
hCoV-19/Scotland/EDB6157/2020,134,174
hCoV-19/Scotland/EDB6156/2020,134,174
hCoV-19/Scotland/EDB6153/2020,134,174
hCoV-19/Scotland/EDB6152/2020,134,174
hCoV-19/Scotland/EDB6151/2020,134,174
hCoV-19/Scotland/EDB6148/2020,134,174
hCoV-19/Scotland/EDB6147/2020,134,174
hCoV-19/Scotland/EDB6146/2020,134,174
hCoV-19/Scotland/EDB6143/2020,134,174
hCoV-19/Scotland/EDB6142/2020,134,174
hCoV-19/Scotland/EDB6140/2020,134,174
hCoV-19/Scotland/EDB6138/2020,134,174
hCoV-19/Scotland/EDB6136/2020,134,174
hCoV-19/Scotland/EDB6133/2020,134,174
hCoV-19/Scotland/EDB4986/2020,134,202
hCoV-19/Scotland/EDB4985/2020,134,202
hCoV-19/Scotland/EDB4984/2020,134,202
hCoV-19/Scotland/EDB4974/2020,134,202
hCoV-19/Scotland/EDB4966/2020,134,174
hCoV-19/Scotland/EDB4965/2020,134,174
hCoV-19/Scotland/EDB4962/2020,134,174
hCoV-19/Scotland/EDB4961/2020,134,174
hCoV-19/Scotland/EDB4959/2020,134,174
hCoV-19/Scotland/EDB4957/2020,134,174
hCoV-19/Scotland/EDB4956/2020,134,174
hCoV-19/Scotland/EDB4953/2020,134,174
hCoV-19/Scotland/EDB4952/2020,134,174
hCoV-19/Scotland/EDB4950/2020,134,174
hCoV-19/Scotland/EDB4948/2020,134,174
hCoV-19/Scotland/EDB4930/2020,134,174
hCoV-19/Scotland/CVR3546/2020,134,174
hCoV-19/Scotland/CVR3537/2020,134,174
hCoV-19/Scotland/CVR3536/2020,134,174
hCoV-19/Scotland/CVR3534/2020,134,174
hCoV-19/Scotland/CVR3529/2020,134,174
hCoV-19/Scotland/CVR3525/2020,134,174
hCoV-19/England/WSFT-25C0F31/2020,134,201
hCoV-19/England/SHEF-D0B71/2020,134,157
hCoV-19/England/SHEF-CD755/2020,134,202
hCoV-19/England/QEUH-549710/2020,134,254
hCoV-19/England/QEUH-548CD6/2020,134,254
hCoV-19/England/QEUH-548B8E/2020,134,254
hCoV-19/England/QEUH-5482C5/2020,134,254
hCoV-19/England/QEUH-548298/2020,134,254
hCoV-19/England/QEUH-54818C/2020,134,254
hCoV-19/England/QEUH-548052/2020,134,254
hCoV-19/England/QEUH-548043/2020,134,254
hCoV-19/England/QEUH-547C8C/2020,134,254
hCoV-19/England/QEUH-5477A9/2020,134,254
hCoV-19/England/QEUH-5476CA/2020,134,254
hCoV-19/England/QEUH-5475AF/2020,134,254
hCoV-19/England/QEUH-5474EE/2020,134,254
hCoV-19/England/QEUH-5473D2/2020,134,254
hCoV-19/England/QEUH-547378/2020,134,254
hCoV-19/England/QEUH-54724E/2020,134,254
hCoV-19/England/QEUH-54723F/2020,134,254
hCoV-19/England/QEUH-5470EA/2020,134,254
hCoV-19/England/QEUH-546DD5/2020,134,254
hCoV-19/England/QEUH-546713/2020,134,254
hCoV-19/England/QEUH-5466E9/2020,134,254
hCoV-19/England/QEUH-5460BE/2020,134,254
hCoV-19/England/QEUH-545CD9/2020,134,254
hCoV-19/England/QEUH-545BAF/2020,134,254
hCoV-19/England/QEUH-54590F/2020,134,254
hCoV-19/England/QEUH-544D9B/2020,134,254
hCoV-19/England/QEUH-544733/2020,134,254
hCoV-19/England/QEUH-543A95/2020,134,254
hCoV-19/England/QEUH-543190/2020,134,254
hCoV-19/England/QEUH-542F97/2020,134,254
hCoV-19/England/QEUH-542D9D/2020,134,254
hCoV-19/England/PORT-2CF8C7/2020,134,174
hCoV-19/England/OXON-B4548/2020,134,257
hCoV-19/England/NORW-EA3C7/2020,134,153
hCoV-19/England/NORW-EA27F/2020,134,153
hCoV-19/England/NORW-EA251/2020,134,153
hCoV-19/England/NORW-EA190/2020,134,153
hCoV-19/England/NORT-2962DA/2020,134,189
hCoV-19/England/NORT-292757/2020,134,195
hCoV-19/England/NORT-292739/2020,134,153
hCoV-19/England/NORT-29272A/2020,134,195
hCoV-19/England/NORT-29271B/2020,134,195
hCoV-19/England/NORT-28C565/2020,134,201
hCoV-19/England/NORT-28C538/2020,134,201
hCoV-19/England/NORT-28C459/2020,134,201
hCoV-19/England/NORT-28C40E/2020,134,201
hCoV-19/England/MILK-487A69/2020,134,271
hCoV-19/England/MILK-4868E8/2020,134,271
hCoV-19/England/MILK-4867CD/2020,134,271
hCoV-19/England/MILK-45ED08/2020,134,271
hCoV-19/England/MILK-45EAD4/2020,134,271
hCoV-19/England/LOND-D6AE7/2020,134,157
hCoV-19/England/LOND-D6AC9/2020,134,157
hCoV-19/England/LOND-124D4CA/2020,134,215
hCoV-19/England/HECH-259A194/2020,134,195
hCoV-19/England/HECH-259A079/2020,134,184
hCoV-19/England/CAMB-1B1999/2020,134,147
hCoV-19/England/CAMB-1B196C/2020,134,147
hCoV-19/England/BRIS-12CD7F/2020,134,184
hCoV-19/England/BRIS-12CD33/2020,134,184
hCoV-19/England/BRIS-12CD06/2020,134,184
hCoV-19/England/BRIS-12C9D5/2020,134,169
hCoV-19/England/BRIS-12C9B7/2020,134,169
hCoV-19/England/BRIS-12C95D/2020,134,169
hCoV-19/England/BRIS-12C920/2020,134,169
hCoV-19/England/BRIS-12C6DE/2020,134,169
hCoV-19/England/BRIS-12C647/2020,134,169
hCoV-19/England/BRIS-12C586/2020,134,169
hCoV-19/England/BRIS-12C53B/2020,134,169
hCoV-19/England/BRIS-12BBD0/2020,134,169
hCoV-19/England/BRIS-12BB3A/2020,134,169
hCoV-19/England/BIRM-5F9E9/2020,134,174
hCoV-19/England/BIRM-5F9DA/2020,134,174
hCoV-19/England/BIRM-5F9BC/2020,134,174
hCoV-19/England/BHRT-24B3679/2020,134,252
hCoV-19/England/20206140304/2020,134,162
hCoV-19/England/20206139704/2020,134,162
hCoV-19/England/20206139504/2020,134,162
hCoV-19/England/20206139404/2020,134,162
hCoV-19/England/20206138804/2020,134,162
hCoV-19/England/20206138304/2020,134,162
hCoV-19/England/20206069204/2020,134,162
hCoV-19/Wales/PHWC-16912F/2020,135,209
hCoV-19/Wales/PHWC-165967/2020,135,196
hCoV-19/Wales/PHWC-163231/2020,135,174
hCoV-19/Wales/PHWC-162E6B/2020,135,174
hCoV-19/Wales/PHWC-160CDC/2020,135,174
hCoV-19/Wales/PHWC-160B1B/2020,135,174
hCoV-19/Wales/PHWC-1603C8/2020,135,174
hCoV-19/Wales/PHWC-1601BF/2020,135,174
hCoV-19/Wales/PHWC-1600D0/2020,135,174
hCoV-19/Wales/PHWC-15E80A/2020,135,174
hCoV-19/Wales/PHWC-15E61F/2020,135,174
hCoV-19/Wales/PHWC-15E59A/2020,135,174
hCoV-19/Wales/PHWC-15E327/2020,135,174
hCoV-19/Wales/PHWC-15E05D/2020,135,174
hCoV-19/Wales/PHWC-15DDA2/2020,135,174
hCoV-19/Wales/PHWC-15DCC3/2020,135,174
hCoV-19/Wales/PHWC-15DB6C/2020,135,174
hCoV-19/Wales/PHWC-15D874/2020,135,174
hCoV-19/Wales/PHWC-15D689/2020,135,174
hCoV-19/Scotland/EDB6171/2020,135,174
hCoV-19/Scotland/EDB6168/2020,135,174
hCoV-19/Scotland/EDB6167/2020,135,174
hCoV-19/Scotland/EDB6165/2020,135,174
hCoV-19/Scotland/EDB6164/2020,135,174
hCoV-19/Scotland/EDB5020/2020,135,147
hCoV-19/Scotland/EDB5019/2020,135,202
hCoV-19/Scotland/EDB5018/2020,135,202
hCoV-19/Scotland/EDB5017/2020,135,147
hCoV-19/Scotland/EDB5013/2020,135,202
hCoV-19/Scotland/EDB5012/2020,135,202
hCoV-19/Scotland/EDB5011/2020,135,147
hCoV-19/Scotland/EDB5008/2020,135,202
hCoV-19/Scotland/EDB4998/2020,135,147
hCoV-19/Scotland/EDB4995/2020,135,147
hCoV-19/Scotland/EDB4993/2020,135,147
hCoV-19/Scotland/EDB4989/2020,135,202
hCoV-19/Scotland/CVR3554/2020,135,174
hCoV-19/Scotland/CVR3551/2020,135,174
hCoV-19/Scotland/CVR3549/2020,135,174
hCoV-19/Scotland/CVR3545/2020,135,174
hCoV-19/Scotland/CVR3544/2020,135,174
hCoV-19/England/SHEF-D2EC1/2020,135,202
hCoV-19/England/SHEF-D1606/2020,135,157
hCoV-19/England/SHEF-CFD24/2020,135,181
hCoV-19/England/SHEF-CDD08/2020,135,157
hCoV-19/England/SHEF-C590C/2020,135,157
hCoV-19/England/SHEF-C4D98/2020,135,189
hCoV-19/England/SHEF-10B2D30/2020,135,259
hCoV-19/England/SHEF-10B2D12/2020,135,259
hCoV-19/England/QEUH-54D433/2020,135,254
hCoV-19/England/QEUH-543BDE/2020,135,254
hCoV-19/England/PORT-2CFAB2/2020,135,202
hCoV-19/England/PORT-2CFA94/2020,135,202
hCoV-19/England/PORT-2CFA76/2020,135,174
hCoV-19/England/PORT-2CFA67/2020,135,202
hCoV-19/England/PORT-2CFA3A/2020,135,202
hCoV-19/England/OXON-B3084/2020,135,257
hCoV-19/England/NOTT-1115B1/2020,135,157
hCoV-19/England/NOTT-1113D5/2020,135,147
hCoV-19/England/NOTT-1113C6/2020,135,147
hCoV-19/England/NOTT-1113B7/2020,135,147
hCoV-19/England/NOTT-1113A8/2020,135,147
hCoV-19/England/NORT-296322/2020,135,195
hCoV-19/England/NORT-296313/2020,135,195
hCoV-19/England/NORT-296243/2020,135,195
hCoV-19/England/NORT-296234/2020,135,195
hCoV-19/England/NORT-292EDA/2020,135,195
hCoV-19/England/NORT-292EBC/2020,135,195
hCoV-19/England/NORT-292E61/2020,135,195
hCoV-19/England/NORT-28C7AB/2020,135,169
hCoV-19/England/NORT-28C714/2020,135,169
hCoV-19/England/NORT-28C6BD/2020,135,169
hCoV-19/England/NORT-28C69F/2020,135,169
hCoV-19/England/NORT-28C5DE/2020,135,169
hCoV-19/England/MILK-486CA0/2020,135,271
hCoV-19/England/MILK-4862AE/2020,135,271
hCoV-19/England/MILK-485E14/2020,135,271
hCoV-19/England/MILK-4858F8/2020,135,271
hCoV-19/England/LOND-1253C8D/2020,135,383
hCoV-19/England/HECH-259A02E/2020,135,184
hCoV-19/England/HECH-2599FF5/2020,135,184
hCoV-19/England/CAMB-1B1A2D/2020,135,147
hCoV-19/England/CAMB-1B17BD/2020,135,147
hCoV-19/England/CAMB-1B0B58/2020,135,147
hCoV-19/England/BRIS-12CD51/2020,135,184
hCoV-19/England/BRIS-12CA0F/2020,135,169
hCoV-19/England/BRIS-12C577/2020,135,169
hCoV-19/England/BRIS-12BCEC/2020,135,169
hCoV-19/England/BRIS-12BCDD/2020,135,169
hCoV-19/England/BRIS-12BCBF/2020,135,169
hCoV-19/England/BRIS-12BCA0/2020,135,169
hCoV-19/England/BRIS-12BC82/2020,135,169
hCoV-19/England/BRIS-12BC73/2020,135,169
hCoV-19/England/BRIS-12BC64/2020,135,169
hCoV-19/England/BRIS-12BC37/2020,135,169
hCoV-19/England/BRIS-12B1CF/2020,135,169
hCoV-19/England/BIRM-60FD4/2020,135,174
hCoV-19/England/BIRM-60FC5/2020,135,174
hCoV-19/England/BIRM-60FB6/2020,135,174
hCoV-19/England/BIRM-5FCA4/2020,135,174
hCoV-19/England/BIRM-5F882/2020,135,174
hCoV-19/Wales/PHWC-160CCD/2020,136,174
hCoV-19/Wales/PHWC-160498/2020,136,174
hCoV-19/Scotland/EDB6180/2020,136,174
hCoV-19/Scotland/EDB6178/2020,136,174
hCoV-19/Scotland/EDB6177/2020,136,174
hCoV-19/Scotland/EDB6176/2020,136,174
hCoV-19/Scotland/EDB6174/2020,136,174
hCoV-19/Scotland/EDB5031/2020,136,202
hCoV-19/Scotland/EDB5029/2020,136,202
hCoV-19/Scotland/EDB5028/2020,136,202
hCoV-19/Scotland/EDB5027/2020,136,147
hCoV-19/Scotland/CVR3793/2020,136,181
hCoV-19/Scotland/CVR3568/2020,136,174
hCoV-19/Scotland/CVR3562/2020,136,174
hCoV-19/Scotland/CVR3559/2020,136,174
hCoV-19/England/WSFT-25C0FD7/2020,136,201
hCoV-19/England/SHEF-CCAE4/2020,136,157
hCoV-19/England/SHEF-C7409/2020,136,157
hCoV-19/England/SHEF-C427B/2020,136,189
hCoV-19/England/SHEF-10B2E88/2020,136,259
hCoV-19/England/SHEF-10B2E79/2020,136,259
hCoV-19/England/SHEF-10B2E6A/2020,136,259
hCoV-19/England/SHEF-10B2E5B/2020,136,259
hCoV-19/England/SHEF-10B2E4C/2020,136,259
hCoV-19/England/SHEF-10B2E3D/2020,136,259
hCoV-19/England/SHEF-10B2E2E/2020,136,259
hCoV-19/England/SHEF-10B2E1F/2020,136,259
hCoV-19/England/SHEF-10B2DF4/2020,136,259
hCoV-19/England/SHEF-10B2DE5/2020,136,259
hCoV-19/England/SHEF-10B2DD6/2020,136,259
hCoV-19/England/SHEF-10B2DC7/2020,136,259
hCoV-19/England/SHEF-10B2DA9/2020,136,259
hCoV-19/England/SHEF-10B2D9A/2020,136,259
hCoV-19/England/SHEF-10B2D8B/2020,136,259
hCoV-19/England/SHEF-10B2D7C/2020,136,259
hCoV-19/England/SHEF-10B2D5E/2020,136,259
hCoV-19/England/OXON-B40FC/2020,136,257
hCoV-19/England/NOTT-1113E4/2020,136,147
hCoV-19/England/NORW-EAA4A/2020,136,157
hCoV-19/England/NORW-EAA1D/2020,136,157
hCoV-19/England/NORW-EA804/2020,136,157
hCoV-19/England/NORT-28C90F/2020,136,169
hCoV-19/England/NORT-28C87B/2020,136,169
hCoV-19/England/NORT-28C86C/2020,136,169
hCoV-19/England/NORT-285C58/2020,136,202
hCoV-19/England/MILK-4863C9/2020,136,271
hCoV-19/England/CAMB-1B25C1/2020,136,153
hCoV-19/England/CAMB-1B2109/2020,136,147
hCoV-19/England/CAMB-1B1B1B/2020,136,147
hCoV-19/England/BRIS-12BD07/2020,136,169
hCoV-19/England/BRIS-12BC46/2020,136,169
hCoV-19/England/BRIS-12BC0A/2020,136,169
hCoV-19/England/BRIS-12BBEF/2020,136,169
hCoV-19/England/BRIS-12BBC1/2020,136,169
hCoV-19/England/BRIS-12BBB2/2020,136,169
hCoV-19/England/BRIS-12BBA3/2020,136,169
hCoV-19/England/BRIS-12BB94/2020,136,169
hCoV-19/England/BRIS-12BB85/2020,136,169
hCoV-19/England/BRIS-12BB58/2020,136,169
hCoV-19/England/BIRM-60FF2/2020,136,174
hCoV-19/England/BIRM-60FE3/2020,136,174
hCoV-19/England/BIRM-5F99E/2020,136,174
hCoV-19/England/BIRM-5F970/2020,136,174
hCoV-19/England/BIRM-5F891/2020,136,174
hCoV-19/England/BHRT-24B37EF/2020,136,252
