hCoV-19/Wales/PHWC-169392/2020,179,209
hCoV-19/Wales/PHWC-165615/2020,179,189
hCoV-19/Scotland/QEUH-5FFF8A/2020,179,254
hCoV-19/Scotland/EDB17517/2020,179,481
hCoV-19/Scotland/CVR3939/2020,179,196
hCoV-19/England/QEUH-5FFCCF/2020,179,254
hCoV-19/England/NORT-293668/2020,179,209
hCoV-19/England/BRIS-13355F/2020,179,264
hCoV-19/England/ALDP-8D452C/2020,179,271
hCoV-19/England/ALDP-8BA0A3/2020,179,271
hCoV-19/England/ALDP-8B9FD4/2020,179,271
hCoV-19/England/ALDP-8B9F4D/2020,179,271
hCoV-19/England/ALDP-8B9E6E/2020,179,271
hCoV-19/England/ALDP-8B9D16/2020,179,271
hCoV-19/England/ALDP-8B9CFB/2020,179,271
hCoV-19/England/ALDP-7215D6/2020,179,271
hCoV-19/Wales/PHWC-1693ED/2020,180,209
hCoV-19/Wales/ALDP-6FA9F9/2020,180,271
hCoV-19/Wales/ALDP-6FA9EA/2020,180,271
hCoV-19/Wales/ALDP-6FA874/2020,180,271
hCoV-19/Wales/ALDP-6FA6D4/2020,180,271
hCoV-19/England/MILK-752B16/2020,180,271
hCoV-19/England/MILK-7521AB/2020,180,271
hCoV-19/England/MILK-751BF9/2020,180,271
hCoV-19/England/MILK-74D1B2/2020,180,271
hCoV-19/England/MILK-74CE52/2020,180,271
hCoV-19/England/MILK-74C001/2020,180,271
hCoV-19/England/LIVE-A3F4E/2020,180,196
hCoV-19/England/LCST-24D735A/2020,180,209
hCoV-19/England/LCST-24D734B/2020,180,209
hCoV-19/England/LCST-24D733C/2020,180,209
hCoV-19/England/LCST-24D732D/2020,180,209
hCoV-19/England/ALDP-921FD6/2020,180,271
hCoV-19/England/ALDP-90671B/2020,180,271
hCoV-19/England/ALDP-8BA674/2020,180,271
hCoV-19/England/ALDP-8BA43E/2020,180,271
hCoV-19/England/ALDP-8B9903/2020,180,271
hCoV-19/England/ALDP-8B9842/2020,180,271
hCoV-19/England/ALDP-8B8CFC/2020,180,271
hCoV-19/England/ALDP-8B8B1D/2020,180,271
hCoV-19/England/ALDP-8B8922/2020,180,271
hCoV-19/England/ALDP-8B7F9A/2020,180,271
hCoV-19/England/ALDP-8B7273/2020,180,271
hCoV-19/England/ALDP-8B6F9B/2020,180,271
hCoV-19/England/ALDP-8B6A6D/2020,180,271
hCoV-19/England/ALDP-8B672A/2020,180,271
hCoV-19/England/ALDP-8B65F3/2020,180,271
hCoV-19/England/ALDP-8B6283/2020,180,271
hCoV-19/England/ALDP-8B5E35/2020,180,271
hCoV-19/England/ALDP-8B5D83/2020,180,271
hCoV-19/England/ALDP-8B53EB/2020,180,271
hCoV-19/England/ALDP-8B48B0/2020,180,271
hCoV-19/England/ALDP-8B465C/2020,180,271
hCoV-19/England/ALDP-8B42FE/2020,180,271
hCoV-19/England/ALDP-8B41B5/2020,180,271
hCoV-19/England/ALDP-749A33/2020,180,271
hCoV-19/England/ALDP-749A24/2020,180,271
hCoV-19/England/ALDP-74982A/2020,180,271
hCoV-19/England/ALDP-749505/2020,180,271
hCoV-19/England/ALDP-748B8C/2020,180,271
hCoV-19/England/ALDP-748551/2020,180,271
hCoV-19/England/ALDP-747C3F/2020,180,271
hCoV-19/England/ALDP-7478B3/2020,180,271
hCoV-19/England/ALDP-7474FB/2020,180,271
hCoV-19/England/ALDP-746FBF/2020,180,271
hCoV-19/England/ALDP-746DD3/2020,180,271
hCoV-19/England/ALDP-746984/2020,180,271
hCoV-19/England/ALDP-74622F/2020,180,271
hCoV-19/England/ALDP-745E77/2020,180,271
hCoV-19/England/ALDP-745C22/2020,180,271
hCoV-19/England/ALDP-745A82/2020,180,271
hCoV-19/England/ALDP-74592B/2020,180,271
hCoV-19/England/ALDP-745730/2020,180,271
hCoV-19/England/ALDP-745721/2020,180,271
hCoV-19/England/ALDP-745448/2020,180,271
hCoV-19/England/ALDP-745378/2020,180,271
hCoV-19/England/ALDP-74533C/2020,180,271
hCoV-19/England/ALDP-74527B/2020,180,271
hCoV-19/England/ALDP-744DB7/2020,180,271
hCoV-19/England/ALDP-744B9F/2020,180,271
hCoV-19/England/ALDP-744986/2020,180,271
hCoV-19/England/ALDP-7444FE/2020,180,271
hCoV-19/England/ALDP-744449/2020,180,271
hCoV-19/England/ALDP-74431F/2020,180,271
hCoV-19/England/ALDP-7442C7/2020,180,271
hCoV-19/England/ALDP-74419D/2020,180,271
hCoV-19/England/ALDP-7440CD/2020,180,271
hCoV-19/England/ALDP-744054/2020,180,271
hCoV-19/England/ALDP-723598/2020,180,271
hCoV-19/England/ALDP-72158B/2020,180,271
hCoV-19/England/ALDP-7214CA/2020,180,271
hCoV-19/England/ALDP-705796/2020,180,287
hCoV-19/England/ALDP-702641/2020,180,287
hCoV-19/England/ALDP-7016BB/2020,180,271
hCoV-19/England/ALDP-700C32/2020,180,271
hCoV-19/England/ALDP-7004EF/2020,180,271
hCoV-19/England/ALDP-7000BE/2020,180,271
hCoV-19/England/ALDP-700072/2020,180,271
hCoV-19/England/ALDP-6FFDDA/2020,180,271
hCoV-19/England/ALDP-6FF8BB/2020,180,271
hCoV-19/England/ALDP-6FEA6B/2020,180,287
hCoV-19/England/ALDP-6FE6D0/2020,180,271
hCoV-19/England/ALDP-6FD880/2020,180,271
hCoV-19/England/ALDP-6FD7CF/2020,180,271
hCoV-19/England/ALDP-6FD70B/2020,180,271
hCoV-19/England/ALDP-6FD6B3/2020,180,271
hCoV-19/England/ALDP-6FD62C/2020,180,271
hCoV-19/England/ALDP-6FCE9E/2020,180,271
hCoV-19/England/ALDP-6FCD55/2020,180,271
hCoV-19/England/ALDP-6FCBD3/2020,180,271
hCoV-19/England/ALDP-6FCAC7/2020,180,271
hCoV-19/England/ALDP-6FCA6D/2020,180,271
hCoV-19/England/ALDP-6FC845/2020,180,271
hCoV-19/England/ALDP-6FC60F/2020,180,271
hCoV-19/England/ALDP-6FBFF6/2020,180,271
hCoV-19/England/ALDP-6FBBE3/2020,180,271
hCoV-19/England/ALDP-6FB8FB/2020,180,271
hCoV-19/England/ALDP-6FAF24/2020,180,271
hCoV-19/England/ALDP-6FAD0C/2020,180,271
hCoV-19/England/ALDP-6FA9BD/2020,180,287
hCoV-19/England/ALDP-6E9C4F/2020,180,271
hCoV-19/England/ALDP-6E9ADC/2020,180,271
hCoV-19/England/ALDP-6E51BD/2020,180,271
hCoV-19/England/ALDP-6BB5D2/2020,180,271
hCoV-19/England/ALDP-6BB226/2020,180,271
hCoV-19/England/ALDP-6BAC0B/2020,180,271
hCoV-19/England/ALDP-6BAB59/2020,180,271
hCoV-19/England/ALDP-6B9FF4/2020,180,271
hCoV-19/England/ALDP-6B9FB8/2020,180,271
hCoV-19/England/ALDP-6B7600/2020,180,271
hCoV-19/England/ALDP-6B7284/2020,180,271
hCoV-19/England/ALDP-6B715A/2020,180,271
hCoV-19/England/ALDP-6B714B/2020,180,271
hCoV-19/England/ALDP-6B712D/2020,180,271
hCoV-19/England/ALDP-6B7002/2020,180,271
hCoV-19/England/ALDP-6B663E/2020,180,271
hCoV-19/England/ALDP-6B656E/2020,180,271
hCoV-19/Wales/PHWC-169435/2020,181,209
hCoV-19/Wales/PHWC-169040/2020,181,209
hCoV-19/Wales/ALDP-7058FD/2020,181,271
hCoV-19/Wales/ALDP-6DA8D4/2020,181,271
hCoV-19/Scotland/CVR3935/2020,181,196
hCoV-19/England/MILK-7512A9/2020,181,271
hCoV-19/England/MILK-74EE41/2020,181,271
hCoV-19/England/MILK-74DB0F/2020,181,271
hCoV-19/England/MILK-74BA22/2020,181,271
hCoV-19/England/MILK-74B530/2020,181,271
hCoV-19/England/MILK-74B433/2020,181,271
hCoV-19/England/MILK-74B20C/2020,181,271
hCoV-19/England/MILK-74B1A5/2020,181,271
hCoV-19/England/MILK-74B0F3/2020,181,271
hCoV-19/England/MILK-74A9EA/2020,181,271
hCoV-19/England/MILK-74A838/2020,181,271
hCoV-19/England/MILK-74A6A7/2020,181,271
hCoV-19/England/MILK-6F9D67/2020,181,271
hCoV-19/England/MILK-6F81D5/2020,181,271
hCoV-19/England/MILK-6F7B8D/2020,181,271
hCoV-19/England/MILK-6F65EA/2020,181,271
hCoV-19/England/MILK-6F62D4/2020,181,271
hCoV-19/England/MILK-6F5A0A/2020,181,271
hCoV-19/England/MILK-6F58B5/2020,181,271
hCoV-19/England/MILK-6F57A9/2020,181,271
hCoV-19/England/MILK-6F4D20/2020,181,271
hCoV-19/England/MILK-6F47F5/2020,181,271
hCoV-19/England/MILK-6F3CD9/2020,181,271
hCoV-19/England/MILK-6F100C/2020,181,271
hCoV-19/England/MILK-6F0B84/2020,181,271
hCoV-19/England/MILK-6EF371/2020,181,271
hCoV-19/England/MILK-6EECA4/2020,181,271
hCoV-19/England/MILK-69CB3F/2020,181,271
hCoV-19/England/MILK-693A4A/2020,181,271
hCoV-19/England/MILK-6938B9/2020,181,271
hCoV-19/England/LIVE-A601B/2020,181,209
hCoV-19/England/LIVE-A4499/2020,181,209
hCoV-19/England/LCST-24D7387/2020,181,209
hCoV-19/England/HECH-259A4AA/2020,181,253
hCoV-19/England/HECH-259A47D/2020,181,253
hCoV-19/England/CVR3937/2020,181,196
hCoV-19/England/CAMB-1B586B/2020,181,223
hCoV-19/England/ALDP-950888/2020,181,271
hCoV-19/England/ALDP-8D85EC/2020,181,271
hCoV-19/England/ALDP-8D4D06/2020,181,271
hCoV-19/England/ALDP-722D28/2020,181,271
hCoV-19/England/ALDP-71FB7F/2020,181,287
hCoV-19/England/ALDP-70D39A/2020,181,271
hCoV-19/England/ALDP-70B4A8/2020,181,271
hCoV-19/England/ALDP-70B086/2020,181,271
hCoV-19/England/ALDP-70AB3B/2020,181,271
hCoV-19/England/ALDP-70A5E2/2020,181,271
hCoV-19/England/ALDP-70A01E/2020,181,271
hCoV-19/England/ALDP-709F21/2020,181,271
hCoV-19/England/ALDP-709905/2020,181,271
hCoV-19/England/ALDP-709668/2020,181,271
hCoV-19/England/ALDP-70956B/2020,181,271
hCoV-19/England/ALDP-7094F5/2020,181,271
hCoV-19/England/ALDP-7091C1/2020,181,271
hCoV-19/England/ALDP-7090A6/2020,181,271
hCoV-19/England/ALDP-708A12/2020,181,271
hCoV-19/England/ALDP-708951/2020,181,271
hCoV-19/England/ALDP-70847E/2020,181,271
hCoV-19/England/ALDP-70814A/2020,181,271
hCoV-19/England/ALDP-70720C/2020,181,271
hCoV-19/England/ALDP-70704E/2020,181,271
hCoV-19/England/ALDP-706CC3/2020,181,271
hCoV-19/England/ALDP-7060F4/2020,181,271
hCoV-19/England/ALDP-7054AE/2020,181,271
hCoV-19/England/ALDP-705013/2020,181,271
hCoV-19/England/ALDP-704EFC/2020,181,271
hCoV-19/England/ALDP-704DB3/2020,181,271
hCoV-19/England/ALDP-704D1D/2020,181,271
hCoV-19/England/ALDP-704CF2/2020,181,271
hCoV-19/England/ALDP-704BE6/2020,181,271
hCoV-19/England/ALDP-704B5F/2020,181,271
hCoV-19/England/ALDP-704A61/2020,181,271
hCoV-19/England/ALDP-70414E/2020,181,271
hCoV-19/England/ALDP-70409C/2020,181,271
hCoV-19/England/ALDP-703534/2020,181,271
hCoV-19/England/ALDP-703437/2020,181,271
hCoV-19/England/ALDP-702EEF/2020,181,271
hCoV-19/England/ALDP-702C7C/2020,181,271
hCoV-19/England/ALDP-6FD8AE/2020,181,271
hCoV-19/England/ALDP-6FD756/2020,181,271
hCoV-19/England/ALDP-6FC9E8/2020,181,271
hCoV-19/England/ALDP-6FC9D9/2020,181,271
hCoV-19/England/ALDP-6FC72A/2020,181,271
hCoV-19/England/ALDP-6FBB01/2020,181,271
hCoV-19/England/ALDP-6EBBD7/2020,181,271
hCoV-19/England/ALDP-6EB849/2020,181,271
hCoV-19/England/ALDP-6EB80D/2020,181,271
hCoV-19/England/ALDP-6EB050/2020,181,271
hCoV-19/England/ALDP-6EAEDF/2020,181,271
hCoV-19/England/ALDP-6EAC5D/2020,181,271
hCoV-19/England/ALDP-6EAC02/2020,181,271
hCoV-19/England/ALDP-6EAB32/2020,181,271
hCoV-19/England/ALDP-6EAB14/2020,181,271
hCoV-19/England/ALDP-6EA9A1/2020,181,271
hCoV-19/England/ALDP-6EA7B6/2020,181,271
hCoV-19/England/ALDP-6EA6C8/2020,181,271
hCoV-19/England/ALDP-6E9D88/2020,181,271
hCoV-19/England/ALDP-6E9D00/2020,181,271
hCoV-19/England/ALDP-6E9C6D/2020,181,271
hCoV-19/England/ALDP-6E98D2/2020,181,271
hCoV-19/England/ALDP-6E97E4/2020,181,271
hCoV-19/England/ALDP-6E95EA/2020,181,271
hCoV-19/England/ALDP-6E90BC/2020,181,271
hCoV-19/England/ALDP-6E9052/2020,181,271
hCoV-19/England/ALDP-6E8F38/2020,181,271
hCoV-19/England/ALDP-6E8F0B/2020,181,271
hCoV-19/England/ALDP-6E8994/2020,181,271
hCoV-19/England/ALDP-6E82D5/2020,181,271
hCoV-19/England/ALDP-6E825D/2020,181,271
hCoV-19/England/ALDP-6E492F/2020,181,271
hCoV-19/England/ALDP-6E21FC/2020,181,271
hCoV-19/England/ALDP-6DE2C3/2020,181,271
hCoV-19/England/ALDP-6DE16C/2020,181,271
hCoV-19/England/ALDP-6DDFDC/2020,181,271
hCoV-19/England/ALDP-6DAA74/2020,181,271
hCoV-19/England/ALDP-6DA986/2020,181,271
hCoV-19/England/ALDP-6D68D8/2020,181,271
hCoV-19/England/ALDP-6CCC42/2020,181,271
hCoV-19/England/ALDP-6CC7F6/2020,181,271
hCoV-19/England/ALDP-6CC486/2020,181,271
hCoV-19/England/ALDP-6CC1AD/2020,181,271
hCoV-19/England/ALDP-6CAC62/2020,181,271
hCoV-19/England/ALDP-6CA497/2020,181,271
hCoV-19/England/ALDP-6CA109/2020,181,271
hCoV-19/England/ALDP-6B2A81/2020,181,271
hCoV-19/England/ALDP-66E617/2020,181,271
hCoV-19/England/ALDP-5D9706/2020,181,271
hCoV-19/England/202881387/2020,181,198
hCoV-19/England/202881386/2020,181,198
hCoV-19/England/202881385/2020,181,198
hCoV-19/England/202881384/2020,181,198
hCoV-19/England/202881383/2020,181,198
hCoV-19/Wales/ALDP-6C3E72/2020,182,271
hCoV-19/Wales/ALDP-6B2FA0/2020,182,271
hCoV-19/Wales/ALDP-6B2EA3/2020,182,271
hCoV-19/Wales/ALDP-6AE860/2020,182,271
hCoV-19/Wales/ALDP-6AE7AF/2020,182,271
hCoV-19/England/SHEF-C17D9/2020,182,202
hCoV-19/England/NOTT-112CCA/2020,182,202
hCoV-19/England/NORT-29C3E0/2020,182,278
hCoV-19/England/MILK-6F2D8C/2020,182,271
hCoV-19/England/MILK-6AB0B6/2020,182,271
hCoV-19/England/MILK-6A383E/2020,182,271
hCoV-19/England/MILK-699FEB/2020,182,271
hCoV-19/England/MILK-699FBE/2020,182,271
hCoV-19/England/MILK-698FA0/2020,182,271
hCoV-19/England/MILK-696BEA/2020,182,271
hCoV-19/England/MILK-61C1DB/2020,182,271
hCoV-19/England/LIVE-A61CD/2020,182,209
hCoV-19/England/LIVE-A4578/2020,182,292
hCoV-19/England/CAMB-1B54A3/2020,182,196
hCoV-19/England/CAMB-1B5476/2020,182,196
hCoV-19/England/CAMB-1B5458/2020,182,196
hCoV-19/England/ALDP-8D74A4/2020,182,271
hCoV-19/England/ALDP-748418/2020,182,271
hCoV-19/England/ALDP-747E93/2020,182,271
hCoV-19/England/ALDP-725B67/2020,182,271
hCoV-19/England/ALDP-725AB5/2020,182,271
hCoV-19/England/ALDP-7259C7/2020,182,271
hCoV-19/England/ALDP-725727/2020,182,271
hCoV-19/England/ALDP-725156/2020,182,271
hCoV-19/England/ALDP-724FB7/2020,182,271
hCoV-19/England/ALDP-724C0B/2020,182,271
hCoV-19/England/ALDP-724A89/2020,182,271
hCoV-19/England/ALDP-722FB9/2020,182,271
hCoV-19/England/ALDP-722A6D/2020,182,271
hCoV-19/England/ALDP-721415/2020,182,271
hCoV-19/England/ALDP-7211B4/2020,182,271
hCoV-19/England/ALDP-721196/2020,182,271
hCoV-19/England/ALDP-7210F3/2020,182,271
hCoV-19/England/ALDP-720EBE/2020,182,271
hCoV-19/England/ALDP-720CD2/2020,182,271
hCoV-19/England/ALDP-720C1E/2020,182,271
hCoV-19/England/ALDP-720BF3/2020,182,271
hCoV-19/England/ALDP-720B8A/2020,182,271
hCoV-19/England/ALDP-720416/2020,182,271
hCoV-19/England/ALDP-71FDA6/2020,182,271
hCoV-19/England/ALDP-71EDC5/2020,182,271
hCoV-19/England/ALDP-71ED6B/2020,182,271
hCoV-19/England/ALDP-71E378/2020,182,271
hCoV-19/England/ALDP-71E0EA/2020,182,271
hCoV-19/England/ALDP-71E0DB/2020,182,271
hCoV-19/England/ALDP-71DF93/2020,182,271
hCoV-19/England/ALDP-71DF75/2020,182,271
hCoV-19/England/ALDP-71DF66/2020,182,271
hCoV-19/England/ALDP-71DCF6/2020,182,271
hCoV-19/England/ALDP-71DACF/2020,182,271
hCoV-19/England/ALDP-71D9C2/2020,182,271
hCoV-19/England/ALDP-71D91D/2020,182,271
hCoV-19/England/ALDP-71D2C7/2020,182,271
hCoV-19/England/ALDP-71D160/2020,182,271
hCoV-19/England/ALDP-71D151/2020,182,271
hCoV-19/England/ALDP-71D124/2020,182,271
hCoV-19/England/ALDP-71D072/2020,182,271
hCoV-19/England/ALDP-71CF0D/2020,182,271
hCoV-19/England/ALDP-71CE1F/2020,182,271
hCoV-19/England/ALDP-71CBAF/2020,182,271
hCoV-19/England/ALDP-71C547/2020,182,271
hCoV-19/England/ALDP-71C50B/2020,182,271
hCoV-19/England/ALDP-71C4B3/2020,182,271
hCoV-19/England/ALDP-71C4A4/2020,182,271
hCoV-19/England/ALDP-71C019/2020,182,271
hCoV-19/England/ALDP-6E5B82/2020,182,271
hCoV-19/England/ALDP-6E2806/2020,182,271
hCoV-19/England/ALDP-6E26C0/2020,182,271
hCoV-19/England/ALDP-6E261B/2020,182,271
hCoV-19/England/ALDP-6E1B68/2020,182,271
hCoV-19/England/ALDP-6E14F4/2020,182,271
hCoV-19/England/ALDP-6E0510/2020,182,271
hCoV-19/England/ALDP-6DF9EB/2020,182,271
hCoV-19/England/ALDP-6DF918/2020,182,271
hCoV-19/England/ALDP-6DF462/2020,182,271
hCoV-19/England/ALDP-6DBA91/2020,182,271
hCoV-19/England/ALDP-6C8C37/2020,182,271
hCoV-19/England/ALDP-6C753D/2020,182,271
hCoV-19/England/ALDP-6C7157/2020,182,271
hCoV-19/England/ALDP-6C6E9D/2020,182,271
hCoV-19/England/ALDP-6C6AC6/2020,182,271
hCoV-19/England/ALDP-6C6A4E/2020,182,271
hCoV-19/England/ALDP-6C5872/2020,182,271
hCoV-19/England/ALDP-6C5748/2020,182,271
hCoV-19/England/ALDP-6C56F0/2020,182,271
hCoV-19/England/ALDP-6C565A/2020,182,271
hCoV-19/England/ALDP-6C5414/2020,182,271
hCoV-19/England/ALDP-6C53EA/2020,182,271
hCoV-19/England/ALDP-6C4C2C/2020,182,271
hCoV-19/England/ALDP-6C44E8/2020,182,271
hCoV-19/England/ALDP-6C43EB/2020,182,271
hCoV-19/England/ALDP-6C43DC/2020,182,271
hCoV-19/England/ALDP-6C3A41/2020,182,271
hCoV-19/England/ALDP-6C3786/2020,182,271
hCoV-19/England/ALDP-6C3030/2020,182,271
hCoV-19/England/ALDP-6C2C2E/2020,182,271
hCoV-19/England/ALDP-6C270F/2020,182,271
hCoV-19/England/ALDP-6C1DE0/2020,182,271
hCoV-19/England/ALDP-6C1D95/2020,182,271
hCoV-19/England/ALDP-6C1CD4/2020,182,271
hCoV-19/England/ALDP-6C1B7D/2020,182,271
hCoV-19/England/ALDP-6C1B5F/2020,182,271
hCoV-19/England/ALDP-6C1B31/2020,182,271
hCoV-19/England/ALDP-6C19FB/2020,182,271
hCoV-19/England/ALDP-6C176A/2020,182,271
hCoV-19/England/ALDP-6C1409/2020,182,271
hCoV-19/England/ALDP-6C13A2/2020,182,271
hCoV-19/England/ALDP-6C1014/2020,182,271
hCoV-19/England/ALDP-6C0DF0/2020,182,271
hCoV-19/England/ALDP-6BF79C/2020,182,271
hCoV-19/England/ALDP-6BF6F9/2020,182,271
hCoV-19/England/ALDP-6BF389/2020,182,271
hCoV-19/England/ALDP-6BF2B9/2020,182,271
hCoV-19/England/ALDP-6BEF68/2020,182,271
hCoV-19/England/ALDP-6BEB73/2020,182,271
hCoV-19/England/ALDP-6BE311/2020,182,271
hCoV-19/England/ALDP-6BE28D/2020,182,271
hCoV-19/England/ALDP-6BDEA8/2020,182,271
hCoV-19/England/ALDP-6BD52B/2020,182,271
hCoV-19/England/ALDP-6BD479/2020,182,271
hCoV-19/England/ALDP-6B5D76/2020,182,271
hCoV-19/England/ALDP-6B5ABB/2020,182,271
hCoV-19/England/ALDP-6B59DC/2020,182,271
hCoV-19/England/ALDP-6B5927/2020,182,271
hCoV-19/England/ALDP-6B58B1/2020,182,271
hCoV-19/England/ALDP-6B5848/2020,182,271
hCoV-19/England/ALDP-6B580C/2020,182,271
hCoV-19/England/ALDP-6B564E/2020,182,271
hCoV-19/England/ALDP-6B556F/2020,182,271
hCoV-19/England/ALDP-6B53FC/2020,182,271
hCoV-19/England/ALDP-6B52FF/2020,182,271
hCoV-19/England/ALDP-6B4EED/2020,182,271
hCoV-19/England/ALDP-6B4E47/2020,182,271
hCoV-19/England/ALDP-6B421E/2020,182,271
hCoV-19/England/ALDP-6B35CB/2020,182,271
hCoV-19/England/ALDP-6B2DD3/2020,182,271
hCoV-19/England/ALDP-6B268D/2020,182,271
hCoV-19/England/ALDP-6B1D3E/2020,182,271
hCoV-19/England/ALDP-6B0AA1/2020,182,271
hCoV-19/England/ALDP-6B0898/2020,182,271
hCoV-19/England/ALDP-6B0072/2020,182,271
hCoV-19/England/ALDP-6AFC90/2020,182,271
hCoV-19/England/ALDP-6AF261/2020,182,271
hCoV-19/England/ALDP-6AF1FB/2020,182,271
hCoV-19/England/ALDP-6AF1DD/2020,182,271
hCoV-19/England/ALDP-6AEE31/2020,182,271
hCoV-19/England/ALDP-6AEDF8/2020,182,271
hCoV-19/England/ALDP-6AECDD/2020,182,271
hCoV-19/England/ALDP-6AEC91/2020,182,271
hCoV-19/England/ALDP-6AEC46/2020,182,271
hCoV-19/England/ALDP-6AEB2B/2020,182,271
hCoV-19/England/ALDP-6AEB0D/2020,182,271
hCoV-19/England/ALDP-6AE174/2020,182,271
hCoV-19/England/ALDP-6ADB68/2020,182,271
hCoV-19/England/ALDP-6AD904/2020,182,271
hCoV-19/England/ALDP-6AD667/2020,182,271
hCoV-19/England/ALDP-6AD500/2020,182,271
hCoV-19/England/ALDP-6AD421/2020,182,271
hCoV-19/England/ALDP-6AD342/2020,182,271
hCoV-19/England/ALDP-68E602/2020,182,271
hCoV-19/England/ALDP-509196/2020,182,271
hCoV-19/England/202760355/2020,182,274
hCoV-19/Wales/PHWC-1692C2/2020,183,209
hCoV-19/Wales/MILK-6AA406/2020,183,271
hCoV-19/Wales/ALDP-6CE967/2020,183,271
hCoV-19/Wales/ALDP-68A28A/2020,183,271
hCoV-19/Wales/ALDP-689E5A/2020,183,271
hCoV-19/England/NORT-2937B0/2020,183,209
hCoV-19/England/MILK-6ABF04/2020,183,271
hCoV-19/England/MILK-6AA1B4/2020,183,271
hCoV-19/England/MILK-6A8E64/2020,183,271
hCoV-19/England/MILK-6A831A/2020,183,271
hCoV-19/England/MILK-6A7E47/2020,183,271
hCoV-19/England/MILK-6A759D/2020,183,271
hCoV-19/England/MILK-6A7120/2020,183,271
hCoV-19/England/MILK-6A69DE/2020,183,271
hCoV-19/England/MILK-6A65F8/2020,183,271
hCoV-19/England/MILK-6A625B/2020,183,271
hCoV-19/England/MILK-6A5BBB/2020,183,271
hCoV-19/England/MILK-6A51D7/2020,183,271
hCoV-19/England/MILK-6A2CF7/2020,183,271
hCoV-19/England/MILK-6A2B81/2020,183,271
hCoV-19/England/MILK-6A2969/2020,183,271
hCoV-19/England/MILK-6A294B/2020,183,271
hCoV-19/England/MILK-6A185E/2020,183,271
hCoV-19/England/MILK-6A134E/2020,183,271
hCoV-19/England/MILK-6A0C80/2020,183,271
hCoV-19/England/MILK-6A027F/2020,183,271
hCoV-19/England/MILK-69F194/2020,183,271
hCoV-19/England/MILK-69ECA3/2020,183,271
hCoV-19/England/MILK-69E4C9/2020,183,271
hCoV-19/England/MILK-69DA31/2020,183,271
hCoV-19/England/MILK-69C0B8/2020,183,271
hCoV-19/England/MILK-67A6DC/2020,183,271
hCoV-19/England/MILK-6798D7/2020,183,271
hCoV-19/England/MILK-677903/2020,183,271
hCoV-19/England/LOND-1287233/2020,183,383
hCoV-19/England/LCST-24D741B/2020,183,209
hCoV-19/England/ALDP-7240E1/2020,183,271
hCoV-19/England/ALDP-71C51A/2020,183,271
hCoV-19/England/ALDP-6D9E5B/2020,183,271
hCoV-19/England/ALDP-6D9161/2020,183,271
hCoV-19/England/ALDP-6D86CD/2020,183,271
hCoV-19/England/ALDP-6D7A3B/2020,183,271
hCoV-19/England/ALDP-6D6A0F/2020,183,271
hCoV-19/England/ALDP-6D6665/2020,183,271
hCoV-19/England/ALDP-6D6489/2020,183,271
hCoV-19/England/ALDP-6D5DE9/2020,183,271
hCoV-19/England/ALDP-6D56DF/2020,183,271
hCoV-19/England/ALDP-6D51B0/2020,183,271
hCoV-19/England/ALDP-6D502C/2020,183,271
hCoV-19/England/ALDP-6D4F7B/2020,183,271
hCoV-19/England/ALDP-6D4DDB/2020,183,271
hCoV-19/England/ALDP-6D46D0/2020,183,271
hCoV-19/England/ALDP-6D4351/2020,183,271
hCoV-19/England/ALDP-6D34F5/2020,183,271
hCoV-19/England/ALDP-6D34D7/2020,183,271
hCoV-19/England/ALDP-6D3176/2020,183,271
hCoV-19/England/ALDP-6D2D0A/2020,183,271
hCoV-19/England/ALDP-6D29AC/2020,183,271
hCoV-19/England/ALDP-6D2274/2020,183,271
hCoV-19/England/ALDP-6D1FC9/2020,183,271
hCoV-19/England/ALDP-6D1A04/2020,183,271
hCoV-19/England/ALDP-6D1406/2020,183,271
hCoV-19/England/ALDP-6D0A6F/2020,183,271
hCoV-19/England/ALDP-6D08ED/2020,183,271
hCoV-19/England/ALDP-6D0540/2020,183,271
hCoV-19/England/ALDP-6D03EC/2020,183,271
hCoV-19/England/ALDP-6CF5F9/2020,183,271
hCoV-19/England/ALDP-6CE985/2020,183,271
hCoV-19/England/ALDP-6CE92B/2020,183,271
hCoV-19/England/ALDP-6CE879/2020,183,271
hCoV-19/England/ALDP-6CE475/2020,183,271
hCoV-19/England/ALDP-6CE24E/2020,183,271
hCoV-19/England/ALDP-6CE0AE/2020,183,271
hCoV-19/England/ALDP-6CDE78/2020,183,271
hCoV-19/England/ALDP-6CD78C/2020,183,271
hCoV-19/England/ALDP-6CD6BC/2020,183,271
hCoV-19/England/ALDP-6CD528/2020,183,271
hCoV-19/England/ALDP-6CD3B5/2020,183,271
hCoV-19/England/ALDP-6CD397/2020,183,271
hCoV-19/England/ALDP-6CD31F/2020,183,271
hCoV-19/England/ALDP-6CCF2B/2020,183,271
hCoV-19/England/ALDP-6CB6BE/2020,183,271
hCoV-19/England/ALDP-6CA3A9/2020,183,271
hCoV-19/England/ALDP-6C9A0F/2020,183,271
hCoV-19/England/ALDP-6C993F/2020,183,271
hCoV-19/England/ALDP-6C93E6/2020,183,271
hCoV-19/England/ALDP-6C90C1/2020,183,271
hCoV-19/England/ALDP-6C8D9E/2020,183,271
hCoV-19/England/ALDP-6C66C2/2020,183,271
hCoV-19/England/ALDP-6C66A4/2020,183,271
hCoV-19/England/ALDP-6C60B5/2020,183,271
hCoV-19/England/ALDP-6C5FF5/2020,183,271
hCoV-19/England/ALDP-6C0CE4/2020,183,271
hCoV-19/England/ALDP-6C091A/2020,183,271
hCoV-19/England/ALDP-6C02E2/2020,183,271
hCoV-19/England/ALDP-6BE8D6/2020,183,271
hCoV-19/England/ALDP-6BE812/2020,183,271
hCoV-19/England/ALDP-6BCD8E/2020,183,271
hCoV-19/England/ALDP-6BCC27/2020,183,271
hCoV-19/England/ALDP-6BCB75/2020,183,271
hCoV-19/England/ALDP-6BC7DB/2020,183,271
hCoV-19/England/ALDP-6BC3C8/2020,183,271
hCoV-19/England/ALDP-6BBE5F/2020,183,271
hCoV-19/England/ALDP-6BBD9E/2020,183,271
hCoV-19/England/ALDP-6BBC28/2020,183,271
hCoV-19/England/ALDP-6BB693/2020,183,271
hCoV-19/England/ALDP-6BB648/2020,183,271
hCoV-19/England/ALDP-6B8EAD/2020,183,271
hCoV-19/England/ALDP-6B88BE/2020,183,271
hCoV-19/England/ALDP-6B8229/2020,183,271
hCoV-19/England/ALDP-6B81E0/2020,183,271
hCoV-19/England/ALDP-6B7B6B/2020,183,271
hCoV-19/England/ALDP-693682/2020,183,271
hCoV-19/England/ALDP-693673/2020,183,271
hCoV-19/England/ALDP-69343D/2020,183,271
hCoV-19/England/ALDP-692BFD/2020,183,271
hCoV-19/England/ALDP-692780/2020,183,271
hCoV-19/England/ALDP-6926ED/2020,183,271
hCoV-19/England/ALDP-691CFB/2020,183,271
hCoV-19/England/ALDP-691C19/2020,183,271
hCoV-19/England/ALDP-691499/2020,183,271
hCoV-19/England/ALDP-6913BA/2020,183,271
hCoV-19/England/ALDP-691235/2020,183,271
hCoV-19/England/ALDP-691174/2020,183,271
hCoV-19/England/ALDP-690FA8/2020,183,271
hCoV-19/England/ALDP-69063A/2020,183,271
hCoV-19/England/ALDP-6901C0/2020,183,271
hCoV-19/England/ALDP-690193/2020,183,271
hCoV-19/England/ALDP-68FF8E/2020,183,271
hCoV-19/England/ALDP-68FE81/2020,183,271
hCoV-19/England/ALDP-68F4BC/2020,183,271
hCoV-19/England/ALDP-68F3CE/2020,183,271
hCoV-19/England/ALDP-68F13D/2020,183,271
hCoV-19/England/ALDP-68EFBC/2020,183,271
hCoV-19/England/ALDP-68EE37/2020,183,271
hCoV-19/England/ALDP-68E4BD/2020,183,271
hCoV-19/England/ALDP-68E0E6/2020,183,271
hCoV-19/England/ALDP-68E0C8/2020,183,271
hCoV-19/England/ALDP-68E040/2020,183,271
hCoV-19/England/ALDP-68E013/2020,183,271
hCoV-19/England/ALDP-68DEFC/2020,183,271
hCoV-19/England/ALDP-68DBB9/2020,183,271
hCoV-19/England/ALDP-68D8B2/2020,183,271
hCoV-19/England/ALDP-68CF45/2020,183,271
hCoV-19/England/ALDP-68CE1B/2020,183,271
hCoV-19/England/ALDP-68C938/2020,183,271
hCoV-19/England/ALDP-68C376/2020,183,271
hCoV-19/England/ALDP-68C2E2/2020,183,271
hCoV-19/England/ALDP-68C2D3/2020,183,271
hCoV-19/England/ALDP-68C19A/2020,183,271
hCoV-19/England/ALDP-68C16D/2020,183,271
hCoV-19/England/ALDP-68C015/2020,183,271
hCoV-19/England/ALDP-68BD3D/2020,183,271
hCoV-19/England/ALDP-68B91B/2020,183,271
hCoV-19/England/ALDP-68B90C/2020,183,271
hCoV-19/England/ALDP-68A484/2020,183,271
hCoV-19/England/ALDP-689FB1/2020,183,271
hCoV-19/England/ALDP-689AFC/2020,183,271
hCoV-19/England/ALDP-689A74/2020,183,271
hCoV-19/England/ALDP-689A65/2020,183,271
hCoV-19/England/ALDP-689959/2020,183,271
hCoV-19/England/ALDP-6898E3/2020,183,271
hCoV-19/England/ALDP-689810/2020,183,271
hCoV-19/England/ALDP-689652/2020,183,271
hCoV-19/England/ALDP-688DA9/2020,183,271
hCoV-19/England/ALDP-688D03/2020,183,271
hCoV-19/England/ALDP-68844A/2020,183,271
hCoV-19/England/ALDP-6881BC/2020,183,271
hCoV-19/England/ALDP-688019/2020,183,271
hCoV-19/England/ALDP-687EB6/2020,183,271
hCoV-19/England/ALDP-68696B/2020,183,271
hCoV-19/England/ALDP-684208/2020,183,271
hCoV-19/England/ALDP-683D08/2020,183,271
hCoV-19/England/ALDP-6839B9/2020,183,271
hCoV-19/England/ALDP-68397D/2020,183,271
hCoV-19/England/ALDP-683852/2020,183,271
hCoV-19/England/ALDP-6832DC/2020,183,271
hCoV-19/England/ALDP-682CB1/2020,183,271
hCoV-19/England/ALDP-67FB6F/2020,183,271
hCoV-19/England/ALDP-678A96/2020,183,271
hCoV-19/England/ALDP-6789B7/2020,183,271
hCoV-19/England/ALDP-66DEF2/2020,183,271
hCoV-19/England/ALDP-66A9D6/2020,183,271
hCoV-19/England/ALDP-6634FA/2020,183,271
hCoV-19/England/ALDP-65CAB6/2020,183,271
hCoV-19/England/202881393/2020,183,198
hCoV-19/England/202881392/2020,183,198
hCoV-19/England/202881391/2020,183,198
hCoV-19/England/202881390/2020,183,198
hCoV-19/England/202881389/2020,183,198
hCoV-19/England/202881388/2020,183,198
hCoV-19/England/202880975/2020,183,274
hCoV-19/Wales/PHWC-168E65/2020,184,209
hCoV-19/Wales/ALDP-65D736/2020,184,271
hCoV-19/Scotland/CVR3945/2020,184,196
hCoV-19/Scotland/CVR3943/2020,184,196
hCoV-19/Scotland/CVR3942/2020,184,196
hCoV-19/Scotland/CVR3941/2020,184,196
hCoV-19/Scotland/CVR3940/2020,184,196
hCoV-19/England/SHEF-C5CB8/2020,184,202
hCoV-19/England/MILK-67C5FB/2020,184,271
hCoV-19/England/MILK-6754AA/2020,184,271
hCoV-19/England/MILK-674F22/2020,184,271
hCoV-19/England/MILK-671CA6/2020,184,271
hCoV-19/England/MILK-66F889/2020,184,271
hCoV-19/England/MILK-66CDAB/2020,184,271
hCoV-19/England/MILK-66C93E/2020,184,271
hCoV-19/England/MILK-63AC6D/2020,184,271
hCoV-19/England/MILK-639509/2020,184,271
hCoV-19/England/MILK-63931E/2020,184,271
hCoV-19/England/LIVE-A461B/2020,184,209
hCoV-19/England/LIVE-A45B4/2020,184,292
hCoV-19/England/ALDP-6CFA54/2020,184,271
hCoV-19/England/ALDP-6CF8E1/2020,184,271
hCoV-19/England/ALDP-68C3FE/2020,184,271
hCoV-19/England/ALDP-684B94/2020,184,271
hCoV-19/England/ALDP-680BC5/2020,184,271
hCoV-19/England/ALDP-680196/2020,184,271
hCoV-19/England/ALDP-68003F/2020,184,271
hCoV-19/England/ALDP-67F349/2020,184,271
hCoV-19/England/ALDP-67E09E/2020,184,271
hCoV-19/England/ALDP-67D7C7/2020,184,271
hCoV-19/England/ALDP-67D633/2020,184,271
hCoV-19/England/ALDP-67D2B7/2020,184,271
hCoV-19/England/ALDP-67CC41/2020,184,271
hCoV-19/England/ALDP-67CB71/2020,184,271
hCoV-19/England/ALDP-67901B/2020,184,271
hCoV-19/England/ALDP-6765C4/2020,184,271
hCoV-19/England/ALDP-67654C/2020,184,271
hCoV-19/England/ALDP-6763E8/2020,184,271
hCoV-19/England/ALDP-6762FA/2020,184,271
hCoV-19/England/ALDP-676236/2020,184,271
hCoV-19/England/ALDP-6761B1/2020,184,271
hCoV-19/England/ALDP-6749CA/2020,184,271
hCoV-19/England/ALDP-673C86/2020,184,271
hCoV-19/England/ALDP-673BD4/2020,184,271
hCoV-19/England/ALDP-673B98/2020,184,271
hCoV-19/England/ALDP-673B7A/2020,184,271
hCoV-19/England/ALDP-67361F/2020,184,271
hCoV-19/England/ALDP-672355/2020,184,271
hCoV-19/England/ALDP-671A42/2020,184,271
hCoV-19/England/ALDP-671A24/2020,184,271
hCoV-19/England/ALDP-670050/2020,184,271
hCoV-19/England/ALDP-66F661/2020,184,271
hCoV-19/England/ALDP-66F379/2020,184,271
hCoV-19/England/ALDP-66F115/2020,184,271
hCoV-19/England/ALDP-66EE97/2020,184,271
hCoV-19/England/ALDP-66EDE5/2020,184,271
hCoV-19/England/ALDP-66EA48/2020,184,271
hCoV-19/England/ALDP-66E6AE/2020,184,271
hCoV-19/England/ALDP-66E222/2020,184,271
hCoV-19/England/ALDP-66E0A0/2020,184,271
hCoV-19/England/ALDP-66DFA4/2020,184,271
hCoV-19/England/ALDP-66DEE3/2020,184,271
hCoV-19/England/ALDP-66DD6E/2020,184,271
hCoV-19/England/ALDP-66DCCB/2020,184,271
hCoV-19/England/ALDP-66D232/2020,184,271
hCoV-19/England/ALDP-66C840/2020,184,271
hCoV-19/England/ALDP-66C822/2020,184,271
hCoV-19/England/ALDP-66C4E2/2020,184,271
hCoV-19/England/ALDP-66B638/2020,184,271
hCoV-19/England/ALDP-66B331/2020,184,271
hCoV-19/England/ALDP-66B1BF/2020,184,271
hCoV-19/England/ALDP-66B137/2020,184,271
hCoV-19/England/ALDP-66ACDD/2020,184,271
hCoV-19/England/ALDP-66AC0A/2020,184,271
hCoV-19/England/ALDP-66ABC1/2020,184,271
hCoV-19/England/ALDP-66AB67/2020,184,271
hCoV-19/England/ALDP-66A8D9/2020,184,271
hCoV-19/England/ALDP-66A5B4/2020,184,271
hCoV-19/England/ALDP-669D44/2020,184,271
hCoV-19/England/ALDP-66839E/2020,184,271
hCoV-19/England/ALDP-668370/2020,184,271
hCoV-19/England/ALDP-667DCE/2020,184,271
hCoV-19/England/ALDP-6675E4/2020,184,271
hCoV-19/England/ALDP-6670B6/2020,184,271
hCoV-19/England/ALDP-666DDE/2020,184,271
hCoV-19/England/ALDP-666828/2020,184,271
hCoV-19/England/ALDP-666390/2020,184,271
hCoV-19/England/ALDP-666381/2020,184,271
hCoV-19/England/ALDP-666266/2020,184,271
hCoV-19/England/ALDP-6661A5/2020,184,271
hCoV-19/England/ALDP-66614B/2020,184,271
hCoV-19/England/ALDP-66613C/2020,184,271
hCoV-19/England/ALDP-665C4B/2020,184,271
hCoV-19/England/ALDP-66580B/2020,184,271
hCoV-19/England/ALDP-665777/2020,184,271
hCoV-19/England/ALDP-664EBF/2020,184,271
hCoV-19/England/ALDP-664BD6/2020,184,271
hCoV-19/England/ALDP-664A15/2020,184,271
hCoV-19/England/ALDP-664A06/2020,184,271
hCoV-19/England/ALDP-664954/2020,184,271
hCoV-19/England/ALDP-663032/2020,184,271
hCoV-19/England/ALDP-662DF0/2020,184,271
hCoV-19/England/ALDP-66217C/2020,184,271
hCoV-19/England/ALDP-661F46/2020,184,271
hCoV-19/England/ALDP-661DB5/2020,184,271
hCoV-19/England/ALDP-661CB8/2020,184,271
hCoV-19/England/ALDP-661B51/2020,184,271
hCoV-19/England/ALDP-661975/2020,184,271
hCoV-19/England/ALDP-661429/2020,184,271
hCoV-19/England/ALDP-65EB66/2020,184,271
hCoV-19/England/ALDP-65E28F/2020,184,271
hCoV-19/England/ALDP-65DB76/2020,184,271
hCoV-19/England/ALDP-65DB2B/2020,184,271
hCoV-19/England/ALDP-65D9C7/2020,184,271
hCoV-19/England/ALDP-65D94F/2020,184,271
hCoV-19/England/ALDP-65C9F5/2020,184,271
hCoV-19/England/ALDP-65C98C/2020,184,271
hCoV-19/England/ALDP-65C6FE/2020,184,271
hCoV-19/England/ALDP-65C2AF/2020,184,271
hCoV-19/England/ALDP-65C209/2020,184,271
hCoV-19/England/ALDP-65BF30/2020,184,271
hCoV-19/England/ALDP-6598DD/2020,184,271
hCoV-19/England/ALDP-65980A/2020,184,271
hCoV-19/England/ALDP-65920C/2020,184,271
hCoV-19/England/ALDP-658FAC/2020,184,271
hCoV-19/England/ALDP-658C87/2020,184,271
hCoV-19/England/ALDP-658C78/2020,184,271
hCoV-19/England/ALDP-658AF6/2020,184,271
hCoV-19/England/ALDP-658A8D/2020,184,271
hCoV-19/England/ALDP-658A7E/2020,184,271
hCoV-19/England/ALDP-658944/2020,184,271
hCoV-19/England/ALDP-658829/2020,184,271
hCoV-19/England/ALDP-65859B/2020,184,271
hCoV-19/England/ALDP-65858C/2020,184,271
hCoV-19/England/ALDP-658504/2020,184,271
hCoV-19/England/ALDP-65781B/2020,184,271
hCoV-19/England/ALDP-6570D7/2020,184,271
hCoV-19/England/ALDP-656DFF/2020,184,271
hCoV-19/England/ALDP-65615D/2020,184,271
hCoV-19/England/ALDP-655FBE/2020,184,271
hCoV-19/England/ALDP-655E66/2020,184,271
hCoV-19/England/ALDP-655E39/2020,184,271
hCoV-19/England/ALDP-6532E4/2020,184,271
hCoV-19/England/ALDP-6530CC/2020,184,271
hCoV-19/England/ALDP-653017/2020,184,271
hCoV-19/England/ALDP-652F57/2020,184,271
hCoV-19/England/ALDP-64D827/2020,184,271
hCoV-19/England/ALDP-64AC5B/2020,184,271
hCoV-19/England/ALDP-647F46/2020,184,271
hCoV-19/England/ALDP-646439/2020,184,271
hCoV-19/England/ALDP-64642A/2020,184,271
hCoV-19/England/ALDP-6461AB/2020,184,271
hCoV-19/England/ALDP-645F75/2020,184,271
hCoV-19/England/ALDP-644B72/2020,184,271
hCoV-19/England/202881397/2020,184,198
hCoV-19/England/202881395/2020,184,198
hCoV-19/England/202881394/2020,184,198
hCoV-19/Wales/MILK-6412E9/2020,185,271
hCoV-19/Wales/MILK-632922/2020,185,271
hCoV-19/Wales/ALDP-643F68/2020,185,271
hCoV-19/Scotland/CVR3946/2020,185,223
hCoV-19/England/SHEF-CA275/2020,185,202
hCoV-19/England/NOTT-11269F/2020,185,196
hCoV-19/England/NORW-EEB34/2020,185,202
hCoV-19/England/NORW-EEB07/2020,185,202
hCoV-19/England/MILK-6555AD/2020,185,271
hCoV-19/England/MILK-654EC1/2020,185,271
hCoV-19/England/MILK-65409E/2020,185,271
hCoV-19/England/MILK-654007/2020,185,271
hCoV-19/England/MILK-64FFB7/2020,185,271
hCoV-19/England/MILK-64F4B8/2020,185,271
hCoV-19/England/MILK-6438C7/2020,185,271
hCoV-19/England/MILK-642D7E/2020,185,271
hCoV-19/England/MILK-642D32/2020,185,271
hCoV-19/England/MILK-642CCC/2020,185,271
hCoV-19/England/MILK-642B74/2020,185,271
hCoV-19/England/MILK-642AA4/2020,185,271
hCoV-19/England/MILK-64287D/2020,185,271
hCoV-19/England/MILK-6426BF/2020,185,271
hCoV-19/England/MILK-642628/2020,185,271
hCoV-19/England/MILK-6425A3/2020,185,271
hCoV-19/England/MILK-6422BB/2020,185,271
hCoV-19/England/MILK-641735/2020,185,271
hCoV-19/England/MILK-63F846/2020,185,271
hCoV-19/England/MILK-63F54F/2020,185,271
hCoV-19/England/MILK-63E7C2/2020,185,271
hCoV-19/England/MILK-63E6D4/2020,185,271
hCoV-19/England/MILK-63BE2A/2020,185,271
hCoV-19/England/MILK-63BB9C/2020,185,271
hCoV-19/England/MILK-63A799/2020,185,271
hCoV-19/England/MILK-63A025/2020,185,271
hCoV-19/England/MILK-639D7A/2020,185,271
hCoV-19/England/MILK-639CF5/2020,185,271
hCoV-19/England/MILK-639C22/2020,185,271
hCoV-19/England/MILK-6395CD/2020,185,271
hCoV-19/England/MILK-636663/2020,185,271
hCoV-19/England/MILK-632FD5/2020,185,271
hCoV-19/England/MILK-630B88/2020,185,271
hCoV-19/England/LIVE-A9740/2020,185,244
hCoV-19/England/LIVE-A44F3/2020,185,209
hCoV-19/England/LIVE-A44C6/2020,185,209
hCoV-19/England/BHRT-24B3E17/2020,185,266
hCoV-19/England/ALDP-8D9BE9/2020,185,271
hCoV-19/England/ALDP-6661E1/2020,185,271
hCoV-19/England/ALDP-652045/2020,185,271
hCoV-19/England/ALDP-651C9D/2020,185,271
hCoV-19/England/ALDP-651BAF/2020,185,271
hCoV-19/England/ALDP-651AEE/2020,185,271
hCoV-19/England/ALDP-651899/2020,185,271
hCoV-19/England/ALDP-6517D8/2020,185,271
hCoV-19/England/ALDP-6511CB/2020,185,271
hCoV-19/England/ALDP-6511BC/2020,185,271
hCoV-19/England/ALDP-650B64/2020,185,271
hCoV-19/England/ALDP-650AB2/2020,185,271
hCoV-19/England/ALDP-6507D9/2020,185,271
hCoV-19/England/ALDP-64E0F1/2020,185,271
hCoV-19/England/ALDP-64DEAD/2020,185,271
hCoV-19/England/ALDP-64D432/2020,185,271
hCoV-19/England/ALDP-64CEBD/2020,185,271
hCoV-19/England/ALDP-64C22A/2020,185,271
hCoV-19/England/ALDP-64B601/2020,185,271
hCoV-19/England/ALDP-64B48F/2020,185,271
hCoV-19/England/ALDP-64B3EC/2020,185,271
hCoV-19/England/ALDP-64AB30/2020,185,271
hCoV-19/England/ALDP-64A3A1/2020,185,271
hCoV-19/England/ALDP-64A30B/2020,185,271
hCoV-19/England/ALDP-649D77/2020,185,271
hCoV-19/England/ALDP-6495E8/2020,185,271
hCoV-19/England/ALDP-6485BC/2020,185,271
hCoV-19/England/ALDP-64831C/2020,185,271
hCoV-19/England/ALDP-647EFE/2020,185,271
hCoV-19/England/ALDP-647D88/2020,185,271
hCoV-19/England/ALDP-647D3D/2020,185,271
hCoV-19/England/ALDP-647CE5/2020,185,271
hCoV-19/England/ALDP-6473FF/2020,185,271
hCoV-19/England/ALDP-6471E6/2020,185,271
hCoV-19/England/ALDP-646BE9/2020,185,271
hCoV-19/England/ALDP-6456CB/2020,185,271
hCoV-19/England/ALDP-645670/2020,185,271
hCoV-19/England/ALDP-645203/2020,185,271
hCoV-19/England/ALDP-644F1C/2020,185,271
hCoV-19/England/ALDP-644D9A/2020,185,271
hCoV-19/England/ALDP-6440BF/2020,185,271
hCoV-19/England/ALDP-643F3B/2020,185,271
hCoV-19/England/ALDP-643F1D/2020,185,271
hCoV-19/England/ALDP-643DF5/2020,185,287
hCoV-19/England/ALDP-63D15C/2020,185,271
hCoV-19/England/ALDP-63CCA7/2020,185,271
hCoV-19/England/ALDP-63CBF5/2020,185,271
hCoV-19/England/ALDP-63C6D6/2020,185,271
hCoV-19/England/ALDP-63B7A7/2020,185,271
hCoV-19/England/ALDP-639AEC/2020,185,271
hCoV-19/England/ALDP-6397D6/2020,185,271
hCoV-19/England/ALDP-638A56/2020,185,271
hCoV-19/England/ALDP-6353A9/2020,185,271
hCoV-19/England/ALDP-635251/2020,185,271
hCoV-19/England/ALDP-635242/2020,185,271
hCoV-19/England/202881401/2020,185,198
hCoV-19/England/202881400/2020,185,198
hCoV-19/England/202881399/2020,185,198
hCoV-19/England/202881398/2020,185,198
