hCoV-19/Scotland/QEUH-96372B/2020,221,254
hCoV-19/Scotland/QEUH-963002/2020,221,254
hCoV-19/Scotland/QEUH-95F1D9/2020,221,254
hCoV-19/Scotland/QEUH-95F027/2020,221,254
hCoV-19/Scotland/QEUH-95EA57/2020,221,254
hCoV-19/Scotland/QEUH-95EA48/2020,221,254
hCoV-19/Scotland/QEUH-95EA2A/2020,221,254
hCoV-19/Scotland/QEUH-95EA1B/2020,221,254
hCoV-19/Scotland/QEUH-95EA0C/2020,221,254
hCoV-19/Scotland/QEUH-95E996/2020,221,254
hCoV-19/Scotland/QEUH-95E90F/2020,221,254
hCoV-19/Scotland/QEUH-95E8F3/2020,221,254
hCoV-19/Scotland/QEUH-95E8C6/2020,221,254
hCoV-19/Scotland/QEUH-95E8B7/2020,221,254
hCoV-19/Scotland/QEUH-95E8A8/2020,221,254
hCoV-19/Scotland/QEUH-95E88A/2020,221,254
hCoV-19/Scotland/QEUH-95E86C/2020,221,254
hCoV-19/Scotland/QEUH-95E85D/2020,221,254
hCoV-19/Scotland/QEUH-95E714/2020,221,254
hCoV-19/Scotland/QEUH-95E705/2020,221,254
hCoV-19/Scotland/QEUH-95E653/2020,221,254
hCoV-19/Scotland/QEUH-95E592/2020,221,254
hCoV-19/Scotland/QEUH-95E35C/2020,221,257
hCoV-19/Scotland/QEUH-95E161/2020,221,257
hCoV-19/Scotland/CVR3964/2020,221,236
hCoV-19/England/QEUH-963776/2020,221,254
hCoV-19/England/QEUH-96362E/2020,221,254
hCoV-19/England/QEUH-963600/2020,221,254
hCoV-19/England/QEUH-9633DC/2020,221,254
hCoV-19/England/QEUH-962F42/2020,221,254
hCoV-19/England/QEUH-95EA84/2020,221,254
hCoV-19/England/QEUH-95E94B/2020,221,254
hCoV-19/England/QEUH-95E93C/2020,221,254
hCoV-19/England/QEUH-95E92D/2020,221,254
hCoV-19/England/QEUH-95E91E/2020,221,254
hCoV-19/England/QEUH-95E8E4/2020,221,254
hCoV-19/England/QEUH-95E8D5/2020,221,254
hCoV-19/England/QEUH-95E83F/2020,221,254
hCoV-19/England/QEUH-95E644/2020,221,254
hCoV-19/England/QEUH-95E3A7/2020,221,259
hCoV-19/England/LIVE-AA949/2020,221,264
hCoV-19/England/EKHU-260F57F/2020,221,546
hCoV-19/England/ALDP-982C54/2020,221,271
hCoV-19/England/ALDP-982C18/2020,221,271
hCoV-19/England/ALDP-982BEE/2020,221,271
hCoV-19/England/ALDP-982B93/2020,221,271
hCoV-19/England/ALDP-982B84/2020,221,271
hCoV-19/England/ALDP-982AF0/2020,221,271
hCoV-19/England/ALDP-982AE1/2020,221,271
hCoV-19/England/ALDP-982AC3/2020,221,271
hCoV-19/England/ALDP-982AB4/2020,221,253
hCoV-19/England/ALDP-982AA5/2020,221,271
hCoV-19/England/ALDP-982A96/2020,221,271
hCoV-19/England/ALDP-982A87/2020,221,271
hCoV-19/England/ALDP-982A78/2020,221,271
hCoV-19/England/ALDP-982A5A/2020,221,271
hCoV-19/England/ALDP-982A4B/2020,221,271
hCoV-19/England/ALDP-982A3C/2020,221,271
hCoV-19/England/ALDP-982A2D/2020,221,271
hCoV-19/England/ALDP-9829B7/2020,221,271
hCoV-19/England/ALDP-9829A8/2020,221,271
hCoV-19/England/ALDP-98297B/2020,221,271
hCoV-19/England/ALDP-982832/2020,221,271
hCoV-19/England/ALDP-982823/2020,221,271
hCoV-19/England/ALDP-9826CF/2020,221,244
hCoV-19/England/ALDP-982674/2020,221,253
hCoV-19/England/ALDP-98243E/2020,221,244
hCoV-19/England/ALDP-9823F5/2020,221,244
hCoV-19/England/ALDP-982207/2020,221,244
hCoV-19/England/ALDP-981FA7/2020,221,253
hCoV-19/England/ALDP-981F7A/2020,221,271
hCoV-19/England/ALDP-981E7D/2020,221,253
hCoV-19/England/ALDP-981E40/2020,221,271
hCoV-19/England/ALDP-981E22/2020,221,271
hCoV-19/England/ALDP-981DAD/2020,221,271
hCoV-19/England/ALDP-981D8F/2020,221,271
hCoV-19/England/ALDP-981D07/2020,221,271
hCoV-19/England/ALDP-981CFB/2020,221,271
hCoV-19/England/ALDP-981CEC/2020,221,271
hCoV-19/England/ALDP-981CDD/2020,221,271
hCoV-19/England/ALDP-981CA0/2020,221,253
hCoV-19/England/ALDP-981C73/2020,221,271
hCoV-19/England/ALDP-981C46/2020,221,271
hCoV-19/England/ALDP-981C0A/2020,221,271
hCoV-19/England/ALDP-981B94/2020,221,271
hCoV-19/England/ALDP-981A1F/2020,221,244
hCoV-19/England/ALDP-9819F4/2020,221,244
hCoV-19/England/ALDP-9819E5/2020,221,244
hCoV-19/England/ALDP-98154B/2020,221,271
hCoV-19/England/ALDP-98150F/2020,221,244
hCoV-19/England/ALDP-9813C9/2020,221,253
hCoV-19/England/ALDP-981059/2020,221,244
hCoV-19/England/ALDP-980F02/2020,221,253
hCoV-19/England/ALDP-980BB3/2020,221,244
hCoV-19/England/ALDP-980B77/2020,221,253
hCoV-19/Wales/QEUH-96371C/2020,222,254
hCoV-19/Wales/QEUH-963679/2020,222,254
hCoV-19/Wales/QEUH-9635A9/2020,222,254
hCoV-19/Wales/QEUH-962FF7/2020,222,254
hCoV-19/Wales/QEUH-962CE1/2020,222,394
hCoV-19/Wales/PHWC-169BB8/2020,222,236
hCoV-19/Scotland/QEUH-965AE4/2020,222,254
hCoV-19/Scotland/QEUH-9639BC/2020,222,254
hCoV-19/Scotland/QEUH-963907/2020,222,254
hCoV-19/Scotland/QEUH-9636E2/2020,222,254
hCoV-19/Scotland/QEUH-96363D/2020,222,254
hCoV-19/Scotland/QEUH-96357C/2020,222,254
hCoV-19/Scotland/QEUH-963530/2020,222,254
hCoV-19/Scotland/QEUH-962FE8/2020,222,254
hCoV-19/Scotland/QEUH-962CF0/2020,222,254
hCoV-19/Scotland/QEUH-962531/2020,222,254
hCoV-19/Scotland/QEUH-962328/2020,222,254
hCoV-19/Scotland/QEUH-962276/2020,222,254
hCoV-19/Scotland/QEUH-962003/2020,222,254
hCoV-19/Scotland/QEUH-961FF8/2020,222,254
hCoV-19/Scotland/QEUH-961FDA/2020,222,254
hCoV-19/Scotland/QEUH-961FAD/2020,222,254
hCoV-19/Scotland/QEUH-961F9E/2020,222,254
hCoV-19/Scotland/QEUH-961F61/2020,222,254
hCoV-19/Scotland/QEUH-961F34/2020,222,254
hCoV-19/Scotland/QEUH-95E4FF/2020,222,257
hCoV-19/Scotland/QEUH-95E4C2/2020,222,257
hCoV-19/Scotland/QEUH-95E4A4/2020,222,257
hCoV-19/Scotland/QEUH-95E495/2020,222,257
hCoV-19/Scotland/QEUH-95E486/2020,222,257
hCoV-19/Scotland/QEUH-95E477/2020,222,257
hCoV-19/Scotland/QEUH-95E468/2020,222,257
hCoV-19/Scotland/QEUH-95E459/2020,222,257
hCoV-19/Scotland/QEUH-95E3F2/2020,222,257
hCoV-19/Scotland/QEUH-95E32F/2020,222,257
hCoV-19/Scotland/QEUH-95E310/2020,222,257
hCoV-19/Scotland/QEUH-95E27D/2020,222,257
hCoV-19/Scotland/QEUH-95E26E/2020,222,257
hCoV-19/Scotland/QEUH-95E1DA/2020,222,257
hCoV-19/Scotland/QEUH-95E1AD/2020,222,257
hCoV-19/Scotland/QEUH-95E19E/2020,222,257
hCoV-19/Scotland/CVR3966/2020,222,236
hCoV-19/Scotland/CVR3965/2020,222,236
hCoV-19/England/SHEF-D16F7/2020,222,236
hCoV-19/England/QEUH-96A6BE/2020,222,254
hCoV-19/England/QEUH-96A074/2020,222,254
hCoV-19/England/QEUH-96A047/2020,222,254
hCoV-19/England/QEUH-96A01A/2020,222,254
hCoV-19/England/QEUH-969A0E/2020,222,254
hCoV-19/England/QEUH-964B2E/2020,222,254
hCoV-19/England/QEUH-96470C/2020,222,259
hCoV-19/England/QEUH-9646C3/2020,222,259
hCoV-19/England/QEUH-96465A/2020,222,259
hCoV-19/England/QEUH-964599/2020,222,259
hCoV-19/England/QEUH-9643AE/2020,222,259
hCoV-19/England/QEUH-96439F/2020,222,259
hCoV-19/England/QEUH-963D47/2020,222,254
hCoV-19/England/QEUH-963D0B/2020,222,254
hCoV-19/England/QEUH-963CB3/2020,222,254
hCoV-19/England/QEUH-963B2F/2020,222,254
hCoV-19/England/QEUH-963AF5/2020,222,259
hCoV-19/England/QEUH-963AAA/2020,222,254
hCoV-19/England/QEUH-963A5F/2020,222,254
hCoV-19/England/QEUH-963A13/2020,222,254
hCoV-19/England/QEUH-9639F8/2020,222,254
hCoV-19/England/QEUH-963970/2020,222,254
hCoV-19/England/QEUH-963916/2020,222,254
hCoV-19/England/QEUH-9638FB/2020,222,254
hCoV-19/England/QEUH-9638EC/2020,222,254
hCoV-19/England/QEUH-963882/2020,222,254
hCoV-19/England/QEUH-963819/2020,222,254
hCoV-19/England/QEUH-9637FE/2020,222,254
hCoV-19/England/QEUH-9637B2/2020,222,254
hCoV-19/England/QEUH-963794/2020,222,254
hCoV-19/England/QEUH-963785/2020,222,254
hCoV-19/England/QEUH-963758/2020,222,254
hCoV-19/England/QEUH-96373A/2020,222,254
hCoV-19/England/QEUH-96370D/2020,222,254
hCoV-19/England/QEUH-9636F1/2020,222,254
hCoV-19/England/QEUH-9636A6/2020,222,254
hCoV-19/England/QEUH-963697/2020,222,254
hCoV-19/England/QEUH-963688/2020,222,254
hCoV-19/England/QEUH-96365B/2020,222,254
hCoV-19/England/QEUH-96364C/2020,222,254
hCoV-19/England/QEUH-9635F4/2020,222,254
hCoV-19/England/QEUH-9635E5/2020,222,254
hCoV-19/England/QEUH-9635D6/2020,222,254
hCoV-19/England/QEUH-9635C7/2020,222,254
hCoV-19/England/QEUH-96358B/2020,222,254
hCoV-19/England/QEUH-96356D/2020,222,254
hCoV-19/England/QEUH-963521/2020,222,254
hCoV-19/England/QEUH-963512/2020,222,254
hCoV-19/England/QEUH-963503/2020,222,254
hCoV-19/England/QEUH-9634F7/2020,222,254
hCoV-19/England/QEUH-963433/2020,222,254
hCoV-19/England/QEUH-9633EB/2020,222,254
hCoV-19/England/QEUH-9633AF/2020,222,254
hCoV-19/England/QEUH-963372/2020,222,254
hCoV-19/England/QEUH-963363/2020,222,254
hCoV-19/England/QEUH-9632FD/2020,222,254
hCoV-19/England/QEUH-9632C0/2020,222,254
hCoV-19/England/QEUH-9632A2/2020,222,254
hCoV-19/England/QEUH-962FAC/2020,222,254
hCoV-19/England/QEUH-962F8E/2020,222,254
hCoV-19/England/QEUH-962F7F/2020,222,254
hCoV-19/England/QEUH-962F60/2020,222,254
hCoV-19/England/QEUH-962F51/2020,222,254
hCoV-19/England/QEUH-962ECD/2020,222,254
hCoV-19/England/QEUH-962EAF/2020,222,254
hCoV-19/England/QEUH-962E90/2020,222,254
hCoV-19/England/QEUH-962E81/2020,222,254
hCoV-19/England/QEUH-962E63/2020,222,254
hCoV-19/England/QEUH-962D2A/2020,222,254
hCoV-19/England/QEUH-962D1B/2020,222,254
hCoV-19/England/QEUH-962D0C/2020,222,254
hCoV-19/England/QEUH-962CD2/2020,222,254
hCoV-19/England/QEUH-962CA5/2020,222,254
hCoV-19/England/QEUH-962C5A/2020,222,254
hCoV-19/England/QEUH-962B7B/2020,222,254
hCoV-19/England/QEUH-962AE7/2020,222,254
hCoV-19/England/QEUH-962AC9/2020,222,254
hCoV-19/England/QEUH-962A8D/2020,222,254
hCoV-19/England/QEUH-962A50/2020,222,254
hCoV-19/England/QEUH-962A41/2020,222,254
hCoV-19/England/QEUH-962A23/2020,222,254
hCoV-19/England/QEUH-962A14/2020,222,254
hCoV-19/England/QEUH-96299F/2020,222,254
hCoV-19/England/QEUH-962944/2020,222,254
hCoV-19/England/QEUH-962935/2020,222,254
hCoV-19/England/QEUH-962926/2020,222,254
hCoV-19/England/QEUH-962917/2020,222,254
hCoV-19/England/QEUH-9628FC/2020,222,254
hCoV-19/England/QEUH-9628DE/2020,222,254
hCoV-19/England/QEUH-9628CF/2020,222,254
hCoV-19/England/QEUH-9628B0/2020,222,254
hCoV-19/England/QEUH-962892/2020,222,254
hCoV-19/England/QEUH-962874/2020,222,254
hCoV-19/England/QEUH-962847/2020,222,254
hCoV-19/England/QEUH-962829/2020,222,254
hCoV-19/England/QEUH-962786/2020,222,254
hCoV-19/England/QEUH-962759/2020,222,254
hCoV-19/England/QEUH-96274A/2020,222,254
hCoV-19/England/QEUH-96273B/2020,222,254
hCoV-19/England/QEUH-96272C/2020,222,254
hCoV-19/England/QEUH-96271D/2020,222,254
hCoV-19/England/QEUH-96270E/2020,222,254
hCoV-19/England/QEUH-9626B6/2020,222,254
hCoV-19/England/QEUH-962689/2020,222,254
hCoV-19/England/QEUH-96267A/2020,222,254
hCoV-19/England/QEUH-96263E/2020,222,254
hCoV-19/England/QEUH-962610/2020,222,254
hCoV-19/England/QEUH-962601/2020,222,254
hCoV-19/England/QEUH-9625E6/2020,222,254
hCoV-19/England/QEUH-9625D7/2020,222,254
hCoV-19/England/QEUH-9625B9/2020,222,254
hCoV-19/England/QEUH-96257D/2020,222,254
hCoV-19/England/QEUH-962522/2020,222,254
hCoV-19/England/QEUH-962504/2020,222,254
hCoV-19/England/QEUH-9624F8/2020,222,254
hCoV-19/England/QEUH-9624E9/2020,222,254
hCoV-19/England/QEUH-9624DA/2020,222,254
hCoV-19/England/QEUH-96248F/2020,222,254
hCoV-19/England/QEUH-962461/2020,222,287
hCoV-19/England/QEUH-962425/2020,222,254
hCoV-19/England/QEUH-962416/2020,222,254
hCoV-19/England/QEUH-962407/2020,222,254
hCoV-19/England/QEUH-9623DD/2020,222,254
hCoV-19/England/QEUH-9623BF/2020,222,254
hCoV-19/England/QEUH-962391/2020,222,254
hCoV-19/England/QEUH-9621F1/2020,222,254
hCoV-19/England/QEUH-9621E2/2020,222,254
hCoV-19/England/QEUH-9620D6/2020,222,254
hCoV-19/England/QEUH-962012/2020,222,254
hCoV-19/England/QEUH-961F52/2020,222,254
hCoV-19/England/QEUH-961F43/2020,222,254
hCoV-19/England/QEUH-95E538/2020,222,259
hCoV-19/England/QEUH-95E529/2020,222,259
hCoV-19/England/QEUH-95E4E0/2020,222,259
hCoV-19/England/QEUH-95E4D1/2020,222,259
hCoV-19/England/QEUH-95E41D/2020,222,259
hCoV-19/England/QEUH-95E40E/2020,222,259
hCoV-19/England/QEUH-95E3E3/2020,222,259
hCoV-19/England/QEUH-95E3C5/2020,222,259
hCoV-19/England/NOTT-112EF1/2020,222,229
hCoV-19/England/LOND-DC39B/2020,222,313
hCoV-19/England/LOND-DC2F8/2020,222,313
hCoV-19/England/LIVE-AA967/2020,222,264
hCoV-19/England/ALDP-982DCA/2020,222,271
hCoV-19/England/ALDP-982DBB/2020,222,271
hCoV-19/England/ALDP-982DAC/2020,222,271
hCoV-19/England/ALDP-982D7F/2020,222,271
hCoV-19/England/ALDP-982D60/2020,222,271
hCoV-19/England/ALDP-982D51/2020,222,271
hCoV-19/England/ALDP-982D15/2020,222,271
hCoV-19/England/ALDP-982CFA/2020,222,271
hCoV-19/England/ALDP-982CDC/2020,222,271
hCoV-19/England/ALDP-982CBE/2020,222,271
hCoV-19/England/ALDP-982C09/2020,222,271
hCoV-19/England/ALDP-982BFD/2020,222,271
hCoV-19/England/ALDP-982B75/2020,222,271
hCoV-19/England/ALDP-982B66/2020,222,271
hCoV-19/England/ALDP-982B57/2020,222,271
hCoV-19/England/ALDP-982B39/2020,222,271
hCoV-19/England/ALDP-982B2A/2020,222,271
hCoV-19/England/ALDP-982A1E/2020,222,271
hCoV-19/England/ALDP-982A0F/2020,222,271
hCoV-19/England/ALDP-9829F3/2020,222,271
hCoV-19/England/ALDP-9829D5/2020,222,271
hCoV-19/England/ALDP-9829C6/2020,222,271
hCoV-19/England/ALDP-982999/2020,222,271
hCoV-19/England/ALDP-98296C/2020,222,271
hCoV-19/England/ALDP-98295D/2020,222,271
hCoV-19/England/ALDP-98293F/2020,222,271
hCoV-19/England/ALDP-982911/2020,222,271
hCoV-19/England/ALDP-9828E7/2020,222,271
hCoV-19/England/ALDP-9828D8/2020,222,271
hCoV-19/England/ALDP-9828C9/2020,222,271
hCoV-19/England/ALDP-98288D/2020,222,271
hCoV-19/England/ALDP-98286F/2020,222,271
hCoV-19/England/ALDP-982850/2020,222,271
hCoV-19/England/ALDP-982841/2020,222,271
hCoV-19/England/ALDP-9827EA/2020,222,253
hCoV-19/England/ALDP-9820FE/2020,222,271
hCoV-19/England/ALDP-982058/2020,222,271
hCoV-19/England/ALDP-981FE3/2020,222,271
hCoV-19/England/ALDP-981FB6/2020,222,271
hCoV-19/England/ALDP-981F10/2020,222,271
hCoV-19/England/ALDP-981E9B/2020,222,271
hCoV-19/England/ALDP-981D70/2020,222,271
hCoV-19/England/ALDP-981D61/2020,222,271
hCoV-19/Wales/QEUH-969B29/2020,223,254
hCoV-19/Wales/QEUH-964933/2020,223,254
hCoV-19/Wales/QEUH-9648DC/2020,223,254
hCoV-19/Scotland/QEUH-964D28/2020,223,254
hCoV-19/Scotland/QEUH-964CB2/2020,223,254
hCoV-19/Scotland/QEUH-964B1F/2020,223,254
hCoV-19/Scotland/QEUH-964AF4/2020,223,254
hCoV-19/Scotland/QEUH-964A5E/2020,223,254
hCoV-19/Scotland/QEUH-964A4F/2020,223,254
hCoV-19/Scotland/QEUH-964344/2020,223,257
hCoV-19/Scotland/QEUH-9637EF/2020,223,254
hCoV-19/Scotland/QEUH-9633CD/2020,223,254
hCoV-19/Scotland/QEUH-963354/2020,223,254
hCoV-19/Scotland/QEUH-963345/2020,223,254
hCoV-19/Scotland/QEUH-9632DF/2020,223,254
hCoV-19/Scotland/QEUH-9631F0/2020,223,254
hCoV-19/Scotland/QEUH-9631E1/2020,223,254
hCoV-19/Scotland/QEUH-9631D2/2020,223,254
hCoV-19/Scotland/QEUH-96315A/2020,223,254
hCoV-19/Scotland/QEUH-96314B/2020,223,254
hCoV-19/Scotland/QEUH-96313C/2020,223,254
hCoV-19/Scotland/QEUH-9630F3/2020,223,254
hCoV-19/Scotland/QEUH-9630D5/2020,223,254
hCoV-19/Scotland/QEUH-96305D/2020,223,254
hCoV-19/Scotland/QEUH-96303F/2020,223,254
hCoV-19/Scotland/QEUH-962FCA/2020,223,254
hCoV-19/Scotland/QEUH-962EDC/2020,223,254
hCoV-19/Scotland/QEUH-962E45/2020,223,254
hCoV-19/Scotland/QEUH-962C78/2020,223,254
hCoV-19/Scotland/QEUH-962C69/2020,223,254
hCoV-19/Scotland/QEUH-962C0F/2020,223,254
hCoV-19/Scotland/QEUH-962BA8/2020,223,254
hCoV-19/Scotland/QEUH-962B5D/2020,223,254
hCoV-19/Scotland/QEUH-962B3F/2020,223,254
hCoV-19/Scotland/QEUH-962B20/2020,223,254
hCoV-19/Scotland/QEUH-962B11/2020,223,254
hCoV-19/Scotland/QEUH-962AF6/2020,223,254
hCoV-19/Scotland/QEUH-962AAB/2020,223,254
hCoV-19/Scotland/QEUH-9629BD/2020,223,254
hCoV-19/Scotland/QEUH-96280B/2020,223,254
hCoV-19/Scotland/QEUH-9627E0/2020,223,254
hCoV-19/Scotland/QEUH-9627D1/2020,223,254
hCoV-19/Scotland/EDB7185/2020,223,244
hCoV-19/England/SHEF-CF9E4/2020,223,236
hCoV-19/England/QEUH-96A5B1/2020,223,254
hCoV-19/England/QEUH-96A108/2020,223,254
hCoV-19/England/QEUH-96A029/2020,223,287
hCoV-19/England/QEUH-969FD2/2020,223,254
hCoV-19/England/QEUH-969F3C/2020,223,254
hCoV-19/England/QEUH-969ED5/2020,223,254
hCoV-19/England/QEUH-969E99/2020,223,254
hCoV-19/England/QEUH-969CF9/2020,223,254
hCoV-19/England/QEUH-969CCC/2020,223,254
hCoV-19/England/QEUH-969C80/2020,223,254
hCoV-19/England/QEUH-969BED/2020,223,254
hCoV-19/England/QEUH-969AA4/2020,223,254
hCoV-19/England/QEUH-969628/2020,223,254
hCoV-19/England/QEUH-969585/2020,223,254
hCoV-19/England/QEUH-96953A/2020,223,254
hCoV-19/England/QEUH-9694D3/2020,223,254
hCoV-19/England/QEUH-969479/2020,223,254
hCoV-19/England/QEUH-965844/2020,223,254
hCoV-19/England/QEUH-965835/2020,223,254
hCoV-19/England/QEUH-9656C2/2020,223,254
hCoV-19/England/QEUH-965695/2020,223,254
hCoV-19/England/QEUH-965440/2020,223,254
hCoV-19/England/QEUH-9653F8/2020,223,254
hCoV-19/England/QEUH-96538F/2020,223,254
hCoV-19/England/QEUH-965316/2020,223,254
hCoV-19/England/QEUH-9652BF/2020,223,254
hCoV-19/England/QEUH-965264/2020,223,254
hCoV-19/England/QEUH-9651FE/2020,223,254
hCoV-19/England/QEUH-964DFB/2020,223,254
hCoV-19/England/QEUH-964DEC/2020,223,254
hCoV-19/England/QEUH-964DDD/2020,223,254
hCoV-19/England/QEUH-964D19/2020,223,254
hCoV-19/England/QEUH-964CA3/2020,223,254
hCoV-19/England/QEUH-964C85/2020,223,254
hCoV-19/England/QEUH-964C76/2020,223,254
hCoV-19/England/QEUH-964C49/2020,223,254
hCoV-19/England/QEUH-964C3A/2020,223,254
hCoV-19/England/QEUH-964C2B/2020,223,254
hCoV-19/England/QEUH-964C1C/2020,223,254
hCoV-19/England/QEUH-964BA6/2020,223,254
hCoV-19/England/QEUH-964B97/2020,223,254
hCoV-19/England/QEUH-964B6A/2020,223,287
hCoV-19/England/QEUH-964B00/2020,223,254
hCoV-19/England/QEUH-964AE5/2020,223,254
hCoV-19/England/QEUH-964AA9/2020,223,254
hCoV-19/England/QEUH-964A9A/2020,223,254
hCoV-19/England/QEUH-964A12/2020,223,254
hCoV-19/England/QEUH-9649E8/2020,223,254
hCoV-19/England/QEUH-964906/2020,223,254
hCoV-19/England/QEUH-9648FA/2020,223,254
hCoV-19/England/QEUH-9648BE/2020,223,259
hCoV-19/England/QEUH-9648AF/2020,223,259
hCoV-19/England/QEUH-964863/2020,223,259
hCoV-19/England/QEUH-964854/2020,223,259
hCoV-19/England/QEUH-964845/2020,223,259
hCoV-19/England/QEUH-964836/2020,223,259
hCoV-19/England/QEUH-9647EE/2020,223,259
hCoV-19/England/QEUH-9647DF/2020,223,259
hCoV-19/England/QEUH-9647C0/2020,223,259
hCoV-19/England/QEUH-9647B1/2020,223,259
hCoV-19/England/QEUH-964784/2020,223,259
hCoV-19/England/QEUH-96471B/2020,223,259
hCoV-19/England/QEUH-9646F0/2020,223,259
hCoV-19/England/QEUH-964696/2020,223,259
hCoV-19/England/QEUH-964678/2020,223,259
hCoV-19/England/QEUH-96463C/2020,223,259
hCoV-19/England/QEUH-9645F3/2020,223,259
hCoV-19/England/QEUH-9645C6/2020,223,259
hCoV-19/England/QEUH-96457B/2020,223,259
hCoV-19/England/QEUH-96456C/2020,223,259
hCoV-19/England/QEUH-964520/2020,223,259
hCoV-19/England/QEUH-9644F6/2020,223,259
hCoV-19/England/QEUH-96446F/2020,223,259
hCoV-19/England/QEUH-964450/2020,223,259
hCoV-19/England/QEUH-964432/2020,223,259
hCoV-19/England/QEUH-964423/2020,223,259
hCoV-19/England/QEUH-9643F9/2020,223,259
hCoV-19/England/QEUH-9643EA/2020,223,259
hCoV-19/England/QEUH-9643DB/2020,223,259
hCoV-19/England/QEUH-9643CC/2020,223,259
hCoV-19/England/QEUH-9643BD/2020,223,259
hCoV-19/England/QEUH-964371/2020,223,259
hCoV-19/England/QEUH-9642A1/2020,223,259
hCoV-19/England/QEUH-964247/2020,223,259
hCoV-19/England/QEUH-964238/2020,223,259
hCoV-19/England/QEUH-964229/2020,223,259
hCoV-19/England/QEUH-96421A/2020,223,259
hCoV-19/England/QEUH-9640A7/2020,223,259
hCoV-19/England/QEUH-963F23/2020,223,259
hCoV-19/England/QEUH-963D38/2020,223,254
hCoV-19/England/QEUH-963D29/2020,223,254
hCoV-19/England/QEUH-963CFF/2020,223,254
hCoV-19/England/QEUH-963CC2/2020,223,254
hCoV-19/England/QEUH-963CA4/2020,223,254
hCoV-19/England/QEUH-963C77/2020,223,254
hCoV-19/England/QEUH-963C3B/2020,223,254
hCoV-19/England/QEUH-963BC5/2020,223,254
hCoV-19/England/QEUH-963BA7/2020,223,254
hCoV-19/England/QEUH-963B7A/2020,223,254
hCoV-19/England/QEUH-963B3E/2020,223,254
hCoV-19/England/QEUH-96398F/2020,223,259
hCoV-19/England/QEUH-963925/2020,223,259
hCoV-19/England/QEUH-9634D9/2020,223,254
hCoV-19/England/QEUH-963424/2020,223,254
hCoV-19/England/QEUH-963381/2020,223,254
hCoV-19/England/QEUH-963275/2020,223,254
hCoV-19/England/QEUH-96320C/2020,223,254
hCoV-19/England/QEUH-96312D/2020,223,254
hCoV-19/England/QEUH-963011/2020,223,254
hCoV-19/England/QEUH-962E09/2020,223,254
hCoV-19/England/QEUH-962DFD/2020,223,254
hCoV-19/England/QEUH-962DEE/2020,223,254
hCoV-19/England/QEUH-962DDF/2020,223,254
hCoV-19/England/QEUH-962DC0/2020,223,254
hCoV-19/England/QEUH-962D84/2020,223,254
hCoV-19/England/QEUH-962D66/2020,223,254
hCoV-19/England/QEUH-962D57/2020,223,254
hCoV-19/England/QEUH-962CC3/2020,223,254
hCoV-19/England/QEUH-962CB4/2020,223,254
hCoV-19/England/QEUH-962BF3/2020,223,254
hCoV-19/England/QEUH-9629EA/2020,223,254
hCoV-19/England/QEUH-95E69F/2020,223,254
hCoV-19/England/BHRT-24B3FAB/2020,223,266
hCoV-19/England/ALDP-982BC0/2020,223,271
hCoV-19/Wales/QEUH-96A3F3/2020,224,259
hCoV-19/Wales/QEUH-96A180/2020,224,259
hCoV-19/Wales/QEUH-969AC2/2020,224,254
hCoV-19/Wales/QEUH-969488/2020,224,254
hCoV-19/Scotland/QEUH-96A663/2020,224,254
hCoV-19/Scotland/QEUH-969AFF/2020,224,254
hCoV-19/Scotland/QEUH-969A2C/2020,224,254
hCoV-19/Scotland/QEUH-965871/2020,224,254
hCoV-19/Scotland/QEUH-9655E3/2020,224,254
hCoV-19/Scotland/QEUH-9644E7/2020,224,257
hCoV-19/Scotland/QEUH-9644D8/2020,224,257
hCoV-19/Scotland/QEUH-9644C9/2020,224,257
hCoV-19/Scotland/QEUH-964335/2020,224,257
hCoV-19/Scotland/QEUH-964308/2020,224,257
hCoV-19/Scotland/QEUH-964195/2020,224,257
hCoV-19/Scotland/QEUH-9640C5/2020,224,257
hCoV-19/Scotland/QEUH-96407A/2020,224,257
hCoV-19/Scotland/QEUH-964010/2020,224,257
hCoV-19/Scotland/QEUH-963FAB/2020,224,257
hCoV-19/Scotland/QEUH-963F8D/2020,224,257
hCoV-19/Scotland/QEUH-963F7E/2020,224,257
hCoV-19/Scotland/QEUH-963F50/2020,224,257
hCoV-19/Scotland/QEUH-963E17/2020,224,254
hCoV-19/Scotland/QEUH-963DFC/2020,224,254
hCoV-19/Scotland/QEUH-963BE3/2020,224,254
hCoV-19/Scotland/QEUH-963AE6/2020,224,257
hCoV-19/Scotland/QEUH-963A8C/2020,224,257
hCoV-19/Scotland/QEUH-963A7D/2020,224,257
hCoV-19/Scotland/QEUH-963A6E/2020,224,257
hCoV-19/Scotland/QEUH-963A22/2020,224,254
hCoV-19/Scotland/EDB7358/2020,224,244
hCoV-19/England/QEUH-96F5CB/2020,224,254
hCoV-19/England/QEUH-96C634/2020,224,254
hCoV-19/England/QEUH-96C5FB/2020,224,254
hCoV-19/England/QEUH-96C3C4/2020,224,254
hCoV-19/England/QEUH-96C379/2020,224,254
hCoV-19/England/QEUH-96C34C/2020,224,254
hCoV-19/England/QEUH-96C018/2020,224,254
hCoV-19/England/QEUH-96BFFE/2020,224,254
hCoV-19/England/QEUH-96BDB8/2020,224,254
hCoV-19/England/QEUH-96BD21/2020,224,254
hCoV-19/England/QEUH-96A8B8/2020,224,254
hCoV-19/England/QEUH-96A77F/2020,224,254
hCoV-19/England/QEUH-96A733/2020,224,254
hCoV-19/England/QEUH-96A706/2020,224,254
hCoV-19/England/QEUH-96A681/2020,224,254
hCoV-19/England/QEUH-96A2AB/2020,224,259
hCoV-19/England/QEUH-96A1DB/2020,224,254
hCoV-19/England/QEUH-96A0FC/2020,224,254
hCoV-19/England/QEUH-96A0CF/2020,224,259
hCoV-19/England/QEUH-96A083/2020,224,254
hCoV-19/England/QEUH-96A00B/2020,224,254
hCoV-19/England/QEUH-969F69/2020,224,254
hCoV-19/England/QEUH-969F2D/2020,224,254
hCoV-19/England/QEUH-969F0F/2020,224,254
hCoV-19/England/QEUH-969E6C/2020,224,254
hCoV-19/England/QEUH-969D41/2020,224,254
hCoV-19/England/QEUH-969D23/2020,224,254
hCoV-19/England/QEUH-969D05/2020,224,254
hCoV-19/England/QEUH-969CEA/2020,224,254
hCoV-19/England/QEUH-969CDB/2020,224,254
hCoV-19/England/QEUH-969CBD/2020,224,254
hCoV-19/England/QEUH-969CAE/2020,224,254
hCoV-19/England/QEUH-969C9F/2020,224,254
hCoV-19/England/QEUH-969C71/2020,224,254
hCoV-19/England/QEUH-969C35/2020,224,254
hCoV-19/England/QEUH-969C08/2020,224,254
hCoV-19/England/QEUH-969BA1/2020,224,254
hCoV-19/England/QEUH-969B92/2020,224,254
hCoV-19/England/QEUH-969B83/2020,224,254
hCoV-19/England/QEUH-969B65/2020,224,254
hCoV-19/England/QEUH-969B47/2020,224,254
hCoV-19/England/QEUH-969B38/2020,224,254
hCoV-19/England/QEUH-969AE0/2020,224,254
hCoV-19/England/QEUH-9699B6/2020,224,254
hCoV-19/England/QEUH-9698E6/2020,224,254
hCoV-19/England/QEUH-9698D7/2020,224,254
hCoV-19/England/QEUH-969716/2020,224,254
hCoV-19/England/QEUH-9696DD/2020,224,254
hCoV-19/England/QEUH-969619/2020,224,254
hCoV-19/England/QEUH-9695D0/2020,224,254
hCoV-19/England/QEUH-969567/2020,224,254
hCoV-19/England/QEUH-969558/2020,224,254
hCoV-19/England/QEUH-9694C4/2020,224,254
hCoV-19/England/QEUH-9694A6/2020,224,254
hCoV-19/England/QEUH-969497/2020,224,254
hCoV-19/England/QEUH-9659AB/2020,224,254
hCoV-19/England/QEUH-96598D/2020,224,254
hCoV-19/England/QEUH-965950/2020,224,254
hCoV-19/England/QEUH-965932/2020,224,254
hCoV-19/England/QEUH-9658CC/2020,224,254
hCoV-19/England/QEUH-9658AE/2020,224,254
hCoV-19/England/QEUH-965880/2020,224,254
hCoV-19/England/QEUH-965862/2020,224,254
hCoV-19/England/QEUH-965853/2020,224,254
hCoV-19/England/QEUH-965817/2020,224,254
hCoV-19/England/QEUH-9657B0/2020,224,254
hCoV-19/England/QEUH-96571A/2020,224,254
hCoV-19/England/QEUH-96570B/2020,224,254
hCoV-19/England/QEUH-9656FF/2020,224,254
hCoV-19/England/QEUH-9656E0/2020,224,254
hCoV-19/England/QEUH-9656B3/2020,224,254
hCoV-19/England/QEUH-9656A4/2020,224,254
hCoV-19/England/QEUH-965668/2020,224,254
hCoV-19/England/QEUH-96564A/2020,224,254
hCoV-19/England/QEUH-96563B/2020,224,254
hCoV-19/England/QEUH-96561D/2020,224,254
hCoV-19/England/QEUH-9655D4/2020,224,254
hCoV-19/England/QEUH-9655C5/2020,224,254
hCoV-19/England/QEUH-96555C/2020,224,254
hCoV-19/England/QEUH-965501/2020,224,254
hCoV-19/England/QEUH-96545F/2020,224,254
hCoV-19/England/QEUH-965413/2020,224,254
hCoV-19/England/QEUH-9653DA/2020,224,254
hCoV-19/England/QEUH-9653CB/2020,224,254
hCoV-19/England/QEUH-9653AD/2020,224,254
hCoV-19/England/QEUH-965343/2020,224,254
hCoV-19/England/QEUH-965307/2020,224,254
hCoV-19/England/QEUH-9652FB/2020,224,254
hCoV-19/England/QEUH-9652EC/2020,224,254
hCoV-19/England/QEUH-9652DD/2020,224,254
hCoV-19/England/QEUH-9652CE/2020,224,254
hCoV-19/England/QEUH-965282/2020,224,254
hCoV-19/England/QEUH-965273/2020,224,254
hCoV-19/England/QEUH-965255/2020,224,254
hCoV-19/England/QEUH-965237/2020,224,254
hCoV-19/England/QEUH-965219/2020,224,254
hCoV-19/England/QEUH-96520A/2020,224,254
hCoV-19/England/QEUH-9651EF/2020,224,254
hCoV-19/England/QEUH-9651D0/2020,224,254
hCoV-19/England/QEUH-9651C1/2020,224,254
hCoV-19/England/QEUH-9646B4/2020,224,259
hCoV-19/England/QEUH-9646A5/2020,224,259
hCoV-19/England/QEUH-96449C/2020,224,259
hCoV-19/England/QEUH-9642ED/2020,224,259
hCoV-19/England/QEUH-9642DE/2020,224,259
hCoV-19/England/QEUH-964283/2020,224,259
hCoV-19/England/QEUH-964274/2020,224,259
hCoV-19/England/QEUH-964265/2020,224,259
hCoV-19/England/QEUH-9641E0/2020,224,259
hCoV-19/England/QEUH-9641C2/2020,224,259
hCoV-19/England/QEUH-964186/2020,224,259
hCoV-19/England/QEUH-964177/2020,224,259
hCoV-19/England/QEUH-963F6F/2020,224,259
hCoV-19/England/QEUH-963E71/2020,224,254
hCoV-19/England/QEUH-963D65/2020,224,254
hCoV-19/England/QEUH-963D56/2020,224,254
hCoV-19/England/QEUH-963BF2/2020,224,254
hCoV-19/England/QEUH-963B98/2020,224,254
hCoV-19/England/QEUH-963AC8/2020,224,259
hCoV-19/England/QEUH-963855/2020,224,254
hCoV-19/England/QEUH-963846/2020,224,254
hCoV-19/England/NOTT-112F1C/2020,224,244
hCoV-19/England/20342000104/2020,224,250
hCoV-19/Wales/QEUH-96C1D9/2020,225,394
hCoV-19/Wales/PHWC-169C3D/2020,225,236
hCoV-19/Scotland/QEUH-96C458/2020,225,254
hCoV-19/Scotland/QEUH-96BBFA/2020,225,257
hCoV-19/Scotland/QEUH-96A672/2020,225,254
hCoV-19/Scotland/QEUH-96A1BD/2020,225,257
hCoV-19/Scotland/QEUH-96512B/2020,225,257
hCoV-19/Scotland/QEUH-9650F1/2020,225,257
hCoV-19/Scotland/QEUH-965079/2020,225,254
hCoV-19/Scotland/QEUH-96506A/2020,225,254
hCoV-19/Scotland/QEUH-964F8C/2020,225,254
hCoV-19/Scotland/QEUH-964F22/2020,225,254
hCoV-19/Scotland/QEUH-964E61/2020,225,254
hCoV-19/Scotland/QEUH-964E16/2020,225,254
hCoV-19/Scotland/QEUH-964D82/2020,225,254
hCoV-19/Scotland/QEUH-964D46/2020,225,254
hCoV-19/Scotland/QEUH-964B3D/2020,225,257
hCoV-19/Scotland/QEUH-964AD6/2020,225,254
hCoV-19/Scotland/QEUH-964AC7/2020,225,254
hCoV-19/Scotland/QEUH-964AB8/2020,225,254
hCoV-19/Scotland/QEUH-964A30/2020,225,254
hCoV-19/Scotland/QEUH-96498E/2020,225,254
hCoV-19/Scotland/QEUH-964960/2020,225,254
hCoV-19/Scotland/QEUH-964951/2020,225,254
hCoV-19/Scotland/QEUH-9647A2/2020,225,257
hCoV-19/Scotland/QEUH-964757/2020,225,257
hCoV-19/Scotland/QEUH-964748/2020,225,257
hCoV-19/Scotland/QEUH-964739/2020,225,257
hCoV-19/Scotland/QEUH-964687/2020,225,257
hCoV-19/Scotland/EDB7359/2020,225,244
hCoV-19/England/SHEF-C0D05/2020,225,236
hCoV-19/England/QEUH-96C643/2020,225,254
hCoV-19/England/QEUH-96C625/2020,225,254
hCoV-19/England/QEUH-96C607/2020,225,254
hCoV-19/England/QEUH-96C5EC/2020,225,254
hCoV-19/England/QEUH-96C582/2020,225,254
hCoV-19/England/QEUH-96C573/2020,225,254
hCoV-19/England/QEUH-96C555/2020,225,254
hCoV-19/England/QEUH-96C546/2020,225,254
hCoV-19/England/QEUH-96C537/2020,225,254
hCoV-19/England/QEUH-96C4FE/2020,225,254
hCoV-19/England/QEUH-96C4D0/2020,225,254
hCoV-19/England/QEUH-96C4A3/2020,225,254
hCoV-19/England/QEUH-96C494/2020,225,254
hCoV-19/England/QEUH-96C485/2020,225,254
hCoV-19/England/QEUH-96C449/2020,225,254
hCoV-19/England/QEUH-96C43A/2020,225,254
hCoV-19/England/QEUH-96C40D/2020,225,254
hCoV-19/England/QEUH-96C3F1/2020,225,254
hCoV-19/England/QEUH-96C3E2/2020,225,254
hCoV-19/England/QEUH-96C397/2020,225,254
hCoV-19/England/QEUH-96C35B/2020,225,254
hCoV-19/England/QEUH-96C33D/2020,225,254
hCoV-19/England/QEUH-96C32E/2020,225,254
hCoV-19/England/QEUH-96C24F/2020,225,254
hCoV-19/England/QEUH-96C230/2020,225,254
hCoV-19/England/QEUH-96C1E8/2020,225,254
hCoV-19/England/QEUH-96C1BB/2020,225,254
hCoV-19/England/QEUH-96C1AC/2020,225,254
hCoV-19/England/QEUH-96C19D/2020,225,254
hCoV-19/England/QEUH-96BF58/2020,225,254
hCoV-19/England/QEUH-96BEF1/2020,225,254
hCoV-19/England/QEUH-96BED3/2020,225,254
hCoV-19/England/QEUH-96BE6A/2020,225,254
hCoV-19/England/QEUH-96BCCA/2020,225,254
hCoV-19/England/QEUH-96BBAF/2020,225,254
hCoV-19/England/QEUH-96BAB1/2020,225,254
hCoV-19/England/QEUH-96B8A8/2020,225,254
hCoV-19/England/QEUH-96B6EA/2020,225,254
hCoV-19/England/QEUH-96B626/2020,225,254
hCoV-19/England/QEUH-96B34D/2020,225,254
hCoV-19/England/QEUH-96AC9E/2020,225,254
hCoV-19/England/QEUH-96A8A9/2020,225,254
hCoV-19/England/QEUH-96A89A/2020,225,254
hCoV-19/England/QEUH-96A86D/2020,225,254
hCoV-19/England/QEUH-96A821/2020,225,254
hCoV-19/England/QEUH-96A812/2020,225,254
hCoV-19/England/QEUH-96A7F7/2020,225,254
hCoV-19/England/QEUH-96A7D9/2020,225,254
hCoV-19/England/QEUH-96A760/2020,225,254
hCoV-19/England/QEUH-96A724/2020,225,254
hCoV-19/England/QEUH-96A715/2020,225,254
hCoV-19/England/QEUH-96A6FA/2020,225,254
hCoV-19/England/QEUH-96A6AF/2020,225,254
hCoV-19/England/QEUH-96A690/2020,225,254
hCoV-19/England/QEUH-96A645/2020,225,254
hCoV-19/England/QEUH-96A636/2020,225,254
hCoV-19/England/QEUH-96A618/2020,225,254
hCoV-19/England/QEUH-96A5FD/2020,225,254
hCoV-19/England/QEUH-96A5EE/2020,225,254
hCoV-19/England/QEUH-96A5DF/2020,225,254
hCoV-19/England/QEUH-96A5A2/2020,225,254
hCoV-19/England/QEUH-96A575/2020,225,254
hCoV-19/England/QEUH-96A557/2020,225,254
hCoV-19/England/QEUH-96A539/2020,225,254
hCoV-19/England/QEUH-96A51B/2020,225,254
hCoV-19/England/QEUH-96A4D2/2020,225,254
hCoV-19/England/QEUH-96A4C3/2020,225,254
hCoV-19/England/QEUH-96A4B4/2020,225,254
hCoV-19/England/QEUH-96A4A5/2020,225,254
hCoV-19/England/QEUH-96A487/2020,225,254
hCoV-19/England/QEUH-96A478/2020,225,254
hCoV-19/England/QEUH-96A44B/2020,225,254
hCoV-19/England/QEUH-96A40F/2020,225,254
hCoV-19/England/QEUH-96A3C6/2020,225,259
hCoV-19/England/QEUH-96A3B7/2020,225,259
hCoV-19/England/QEUH-96A37B/2020,225,259
hCoV-19/England/QEUH-96A311/2020,225,259
hCoV-19/England/QEUH-96A2D8/2020,225,259
hCoV-19/England/QEUH-96A29C/2020,225,259
hCoV-19/England/QEUH-96A223/2020,225,259
hCoV-19/England/QEUH-96A1EA/2020,225,259
hCoV-19/England/QEUH-96A162/2020,225,259
hCoV-19/England/QEUH-96A117/2020,225,259
hCoV-19/England/QEUH-96A0A1/2020,225,259
hCoV-19/England/QEUH-969F4B/2020,225,254
hCoV-19/England/QEUH-9657DE/2020,225,254
hCoV-19/England/QEUH-9651A3/2020,225,259
hCoV-19/England/QEUH-96504C/2020,225,254
hCoV-19/England/QEUH-96503D/2020,225,254
hCoV-19/England/QEUH-965000/2020,225,254
hCoV-19/England/QEUH-964FF5/2020,225,254
hCoV-19/England/QEUH-964FE6/2020,225,254
hCoV-19/England/QEUH-964FAA/2020,225,254
hCoV-19/England/QEUH-964DA0/2020,225,254
hCoV-19/England/QEUH-964D91/2020,225,254
hCoV-19/England/QEUH-964D73/2020,225,254
hCoV-19/England/QEUH-964C0D/2020,225,254
hCoV-19/England/QEUH-964BF1/2020,225,254
hCoV-19/England/QEUH-964BE2/2020,225,254
hCoV-19/England/QEUH-964B88/2020,225,254
hCoV-19/England/QEUH-9649BB/2020,225,254
hCoV-19/England/QEUH-9649AC/2020,225,254
hCoV-19/England/QEUH-96499D/2020,225,254
hCoV-19/England/QEUH-96497F/2020,225,254
hCoV-19/England/QEUH-964942/2020,225,254
hCoV-19/England/QEUH-964818/2020,225,259
hCoV-19/England/LOND-DC304/2020,225,313
hCoV-19/England/CAMB-1B5BAE/2020,225,236
hCoV-19/England/CAMB-1B5B71/2020,225,236
hCoV-19/England/CAMB-1B5B44/2020,225,236
hCoV-19/England/CAMB-1B5B35/2020,225,236
hCoV-19/England/CAMB-1B5B17/2020,225,236
hCoV-19/England/BIRM-64134/2020,225,327
hCoV-19/England/BIRM-64116/2020,225,327
hCoV-19/England/BIRM-64107/2020,225,327
hCoV-19/England/BIRM-640FB/2020,225,327
hCoV-19/England/BIRM-62831/2020,225,253
hCoV-19/England/BIRM-62813/2020,225,253
hCoV-19/England/203420511/2020,225,274
hCoV-19/Wales/QEUH-96BF94/2020,226,254
hCoV-19/Wales/QEUH-96BF85/2020,226,254
hCoV-19/Wales/QEUH-96BE2E/2020,226,254
hCoV-19/Wales/QEUH-96BE00/2020,226,254
hCoV-19/Wales/QEUH-96BB27/2020,226,300
hCoV-19/Wales/QEUH-96B820/2020,226,254
hCoV-19/Scotland/QEUH-96BD6D/2020,226,257
hCoV-19/Scotland/QEUH-96BA0C/2020,226,257
hCoV-19/Scotland/QEUH-96B6CC/2020,226,257
hCoV-19/Scotland/QEUH-96B574/2020,226,257
hCoV-19/Scotland/QEUH-96B36B/2020,226,257
hCoV-19/Scotland/QEUH-96B0DD/2020,226,257
hCoV-19/Scotland/QEUH-9698C8/2020,226,254
hCoV-19/Scotland/QEUH-9698B9/2020,226,254
hCoV-19/Scotland/QEUH-96986E/2020,226,254
hCoV-19/Scotland/QEUH-969840/2020,226,254
hCoV-19/Scotland/QEUH-969831/2020,226,254
hCoV-19/Scotland/QEUH-969822/2020,226,254
hCoV-19/Scotland/QEUH-9697E9/2020,226,254
hCoV-19/Scotland/QEUH-9697DA/2020,226,254
hCoV-19/Scotland/QEUH-969752/2020,226,254
hCoV-19/Scotland/QEUH-969743/2020,226,254
hCoV-19/Scotland/QEUH-969725/2020,226,254
hCoV-19/Scotland/QEUH-969707/2020,226,254
hCoV-19/Scotland/QEUH-9696CE/2020,226,254
hCoV-19/Scotland/QEUH-969646/2020,226,254
hCoV-19/Scotland/QEUH-969637/2020,226,254
hCoV-19/Scotland/QEUH-9695C1/2020,226,254
hCoV-19/Scotland/QEUH-969549/2020,226,254
hCoV-19/Scotland/QEUH-9659BA/2020,226,254
hCoV-19/Scotland/QEUH-9657A1/2020,226,254
hCoV-19/Scotland/QEUH-965792/2020,226,254
hCoV-19/Scotland/QEUH-965774/2020,226,254
hCoV-19/Scotland/QEUH-965765/2020,226,254
hCoV-19/Scotland/QEUH-965738/2020,226,254
hCoV-19/Scotland/QEUH-965729/2020,226,254
hCoV-19/Scotland/QEUH-965589/2020,226,254
hCoV-19/Scotland/QEUH-9654E6/2020,226,254
hCoV-19/Scotland/QEUH-9654C8/2020,226,254
hCoV-19/Scotland/QEUH-9654B9/2020,226,254
hCoV-19/Scotland/QEUH-96549B/2020,226,254
hCoV-19/Scotland/QEUH-96548C/2020,226,254
hCoV-19/Scotland/EDB7360/2020,226,244
hCoV-19/Scotland/EDB7275/2020,226,244
hCoV-19/England/QEUH-9989BE/2020,226,264
hCoV-19/England/QEUH-96FA80/2020,226,264
hCoV-19/England/QEUH-96F40A/2020,226,254
hCoV-19/England/QEUH-96C1CA/2020,226,254
hCoV-19/England/QEUH-96BFD0/2020,226,254
hCoV-19/England/QEUH-96BFC1/2020,226,254
hCoV-19/England/QEUH-96BF76/2020,226,254
hCoV-19/England/QEUH-96BF0D/2020,226,254
hCoV-19/England/QEUH-96BEE2/2020,226,254
hCoV-19/England/QEUH-96BE88/2020,226,254
hCoV-19/England/QEUH-96BE79/2020,226,254
hCoV-19/England/QEUH-96BE5B/2020,226,254
hCoV-19/England/QEUH-96BE4C/2020,226,254
hCoV-19/England/QEUH-96BE1F/2020,226,254
hCoV-19/England/QEUH-96BDE5/2020,226,254
hCoV-19/England/QEUH-96BDC7/2020,226,254
hCoV-19/England/QEUH-96BDA9/2020,226,254
hCoV-19/England/QEUH-96BD5E/2020,226,254
hCoV-19/England/QEUH-96BD4F/2020,226,254
hCoV-19/England/QEUH-96BD30/2020,226,254
hCoV-19/England/QEUH-96BD03/2020,226,254
hCoV-19/England/QEUH-96BCF7/2020,226,254
hCoV-19/England/QEUH-96BCE8/2020,226,254
hCoV-19/England/QEUH-96BCD9/2020,226,254
hCoV-19/England/QEUH-96BCAC/2020,226,254
hCoV-19/England/QEUH-96BC9D/2020,226,254
hCoV-19/England/QEUH-96BC7F/2020,226,254
hCoV-19/England/QEUH-96BC33/2020,226,287
hCoV-19/England/QEUH-96BC15/2020,226,254
hCoV-19/England/QEUH-96BBEB/2020,226,254
hCoV-19/England/QEUH-96BBDC/2020,226,254
hCoV-19/England/QEUH-96BBBE/2020,226,254
hCoV-19/England/QEUH-96BB90/2020,226,254
hCoV-19/England/QEUH-96BB81/2020,226,254
hCoV-19/England/QEUH-96BB72/2020,226,254
hCoV-19/England/QEUH-96BB36/2020,226,254
hCoV-19/England/QEUH-96BB09/2020,226,254
hCoV-19/England/QEUH-96BAFD/2020,226,254
hCoV-19/England/QEUH-96BA93/2020,226,254
hCoV-19/England/QEUH-96BA84/2020,226,254
hCoV-19/England/QEUH-96BA66/2020,226,254
hCoV-19/England/QEUH-96BA57/2020,226,254
hCoV-19/England/QEUH-96BA48/2020,226,254
hCoV-19/England/QEUH-96B996/2020,226,254
hCoV-19/England/QEUH-96B987/2020,226,254
hCoV-19/England/QEUH-96B899/2020,226,254
hCoV-19/England/QEUH-96B88A/2020,226,254
hCoV-19/England/QEUH-96B750/2020,226,254
hCoV-19/England/QEUH-96B723/2020,226,254
hCoV-19/England/QEUH-96B714/2020,226,254
hCoV-19/England/QEUH-96B705/2020,226,254
hCoV-19/England/QEUH-96B6F9/2020,226,254
hCoV-19/England/QEUH-96B671/2020,226,254
hCoV-19/England/QEUH-96B592/2020,226,254
hCoV-19/England/QEUH-96B583/2020,226,254
hCoV-19/England/QEUH-96B4D1/2020,226,254
hCoV-19/England/QEUH-96B4C2/2020,226,254
hCoV-19/England/QEUH-96B477/2020,226,254
hCoV-19/England/QEUH-96B468/2020,226,254
hCoV-19/England/QEUH-96B43B/2020,226,254
hCoV-19/England/QEUH-96B41D/2020,226,254
hCoV-19/England/QEUH-96B3E3/2020,226,254
hCoV-19/England/QEUH-96B3D4/2020,226,254
hCoV-19/England/QEUH-96B35C/2020,226,254
hCoV-19/England/QEUH-96B32F/2020,226,254
hCoV-19/England/QEUH-96B2F5/2020,226,254
hCoV-19/England/QEUH-96B2C8/2020,226,254
hCoV-19/England/QEUH-96B2B9/2020,226,254
hCoV-19/England/QEUH-96B29B/2020,226,254
hCoV-19/England/QEUH-96B231/2020,226,254
hCoV-19/England/QEUH-96B107/2020,226,254
hCoV-19/England/QEUH-96B037/2020,226,254
hCoV-19/England/QEUH-96AFA4/2020,226,254
hCoV-19/England/QEUH-96AF68/2020,226,254
hCoV-19/England/QEUH-96AF0E/2020,226,254
hCoV-19/England/QEUH-96AED4/2020,226,254
hCoV-19/England/QEUH-96AEA7/2020,226,254
hCoV-19/England/QEUH-96AE89/2020,226,254
hCoV-19/England/QEUH-96ADC8/2020,226,254
hCoV-19/England/QEUH-96ADAA/2020,226,254
hCoV-19/England/QEUH-96AD7D/2020,226,254
hCoV-19/England/QEUH-96AD31/2020,226,254
hCoV-19/England/QEUH-96AD22/2020,226,254
hCoV-19/England/QEUH-96A900/2020,226,254
hCoV-19/England/QEUH-96A8F4/2020,226,254
hCoV-19/England/QEUH-96A8E5/2020,226,254
hCoV-19/England/QEUH-96A85E/2020,226,254
hCoV-19/England/QEUH-96A42D/2020,226,254
hCoV-19/England/QEUH-96A320/2020,226,259
hCoV-19/England/QEUH-9697CB/2020,226,254
hCoV-19/England/QEUH-9697AD/2020,226,254
hCoV-19/England/QEUH-96978F/2020,226,254
hCoV-19/England/QEUH-9696BF/2020,226,254
hCoV-19/England/QEUH-969691/2020,226,254
hCoV-19/England/QEUH-969655/2020,226,254
hCoV-19/England/QEUH-9695FE/2020,226,254
hCoV-19/England/QEUH-9695EF/2020,226,254
hCoV-19/England/QEUH-965914/2020,226,254
hCoV-19/England/QEUH-96589F/2020,226,254
hCoV-19/England/QEUH-9657CF/2020,226,254
hCoV-19/England/OXON-F8B341/2020,226,565
hCoV-19/England/MILK-974587/2020,226,281
hCoV-19/England/MILK-97356A/2020,226,281
hCoV-19/Wales/PHWC-169C5B/2020,227,236
hCoV-19/Scotland/QEUH-96C29A/2020,227,254
hCoV-19/Scotland/QEUH-96C212/2020,227,254
hCoV-19/Scotland/QEUH-96C203/2020,227,254
hCoV-19/Scotland/QEUH-96C0BE/2020,227,254
hCoV-19/Scotland/QEUH-96A3A8/2020,227,257
hCoV-19/Scotland/QEUH-96A302/2020,227,257
hCoV-19/Scotland/QEUH-96A28D/2020,227,257
hCoV-19/Scotland/QEUH-96A27E/2020,227,257
hCoV-19/Scotland/QEUH-96A26F/2020,227,274
hCoV-19/Scotland/QEUH-96A135/2020,227,257
hCoV-19/Scotland/QEUH-96A126/2020,227,257
hCoV-19/Scotland/QEUH-96A092/2020,227,257
hCoV-19/Scotland/QEUH-969FF0/2020,227,257
hCoV-19/Scotland/QEUH-969FE1/2020,227,254
hCoV-19/England/SHEF-D116F/2020,227,236
hCoV-19/England/SHEF-C9D57/2020,227,236
hCoV-19/England/SHEF-C527A/2020,227,236
hCoV-19/England/QEUH-97011E/2020,227,264
hCoV-19/England/QEUH-96FCC6/2020,227,264
hCoV-19/England/QEUH-96F8A4/2020,227,254
hCoV-19/England/QEUH-96F7F2/2020,227,264
hCoV-19/England/QEUH-96F7B6/2020,227,264
hCoV-19/England/QEUH-96F74D/2020,227,264
hCoV-19/England/QEUH-96F4DD/2020,227,254
hCoV-19/England/QEUH-96F3FE/2020,227,254
hCoV-19/England/QEUH-96F3EF/2020,227,254
hCoV-19/England/QEUH-96F1C7/2020,227,254
hCoV-19/England/QEUH-96F16D/2020,227,254
hCoV-19/England/QEUH-96F15E/2020,227,254
hCoV-19/England/QEUH-96EFBF/2020,227,254
hCoV-19/England/QEUH-96E6F6/2020,227,254
hCoV-19/England/QEUH-96C2E5/2020,227,254
hCoV-19/England/QEUH-96C17F/2020,227,254
hCoV-19/England/QEUH-96C124/2020,227,254
hCoV-19/England/QEUH-96BEB5/2020,227,254
hCoV-19/England/QEUH-96BEA6/2020,227,254
hCoV-19/England/QEUH-96BE97/2020,227,254
hCoV-19/England/QEUH-96B222/2020,227,254
hCoV-19/England/QEUH-96B1CB/2020,227,254
hCoV-19/England/QEUH-96B170/2020,227,254
hCoV-19/England/QEUH-96B0BF/2020,227,254
hCoV-19/England/QEUH-96B0A0/2020,227,254
hCoV-19/England/QEUH-96B091/2020,227,287
hCoV-19/England/QEUH-96B082/2020,227,254
hCoV-19/England/QEUH-96B019/2020,227,254
hCoV-19/England/QEUH-96AFC2/2020,227,254
hCoV-19/England/QEUH-96AFB3/2020,227,254
hCoV-19/England/QEUH-96AF4A/2020,227,254
hCoV-19/England/QEUH-96AF3B/2020,227,254
hCoV-19/England/QEUH-96AEF2/2020,227,254
hCoV-19/England/QEUH-96AEE3/2020,227,254
hCoV-19/England/QEUH-96AEC5/2020,227,254
hCoV-19/England/QEUH-96AEB6/2020,227,254
hCoV-19/England/QEUH-96AE98/2020,227,254
hCoV-19/England/QEUH-96AE4D/2020,227,254
hCoV-19/England/QEUH-96AE3E/2020,227,254
hCoV-19/England/QEUH-96ADB9/2020,227,254
hCoV-19/England/QEUH-96AD9B/2020,227,254
hCoV-19/England/QEUH-96AD8C/2020,227,254
hCoV-19/England/QEUH-96AD04/2020,227,254
hCoV-19/England/QEUH-96AC8F/2020,227,254
hCoV-19/England/QEUH-96AC70/2020,227,254
hCoV-19/England/QEUH-96A399/2020,227,259
hCoV-19/England/QEUH-96A2E7/2020,227,259
hCoV-19/England/QEUH-96A214/2020,227,259
hCoV-19/England/QEUH-96A205/2020,227,259
hCoV-19/England/QEUH-96A1F9/2020,227,259
hCoV-19/England/QEUH-96A0ED/2020,227,254
hCoV-19/England/MILK-974578/2020,227,281
hCoV-19/England/LOND-124F413/2020,227,334
hCoV-19/England/CAMB-1B5BCC/2020,227,253
hCoV-19/England/BIRM-63706/2020,227,253
hCoV-19/England/BIRM-6285F/2020,227,253
