hCoV-19/Wales/QEUH-96B152/2020,228,254
hCoV-19/Wales/PHWC-169C97/2020,228,253
hCoV-19/Wales/PHWC-169C88/2020,228,253
hCoV-19/Wales/MILK-971010/2020,228,271
hCoV-19/Wales/MILK-971001/2020,228,271
hCoV-19/Wales/MILK-970FF6/2020,228,271
hCoV-19/Scotland/QEUH-96FC02/2020,228,274
hCoV-19/Scotland/QEUH-96B9A5/2020,228,257
hCoV-19/Scotland/QEUH-96B7AB/2020,228,257
hCoV-19/Scotland/QEUH-96B77E/2020,228,257
hCoV-19/Scotland/QEUH-96B76F/2020,228,257
hCoV-19/Scotland/QEUH-96ADE6/2020,228,257
hCoV-19/Scotland/QEUH-96A7AC/2020,228,254
hCoV-19/Scotland/QEUH-96A751/2020,228,254
hCoV-19/Scotland/QEUH-96A6DC/2020,228,254
hCoV-19/Scotland/QEUH-96A6CD/2020,228,254
hCoV-19/Scotland/QEUH-96A548/2020,228,254
hCoV-19/England/QEUH-97013C/2020,228,274
hCoV-19/England/QEUH-97012D/2020,228,274
hCoV-19/England/QEUH-97010F/2020,228,274
hCoV-19/England/QEUH-96FC11/2020,228,264
hCoV-19/England/QEUH-96FAF9/2020,228,264
hCoV-19/England/QEUH-96F464/2020,228,254
hCoV-19/England/QEUH-96F3A3/2020,228,254
hCoV-19/England/QEUH-96F23D/2020,228,254
hCoV-19/England/QEUH-96F14F/2020,228,254
hCoV-19/England/QEUH-96F130/2020,228,254
hCoV-19/England/QEUH-96F08E/2020,228,254
hCoV-19/England/QEUH-96B8C6/2020,228,254
hCoV-19/England/QEUH-96B8B7/2020,228,254
hCoV-19/England/QEUH-96B7C9/2020,228,254
hCoV-19/England/QEUH-96B143/2020,228,254
hCoV-19/England/QEUH-96B055/2020,228,264
hCoV-19/England/MILK-9767CB/2020,228,281
hCoV-19/England/MILK-976725/2020,228,281
hCoV-19/England/MILK-9766A0/2020,228,281
hCoV-19/England/MILK-9747DC/2020,228,281
hCoV-19/England/MILK-974684/2020,228,281
hCoV-19/England/MILK-9710E3/2020,228,271
hCoV-19/England/MILK-9710D4/2020,228,271
hCoV-19/England/MILK-971098/2020,228,271
hCoV-19/England/MILK-971089/2020,228,271
hCoV-19/England/MILK-97107A/2020,228,271
hCoV-19/England/MILK-97106B/2020,228,271
hCoV-19/England/MILK-97105C/2020,228,271
hCoV-19/England/MILK-97103E/2020,228,271
hCoV-19/England/MILK-970BE3/2020,228,271
hCoV-19/England/BIRM-6378E/2020,228,253
hCoV-19/England/BIRM-6377F/2020,228,253
hCoV-19/England/BIRM-63760/2020,228,253
hCoV-19/England/BIRM-628E6/2020,228,253
hCoV-19/England/BIRM-6287D/2020,228,253
hCoV-19/Wales/PHWC-16A179/2020,229,257
hCoV-19/Wales/MILK-97020C/2020,229,271
hCoV-19/Scotland/QEUH-96FD69/2020,229,274
hCoV-19/Scotland/QEUH-96FC6C/2020,229,264
hCoV-19/Scotland/QEUH-96FBD8/2020,229,264
hCoV-19/Scotland/QEUH-96F9FC/2020,229,274
hCoV-19/Scotland/QEUH-96F929/2020,229,264
hCoV-19/Scotland/QEUH-96E8B4/2020,229,257
hCoV-19/Scotland/QEUH-96BF49/2020,229,257
hCoV-19/Scotland/QEUH-96BF2B/2020,229,257
hCoV-19/Scotland/QEUH-96BEC4/2020,229,257
hCoV-19/Scotland/QEUH-96B741/2020,229,257
hCoV-19/Scotland/QEUH-96B6DB/2020,229,257
hCoV-19/Scotland/QEUH-96B69F/2020,229,254
hCoV-19/Scotland/QEUH-96B680/2020,229,254
hCoV-19/Scotland/QEUH-96B644/2020,229,257
hCoV-19/Scotland/QEUH-96B635/2020,229,257
hCoV-19/Scotland/QEUH-96B5DE/2020,229,257
hCoV-19/Scotland/QEUH-96B5A1/2020,229,254
hCoV-19/Scotland/QEUH-96B547/2020,229,257
hCoV-19/Scotland/QEUH-96B538/2020,229,257
hCoV-19/Scotland/QEUH-96B51A/2020,229,257
hCoV-19/Scotland/QEUH-96B4E0/2020,229,254
hCoV-19/Scotland/QEUH-96B495/2020,229,257
hCoV-19/Scotland/QEUH-96B42C/2020,229,257
hCoV-19/Scotland/QEUH-96B3C5/2020,229,257
hCoV-19/Scotland/QEUH-96B3B6/2020,229,257
hCoV-19/Scotland/QEUH-96B3A7/2020,229,257
hCoV-19/Scotland/QEUH-96B398/2020,229,257
hCoV-19/Scotland/QEUH-96B389/2020,229,254
hCoV-19/Scotland/QEUH-96B37A/2020,229,257
hCoV-19/Scotland/QEUH-96B2D7/2020,229,257
hCoV-19/Scotland/QEUH-96B28C/2020,229,254
hCoV-19/Scotland/QEUH-96B27D/2020,229,254
hCoV-19/Scotland/QEUH-96ACCB/2020,229,257
hCoV-19/Scotland/QEUH-96AAD0/2020,229,257
hCoV-19/Scotland/QEUH-96AAC1/2020,229,257
hCoV-19/Scotland/QEUH-96A9E2/2020,229,257
hCoV-19/Scotland/QEUH-96A997/2020,229,257
hCoV-19/Scotland/QEUH-96A96A/2020,229,257
hCoV-19/Scotland/QEUH-96A95B/2020,229,254
hCoV-19/Scotland/MILK-974736/2020,229,281
hCoV-19/Scotland/CVR3969/2020,229,244
hCoV-19/England/QEUH-970169/2020,229,264
hCoV-19/England/QEUH-97015A/2020,229,264
hCoV-19/England/QEUH-97014B/2020,229,264
hCoV-19/England/QEUH-9700D5/2020,229,264
hCoV-19/England/QEUH-9700B7/2020,229,264
hCoV-19/England/QEUH-97008A/2020,229,264
hCoV-19/England/QEUH-96FF90/2020,229,264
hCoV-19/England/QEUH-96FC7B/2020,229,264
hCoV-19/England/QEUH-96FB6F/2020,229,264
hCoV-19/England/QEUH-96FB32/2020,229,264
hCoV-19/England/QEUH-96FADB/2020,229,264
hCoV-19/England/QEUH-96FACC/2020,229,264
hCoV-19/England/QEUH-96FABD/2020,229,264
hCoV-19/England/QEUH-96FAAE/2020,229,264
hCoV-19/England/QEUH-96FA71/2020,229,264
hCoV-19/England/QEUH-96FA62/2020,229,264
hCoV-19/England/QEUH-96FA26/2020,229,264
hCoV-19/England/QEUH-96FA17/2020,229,264
hCoV-19/England/QEUH-96FA08/2020,229,264
hCoV-19/England/QEUH-96F947/2020,229,264
hCoV-19/England/QEUH-96F91A/2020,229,264
hCoV-19/England/QEUH-96F90B/2020,229,264
hCoV-19/England/QEUH-96F8FF/2020,229,264
hCoV-19/England/QEUH-96F8E0/2020,229,264
hCoV-19/England/QEUH-96F8B3/2020,229,254
hCoV-19/England/QEUH-96F868/2020,229,264
hCoV-19/England/QEUH-96F859/2020,229,264
hCoV-19/England/QEUH-96F84A/2020,229,254
hCoV-19/England/QEUH-96F82C/2020,229,264
hCoV-19/England/QEUH-96F81D/2020,229,264
hCoV-19/England/QEUH-96F7D4/2020,229,264
hCoV-19/England/QEUH-96F789/2020,229,264
hCoV-19/England/QEUH-96F77A/2020,229,264
hCoV-19/England/QEUH-96F72F/2020,229,254
hCoV-19/England/QEUH-96F710/2020,229,254
hCoV-19/England/QEUH-96F6F5/2020,229,264
hCoV-19/England/QEUH-96F6E6/2020,229,264
hCoV-19/England/QEUH-96F6D7/2020,229,254
hCoV-19/England/QEUH-96F68C/2020,229,264
hCoV-19/England/QEUH-96F67D/2020,229,254
hCoV-19/England/QEUH-96F65F/2020,229,264
hCoV-19/England/QEUH-96F640/2020,229,264
hCoV-19/England/QEUH-96F631/2020,229,264
hCoV-19/England/QEUH-96F622/2020,229,264
hCoV-19/England/QEUH-96F5E9/2020,229,254
hCoV-19/England/QEUH-96F5DA/2020,229,254
hCoV-19/England/QEUH-96F5AD/2020,229,254
hCoV-19/England/QEUH-96F570/2020,229,254
hCoV-19/England/QEUH-96F552/2020,229,254
hCoV-19/England/QEUH-96F507/2020,229,254
hCoV-19/England/QEUH-96F4FB/2020,229,254
hCoV-19/England/QEUH-96F4CE/2020,229,254
hCoV-19/England/QEUH-96F4BF/2020,229,254
hCoV-19/England/QEUH-96F4A0/2020,229,254
hCoV-19/England/QEUH-96F491/2020,229,254
hCoV-19/England/QEUH-96F482/2020,229,264
hCoV-19/England/QEUH-96F473/2020,229,254
hCoV-19/England/QEUH-96F437/2020,229,254
hCoV-19/England/QEUH-96F428/2020,229,254
hCoV-19/England/QEUH-96F3C1/2020,229,254
hCoV-19/England/QEUH-96F3B2/2020,229,254
hCoV-19/England/QEUH-96F376/2020,229,254
hCoV-19/England/QEUH-96F358/2020,229,254
hCoV-19/England/QEUH-96F33A/2020,229,254
hCoV-19/England/QEUH-96F31C/2020,229,254
hCoV-19/England/QEUH-96F2C4/2020,229,254
hCoV-19/England/QEUH-96F2B5/2020,229,254
hCoV-19/England/QEUH-96F297/2020,229,254
hCoV-19/England/QEUH-96F279/2020,229,254
hCoV-19/England/QEUH-96F25B/2020,229,254
hCoV-19/England/QEUH-96F24C/2020,229,254
hCoV-19/England/QEUH-96F22E/2020,229,254
hCoV-19/England/QEUH-96F200/2020,229,254
hCoV-19/England/QEUH-96F1F4/2020,229,254
hCoV-19/England/QEUH-96F1D6/2020,229,254
hCoV-19/England/QEUH-96F1B8/2020,229,254
hCoV-19/England/QEUH-96F1A9/2020,229,254
hCoV-19/England/QEUH-96F19A/2020,229,254
hCoV-19/England/QEUH-96F18B/2020,229,254
hCoV-19/England/QEUH-96F17C/2020,229,254
hCoV-19/England/QEUH-96F103/2020,229,254
hCoV-19/England/QEUH-96F060/2020,229,254
hCoV-19/England/QEUH-96F051/2020,229,254
hCoV-19/England/QEUH-96EF55/2020,229,254
hCoV-19/England/QEUH-96E9A2/2020,229,254
hCoV-19/England/QEUH-96E7D5/2020,229,254
hCoV-19/England/QEUH-96E711/2020,229,254
hCoV-19/England/QEUH-96E6E7/2020,229,254
hCoV-19/England/QEUH-96E6D8/2020,229,254
hCoV-19/England/QEUH-96E650/2020,229,254
hCoV-19/England/QEUH-96E641/2020,229,254
hCoV-19/England/QEUH-96E632/2020,229,254
hCoV-19/England/QEUH-96E605/2020,229,254
hCoV-19/England/QEUH-96E5BD/2020,229,254
hCoV-19/England/QEUH-96E571/2020,229,254
hCoV-19/England/QEUH-96E562/2020,229,254
hCoV-19/England/QEUH-96E104/2020,229,254
hCoV-19/England/QEUH-96E0F8/2020,229,254
hCoV-19/England/QEUH-96E0E9/2020,229,254
hCoV-19/England/QEUH-96E070/2020,229,254
hCoV-19/England/QEUH-96DFB0/2020,229,254
hCoV-19/England/QEUH-96DF47/2020,229,254
hCoV-19/England/QEUH-96DF38/2020,229,254
hCoV-19/England/QEUH-96DF1A/2020,229,254
hCoV-19/England/QEUH-96B5FC/2020,229,254
hCoV-19/England/QEUH-96B565/2020,229,254
hCoV-19/England/QEUH-96B556/2020,229,254
hCoV-19/England/QEUH-96B50B/2020,229,254
hCoV-19/England/QEUH-96B4A4/2020,229,254
hCoV-19/England/QEUH-96B486/2020,229,254
hCoV-19/England/QEUH-96AC16/2020,229,254
hCoV-19/England/QEUH-96ABA0/2020,229,254
hCoV-19/England/QEUH-96AA3A/2020,229,254
hCoV-19/England/QEUH-96A988/2020,229,254
hCoV-19/England/QEUH-96A979/2020,229,254
hCoV-19/England/QEUH-96A93D/2020,229,254
hCoV-19/England/MILK-995720/2020,229,271
hCoV-19/England/MILK-9768F5/2020,229,271
hCoV-19/England/MILK-9768D7/2020,229,281
hCoV-19/England/MILK-97628E/2020,229,281
hCoV-19/England/MILK-97627F/2020,229,281
hCoV-19/England/MILK-975CDC/2020,229,271
hCoV-19/England/MILK-9754C5/2020,229,271
hCoV-19/England/MILK-9750FE/2020,229,271
hCoV-19/England/MILK-974DF8/2020,229,271
hCoV-19/England/MILK-9749C7/2020,229,281
hCoV-19/England/MILK-9747FA/2020,229,281
hCoV-19/England/MILK-974754/2020,229,281
hCoV-19/England/MILK-974745/2020,229,281
hCoV-19/England/MILK-974675/2020,229,281
hCoV-19/England/MILK-974666/2020,229,281
hCoV-19/England/MILK-974596/2020,229,281
hCoV-19/England/MILK-9711C2/2020,229,271
hCoV-19/England/MILK-971168/2020,229,271
hCoV-19/England/MILK-97114A/2020,229,271
hCoV-19/England/MILK-97112C/2020,229,271
hCoV-19/England/MILK-9710C5/2020,229,271
hCoV-19/England/MILK-9710B6/2020,229,271
hCoV-19/England/MILK-970C86/2020,229,271
hCoV-19/England/MILK-9708FB/2020,229,271
hCoV-19/England/MILK-9708DD/2020,229,271
hCoV-19/England/MILK-9708CE/2020,229,271
hCoV-19/England/MILK-970846/2020,229,271
hCoV-19/England/MILK-970837/2020,229,271
hCoV-19/England/MILK-970828/2020,229,271
hCoV-19/England/MILK-970819/2020,229,271
hCoV-19/England/MILK-97080A/2020,229,271
hCoV-19/England/MILK-9707D0/2020,229,271
hCoV-19/England/MILK-9707C1/2020,229,271
hCoV-19/England/MILK-9707A3/2020,229,271
hCoV-19/England/MILK-970794/2020,229,271
hCoV-19/England/MILK-970758/2020,229,271
hCoV-19/England/MILK-97071C/2020,229,271
hCoV-19/England/MILK-97070D/2020,229,271
hCoV-19/England/MILK-9706E2/2020,229,271
hCoV-19/England/MILK-9706C4/2020,229,271
hCoV-19/England/MILK-9706B5/2020,229,271
hCoV-19/England/MILK-9706A6/2020,229,271
hCoV-19/England/MILK-970697/2020,229,271
hCoV-19/England/MILK-9704AC/2020,229,271
hCoV-19/England/MILK-97048E/2020,229,271
hCoV-19/England/MILK-97047F/2020,229,271
hCoV-19/England/MILK-970460/2020,229,287
hCoV-19/England/MILK-970451/2020,229,287
hCoV-19/England/MILK-970433/2020,229,271
hCoV-19/England/MILK-970406/2020,229,271
hCoV-19/England/MILK-9703CD/2020,229,271
hCoV-19/England/MILK-970390/2020,229,271
hCoV-19/England/MILK-970336/2020,229,271
hCoV-19/England/MILK-970327/2020,229,271
hCoV-19/England/MILK-970318/2020,229,271
hCoV-19/England/MILK-9702DF/2020,229,271
hCoV-19/England/MILK-9702C0/2020,229,271
hCoV-19/England/MILK-9702A2/2020,229,271
hCoV-19/England/MILK-970293/2020,229,271
hCoV-19/England/MILK-970266/2020,229,271
hCoV-19/England/MILK-970248/2020,229,271
hCoV-19/England/MILK-97022A/2020,229,271
hCoV-19/England/MILK-97021B/2020,229,271
hCoV-19/England/MILK-9701E1/2020,229,271
hCoV-19/England/MILK-9701D2/2020,229,271
hCoV-19/England/LIVE-AB966/2020,229,474
hCoV-19/England/CAMB-1B5C41/2020,229,253
hCoV-19/England/CAMB-1B5C32/2020,229,253
hCoV-19/England/CAMB-1B5C23/2020,229,253
hCoV-19/England/CAMB-1B5C14/2020,229,253
hCoV-19/England/CAMB-1B5BBD/2020,229,253
hCoV-19/Wales/PHWC-169CE2/2020,230,253
hCoV-19/Wales/PHWC-169CD3/2020,230,253
hCoV-19/Wales/PHWC-169CC4/2020,230,253
hCoV-19/Wales/PHWC-169CA6/2020,230,253
hCoV-19/Wales/MILK-97172A/2020,230,271
hCoV-19/Wales/MILK-9715E4/2020,230,271
hCoV-19/Wales/MILK-9715C6/2020,230,271
hCoV-19/Wales/MILK-9713EA/2020,230,271
hCoV-19/Wales/MILK-9713DB/2020,230,271
hCoV-19/Wales/MILK-9712ED/2020,230,271
hCoV-19/Wales/MILK-9712DE/2020,230,271
hCoV-19/Wales/MILK-9712B0/2020,230,271
hCoV-19/Wales/MILK-971195/2020,230,271
hCoV-19/Wales/MILK-970E26/2020,230,271
hCoV-19/Wales/MILK-970B98/2020,230,271
hCoV-19/Wales/MILK-970B89/2020,230,271
hCoV-19/Wales/MILK-970B7A/2020,230,271
hCoV-19/Wales/MILK-970B6B/2020,230,271
hCoV-19/Wales/MILK-970A5F/2020,230,271
hCoV-19/Scotland/QEUH-9700F3/2020,230,274
hCoV-19/Scotland/QEUH-96FF45/2020,230,274
hCoV-19/Scotland/QEUH-96FEEE/2020,230,274
hCoV-19/Scotland/QEUH-96FEC0/2020,230,274
hCoV-19/Scotland/QEUH-96FEB1/2020,230,274
hCoV-19/Scotland/QEUH-96FE75/2020,230,264
hCoV-19/Scotland/QEUH-96FE66/2020,230,274
hCoV-19/Scotland/QEUH-96FE48/2020,230,274
hCoV-19/Scotland/QEUH-96FE0C/2020,230,264
hCoV-19/Scotland/QEUH-96FDF0/2020,230,274
hCoV-19/Scotland/QEUH-96FDD2/2020,230,264
hCoV-19/Scotland/QEUH-96FD78/2020,230,274
hCoV-19/Scotland/QEUH-96FD4B/2020,230,274
hCoV-19/Scotland/QEUH-96FC99/2020,230,274
hCoV-19/Scotland/QEUH-96FBC9/2020,230,274
hCoV-19/Scotland/QEUH-96FB7E/2020,230,274
hCoV-19/Scotland/QEUH-96FB05/2020,230,274
hCoV-19/Scotland/QEUH-96F9DE/2020,230,399
hCoV-19/Scotland/QEUH-96F983/2020,230,264
hCoV-19/Scotland/QEUH-96F024/2020,230,257
hCoV-19/Scotland/QEUH-96EF73/2020,230,257
hCoV-19/Scotland/QEUH-96EF64/2020,230,257
hCoV-19/Scotland/QEUH-96EF28/2020,230,257
hCoV-19/Scotland/QEUH-96E8E1/2020,230,257
hCoV-19/Scotland/QEUH-96E386/2020,230,257
hCoV-19/Scotland/QEUH-96E1AA/2020,230,257
hCoV-19/Scotland/QEUH-96E18C/2020,230,254
hCoV-19/Scotland/QEUH-96B240/2020,230,257
hCoV-19/Scotland/QEUH-96B204/2020,230,257
hCoV-19/Scotland/QEUH-96B1F8/2020,230,254
hCoV-19/Scotland/QEUH-96B1BC/2020,230,254
hCoV-19/Scotland/QEUH-96B161/2020,230,254
hCoV-19/Scotland/QEUH-96B0EC/2020,230,257
hCoV-19/Scotland/QEUH-96AE6B/2020,230,254
hCoV-19/Scotland/QEUH-96AE5C/2020,230,254
hCoV-19/Scotland/EDB17519/2020,230,481
hCoV-19/England/QEUH-9700A8/2020,230,264
hCoV-19/England/QEUH-96FF18/2020,230,264
hCoV-19/England/QEUH-96FD5A/2020,230,264
hCoV-19/England/QEUH-96FC8A/2020,230,264
hCoV-19/England/QEUH-96FAEA/2020,230,264
hCoV-19/England/QEUH-96F956/2020,230,264
hCoV-19/England/QEUH-96F0AC/2020,230,254
hCoV-19/England/QEUH-96EED0/2020,230,254
hCoV-19/England/QEUH-96E7F3/2020,230,254
hCoV-19/England/QEUH-96E7E4/2020,230,254
hCoV-19/England/QEUH-96E492/2020,230,254
hCoV-19/England/QEUH-96E474/2020,230,254
hCoV-19/England/QEUH-96E30E/2020,230,254
hCoV-19/England/QEUH-96E122/2020,230,254
hCoV-19/England/QEUH-96E0AD/2020,230,254
hCoV-19/England/QEUH-96E09E/2020,230,254
hCoV-19/England/QEUH-96E08F/2020,230,254
hCoV-19/England/QEUH-96E061/2020,230,254
hCoV-19/England/QEUH-96E052/2020,230,254
hCoV-19/England/QEUH-96E025/2020,230,254
hCoV-19/England/QEUH-96E016/2020,230,254
hCoV-19/England/QEUH-96DFFC/2020,230,254
hCoV-19/England/QEUH-96DFDE/2020,230,254
hCoV-19/England/QEUH-96DF83/2020,230,254
hCoV-19/England/QEUH-96DF74/2020,230,254
hCoV-19/England/QEUH-96DEE0/2020,230,254
hCoV-19/England/QEUH-96DED1/2020,230,254
hCoV-19/England/QEUH-96DEA4/2020,230,254
hCoV-19/England/QEUH-96DE86/2020,230,254
hCoV-19/England/QEUH-96DE59/2020,230,254
hCoV-19/England/QEUH-96D2D5/2020,230,254
hCoV-19/England/QEUH-96D27B/2020,230,254
hCoV-19/England/QEUH-96D26C/2020,230,254
hCoV-19/England/QEUH-96D18D/2020,230,254
hCoV-19/England/QEUH-96D141/2020,230,254
hCoV-19/England/QEUH-96D132/2020,230,254
hCoV-19/England/QEUH-96B1AD/2020,230,254
hCoV-19/England/QEUH-96B19E/2020,230,254
hCoV-19/England/QEUH-96B18F/2020,230,254
hCoV-19/England/QEUH-96B046/2020,230,264
hCoV-19/England/PORT-2D40F4/2020,230,253
hCoV-19/England/NOTT-112F67/2020,230,244
hCoV-19/England/MILK-995711/2020,230,271
hCoV-19/England/MILK-995702/2020,230,271
hCoV-19/England/MILK-975173/2020,230,271
hCoV-19/England/MILK-974DDA/2020,230,271
hCoV-19/England/MILK-9745E1/2020,230,281
hCoV-19/England/MILK-97338E/2020,230,281
hCoV-19/England/MILK-973290/2020,230,281
hCoV-19/England/MILK-973281/2020,230,281
hCoV-19/England/MILK-971915/2020,230,271
hCoV-19/England/MILK-9718DC/2020,230,271
hCoV-19/England/MILK-9718BE/2020,230,271
hCoV-19/England/MILK-971845/2020,230,271
hCoV-19/England/MILK-971836/2020,230,271
hCoV-19/England/MILK-971818/2020,230,271
hCoV-19/England/MILK-9717DF/2020,230,271
hCoV-19/England/MILK-971775/2020,230,271
hCoV-19/England/MILK-971739/2020,230,271
hCoV-19/England/MILK-97170C/2020,230,271
hCoV-19/England/MILK-9716E1/2020,230,271
hCoV-19/England/MILK-9716C3/2020,230,271
hCoV-19/England/MILK-971687/2020,230,271
hCoV-19/England/MILK-971678/2020,230,271
hCoV-19/England/MILK-971669/2020,230,271
hCoV-19/England/MILK-97165A/2020,230,271
hCoV-19/England/MILK-9715B7/2020,230,271
hCoV-19/England/MILK-9715A8/2020,230,271
hCoV-19/England/MILK-971599/2020,230,271
hCoV-19/England/MILK-97158A/2020,230,271
hCoV-19/England/MILK-97154E/2020,230,271
hCoV-19/England/MILK-97153F/2020,230,271
hCoV-19/England/MILK-9714F6/2020,230,271
hCoV-19/England/MILK-9714BA/2020,230,271
hCoV-19/England/MILK-97149C/2020,230,271
hCoV-19/England/MILK-9713CC/2020,230,271
hCoV-19/England/MILK-971308/2020,230,271
hCoV-19/England/MILK-971283/2020,230,271
hCoV-19/England/MILK-971247/2020,230,271
hCoV-19/England/MILK-971238/2020,230,271
hCoV-19/England/MILK-9711E0/2020,230,271
hCoV-19/England/MILK-9711D1/2020,230,271
hCoV-19/England/MILK-9711A4/2020,230,271
hCoV-19/England/MILK-970FC9/2020,230,271
hCoV-19/England/MILK-970F9C/2020,230,271
hCoV-19/England/MILK-970F41/2020,230,271
hCoV-19/England/MILK-970EF9/2020,230,271
hCoV-19/England/MILK-970EEA/2020,230,271
hCoV-19/England/MILK-970ECC/2020,230,271
hCoV-19/England/MILK-970EBD/2020,230,271
hCoV-19/England/MILK-970EAE/2020,230,271
hCoV-19/England/MILK-970E71/2020,230,271
hCoV-19/England/MILK-970E62/2020,230,271
hCoV-19/England/MILK-970E44/2020,230,271
hCoV-19/England/MILK-970E17/2020,230,271
hCoV-19/England/MILK-970E08/2020,230,271
hCoV-19/England/MILK-970DFC/2020,230,271
hCoV-19/England/MILK-970DB0/2020,230,271
hCoV-19/England/MILK-970DA1/2020,230,271
hCoV-19/England/MILK-970D92/2020,230,271
hCoV-19/England/MILK-970D74/2020,230,271
hCoV-19/England/MILK-970D65/2020,230,271
hCoV-19/England/MILK-970D56/2020,230,271
hCoV-19/England/MILK-970D47/2020,230,271
hCoV-19/England/MILK-970D38/2020,230,271
hCoV-19/England/MILK-970D1A/2020,230,271
hCoV-19/England/MILK-970CFF/2020,230,271
hCoV-19/England/MILK-970CE0/2020,230,271
hCoV-19/England/MILK-970CC2/2020,230,271
hCoV-19/England/MILK-970CB3/2020,230,287
hCoV-19/England/MILK-970C95/2020,230,271
hCoV-19/England/MILK-970C68/2020,230,271
hCoV-19/England/MILK-970C4A/2020,230,271
hCoV-19/England/MILK-970C3B/2020,230,271
hCoV-19/England/MILK-970C2C/2020,230,271
hCoV-19/England/MILK-970C0E/2020,230,271
hCoV-19/England/MILK-970BF2/2020,230,271
hCoV-19/England/MILK-970BB6/2020,230,271
hCoV-19/England/MILK-970BA7/2020,230,271
hCoV-19/England/MILK-970B4D/2020,230,271
hCoV-19/England/MILK-970B2F/2020,230,271
hCoV-19/England/MILK-970B10/2020,230,271
hCoV-19/England/MILK-970AF5/2020,230,271
hCoV-19/England/MILK-970AE6/2020,230,271
hCoV-19/England/MILK-970AD7/2020,230,271
hCoV-19/England/MILK-970AB9/2020,230,271
hCoV-19/England/MILK-970A9B/2020,230,271
hCoV-19/England/MILK-970A8C/2020,230,271
hCoV-19/England/MILK-970A6E/2020,230,271
hCoV-19/England/MILK-970A40/2020,230,271
hCoV-19/England/MILK-970A04/2020,230,271
hCoV-19/England/MILK-9709E9/2020,230,271
hCoV-19/England/MILK-9709DA/2020,230,271
hCoV-19/England/MILK-9709CB/2020,230,271
hCoV-19/England/MILK-9709BC/2020,230,271
hCoV-19/England/MILK-97099E/2020,230,271
hCoV-19/England/MILK-97098F/2020,230,271
hCoV-19/England/MILK-970970/2020,230,271
hCoV-19/England/MILK-970952/2020,230,271
hCoV-19/England/MILK-970943/2020,230,271
hCoV-19/England/MILK-970934/2020,230,271
hCoV-19/England/MILK-970864/2020,230,271
hCoV-19/England/MILK-970688/2020,230,271
hCoV-19/England/MILK-97066A/2020,230,271
hCoV-19/England/MILK-97065B/2020,230,271
hCoV-19/England/MILK-97064C/2020,230,271
hCoV-19/England/MILK-97061F/2020,230,271
hCoV-19/England/MILK-9705F4/2020,230,271
hCoV-19/England/MILK-9705C7/2020,230,271
hCoV-19/England/MILK-9705B8/2020,230,271
hCoV-19/England/MILK-9705A9/2020,230,271
hCoV-19/England/MILK-97057C/2020,230,271
hCoV-19/England/MILK-970530/2020,230,271
hCoV-19/England/MILK-970521/2020,230,271
hCoV-19/England/MILK-970512/2020,230,271
hCoV-19/England/MILK-9704F7/2020,230,271
hCoV-19/England/MILK-9704E8/2020,230,271
hCoV-19/England/MILK-9704D9/2020,230,271
hCoV-19/England/MILK-9704BB/2020,230,271
hCoV-19/England/MILK-970415/2020,230,271
hCoV-19/England/MILK-9703BE/2020,230,271
hCoV-19/England/MILK-970381/2020,230,271
hCoV-19/England/MILK-970363/2020,230,271
hCoV-19/England/LOND-DC38C/2020,230,313
hCoV-19/England/CAMB-1B5BDB/2020,230,253
hCoV-19/England/203440490/2020,230,274
hCoV-19/Wales/PHWC-169E82/2020,231,253
hCoV-19/Wales/MILK-9762D9/2020,231,281
hCoV-19/Wales/MILK-9762CA/2020,231,281
hCoV-19/Wales/MILK-975CFA/2020,231,271
hCoV-19/Wales/MILK-975CBE/2020,231,271
hCoV-19/Wales/MILK-975CAF/2020,231,271
hCoV-19/Wales/MILK-973588/2020,231,281
hCoV-19/Wales/MILK-97351F/2020,231,281
hCoV-19/Scotland/QEUH-96F886/2020,231,264
hCoV-19/Scotland/QEUH-96F798/2020,231,264
hCoV-19/Scotland/QEUH-96F73E/2020,231,264
hCoV-19/Scotland/QEUH-96F6B9/2020,231,274
hCoV-19/Scotland/QEUH-96F6AA/2020,231,274
hCoV-19/Scotland/QEUH-96F69B/2020,231,274
hCoV-19/Scotland/QEUH-96F613/2020,231,264
hCoV-19/Scotland/QEUH-96F604/2020,231,264
hCoV-19/Scotland/QEUH-96F5BC/2020,231,274
hCoV-19/Scotland/QEUH-96EDE2/2020,231,257
hCoV-19/Scotland/QEUH-96ECD6/2020,231,257
hCoV-19/Scotland/QEUH-96ECC7/2020,231,257
hCoV-19/Scotland/QEUH-96EC9A/2020,231,254
hCoV-19/Scotland/QEUH-96EC12/2020,231,254
hCoV-19/Scotland/QEUH-96EBF7/2020,231,254
hCoV-19/Scotland/QEUH-96EBE8/2020,231,257
hCoV-19/Scotland/QEUH-96EBBB/2020,231,257
hCoV-19/Scotland/QEUH-96EB8E/2020,231,257
hCoV-19/Scotland/QEUH-96EB51/2020,231,257
hCoV-19/Scotland/QEUH-96EB24/2020,231,257
hCoV-19/Scotland/QEUH-96EB15/2020,231,257
hCoV-19/Scotland/QEUH-96EA63/2020,231,257
hCoV-19/Scotland/QEUH-96EA54/2020,231,257
hCoV-19/Scotland/QEUH-96E9B1/2020,231,254
hCoV-19/Scotland/QEUH-96E984/2020,231,257
hCoV-19/Scotland/QEUH-96E975/2020,231,257
hCoV-19/Scotland/QEUH-96E957/2020,231,257
hCoV-19/Scotland/QEUH-96E948/2020,231,257
hCoV-19/Scotland/QEUH-96E939/2020,231,257
hCoV-19/Scotland/QEUH-96E91B/2020,231,257
hCoV-19/Scotland/QEUH-96E8F0/2020,231,254
hCoV-19/Scotland/QEUH-96E8A5/2020,231,257
hCoV-19/Scotland/QEUH-96E85A/2020,231,257
hCoV-19/Scotland/QEUH-96E84B/2020,231,257
hCoV-19/Scotland/QEUH-96E83C/2020,231,254
hCoV-19/Scotland/QEUH-96E6AB/2020,231,257
hCoV-19/Scotland/QEUH-96E67E/2020,231,257
hCoV-19/Scotland/QEUH-96E66F/2020,231,257
hCoV-19/Scotland/QEUH-96E5CC/2020,231,254
hCoV-19/Scotland/QEUH-96E580/2020,231,254
hCoV-19/Scotland/QEUH-96E553/2020,231,257
hCoV-19/Scotland/QEUH-96E544/2020,231,257
hCoV-19/Scotland/QEUH-96D81F/2020,231,257
hCoV-19/Scotland/QEUH-96D572/2020,231,257
hCoV-19/Scotland/QEUH-96D536/2020,231,257
hCoV-19/Scotland/QEUH-96D509/2020,231,257
hCoV-19/Scotland/QEUH-96D4EE/2020,231,257
hCoV-19/Scotland/QEUH-96D448/2020,231,257
hCoV-19/Scotland/EDB7373/2020,231,253
hCoV-19/England/QEUH-96F877/2020,231,264
hCoV-19/England/QEUH-96EF19/2020,231,254
hCoV-19/England/QEUH-96EEEF/2020,231,254
hCoV-19/England/QEUH-96EE85/2020,231,254
hCoV-19/England/QEUH-96EE67/2020,231,254
hCoV-19/England/QEUH-96EE3A/2020,231,254
hCoV-19/England/QEUH-96EDA6/2020,231,254
hCoV-19/England/QEUH-96ED5B/2020,231,254
hCoV-19/England/QEUH-96EC5E/2020,231,254
hCoV-19/England/QEUH-96EC21/2020,231,254
hCoV-19/England/QEUH-96EBAC/2020,231,254
hCoV-19/England/QEUH-96EB60/2020,231,254
hCoV-19/England/QEUH-96EB42/2020,231,254
hCoV-19/England/QEUH-96EAFA/2020,231,254
hCoV-19/England/QEUH-96EA18/2020,231,254
hCoV-19/England/QEUH-96EA09/2020,231,254
hCoV-19/England/QEUH-96E9FD/2020,231,254
hCoV-19/England/QEUH-96E9DF/2020,231,254
hCoV-19/England/QEUH-96E9C0/2020,231,254
hCoV-19/England/QEUH-96E90C/2020,231,254
hCoV-19/England/QEUH-96E82D/2020,231,254
hCoV-19/England/QEUH-96E81E/2020,231,287
hCoV-19/England/QEUH-96E80F/2020,231,254
hCoV-19/England/QEUH-96E7B7/2020,231,254
hCoV-19/England/QEUH-96E720/2020,231,254
hCoV-19/England/QEUH-96E6BA/2020,231,254
hCoV-19/England/QEUH-96E623/2020,231,254
hCoV-19/England/QEUH-96E614/2020,231,254
hCoV-19/England/QEUH-96E5DB/2020,231,254
hCoV-19/England/QEUH-96D202/2020,231,254
hCoV-19/England/QEUH-96D1BA/2020,231,254
hCoV-19/England/QEUH-96D19C/2020,231,254
hCoV-19/England/QEUH-96D17E/2020,231,254
hCoV-19/England/QEUH-96D123/2020,231,254
hCoV-19/England/QEUH-96D0EA/2020,231,254
hCoV-19/England/QEUH-96AFFF/2020,231,271
hCoV-19/England/NOTT-112F3A/2020,231,244
hCoV-19/England/NORT-1B641AF/2020,231,278
hCoV-19/England/MILK-9A8335/2020,231,271
hCoV-19/England/MILK-9A8326/2020,231,271
hCoV-19/England/MILK-9A8317/2020,231,271
hCoV-19/England/MILK-9A8308/2020,231,271
hCoV-19/England/MILK-9A82FC/2020,231,271
hCoV-19/England/MILK-976716/2020,231,281
hCoV-19/England/MILK-9764D3/2020,231,281
hCoV-19/England/MILK-9764C4/2020,231,281
hCoV-19/England/MILK-97644C/2020,231,281
hCoV-19/England/MILK-97643D/2020,231,281
hCoV-19/England/MILK-976330/2020,231,281
hCoV-19/England/MILK-9755C2/2020,231,271
hCoV-19/England/MILK-975322/2020,231,271
hCoV-19/England/MILK-97503A/2020,231,271
hCoV-19/England/MILK-97501C/2020,231,271
hCoV-19/England/MILK-97500D/2020,231,271
hCoV-19/England/MILK-974F2F/2020,231,271
hCoV-19/England/MILK-974EE6/2020,231,271
hCoV-19/England/MILK-974ED7/2020,231,271
hCoV-19/England/MILK-97355B/2020,231,281
hCoV-19/England/MILK-97352E/2020,231,281
hCoV-19/England/MILK-9734A9/2020,231,281
hCoV-19/England/MILK-97348B/2020,231,281
hCoV-19/England/MILK-973403/2020,231,281
hCoV-19/England/MILK-9733F7/2020,231,281
hCoV-19/England/MILK-9733D9/2020,231,281
hCoV-19/England/MILK-9733AC/2020,231,281
hCoV-19/England/MILK-97339D/2020,231,281
hCoV-19/England/MILK-97337F/2020,231,281
hCoV-19/England/MILK-973324/2020,231,281
hCoV-19/England/MILK-973306/2020,231,281
hCoV-19/England/MILK-9732FA/2020,231,281
hCoV-19/England/MILK-9732EB/2020,231,281
hCoV-19/England/MILK-9732BE/2020,231,281
hCoV-19/England/MILK-971371/2020,231,271
hCoV-19/England/MILK-971362/2020,231,271
hCoV-19/England/MILK-971344/2020,231,271
hCoV-19/England/MILK-971335/2020,231,271
hCoV-19/England/MILK-971326/2020,231,271
hCoV-19/England/MILK-971292/2020,231,271
hCoV-19/England/MILK-971256/2020,231,271
hCoV-19/England/MILK-9711FF/2020,231,271
hCoV-19/England/MILK-97055E/2020,231,271
hCoV-19/England/CAMB-1B5CAB/2020,231,253
hCoV-19/England/BIRM-6384F/2020,231,253
hCoV-19/England/BIRM-637E8/2020,231,253
hCoV-19/England/BIRM-637D9/2020,231,253
hCoV-19/England/BIRM-637CA/2020,231,253
hCoV-19/England/203480317/2020,231,274
hCoV-19/Wales/PHWC-169FAD/2020,232,253
hCoV-19/Wales/PHWC-169E28/2020,232,253
hCoV-19/Wales/MILK-975D24/2020,232,271
hCoV-19/Wales/MILK-975780/2020,232,271
hCoV-19/Wales/MILK-975771/2020,232,271
hCoV-19/Wales/MILK-975647/2020,232,271
hCoV-19/Wales/MILK-9750C1/2020,232,271
hCoV-19/Wales/MILK-973184/2020,232,281
hCoV-19/Wales/MILK-973175/2020,232,281
hCoV-19/Wales/MILK-973157/2020,232,281
hCoV-19/Wales/MILK-973148/2020,232,281
hCoV-19/Wales/MILK-973139/2020,232,281
hCoV-19/Wales/MILK-97312A/2020,232,281
hCoV-19/Scotland/QEUH-96E526/2020,232,257
hCoV-19/Scotland/QEUH-96E517/2020,232,257
hCoV-19/Scotland/QEUH-96E508/2020,232,257
hCoV-19/Scotland/QEUH-96E4FC/2020,232,257
hCoV-19/Scotland/QEUH-96E4CF/2020,232,257
hCoV-19/Scotland/QEUH-96E447/2020,232,257
hCoV-19/Scotland/QEUH-96E429/2020,232,257
hCoV-19/Scotland/QEUH-96E41A/2020,232,254
hCoV-19/Scotland/QEUH-96E33B/2020,232,257
hCoV-19/Scotland/QEUH-96E32C/2020,232,257
hCoV-19/Scotland/QEUH-96E298/2020,232,257
hCoV-19/Scotland/QEUH-96E26B/2020,232,257
hCoV-19/Scotland/QEUH-96E25C/2020,232,254
hCoV-19/Scotland/QEUH-96E1F5/2020,232,257
hCoV-19/Scotland/QEUH-96E1D7/2020,232,257
hCoV-19/Scotland/QEUH-96E1C8/2020,232,257
hCoV-19/Scotland/QEUH-96E1B9/2020,232,257
hCoV-19/Scotland/QEUH-96E17D/2020,232,257
hCoV-19/Scotland/QEUH-96E16E/2020,232,254
hCoV-19/Scotland/QEUH-96E0BC/2020,232,254
hCoV-19/Scotland/QEUH-96DBBC/2020,232,257
hCoV-19/Scotland/QEUH-96DBAD/2020,232,257
hCoV-19/Scotland/QEUH-96D967/2020,232,257
hCoV-19/Scotland/QEUH-96D958/2020,232,257
hCoV-19/Scotland/QEUH-96D949/2020,232,257
hCoV-19/Scotland/QEUH-96D93A/2020,232,257
hCoV-19/Scotland/QEUH-96D92B/2020,232,257
hCoV-19/Scotland/QEUH-96D91C/2020,232,257
hCoV-19/Scotland/QEUH-96D8E2/2020,232,257
hCoV-19/Scotland/QEUH-96D879/2020,232,257
hCoV-19/Scotland/QEUH-96D85B/2020,232,257
hCoV-19/Scotland/QEUH-96D800/2020,232,257
hCoV-19/Scotland/QEUH-96D7F4/2020,232,257
hCoV-19/Scotland/QEUH-96D7E5/2020,232,257
hCoV-19/Scotland/QEUH-96D7D6/2020,232,257
hCoV-19/Scotland/QEUH-96D7B8/2020,232,257
hCoV-19/Scotland/QEUH-96D78B/2020,232,257
hCoV-19/Scotland/QEUH-96D76D/2020,232,257
hCoV-19/Scotland/QEUH-96D75E/2020,232,257
hCoV-19/Scotland/QEUH-96D74F/2020,232,257
hCoV-19/Scotland/QEUH-96D730/2020,232,257
hCoV-19/Scotland/QEUH-96D721/2020,232,257
hCoV-19/Scotland/QEUH-96D712/2020,232,257
hCoV-19/Scotland/QEUH-96D703/2020,232,257
hCoV-19/Scotland/QEUH-96D6F7/2020,232,257
hCoV-19/Scotland/QEUH-96D6E8/2020,232,257
hCoV-19/Scotland/QEUH-96D6BB/2020,232,257
hCoV-19/Scotland/QEUH-96D69D/2020,232,257
hCoV-19/Scotland/QEUH-96D68E/2020,232,257
hCoV-19/Scotland/QEUH-96D67F/2020,232,257
hCoV-19/Scotland/QEUH-96D642/2020,232,257
hCoV-19/Scotland/QEUH-96D615/2020,232,257
hCoV-19/Scotland/QEUH-96D5CD/2020,232,257
hCoV-19/Scotland/QEUH-96D5BE/2020,232,257
hCoV-19/Scotland/QEUH-96D527/2020,232,257
hCoV-19/Scotland/QEUH-96D518/2020,232,257
hCoV-19/Scotland/QEUH-96D4FD/2020,232,257
hCoV-19/Scotland/QEUH-96D4DF/2020,232,257
hCoV-19/Scotland/QEUH-96D4C0/2020,232,254
hCoV-19/Scotland/QEUH-96D493/2020,232,257
hCoV-19/Scotland/QEUH-96D484/2020,232,257
hCoV-19/Scotland/QEUH-96D457/2020,232,257
hCoV-19/Scotland/QEUH-96D42A/2020,232,257
hCoV-19/Scotland/QEUH-96D40C/2020,232,257
hCoV-19/Scotland/QEUH-96D3F0/2020,232,257
hCoV-19/Scotland/QEUH-96D3D2/2020,232,257
hCoV-19/Scotland/QEUH-96D3C3/2020,232,254
hCoV-19/Scotland/QEUH-96D378/2020,232,254
hCoV-19/Scotland/QEUH-96D35A/2020,232,257
hCoV-19/Scotland/QEUH-96D34B/2020,232,257
hCoV-19/Scotland/QEUH-96D32D/2020,232,257
hCoV-19/Scotland/QEUH-96D31E/2020,232,257
hCoV-19/Scotland/QEUH-96D220/2020,232,254
hCoV-19/Scotland/QEUH-96D114/2020,232,257
hCoV-19/Scotland/QEUH-96D105/2020,232,257
hCoV-19/Scotland/QEUH-96D0F9/2020,232,257
hCoV-19/Scotland/QEUH-96D0CC/2020,232,257
hCoV-19/Scotland/QEUH-96CFEE/2020,232,257
hCoV-19/Scotland/QEUH-96CF75/2020,232,257
hCoV-19/Scotland/QEUH-96CF39/2020,232,257
hCoV-19/Scotland/QEUH-96CDD5/2020,232,257
hCoV-19/Scotland/QEUH-96CD6C/2020,232,257
hCoV-19/England/QEUH-96E4A1/2020,232,254
hCoV-19/England/QEUH-96E40B/2020,232,254
hCoV-19/England/QEUH-96E3D1/2020,232,254
hCoV-19/England/QEUH-96E377/2020,232,254
hCoV-19/England/QEUH-96E359/2020,232,254
hCoV-19/England/QEUH-96E2D4/2020,232,254
hCoV-19/England/QEUH-96E2B6/2020,232,254
hCoV-19/England/QEUH-96E27A/2020,232,254
hCoV-19/England/QEUH-96E22F/2020,232,254
hCoV-19/England/QEUH-96E201/2020,232,254
hCoV-19/England/QEUH-96DCE6/2020,232,254
hCoV-19/England/QEUH-96DAFB/2020,232,254
hCoV-19/England/QEUH-96DAEC/2020,232,254
hCoV-19/England/QEUH-96DADD/2020,232,254
hCoV-19/England/QEUH-96DA82/2020,232,254
hCoV-19/England/QEUH-96D976/2020,232,254
hCoV-19/England/QEUH-96D84C/2020,232,254
hCoV-19/England/QEUH-96D7C7/2020,232,254
hCoV-19/England/QEUH-96D5FA/2020,232,254
hCoV-19/England/QEUH-96D554/2020,232,254
hCoV-19/England/QEUH-96D466/2020,232,254
hCoV-19/England/QEUH-96D439/2020,232,254
hCoV-19/England/QEUH-96D2F3/2020,232,254
hCoV-19/England/NORT-28CBDC/2020,232,278
hCoV-19/England/MILK-99C49B/2020,232,287
hCoV-19/England/MILK-995641/2020,232,271
hCoV-19/England/MILK-991733/2020,232,285
hCoV-19/England/MILK-976901/2020,232,281
hCoV-19/England/MILK-976822/2020,232,281
hCoV-19/England/MILK-976804/2020,232,281
hCoV-19/England/MILK-9767E9/2020,232,281
hCoV-19/England/MILK-9767AD/2020,232,281
hCoV-19/England/MILK-97679E/2020,232,281
hCoV-19/England/MILK-976734/2020,232,281
hCoV-19/England/MILK-976707/2020,232,281
hCoV-19/England/MILK-9766FB/2020,232,281
hCoV-19/England/MILK-9766DD/2020,232,281
hCoV-19/England/MILK-9766BF/2020,232,281
hCoV-19/England/MILK-976691/2020,232,281
hCoV-19/England/MILK-976682/2020,232,281
hCoV-19/England/MILK-976673/2020,232,281
hCoV-19/England/MILK-976664/2020,232,281
hCoV-19/England/MILK-976655/2020,232,281
hCoV-19/England/MILK-976637/2020,232,281
hCoV-19/England/MILK-976628/2020,232,281
hCoV-19/England/MILK-97660A/2020,232,281
hCoV-19/England/MILK-9765FE/2020,232,281
hCoV-19/England/MILK-9765EF/2020,232,281
hCoV-19/England/MILK-9765D0/2020,232,281
hCoV-19/England/MILK-9765C1/2020,232,281
hCoV-19/England/MILK-9765B2/2020,232,281
hCoV-19/England/MILK-976585/2020,232,281
hCoV-19/England/MILK-976576/2020,232,281
hCoV-19/England/MILK-976567/2020,232,281
hCoV-19/England/MILK-976558/2020,232,281
hCoV-19/England/MILK-976549/2020,232,281
hCoV-19/England/MILK-97652B/2020,232,281
hCoV-19/England/MILK-97651C/2020,232,281
hCoV-19/England/MILK-97650D/2020,232,281
hCoV-19/England/MILK-9764F1/2020,232,281
hCoV-19/England/MILK-9764A6/2020,232,281
hCoV-19/England/MILK-976479/2020,232,281
hCoV-19/England/MILK-97645B/2020,232,281
hCoV-19/England/MILK-97642E/2020,232,281
hCoV-19/England/MILK-97641F/2020,232,281
hCoV-19/England/MILK-976400/2020,232,287
hCoV-19/England/MILK-9763E5/2020,232,281
hCoV-19/England/MILK-9763D6/2020,232,281
hCoV-19/England/MILK-9763A9/2020,232,281
hCoV-19/England/MILK-97639A/2020,232,281
hCoV-19/England/MILK-97638B/2020,232,281
hCoV-19/England/MILK-97637C/2020,232,281
hCoV-19/England/MILK-97636D/2020,232,281
hCoV-19/England/MILK-9762AC/2020,232,281
hCoV-19/England/MILK-976260/2020,232,281
hCoV-19/England/MILK-976242/2020,232,281
hCoV-19/England/MILK-975FB5/2020,232,271
hCoV-19/England/MILK-975F6A/2020,232,271
hCoV-19/England/MILK-975EB8/2020,232,271
hCoV-19/England/MILK-975E9A/2020,232,271
hCoV-19/England/MILK-975E12/2020,232,271
hCoV-19/England/MILK-975D9D/2020,232,271
hCoV-19/England/MILK-975D42/2020,232,271
hCoV-19/England/MILK-975D33/2020,232,271
hCoV-19/England/MILK-975C72/2020,232,271
hCoV-19/England/MILK-975B1B/2020,232,271
hCoV-19/England/MILK-975AF0/2020,232,271
hCoV-19/England/MILK-975A87/2020,232,271
hCoV-19/England/MILK-975A78/2020,232,271
hCoV-19/England/MILK-975A5A/2020,232,271
hCoV-19/England/MILK-975A3C/2020,232,271
hCoV-19/England/MILK-975A1E/2020,232,271
hCoV-19/England/MILK-975A0F/2020,232,271
hCoV-19/England/MILK-9759D5/2020,232,271
hCoV-19/England/MILK-975999/2020,232,271
hCoV-19/England/MILK-97598A/2020,232,271
hCoV-19/England/MILK-97597B/2020,232,271
hCoV-19/England/MILK-97596C/2020,232,271
hCoV-19/England/MILK-97595D/2020,232,271
hCoV-19/England/MILK-97594E/2020,232,271
hCoV-19/England/MILK-97593F/2020,232,271
hCoV-19/England/MILK-975920/2020,232,271
hCoV-19/England/MILK-975911/2020,232,271
hCoV-19/England/MILK-9758F6/2020,232,271
hCoV-19/England/MILK-9758D8/2020,232,271
hCoV-19/England/MILK-9758AB/2020,232,271
hCoV-19/England/MILK-97589C/2020,232,271
hCoV-19/England/MILK-97588D/2020,232,271
hCoV-19/England/MILK-97587E/2020,232,271
hCoV-19/England/MILK-975850/2020,232,271
hCoV-19/England/MILK-975841/2020,232,271
hCoV-19/England/MILK-975832/2020,232,271
hCoV-19/England/MILK-975823/2020,232,271
hCoV-19/England/MILK-975814/2020,232,271
hCoV-19/England/MILK-975805/2020,232,287
hCoV-19/England/MILK-9757F9/2020,232,271
hCoV-19/England/MILK-9757DB/2020,232,271
hCoV-19/England/MILK-9757CC/2020,232,271
hCoV-19/England/MILK-975762/2020,232,271
hCoV-19/England/MILK-975753/2020,232,271
hCoV-19/England/MILK-975717/2020,232,271
hCoV-19/England/MILK-9756FC/2020,232,271
hCoV-19/England/MILK-9756ED/2020,232,271
hCoV-19/England/MILK-9756CF/2020,232,271
hCoV-19/England/MILK-9756B0/2020,232,271
hCoV-19/England/MILK-9756A1/2020,232,271
hCoV-19/England/MILK-975692/2020,232,271
hCoV-19/England/MILK-975683/2020,232,271
hCoV-19/England/MILK-975656/2020,232,271
hCoV-19/England/MILK-97561A/2020,232,271
hCoV-19/England/MILK-97560B/2020,232,271
hCoV-19/England/MILK-9755FF/2020,232,271
hCoV-19/England/MILK-9751EC/2020,232,271
hCoV-19/England/MILK-9751DD/2020,232,271
hCoV-19/England/MILK-975137/2020,232,271
hCoV-19/England/MILK-975128/2020,232,271
hCoV-19/England/MILK-9750D0/2020,232,271
hCoV-19/England/MILK-9750B2/2020,232,271
hCoV-19/England/MILK-975085/2020,232,271
hCoV-19/England/MILK-975067/2020,232,271
hCoV-19/England/MILK-975058/2020,232,271
hCoV-19/England/MILK-975049/2020,232,271
hCoV-19/England/MILK-974FE3/2020,232,271
hCoV-19/England/MILK-974FD4/2020,232,271
hCoV-19/England/MILK-974FC5/2020,232,271
hCoV-19/England/MILK-974FA7/2020,232,271
hCoV-19/England/MILK-974F89/2020,232,271
hCoV-19/England/MILK-974F7A/2020,232,271
hCoV-19/England/MILK-974F4D/2020,232,271
hCoV-19/England/MILK-974F3E/2020,232,271
hCoV-19/England/MILK-974E9B/2020,232,271
hCoV-19/England/MILK-974E8C/2020,232,271
hCoV-19/England/MILK-974E6E/2020,232,271
hCoV-19/England/MILK-974E5F/2020,232,271
hCoV-19/England/MILK-974A4C/2020,232,287
hCoV-19/England/MILK-9749E5/2020,232,281
hCoV-19/England/MILK-9749B8/2020,232,281
hCoV-19/England/MILK-97499A/2020,232,281
hCoV-19/England/MILK-9745D2/2020,232,281
hCoV-19/England/MILK-974569/2020,232,281
hCoV-19/England/MILK-97455A/2020,232,281
hCoV-19/England/MILK-97454B/2020,232,281
hCoV-19/England/MILK-97453C/2020,232,281
hCoV-19/England/MILK-9744D5/2020,232,281
hCoV-19/England/MILK-9744B7/2020,232,281
hCoV-19/England/MILK-9736B2/2020,232,281
hCoV-19/England/MILK-973694/2020,232,281
hCoV-19/England/MILK-973676/2020,232,281
hCoV-19/England/MILK-973667/2020,232,281
hCoV-19/England/MILK-973658/2020,232,281
hCoV-19/England/MILK-973649/2020,232,281
hCoV-19/England/MILK-97361C/2020,232,281
hCoV-19/England/MILK-9735F1/2020,232,281
hCoV-19/England/MILK-9735E2/2020,232,281
hCoV-19/England/MILK-9735D3/2020,232,281
hCoV-19/England/MILK-9735C4/2020,232,281
hCoV-19/England/MILK-9735B5/2020,232,281
hCoV-19/England/MILK-97353D/2020,232,281
hCoV-19/England/MILK-97345E/2020,232,281
hCoV-19/England/MILK-97344F/2020,232,281
hCoV-19/England/MILK-973430/2020,232,281
hCoV-19/England/MILK-973421/2020,232,281
hCoV-19/England/MILK-973263/2020,232,281
hCoV-19/England/MILK-973254/2020,232,281
hCoV-19/England/MILK-973245/2020,232,281
hCoV-19/England/MILK-973227/2020,232,281
hCoV-19/England/MILK-9731FD/2020,232,281
hCoV-19/England/MILK-9731DF/2020,232,281
hCoV-19/England/MILK-9731C0/2020,232,281
hCoV-19/England/MILK-9731A2/2020,232,281
hCoV-19/England/MILK-973166/2020,232,281
hCoV-19/England/MILK-9730F0/2020,232,281
hCoV-19/England/MILK-9730D2/2020,232,281
hCoV-19/England/MILK-9730C3/2020,232,281
hCoV-19/England/MILK-9730B4/2020,232,281
hCoV-19/England/MILK-9730A5/2020,232,281
hCoV-19/England/MILK-973096/2020,232,281
hCoV-19/England/LOND-1250A0E/2020,232,334
hCoV-19/England/BRIS-133C5A/2020,232,253
hCoV-19/England/BRIS-133C3C/2020,232,253
hCoV-19/England/BIRM-638A9/2020,232,253
hCoV-19/England/BIRM-628C8/2020,232,253
hCoV-19/Wales/PHWC-169F70/2020,233,253
hCoV-19/Wales/MILK-993DD5/2020,233,271
hCoV-19/Wales/MILK-97689B/2020,233,271
hCoV-19/Wales/MILK-97685F/2020,233,271
hCoV-19/Wales/MILK-974B2B/2020,233,271
hCoV-19/Scotland/QEUH-96DE2C/2020,233,257
hCoV-19/Scotland/QEUH-96DE1D/2020,233,257
hCoV-19/Scotland/QEUH-96DE0E/2020,233,254
hCoV-19/Scotland/QEUH-96DDC5/2020,233,254
hCoV-19/Scotland/QEUH-96DDB6/2020,233,257
hCoV-19/Scotland/QEUH-96DDA7/2020,233,257
hCoV-19/Scotland/QEUH-96DD89/2020,233,257
hCoV-19/Scotland/QEUH-96DD7A/2020,233,254
hCoV-19/Scotland/QEUH-96DCF5/2020,233,257
hCoV-19/Scotland/QEUH-96D475/2020,233,257
hCoV-19/Scotland/QEUH-96D2A8/2020,233,254
hCoV-19/Scotland/QEUH-96D28A/2020,233,257
hCoV-19/Scotland/QEUH-96D0BD/2020,233,257
hCoV-19/Scotland/QEUH-96D0AE/2020,233,257
hCoV-19/Scotland/QEUH-96CF57/2020,233,257
hCoV-19/Scotland/QEUH-96CF48/2020,233,257
hCoV-19/Scotland/QEUH-96CF2A/2020,233,257
hCoV-19/Scotland/QEUH-96CF1B/2020,233,257
hCoV-19/Scotland/QEUH-96CF0C/2020,233,257
hCoV-19/Scotland/QEUH-96CEF0/2020,233,257
hCoV-19/Scotland/QEUH-96CEC3/2020,233,257
hCoV-19/Scotland/QEUH-96CEB4/2020,233,257
hCoV-19/Scotland/QEUH-96CE2D/2020,233,254
hCoV-19/Scotland/QEUH-96CE0F/2020,233,257
hCoV-19/Scotland/QEUH-96CDF3/2020,233,257
hCoV-19/Scotland/QEUH-96CDA8/2020,233,257
hCoV-19/Scotland/QEUH-96CD8A/2020,233,257
hCoV-19/Scotland/QEUH-96CD7B/2020,233,257
hCoV-19/Scotland/QEUH-96CD4E/2020,233,257
hCoV-19/Scotland/QEUH-96CD20/2020,233,257
hCoV-19/Scotland/QEUH-96CCE7/2020,233,257
hCoV-19/Scotland/QEUH-96CCD8/2020,233,257
hCoV-19/Scotland/QEUH-96CCBA/2020,233,257
hCoV-19/Scotland/QEUH-96CC05/2020,233,257
hCoV-19/Scotland/QEUH-96C8E3/2020,233,254
hCoV-19/Scotland/QEUH-96C8A7/2020,233,257
hCoV-19/Scotland/QEUH-96C898/2020,233,257
hCoV-19/Scotland/QEUH-96C889/2020,233,257
hCoV-19/Scotland/QEUH-96C87A/2020,233,257
hCoV-19/Scotland/QEUH-96C82F/2020,233,257
hCoV-19/Scotland/QEUH-96C810/2020,233,257
hCoV-19/Scotland/QEUH-96C7D7/2020,233,257
hCoV-19/Scotland/QEUH-96C7AA/2020,233,257
hCoV-19/Scotland/QEUH-96C78C/2020,233,254
hCoV-19/Scotland/QEUH-96C77D/2020,233,257
hCoV-19/England/QEUH-998A15/2020,233,264
hCoV-19/England/QEUH-98F282/2020,233,264
hCoV-19/England/QEUH-96DD98/2020,233,254
hCoV-19/England/QEUH-96DC8C/2020,233,254
hCoV-19/England/QEUH-96D080/2020,233,254
hCoV-19/England/QEUH-96D071/2020,233,254
hCoV-19/England/QEUH-96D026/2020,233,254
hCoV-19/England/QEUH-96D017/2020,233,254
hCoV-19/England/QEUH-96CB26/2020,233,254
hCoV-19/England/QEUH-96CB08/2020,233,254
hCoV-19/England/QEUH-96CA29/2020,233,254
hCoV-19/England/QEUH-96C8F2/2020,233,254
hCoV-19/England/QEUH-96C8B6/2020,233,254
hCoV-19/England/QEUH-96C86B/2020,233,254
hCoV-19/England/QEUH-96C85C/2020,233,254
hCoV-19/England/QEUH-96C84D/2020,233,254
hCoV-19/England/QEUH-96C83E/2020,233,254
hCoV-19/England/QEUH-96C7F5/2020,233,254
hCoV-19/England/NOTT-112FA3/2020,233,253
hCoV-19/England/MILK-995650/2020,233,271
hCoV-19/England/MILK-99177F/2020,233,285
hCoV-19/England/MILK-97694D/2020,233,271
hCoV-19/England/MILK-9767F8/2020,233,281
hCoV-19/England/MILK-9767DA/2020,233,281
hCoV-19/England/MILK-97678F/2020,233,271
hCoV-19/England/MILK-976770/2020,233,271
hCoV-19/England/MILK-976752/2020,233,271
hCoV-19/England/MILK-976743/2020,233,271
hCoV-19/England/MILK-976118/2020,233,271
hCoV-19/England/MILK-9760EE/2020,233,271
hCoV-19/England/MILK-976039/2020,233,271
hCoV-19/England/MILK-975C63/2020,233,271
hCoV-19/England/MILK-975C54/2020,233,271
hCoV-19/England/MILK-975C45/2020,233,271
hCoV-19/England/MILK-975C36/2020,233,271
hCoV-19/England/MILK-975C18/2020,233,271
hCoV-19/England/MILK-975BFD/2020,233,271
hCoV-19/England/MILK-975BDF/2020,233,271
hCoV-19/England/MILK-975B93/2020,233,271
hCoV-19/England/MILK-975B84/2020,233,271
hCoV-19/England/MILK-975AE1/2020,233,271
hCoV-19/England/MILK-975AC3/2020,233,271
hCoV-19/England/MILK-975AA5/2020,233,271
hCoV-19/England/MILK-975A96/2020,233,271
hCoV-19/England/MILK-975577/2020,233,271
hCoV-19/England/MILK-975568/2020,233,271
hCoV-19/England/MILK-975559/2020,233,271
hCoV-19/England/MILK-97554A/2020,233,271
hCoV-19/England/MILK-97553B/2020,233,271
hCoV-19/England/MILK-97551D/2020,233,271
hCoV-19/England/MILK-9754F2/2020,233,271
hCoV-19/England/MILK-9754A7/2020,233,271
hCoV-19/England/MILK-975498/2020,233,271
hCoV-19/England/MILK-975489/2020,233,271
hCoV-19/England/MILK-97547A/2020,233,271
hCoV-19/England/MILK-97546B/2020,233,271
hCoV-19/England/MILK-97545C/2020,233,271
hCoV-19/England/MILK-975401/2020,233,271
hCoV-19/England/MILK-97539B/2020,233,271
hCoV-19/England/MILK-97537D/2020,233,271
hCoV-19/England/MILK-97535F/2020,233,271
hCoV-19/England/MILK-975313/2020,233,271
hCoV-19/England/MILK-9752F8/2020,233,271
hCoV-19/England/MILK-9752E9/2020,233,271
hCoV-19/England/MILK-9752DA/2020,233,271
hCoV-19/England/MILK-9752CB/2020,233,271
hCoV-19/England/MILK-9752AD/2020,233,271
hCoV-19/England/MILK-97529E/2020,233,271
hCoV-19/England/MILK-97528F/2020,233,271
hCoV-19/England/MILK-975261/2020,233,271
hCoV-19/England/MILK-975252/2020,233,271
hCoV-19/England/MILK-975234/2020,233,271
hCoV-19/England/MILK-975225/2020,233,271
hCoV-19/England/MILK-975216/2020,233,271
hCoV-19/England/MILK-9751FB/2020,233,271
hCoV-19/England/MILK-9751CE/2020,233,271
hCoV-19/England/MILK-9751A0/2020,233,271
hCoV-19/England/MILK-9750EF/2020,233,271
hCoV-19/England/MILK-974D8F/2020,233,271
hCoV-19/England/MILK-974D70/2020,233,271
hCoV-19/England/MILK-974D61/2020,233,271
hCoV-19/England/MILK-974D43/2020,233,271
hCoV-19/England/MILK-974D34/2020,233,271
hCoV-19/England/MILK-974D07/2020,233,271
hCoV-19/England/MILK-974CFB/2020,233,271
hCoV-19/England/MILK-974CDD/2020,233,271
hCoV-19/England/MILK-974CBF/2020,233,271
hCoV-19/England/MILK-974C91/2020,233,271
hCoV-19/England/MILK-974C73/2020,233,271
hCoV-19/England/MILK-974C55/2020,233,271
hCoV-19/England/MILK-974BD0/2020,233,281
hCoV-19/England/MILK-974BC1/2020,233,281
hCoV-19/England/MILK-974BA3/2020,233,271
hCoV-19/England/MILK-974B76/2020,233,271
hCoV-19/England/MILK-974B67/2020,233,271
hCoV-19/England/MILK-974B58/2020,233,281
hCoV-19/England/MILK-974B3A/2020,233,271
hCoV-19/England/MILK-974B0D/2020,233,271
hCoV-19/England/MILK-974AF1/2020,233,271
hCoV-19/England/MILK-974AD3/2020,233,271
hCoV-19/England/MILK-974AB5/2020,233,271
hCoV-19/England/MILK-974AA6/2020,233,271
hCoV-19/England/MILK-974A79/2020,233,281
hCoV-19/England/MILK-974A6A/2020,233,281
hCoV-19/England/MILK-974A2E/2020,233,281
hCoV-19/England/MILK-974A1F/2020,233,281
hCoV-19/England/MILK-97497C/2020,233,281
hCoV-19/England/MILK-97496D/2020,233,281
hCoV-19/England/MILK-97495E/2020,233,281
hCoV-19/England/MILK-974930/2020,233,287
hCoV-19/England/MILK-974921/2020,233,281
hCoV-19/England/MILK-974912/2020,233,281
hCoV-19/England/MILK-974903/2020,233,281
hCoV-19/England/MILK-9748F7/2020,233,281
hCoV-19/England/MILK-9748E8/2020,233,281
hCoV-19/England/MILK-9748D9/2020,233,281
hCoV-19/England/MILK-9748BB/2020,233,281
hCoV-19/England/MILK-97489D/2020,233,281
hCoV-19/England/MILK-97488E/2020,233,281
hCoV-19/England/MILK-97487F/2020,233,281
hCoV-19/England/MILK-974851/2020,233,281
hCoV-19/England/MILK-974842/2020,233,281
hCoV-19/England/MILK-974833/2020,233,281
hCoV-19/England/MILK-974824/2020,233,281
hCoV-19/England/MILK-974815/2020,233,281
hCoV-19/England/MILK-974806/2020,233,281
hCoV-19/England/MILK-9747CD/2020,233,281
hCoV-19/England/MILK-974772/2020,233,281
hCoV-19/England/MILK-974763/2020,233,281
hCoV-19/England/MILK-974727/2020,233,281
hCoV-19/England/MILK-974718/2020,233,281
hCoV-19/England/MILK-9746EE/2020,233,281
hCoV-19/England/MILK-9746DF/2020,233,281
hCoV-19/England/MILK-9746C0/2020,233,281
hCoV-19/England/MILK-974657/2020,233,281
hCoV-19/England/MILK-974648/2020,233,281
hCoV-19/England/MILK-97462A/2020,233,281
hCoV-19/England/MILK-9745F0/2020,233,281
hCoV-19/England/LIVE-1D290B/2020,233,257
hCoV-19/England/BIRM-638F4/2020,233,253
hCoV-19/England/BIRM-638C7/2020,233,253
hCoV-19/England/BIRM-6297A/2020,233,253
hCoV-19/England/BIRM-6296B/2020,233,253
hCoV-19/England/BIRM-6295C/2020,233,253
hCoV-19/England/BIRM-62901/2020,233,253
hCoV-19/Scotland/QEUH-998A7F/2020,234,274
hCoV-19/Scotland/QEUH-997D4A/2020,234,274
hCoV-19/Scotland/QEUH-96D23F/2020,234,257
hCoV-19/Scotland/QEUH-96D1F6/2020,234,254
hCoV-19/Scotland/QEUH-96CF66/2020,234,257
hCoV-19/Scotland/QEUH-96CDC6/2020,234,257
hCoV-19/Scotland/CVR3971/2020,234,253
hCoV-19/Scotland/CVR3970/2020,234,253
hCoV-19/England/QEUH-9F40CA/2020,234,293
hCoV-19/England/QEUH-999294/2020,234,266
hCoV-19/England/QEUH-99908B/2020,234,266
hCoV-19/England/QEUH-999003/2020,234,266
hCoV-19/England/QEUH-998A24/2020,234,264
hCoV-19/England/QEUH-998963/2020,234,264
hCoV-19/England/QEUH-998839/2020,234,264
hCoV-19/England/QEUH-9987F0/2020,234,264
hCoV-19/England/QEUH-998699/2020,234,264
hCoV-19/England/QEUH-99864E/2020,234,264
hCoV-19/England/QEUH-998480/2020,234,264
hCoV-19/England/QEUH-998462/2020,234,264
hCoV-19/England/QEUH-998426/2020,234,264
hCoV-19/England/MILK-99583C/2020,234,271
hCoV-19/England/MILK-9956C9/2020,234,271
hCoV-19/England/MILK-9956AB/2020,234,271
hCoV-19/England/MILK-99508F/2020,234,271
hCoV-19/England/MILK-993ED2/2020,234,271
hCoV-19/England/MILK-993EA5/2020,234,271
hCoV-19/England/MILK-993E96/2020,234,271
hCoV-19/England/MILK-993E87/2020,234,271
hCoV-19/England/MILK-993E5A/2020,234,271
hCoV-19/England/MILK-993E4B/2020,234,271
hCoV-19/England/MILK-993E3C/2020,234,271
hCoV-19/England/MILK-993E1E/2020,234,271
hCoV-19/England/MILK-993E0F/2020,234,271
hCoV-19/England/MILK-993DE4/2020,234,271
hCoV-19/England/MILK-991751/2020,234,285
hCoV-19/England/MILK-991742/2020,234,285
hCoV-19/England/MILK-991715/2020,234,285
hCoV-19/England/MILK-974DAD/2020,234,271
hCoV-19/England/MILK-974D9E/2020,234,271
hCoV-19/England/LOND-DC37D/2020,234,313
hCoV-19/England/BIRM-6394C/2020,234,572
hCoV-19/England/BIRM-6392E/2020,234,572
hCoV-19/England/BIRM-6391F/2020,234,572
hCoV-19/England/BIRM-63900/2020,234,572
