hCoV-19/Wales/PHWC-24033/2020,74,87
hCoV-19/Wales/PHWC-24006/2020,74,87
hCoV-19/Wales/PHWC-23FFB/2020,74,87
hCoV-19/Wales/PHWC-23CD6/2020,74,87
hCoV-19/Scotland/EDB046/2020,74,104
hCoV-19/Scotland/CVR126/2020,74,104
hCoV-19/Scotland/CVR113/2020,74,104
hCoV-19/Scotland/CVR112/2020,74,104
hCoV-19/England/SHEF-C0840/2020,74,96
hCoV-19/England/SHEF-C00C0/2020,74,96
hCoV-19/England/SHEF-BFE51/2020,74,89
hCoV-19/England/NOTT-10E12C/2020,74,104
hCoV-19/England/NORT-28422A/2020,74,195
hCoV-19/England/NORT-28421B/2020,74,195
hCoV-19/England/NORT-28420C/2020,74,181
hCoV-19/England/NORT-281524/2020,74,195
hCoV-19/England/NORT-281506/2020,74,195
hCoV-19/England/NORT-281481/2020,74,195
hCoV-19/England/NORT-281463/2020,74,195
hCoV-19/England/NORT-281454/2020,74,195
hCoV-19/England/LOND-126035B/2020,74,240
hCoV-19/England/LOND-126034C/2020,74,240
hCoV-19/England/LOND-126033D/2020,74,240
hCoV-19/England/LOND-126032E/2020,74,240
hCoV-19/England/LOND-126031F/2020,74,240
hCoV-19/England/LOND-1260300/2020,74,240
hCoV-19/England/LOND-124D0A8/2020,74,215
hCoV-19/England/LIVE-A6B38/2020,74,209
hCoV-19/England/LIVE-A6B29/2020,74,209
hCoV-19/England/LIVE-A6AB3/2020,74,209
hCoV-19/England/LIVE-A6A2C/2020,74,209
hCoV-19/England/LIVE-A6A0E/2020,74,209
hCoV-19/England/LIVE-A68F5/2020,74,209
hCoV-19/England/LIVE-A68E6/2020,74,209
hCoV-19/England/LIVE-A686E/2020,74,209
hCoV-19/England/LIVE-A6743/2020,74,209
hCoV-19/England/LIVE-A6734/2020,74,209
hCoV-19/England/LIVE-A6725/2020,74,209
hCoV-19/England/LIVE-A6691/2020,74,209
hCoV-19/England/GSTT-265D1D8/2020,74,189
hCoV-19/England/CAMB-75534/2020,74,104
hCoV-19/England/CAMB-75491/2020,74,104
hCoV-19/England/CAMB-7532B/2020,74,132
hCoV-19/England/CAMB-752C4/2020,74,132
hCoV-19/England/CAMB-751F4/2020,74,132
hCoV-19/England/CAMB-750D9/2020,74,132
hCoV-19/England/BRIS-1219A3/2020,74,132
hCoV-19/England/BRIS-121994/2020,74,132
hCoV-19/England/20122087702/2020,74,89
hCoV-19/England/20122069804/2020,74,162
hCoV-19/England/20122054604/2020,74,162
hCoV-19/England/20122032304/2020,74,162
hCoV-19/England/20122030404/2020,74,162
hCoV-19/England/20122017304/2020,74,162
hCoV-19/England/20122006104/2020,74,162
hCoV-19/England/20120106104/2020,74,162
hCoV-19/England/20120054704/2020,74,162
hCoV-19/England/20120013604/2020,74,162
hCoV-19/England/20120007504/2020,74,162
hCoV-19/England/20120002102/2020,74,89
hCoV-19/England/20120000104/2020,74,162
hCoV-19/England/20119094404/2020,74,162
hCoV-19/England/20119085304/2020,74,162
hCoV-19/England/20119072704/2020,74,162
hCoV-19/England/20119070004/2020,74,162
hCoV-19/Wales/PHWC-243EF/2020,75,92
hCoV-19/Wales/PHWC-242C4/2020,75,87
hCoV-19/Wales/PHWC-24288/2020,75,87
hCoV-19/Wales/PHWC-24279/2020,75,87
hCoV-19/Wales/PHWC-2423D/2020,75,87
hCoV-19/Wales/PHWC-2422E/2020,75,87
hCoV-19/Wales/PHWC-2419A/2020,75,87
hCoV-19/Wales/PHWC-2416D/2020,75,87
hCoV-19/Wales/PHWC-2415E/2020,75,87
hCoV-19/Wales/PHWC-24024/2020,75,87
hCoV-19/Scotland/CVR206/2020,75,104
hCoV-19/Scotland/CVR152/2020,75,104
hCoV-19/Scotland/CVR150/2020,75,104
hCoV-19/Scotland/CVR141/2020,75,104
hCoV-19/Scotland/CVR140/2020,75,104
hCoV-19/Scotland/CVR139/2020,75,104
hCoV-19/Scotland/CVR136/2020,75,104
hCoV-19/Scotland/CVR135/2020,75,104
hCoV-19/Scotland/CVR134/2020,75,104
hCoV-19/Scotland/CVR133/2020,75,104
hCoV-19/Scotland/CVR132/2020,75,104
hCoV-19/Scotland/CVR111/2020,75,202
hCoV-19/England/SHEF-C0109/2020,75,96
hCoV-19/England/SHEF-BFE33/2020,75,89
hCoV-19/England/SHEF-BFDEB/2020,75,89
hCoV-19/England/SHEF-BFDCD/2020,75,89
hCoV-19/England/SHEF-BFD72/2020,75,89
hCoV-19/England/OXON-AF319/2020,75,139
hCoV-19/England/NOTT-10E001/2020,75,104
hCoV-19/England/NOTT-10DFF6/2020,75,104
hCoV-19/England/NOTT-10DFE7/2020,75,104
hCoV-19/England/NOTT-10DFD8/2020,75,104
hCoV-19/England/NOTT-10DFC9/2020,75,104
hCoV-19/England/NOTT-10DE9F/2020,75,189
hCoV-19/England/NORT-284275/2020,75,195
hCoV-19/England/NORT-284266/2020,75,181
hCoV-19/England/NORT-284248/2020,75,181
hCoV-19/England/NORT-2814FA/2020,75,195
hCoV-19/England/NORT-2814EB/2020,75,195
hCoV-19/England/NORT-2814DC/2020,75,195
hCoV-19/England/NORT-2814AF/2020,75,195
hCoV-19/England/NORT-281445/2020,75,195
hCoV-19/England/LOND-126090E/2020,75,236
hCoV-19/England/LOND-12606CB/2020,75,236
hCoV-19/England/LOND-126042B/2020,75,240
hCoV-19/England/LOND-126041C/2020,75,240
hCoV-19/England/LOND-126040D/2020,75,240
hCoV-19/England/LIVE-A6B0B/2020,75,209
hCoV-19/England/LIVE-A6AFF/2020,75,209
hCoV-19/England/LIVE-A6AE0/2020,75,209
hCoV-19/England/LIVE-A6A77/2020,75,209
hCoV-19/England/LIVE-A6A59/2020,75,209
hCoV-19/England/LIVE-A69F2/2020,75,209
hCoV-19/England/LIVE-A69E3/2020,75,209
hCoV-19/England/LIVE-A69D4/2020,75,209
hCoV-19/England/LIVE-A69C5/2020,75,209
hCoV-19/England/LIVE-A696B/2020,75,209
hCoV-19/England/LIVE-A695C/2020,75,209
hCoV-19/England/LIVE-A68B9/2020,75,209
hCoV-19/England/LIVE-A68AA/2020,75,209
hCoV-19/England/LIVE-A6831/2020,75,209
hCoV-19/England/LIVE-A67BC/2020,75,209
hCoV-19/England/LIVE-A679E/2020,75,209
hCoV-19/England/LIVE-A6707/2020,75,209
hCoV-19/England/LIVE-A66FB/2020,75,209
hCoV-19/England/LIVE-A6673/2020,75,209
hCoV-19/England/LIVE-A5A78/2020,75,209
hCoV-19/England/GSTT-265D25D/2020,75,189
hCoV-19/England/CAMB-755E9/2020,75,104
hCoV-19/England/CAMB-754B7/2020,75,104
hCoV-19/England/CAMB-75358/2020,75,132
hCoV-19/England/CAMB-752A6/2020,75,132
hCoV-19/England/CAMB-751A9/2020,75,132
hCoV-19/England/CAMB-75130/2020,75,132
hCoV-19/England/CAMB-750F7/2020,75,132
hCoV-19/England/CAMB-7508E/2020,75,132
hCoV-19/England/CAMB-75051/2020,75,132
hCoV-19/England/CAMB-75033/2020,75,132
hCoV-19/England/CAMB-75015/2020,75,132
hCoV-19/England/CAMB-74F0A/2020,75,132
hCoV-19/England/CAMB-74C21/2020,75,104
hCoV-19/England/BRIS-130BD8/2020,75,201
hCoV-19/England/BRIS-130BC9/2020,75,201
hCoV-19/England/BRIS-130B50/2020,75,201
hCoV-19/England/BRIS-121AA0/2020,75,132
hCoV-19/England/20124049402/2020,75,89
hCoV-19/England/20124034702/2020,75,89
hCoV-19/England/20124034002/2020,75,89
hCoV-19/England/20124020802/2020,75,89
hCoV-19/England/20124011302/2020,75,89
hCoV-19/England/20124008902/2020,75,89
hCoV-19/England/20122088102/2020,75,89
hCoV-19/England/20122073102/2020,75,89
hCoV-19/England/20122032802/2020,75,89
hCoV-19/England/20122031904/2020,75,162
hCoV-19/England/20122017904/2020,75,162
hCoV-19/England/20122017704/2020,75,162
hCoV-19/England/20120107804/2020,75,162
hCoV-19/Wales/PHWC-2480E/2020,76,92
hCoV-19/Wales/PHWC-246B9/2020,76,92
hCoV-19/Wales/PHWC-246AA/2020,76,92
hCoV-19/Wales/PHWC-2465F/2020,76,92
hCoV-19/Wales/PHWC-2458F/2020,76,92
hCoV-19/Wales/PHWC-24455/2020,76,92
hCoV-19/Wales/PHWC-24419/2020,76,92
hCoV-19/Wales/PHWC-243D0/2020,76,92
hCoV-19/Wales/PHWC-24051/2020,76,174
hCoV-19/Scotland/GCVR-16F9E5/2020,76,195
hCoV-19/Scotland/EDB051/2020,76,104
hCoV-19/Scotland/EDB048/2020,76,104
hCoV-19/Scotland/EDB047/2020,76,104
hCoV-19/Scotland/CVR225/2020,76,119
hCoV-19/Scotland/CVR200/2020,76,104
hCoV-19/Scotland/CVR180/2020,76,104
hCoV-19/Scotland/CVR177/2020,76,104
hCoV-19/Scotland/CVR176/2020,76,104
hCoV-19/Scotland/CVR175/2020,76,104
hCoV-19/Scotland/CVR173/2020,76,104
hCoV-19/Scotland/CVR171/2020,76,104
hCoV-19/Scotland/CVR169/2020,76,104
hCoV-19/Scotland/CVR168/2020,76,104
hCoV-19/Scotland/CVR166/2020,76,104
hCoV-19/Scotland/CVR165/2020,76,104
hCoV-19/Scotland/CVR164/2020,76,104
hCoV-19/Scotland/CVR163/2020,76,104
hCoV-19/Scotland/CVR162/2020,76,104
hCoV-19/Scotland/CVR161/2020,76,104
hCoV-19/Scotland/CVR159/2020,76,104
hCoV-19/Scotland/CVR155/2020,76,104
hCoV-19/Scotland/CVR153/2020,76,104
hCoV-19/Scotland/CVR144/2020,76,104
hCoV-19/Scotland/CVR143/2020,76,104
hCoV-19/England/SHEF-C0619/2020,76,96
hCoV-19/England/SHEF-BFE24/2020,76,89
hCoV-19/England/SHEF-BFE06/2020,76,89
hCoV-19/England/PORT-2D16E6/2020,76,229
hCoV-19/England/PORT-2D16AA/2020,76,229
hCoV-19/England/PHEC-1883A/2020,76,546
hCoV-19/England/OXON-B387D/2020,76,257
hCoV-19/England/OXON-AF346/2020,76,139
hCoV-19/England/OXON-AF197/2020,76,139
hCoV-19/England/OXON-AF179/2020,76,139
hCoV-19/England/NOTT-10EB6A/2020,76,104
hCoV-19/England/NOTT-10E14A/2020,76,104
hCoV-19/England/NOTT-10E04D/2020,76,104
hCoV-19/England/NOTT-10E03E/2020,76,104
hCoV-19/England/NOTT-10E02F/2020,76,104
hCoV-19/England/NOTT-10E010/2020,76,104
hCoV-19/England/NORT-2842FD/2020,76,195
hCoV-19/England/NORT-2842EE/2020,76,195
hCoV-19/England/NORT-281621/2020,76,195
hCoV-19/England/NORT-281612/2020,76,195
hCoV-19/England/NORT-281603/2020,76,195
hCoV-19/England/NORT-28157F/2020,76,195
hCoV-19/England/LOND-1260CAB/2020,76,240
hCoV-19/England/LOND-1260C8D/2020,76,240
hCoV-19/England/LOND-1260C6F/2020,76,240
hCoV-19/England/LOND-1260713/2020,76,236
hCoV-19/England/LOND-12606DA/2020,76,236
hCoV-19/England/LOND-1260133/2020,76,236
hCoV-19/England/LOND-1260124/2020,76,236
hCoV-19/England/LOND-124D0C6/2020,76,215
hCoV-19/England/LIVE-A5D9D/2020,76,209
hCoV-19/England/LIVE-A5D33/2020,76,209
hCoV-19/England/LIVE-A5D06/2020,76,209
hCoV-19/England/LIVE-A5C90/2020,76,209
hCoV-19/England/LIVE-A5C72/2020,76,209
hCoV-19/England/LIVE-A5C63/2020,76,209
hCoV-19/England/LIVE-A5A5A/2020,76,209
hCoV-19/England/LIVE-A59A8/2020,76,209
hCoV-19/England/LIVE-A593F/2020,76,209
hCoV-19/England/LIVE-A5920/2020,76,209
hCoV-19/England/LIVE-A5911/2020,76,209
hCoV-19/England/LIVE-A5902/2020,76,209
hCoV-19/England/LIVE-A58F6/2020,76,209
hCoV-19/England/LEED-2AA121/2020,76,260
hCoV-19/England/IC19/2020,76,174
hCoV-19/England/GSTT-265D378/2020,76,189
hCoV-19/England/GSTT-265D35A/2020,76,189
hCoV-19/England/GSTT-265D2D5/2020,76,189
hCoV-19/England/EXET-135B97/2020,76,153
hCoV-19/England/EXET-1359F7/2020,76,153
hCoV-19/England/CAMB-755F8/2020,76,104
hCoV-19/England/CAMB-755CB/2020,76,104
hCoV-19/England/CAMB-753A3/2020,76,132
hCoV-19/England/CAMB-7522E/2020,76,132
hCoV-19/England/CAMB-750BB/2020,76,132
hCoV-19/England/CAMB-7509D/2020,76,132
hCoV-19/England/CAMB-7507F/2020,76,132
hCoV-19/England/CAMB-75024/2020,76,132
hCoV-19/England/CAMB-74F64/2020,76,132
hCoV-19/England/CAMB-74E49/2020,76,104
hCoV-19/England/CAMB-74C8B/2020,76,104
hCoV-19/England/CAMB-74C30/2020,76,104
hCoV-19/England/CAMB-74BAC/2020,76,104
hCoV-19/England/CAMB-74B9D/2020,76,104
hCoV-19/England/CAMB-740DA/2020,76,132
hCoV-19/England/BRIS-130BE7/2020,76,201
hCoV-19/England/BRIS-121E1D/2020,76,132
hCoV-19/England/BRIS-121DB6/2020,76,132
hCoV-19/England/BRIS-121C5F/2020,76,132
hCoV-19/England/BRIS-121BDA/2020,76,132
hCoV-19/England/BRIS-121B8F/2020,76,132
hCoV-19/England/BRIS-121976/2020,76,132
hCoV-19/England/20126012702/2020,76,89
hCoV-19/England/20126009804/2020,76,102
hCoV-19/England/20126003406/2020,76,102
hCoV-19/England/20126001204/2020,76,102
hCoV-19/England/20126000104/2020,76,102
hCoV-19/England/20124100002/2020,76,89
hCoV-19/England/20124048202/2020,76,89
hCoV-19/England/20124037302/2020,76,89
hCoV-19/England/20124036306/2020,76,102
hCoV-19/England/20124036002/2020,76,89
hCoV-19/England/20124035802/2020,76,89
hCoV-19/England/20124030802/2020,76,89
hCoV-19/England/20124030003/2020,76,89
hCoV-19/England/20124029802/2020,76,89
hCoV-19/England/20124029204/2020,76,162
hCoV-19/England/20124021402/2020,76,89
hCoV-19/England/20124020402/2020,76,89
hCoV-19/England/20124013202/2020,76,89
hCoV-19/England/20124012702/2020,76,89
hCoV-19/England/20124010904/2020,76,162
hCoV-19/England/20124004302/2020,76,89
hCoV-19/England/20124003902/2020,76,89
hCoV-19/England/20124003702/2020,76,89
hCoV-19/England/20124003604/2020,76,162
hCoV-19/England/20124002102/2020,76,89
hCoV-19/England/20124002002/2020,76,89
hCoV-19/England/20124001902/2020,76,89
hCoV-19/England/20124001702/2020,76,89
hCoV-19/England/20124001302/2020,76,89
hCoV-19/England/20122121504/2020,76,162
hCoV-19/England/20122120604/2020,76,162
hCoV-19/England/20122119502/2020,76,89
hCoV-19/England/20122119302/2020,76,89
hCoV-19/England/20122119202/2020,76,89
hCoV-19/England/20122103304/2020,76,162
hCoV-19/England/201180048/2020,76,162
hCoV-19/Wales/PHWC-247F2/2020,77,92
hCoV-19/Wales/PHWC-246E6/2020,77,92
hCoV-19/Wales/PHWC-2469B/2020,77,92
hCoV-19/Wales/PHWC-24534/2020,77,92
hCoV-19/Wales/PHWC-24525/2020,77,92
hCoV-19/Wales/PHWC-24507/2020,77,92
hCoV-19/Wales/PHWC-244FB/2020,77,92
hCoV-19/Wales/PHWC-244EC/2020,77,92
hCoV-19/Wales/PHWC-244CE/2020,77,92
hCoV-19/Wales/PHWC-24349/2020,77,92
hCoV-19/UnitedKingdom/USAFSAM-S026/2020,77,223
hCoV-19/Scotland/GCVR-16FA2E/2020,77,195
hCoV-19/Scotland/EDB124/2020,77,104
hCoV-19/Scotland/EDB066/2020,77,104
hCoV-19/Scotland/EDB058/2020,77,104
hCoV-19/Scotland/EDB057/2020,77,104
hCoV-19/Scotland/EDB056/2020,77,104
hCoV-19/Scotland/EDB052/2020,77,104
hCoV-19/Scotland/CVR226/2020,77,132
hCoV-19/Scotland/CVR220/2020,77,104
hCoV-19/Scotland/CVR215/2020,77,104
hCoV-19/Scotland/CVR212/2020,77,104
hCoV-19/Scotland/CVR211/2020,77,104
hCoV-19/Scotland/CVR207/2020,77,104
hCoV-19/Scotland/CVR203/2020,77,104
hCoV-19/Scotland/CVR201/2020,77,104
hCoV-19/Scotland/CVR199/2020,77,104
hCoV-19/Scotland/CVR195/2020,77,104
hCoV-19/Scotland/CVR191/2020,77,104
hCoV-19/Scotland/CVR190/2020,77,104
hCoV-19/Scotland/CVR183/2020,77,104
hCoV-19/England/SHEF-C6446/2020,77,181
hCoV-19/England/SHEF-C5702/2020,77,181
hCoV-19/England/SHEF-C00FD/2020,77,96
hCoV-19/England/SHEF-BFE42/2020,77,89
hCoV-19/England/SHEF-BFE15/2020,77,89
hCoV-19/England/SHEF-BFDFA/2020,77,89
hCoV-19/England/SHEF-BFDDC/2020,77,89
hCoV-19/England/SHEF-BFDBE/2020,77,89
hCoV-19/England/SHEF-BFDAF/2020,77,89
hCoV-19/England/SHEF-BFD81/2020,77,89
hCoV-19/England/SHEF-BFD63/2020,77,89
hCoV-19/England/PORT-2D1F90/2020,77,209
hCoV-19/England/PORT-2D172F/2020,77,229
hCoV-19/England/PORT-2D1710/2020,77,229
hCoV-19/England/PORT-2D16F5/2020,77,229
hCoV-19/England/NOTT-10EB79/2020,77,104
hCoV-19/England/NOTT-10E195/2020,77,104
hCoV-19/England/NOTT-10E186/2020,77,104
hCoV-19/England/NOTT-10E0C5/2020,77,104
hCoV-19/England/NOTT-10E0B6/2020,77,104
hCoV-19/England/NOTT-10E0A7/2020,77,104
hCoV-19/England/NOTT-10E098/2020,77,104
hCoV-19/England/NOTT-10E089/2020,77,104
hCoV-19/England/NOTT-10E07A/2020,77,104
hCoV-19/England/NOTT-10E06B/2020,77,104
hCoV-19/England/NOTT-10E05C/2020,77,104
hCoV-19/England/NORT-284327/2020,77,181
hCoV-19/England/NORT-2842A2/2020,77,195
hCoV-19/England/NORT-284293/2020,77,195
hCoV-19/England/NORT-281797/2020,77,195
hCoV-19/England/NORT-28173D/2020,77,195
hCoV-19/England/NORT-28172E/2020,77,195
hCoV-19/England/NORT-2816C7/2020,77,195
hCoV-19/England/NORT-28168B/2020,77,195
hCoV-19/England/NORT-28166D/2020,77,195
hCoV-19/England/NORT-28164F/2020,77,195
hCoV-19/England/NORT-281630/2020,77,195
hCoV-19/England/LOND-1260C41/2020,77,240
hCoV-19/England/LOND-126078C/2020,77,240
hCoV-19/England/LOND-1260018/2020,77,236
hCoV-19/England/LOND-124D0F3/2020,77,215
hCoV-19/England/LOND-124D0E4/2020,77,215
hCoV-19/England/LOND-124D0D5/2020,77,215
hCoV-19/England/LIVE-A65B2/2020,77,209
hCoV-19/England/LIVE-A6594/2020,77,209
hCoV-19/England/LIVE-A6576/2020,77,209
hCoV-19/England/LIVE-A6567/2020,77,209
hCoV-19/England/LIVE-A6549/2020,77,209
hCoV-19/England/LIVE-A653A/2020,77,209
hCoV-19/England/LIVE-A650D/2020,77,209
hCoV-19/England/LIVE-A64F1/2020,77,209
hCoV-19/England/LIVE-A64D3/2020,77,209
hCoV-19/England/LIVE-A64C4/2020,77,209
hCoV-19/England/LIVE-A64B5/2020,77,209
hCoV-19/England/LIVE-A6497/2020,77,209
hCoV-19/England/LIVE-A6488/2020,77,209
hCoV-19/England/LIVE-A646A/2020,77,209
hCoV-19/England/LIVE-A644C/2020,77,209
hCoV-19/England/LIVE-A643D/2020,77,209
hCoV-19/England/LIVE-A6400/2020,77,209
hCoV-19/England/LIVE-A63E5/2020,77,209
hCoV-19/England/LIVE-A638B/2020,77,209
hCoV-19/England/LIVE-A635E/2020,77,209
hCoV-19/England/LIVE-A6303/2020,77,209
hCoV-19/England/LIVE-A5D7F/2020,77,209
hCoV-19/England/LIVE-A5CEB/2020,77,209
hCoV-19/England/LIVE-A5A96/2020,77,209
hCoV-19/England/LIVE-A58D8/2020,77,209
hCoV-19/England/LEED-2A8581/2020,77,260
hCoV-19/England/GSTT-5196/2020,77,272
hCoV-19/England/GSTT-5189/2020,77,272
hCoV-19/England/GSTT-5179/2020,77,272
hCoV-19/England/GSTT-5155/2020,77,272
hCoV-19/England/GSTT-5152/2020,77,272
hCoV-19/England/GSTT-265D3C3/2020,77,189
hCoV-19/England/GSTT-265D387/2020,77,189
hCoV-19/England/CAMB-75385/2020,77,132
hCoV-19/England/CAMB-75200/2020,77,132
hCoV-19/England/CAMB-7517C/2020,77,132
hCoV-19/England/CAMB-74E85/2020,77,104
hCoV-19/England/CAMB-74E67/2020,77,104
hCoV-19/England/CAMB-74B42/2020,77,104
hCoV-19/England/CAMB-74A09/2020,77,104
hCoV-19/England/CAMB-741C8/2020,77,132
hCoV-19/England/CAMB-7419B/2020,77,132
hCoV-19/England/CAMB-7408F/2020,77,132
hCoV-19/England/CAMB-74016/2020,77,132
hCoV-19/England/CAMB-74007/2020,77,132
hCoV-19/England/CAMB-73FED/2020,77,132
hCoV-19/England/CAMB-73FA1/2020,77,132
hCoV-19/England/CAMB-73E95/2020,77,132
hCoV-19/England/CAMB-73E1D/2020,77,132
hCoV-19/England/CAMB-736F7/2020,77,132
hCoV-19/England/BRIS-121F65/2020,77,132
hCoV-19/England/BRIS-121E2C/2020,77,132
hCoV-19/England/BRIS-121CD7/2020,77,132
hCoV-19/England/BRIS-121C9B/2020,77,132
hCoV-19/England/BRIS-121C40/2020,77,132
hCoV-19/England/BRIS-121C31/2020,77,132
hCoV-19/England/BRIS-121C13/2020,77,132
hCoV-19/England/BRIS-121B9E/2020,77,132
hCoV-19/England/BRIS-121B34/2020,77,132
hCoV-19/England/BRIS-121B25/2020,77,132
hCoV-19/England/20134002104/2020,77,102
hCoV-19/England/20128085204/2020,77,102
hCoV-19/England/20128037406/2020,77,102
hCoV-19/England/20128036304/2020,77,102
hCoV-19/England/20128035202/2020,77,96
hCoV-19/England/20128018804/2020,77,102
hCoV-19/England/20128014806/2020,77,102
hCoV-19/England/20128012704/2020,77,102
hCoV-19/England/20128003904/2020,77,102
hCoV-19/England/20128003506/2020,77,102
hCoV-19/England/20128003004/2020,77,102
hCoV-19/England/20126103304/2020,77,102
hCoV-19/England/20126100404/2020,77,102
hCoV-19/England/20126096602/2020,77,89
hCoV-19/England/20126063104/2020,77,102
hCoV-19/England/20126063003/2020,77,96
hCoV-19/England/20126035502/2020,77,89
hCoV-19/England/20126009204/2020,77,102
hCoV-19/England/20126007102/2020,77,89
hCoV-19/England/20126007002/2020,77,89
hCoV-19/England/20126006802/2020,77,89
hCoV-19/England/20126006702/2020,77,89
hCoV-19/England/20126001904/2020,77,102
hCoV-19/England/20126001404/2020,77,102
hCoV-19/England/20126000604/2020,77,102
hCoV-19/England/20126000404/2020,77,102
hCoV-19/England/20124101102/2020,77,89
hCoV-19/England/20124099602/2020,77,89
hCoV-19/England/20124096802/2020,77,89
hCoV-19/England/20124095502/2020,77,89
hCoV-19/England/20124036902/2020,77,89
hCoV-19/England/20124009602/2020,77,89
hCoV-19/Wales/PHWC-248B3/2020,78,92
hCoV-19/Scotland/GCVR-16FB76/2020,78,195
hCoV-19/Scotland/GCVR-16F97C/2020,78,315
hCoV-19/Scotland/GCVR-16F930/2020,78,195
hCoV-19/Scotland/EDB067/2020,78,104
hCoV-19/Scotland/EDB063/2020,78,104
hCoV-19/Scotland/CVR268/2020,78,104
hCoV-19/Scotland/CVR255/2020,78,132
hCoV-19/Scotland/CVR249/2020,78,132
hCoV-19/Scotland/CVR247/2020,78,132
hCoV-19/Scotland/CVR238/2020,78,132
hCoV-19/Scotland/CVR236/2020,78,104
hCoV-19/Scotland/CVR235/2020,78,104
hCoV-19/Scotland/CVR234/2020,78,132
hCoV-19/Scotland/CVR222/2020,78,104
hCoV-19/Scotland/CVR219/2020,78,104
hCoV-19/Scotland/CVR218/2020,78,104
hCoV-19/Scotland/CVR216/2020,78,104
hCoV-19/Scotland/CVR213/2020,78,104
hCoV-19/Scotland/CVR205/2020,78,104
hCoV-19/Scotland/CVR202/2020,78,104
hCoV-19/Scotland/CVR196/2020,78,104
hCoV-19/England/SHEF-CE7FA/2020,78,174
hCoV-19/England/SHEF-C33D3/2020,78,153
hCoV-19/England/PORT-2D1FCD/2020,78,244
hCoV-19/England/PORT-2D1FBE/2020,78,244
hCoV-19/England/PORT-2D1701/2020,78,229
hCoV-19/England/PORT-2D10D9/2020,78,174
hCoV-19/England/PORT-2D10AC/2020,78,174
hCoV-19/England/PORT-2D109D/2020,78,174
hCoV-19/England/PORT-2D1060/2020,78,174
hCoV-19/England/OXON-B3312/2020,78,257
hCoV-19/England/OXON-B32D9/2020,78,257
hCoV-19/England/NOTT-10E308/2020,78,104
hCoV-19/England/NOTT-10E20B/2020,78,104
hCoV-19/England/NOTT-10E1E0/2020,78,104
hCoV-19/England/NOTT-10E1D1/2020,78,104
hCoV-19/England/NOTT-10E1B3/2020,78,104
hCoV-19/England/NOTT-10E1A4/2020,78,104
hCoV-19/England/NOTT-10E0F2/2020,78,104
hCoV-19/England/NOTT-10E0E3/2020,78,104
hCoV-19/England/NOTT-10E0D4/2020,78,104
hCoV-19/England/NORT-2843EB/2020,78,195
hCoV-19/England/NORT-2843DC/2020,78,195
hCoV-19/England/NORT-2843BE/2020,78,195
hCoV-19/England/NORT-2843AF/2020,78,195
hCoV-19/England/NORT-284390/2020,78,195
hCoV-19/England/NORT-284381/2020,78,181
hCoV-19/England/NORT-284372/2020,78,181
hCoV-19/England/NORT-284354/2020,78,195
hCoV-19/England/NORT-2817D3/2020,78,195
hCoV-19/England/NORT-28171F/2020,78,195
hCoV-19/England/NORT-281700/2020,78,195
hCoV-19/England/NORT-2816E5/2020,78,195
hCoV-19/England/LOND-125FFC4/2020,78,236
hCoV-19/England/LOND-125028E/2020,78,334
hCoV-19/England/LOND-124D345/2020,78,215
hCoV-19/England/LOND-124D318/2020,78,215
hCoV-19/England/LIVE-A6B65/2020,78,209
hCoV-19/England/LIVE-A6AD1/2020,78,209
hCoV-19/England/LIVE-A6A4A/2020,78,209
hCoV-19/England/LIVE-A6998/2020,78,209
hCoV-19/England/LIVE-A692F/2020,78,209
hCoV-19/England/LIVE-A6910/2020,78,209
hCoV-19/England/LIVE-A6901/2020,78,209
hCoV-19/England/LIVE-A689B/2020,78,209
hCoV-19/England/LIVE-A688C/2020,78,209
hCoV-19/England/LIVE-A687D/2020,78,209
hCoV-19/England/LIVE-A6813/2020,78,209
hCoV-19/England/LIVE-A67F8/2020,78,209
hCoV-19/England/LIVE-A67E9/2020,78,209
hCoV-19/England/LIVE-A67DA/2020,78,209
hCoV-19/England/LIVE-A67AD/2020,78,209
hCoV-19/England/LIVE-A6761/2020,78,209
hCoV-19/England/LIVE-A6752/2020,78,209
hCoV-19/England/LIVE-A66EC/2020,78,209
hCoV-19/England/LIVE-A66DD/2020,78,209
hCoV-19/England/LIVE-A66CE/2020,78,209
hCoV-19/England/LIVE-A66A0/2020,78,209
hCoV-19/England/LIVE-A6655/2020,78,209
hCoV-19/England/LIVE-A6646/2020,78,209
hCoV-19/England/LIVE-A660A/2020,78,209
hCoV-19/England/LIVE-A65EF/2020,78,209
hCoV-19/England/LIVE-A63F4/2020,78,209
hCoV-19/England/LIVE-A63A9/2020,78,209
hCoV-19/England/LIVE-A6312/2020,78,209
hCoV-19/England/LIVE-A5D24/2020,78,209
hCoV-19/England/LIVE-A58E7/2020,78,209
hCoV-19/England/LIVE-A586F/2020,78,209
hCoV-19/England/LIVE-A5841/2020,78,209
hCoV-19/England/LIVE-A57DB/2020,78,209
hCoV-19/England/LIVE-A57BD/2020,78,209
hCoV-19/England/LIVE-A5735/2020,78,209
hCoV-19/England/LIVE-A5726/2020,78,209
hCoV-19/England/LIVE-A56B0/2020,78,209
hCoV-19/England/LIVE-A5692/2020,78,209
hCoV-19/England/LIVE-A5629/2020,78,209
hCoV-19/England/LIVE-A561A/2020,78,209
hCoV-19/England/LIVE-A5586/2020,78,209
hCoV-19/England/LIVE-A54F2/2020,78,209
hCoV-19/England/LIVE-A546B/2020,78,209
hCoV-19/England/LIVE-A545C/2020,78,209
hCoV-19/England/LIVE-A53D7/2020,78,209
hCoV-19/England/LIVE-A53C8/2020,78,209
hCoV-19/England/GSTT-5396/2020,78,272
hCoV-19/England/GSTT-5393/2020,78,272
hCoV-19/England/GSTT-5346/2020,78,272
hCoV-19/England/GSTT-5340/2020,78,272
hCoV-19/England/GSTT-5326/2020,78,272
hCoV-19/England/GSTT-5269/2020,78,272
hCoV-19/England/GSTT-5203/2020,78,272
hCoV-19/England/GSTT-265D4DF/2020,78,189
hCoV-19/England/GSTT-265D4C0/2020,78,189
hCoV-19/England/GSTT-265D4B1/2020,78,189
hCoV-19/England/GSTT-265D493/2020,78,189
hCoV-19/England/EKHU-260EF54/2020,78,212
hCoV-19/England/CAMB-758E0/2020,78,132
hCoV-19/England/CAMB-758C2/2020,78,132
hCoV-19/England/CAMB-75543/2020,78,104
hCoV-19/England/CAMB-751D6/2020,78,132
hCoV-19/England/CAMB-74D6A/2020,78,104
hCoV-19/England/CAMB-74D5B/2020,78,104
hCoV-19/England/CAMB-74C5E/2020,78,104
hCoV-19/England/CAMB-74492/2020,78,104
hCoV-19/England/CAMB-74474/2020,78,104
hCoV-19/England/CAMB-74465/2020,78,104
hCoV-19/England/CAMB-7426B/2020,78,132
hCoV-19/England/CAMB-7425C/2020,78,132
hCoV-19/England/CAMB-7422F/2020,78,132
hCoV-19/England/CAMB-7418C/2020,78,132
hCoV-19/England/CAMB-740F8/2020,78,132
hCoV-19/England/CAMB-740E9/2020,78,132
hCoV-19/England/CAMB-740CB/2020,78,132
hCoV-19/England/CAMB-74034/2020,78,132
hCoV-19/England/CAMB-74025/2020,78,132
hCoV-19/England/CAMB-73FFC/2020,78,132
hCoV-19/England/CAMB-73FCF/2020,78,132
hCoV-19/England/CAMB-73F0B/2020,78,132
hCoV-19/England/CAMB-73EFF/2020,78,132
hCoV-19/England/CAMB-73EB3/2020,78,132
hCoV-19/England/CAMB-73E77/2020,78,132
hCoV-19/England/CAMB-73E3B/2020,78,132
hCoV-19/England/CAMB-73E0E/2020,78,132
hCoV-19/England/BRIS-121FCF/2020,78,132
hCoV-19/England/BRIS-121F56/2020,78,132
hCoV-19/England/BRIS-121F47/2020,78,132
hCoV-19/England/BRIS-121F29/2020,78,132
hCoV-19/England/BRIS-121EC2/2020,78,132
hCoV-19/England/BRIS-121EB3/2020,78,132
hCoV-19/England/BRIS-121EA4/2020,78,132
hCoV-19/England/BRIS-121E86/2020,78,132
hCoV-19/England/BRIS-121E59/2020,78,132
hCoV-19/England/BRIS-121E4A/2020,78,132
hCoV-19/England/BRIS-121D2F/2020,78,132
hCoV-19/England/BRIS-121D10/2020,78,132
hCoV-19/England/BRIS-121D01/2020,78,132
hCoV-19/England/BRIS-121BE9/2020,78,132
hCoV-19/England/BRIS-121B16/2020,78,132
hCoV-19/England/20134003104/2020,78,102
hCoV-19/England/20134003004/2020,78,102
hCoV-19/England/20134001904/2020,78,102
hCoV-19/England/20130055502/2020,78,96
hCoV-19/England/20129031804/2020,78,102
hCoV-19/England/20129023104/2020,78,102
hCoV-19/England/20129016104/2020,78,102
hCoV-19/England/20128046302/2020,78,96
hCoV-19/England/20128046202/2020,78,96
hCoV-19/England/20128036004/2020,78,102
hCoV-19/England/20128035406/2020,78,102
hCoV-19/England/20128015604/2020,78,102
hCoV-19/England/20128015104/2020,78,102
hCoV-19/England/20128014404/2020,78,102
hCoV-19/England/20128011804/2020,78,102
hCoV-19/England/20128009404/2020,78,102
hCoV-19/England/20128002204/2020,78,102
hCoV-19/England/20128000604/2020,78,102
hCoV-19/England/20126102404/2020,78,102
hCoV-19/England/20126097804/2020,78,102
hCoV-19/England/20126004604/2020,78,162
hCoV-19/England/20126001704/2020,78,102
hCoV-19/England/20126001604/2020,78,102
hCoV-19/Wales/PHWC-25005/2020,79,97
hCoV-19/Wales/PHWC-24D87/2020,79,92
hCoV-19/Wales/PHWC-24BF6/2020,79,92
hCoV-19/Wales/PHWC-24BE7/2020,79,92
hCoV-19/Wales/PHWC-24BC9/2020,79,92
hCoV-19/Wales/PHWC-24A62/2020,79,92
hCoV-19/Wales/PHWC-24A35/2020,79,92
hCoV-19/Wales/PHWC-169A15/2020,79,229
hCoV-19/Scotland/GCVR-16FC82/2020,79,195
hCoV-19/Scotland/GCVR-16FB67/2020,79,195
hCoV-19/Scotland/GCVR-16FB58/2020,79,195
hCoV-19/Scotland/GCVR-16FB49/2020,79,195
hCoV-19/Scotland/GCVR-16FAD3/2020,79,195
hCoV-19/Scotland/GCVR-16FAA6/2020,79,195
hCoV-19/Scotland/GCVR-16F912/2020,79,195
hCoV-19/Scotland/EDB100/2020,79,104
hCoV-19/Scotland/EDB099/2020,79,104
hCoV-19/Scotland/EDB098/2020,79,104
hCoV-19/Scotland/EDB097/2020,79,104
hCoV-19/Scotland/EDB082/2020,79,104
hCoV-19/Scotland/EDB081/2020,79,104
hCoV-19/Scotland/EDB075/2020,79,104
hCoV-19/Scotland/EDB074/2020,79,104
hCoV-19/Scotland/EDB073/2020,79,104
hCoV-19/Scotland/EDB068/2020,79,104
hCoV-19/Scotland/EDB065/2020,79,104
hCoV-19/Scotland/CVR357/2020,79,132
hCoV-19/Scotland/CVR339/2020,79,132
hCoV-19/Scotland/CVR326/2020,79,132
hCoV-19/Scotland/CVR309/2020,79,119
hCoV-19/Scotland/CVR306/2020,79,132
hCoV-19/Scotland/CVR282/2020,79,119
hCoV-19/Scotland/CVR278/2020,79,119
hCoV-19/Scotland/CVR273/2020,79,119
hCoV-19/Scotland/CVR264/2020,79,104
hCoV-19/Scotland/CVR263/2020,79,132
hCoV-19/Scotland/CVR261/2020,79,119
hCoV-19/Scotland/CVR258/2020,79,132
hCoV-19/Scotland/CVR257/2020,79,132
hCoV-19/Scotland/CVR248/2020,79,119
hCoV-19/England/SHEF-CD4B8/2020,79,174
hCoV-19/England/SHEF-C730C/2020,79,181
hCoV-19/England/SHEF-C00A2/2020,79,96
hCoV-19/England/PORT-2D206F/2020,79,223
hCoV-19/England/PORT-2D2041/2020,79,223
hCoV-19/England/PORT-2D2032/2020,79,223
hCoV-19/England/PORT-2D2014/2020,79,229
hCoV-19/England/PORT-2D2005/2020,79,257
hCoV-19/England/PORT-2D1103/2020,79,174
hCoV-19/England/PORT-2D10F7/2020,79,174
hCoV-19/England/PORT-2D10E8/2020,79,174
hCoV-19/England/PHEC-U303UC33/2021,79,607
hCoV-19/England/OXON-B4EC5/2020,79,257
hCoV-19/England/OXON-B3D7E/2020,79,257
hCoV-19/England/OXON-B3B38/2020,79,257
hCoV-19/England/OXON-B36DD/2020,79,257
hCoV-19/England/OXON-B337C/2020,79,257
hCoV-19/England/OXON-B2F2E/2020,79,257
hCoV-19/England/NOTT-10E2CF/2020,79,104
hCoV-19/England/NOTT-10E2B0/2020,79,104
hCoV-19/England/NOTT-10E283/2020,79,104
hCoV-19/England/NOTT-10E265/2020,79,104
hCoV-19/England/NOTT-10E256/2020,79,104
hCoV-19/England/NOTT-10E238/2020,79,104
hCoV-19/England/NOTT-10E229/2020,79,104
hCoV-19/England/NOTT-10E21A/2020,79,104
hCoV-19/England/NOTT-10E1FF/2020,79,104
hCoV-19/England/NOTT-10E1C2/2020,79,104
hCoV-19/England/NORW-EDA29/2020,79,196
hCoV-19/England/NORW-ED977/2020,79,196
hCoV-19/England/NORT-288D61/2020,79,155
hCoV-19/England/NORT-284891/2020,79,195
hCoV-19/England/NORT-28449D/2020,79,181
hCoV-19/England/NORT-28448E/2020,79,195
hCoV-19/England/NORT-284460/2020,79,195
hCoV-19/England/NORT-284451/2020,79,195
hCoV-19/England/NORT-284442/2020,79,181
hCoV-19/England/NORT-284433/2020,79,181
hCoV-19/England/NORT-284424/2020,79,181
hCoV-19/England/NORT-284415/2020,79,181
hCoV-19/England/NORT-284406/2020,79,181
hCoV-19/England/NORT-2818EF/2020,79,195
hCoV-19/England/NORT-2818A3/2020,79,195
hCoV-19/England/NORT-281885/2020,79,195
hCoV-19/England/NORT-281876/2020,79,195
hCoV-19/England/NORT-281858/2020,79,195
hCoV-19/England/NORT-281849/2020,79,195
hCoV-19/England/NORT-28183A/2020,79,195
hCoV-19/England/NORT-2817A6/2020,79,195
hCoV-19/England/LOND-124F668/2020,79,334
hCoV-19/England/LOND-124D354/2020,79,215
hCoV-19/England/LOND-124C5E6/2020,79,201
hCoV-19/England/LOND-124C4CB/2020,79,201
hCoV-19/England/LIVE-A58C9/2020,79,209
hCoV-19/England/LIVE-A58BA/2020,79,209
hCoV-19/England/LIVE-A587E/2020,79,209
hCoV-19/England/LIVE-A5832/2020,79,209
hCoV-19/England/LIVE-A5814/2020,79,209
hCoV-19/England/LIVE-A57F9/2020,79,209
hCoV-19/England/LIVE-A57EA/2020,79,209
hCoV-19/England/LIVE-A579F/2020,79,209
hCoV-19/England/LIVE-A5780/2020,79,209
hCoV-19/England/LIVE-A5762/2020,79,209
hCoV-19/England/LIVE-A5708/2020,79,209
hCoV-19/England/LIVE-A56FC/2020,79,209
hCoV-19/England/LIVE-A56ED/2020,79,209
hCoV-19/England/LIVE-A56DE/2020,79,209
hCoV-19/England/LIVE-A56CF/2020,79,209
hCoV-19/England/LIVE-A5674/2020,79,209
hCoV-19/England/LIVE-A5647/2020,79,209
hCoV-19/England/LIVE-A55E0/2020,79,209
hCoV-19/England/LIVE-A55D1/2020,79,209
hCoV-19/England/LIVE-A55C2/2020,79,209
hCoV-19/England/LIVE-A55B3/2020,79,209
hCoV-19/England/LIVE-A55A4/2020,79,209
hCoV-19/England/LIVE-A5595/2020,79,209
hCoV-19/England/LIVE-A5559/2020,79,209
hCoV-19/England/LIVE-A554A/2020,79,209
hCoV-19/England/LIVE-A552C/2020,79,209
hCoV-19/England/LIVE-A54C5/2020,79,209
hCoV-19/England/LIVE-A54A7/2020,79,209
hCoV-19/England/LIVE-A5498/2020,79,209
hCoV-19/England/LIVE-A5489/2020,79,209
hCoV-19/England/LIVE-A5401/2020,79,209
hCoV-19/England/LEED-2A8633/2020,79,260
hCoV-19/England/LEED-2A8396/2020,79,260
hCoV-19/England/GSTT-5446/2020,79,272
hCoV-19/England/GSTT-5371/2020,79,272
hCoV-19/England/GSTT-265DD10/2020,79,189
hCoV-19/England/GSTT-265DD01/2020,79,189
hCoV-19/England/GSTT-265DCD7/2020,79,189
hCoV-19/England/GSTT-265DCB9/2020,79,189
hCoV-19/England/CAMB-758A4/2020,79,132
hCoV-19/England/CAMB-74641/2020,79,104
hCoV-19/England/CAMB-744CF/2020,79,104
hCoV-19/England/CAMB-744A1/2020,79,104
hCoV-19/England/CAMB-74483/2020,79,104
hCoV-19/England/CAMB-74438/2020,79,104
hCoV-19/England/CAMB-7440B/2020,79,104
hCoV-19/England/CAMB-743FF/2020,79,104
hCoV-19/England/CAMB-743E0/2020,79,104
hCoV-19/England/CAMB-74386/2020,79,104
hCoV-19/England/CAMB-7423E/2020,79,132
hCoV-19/England/CAMB-74210/2020,79,132
hCoV-19/England/CAMB-74201/2020,79,132
hCoV-19/England/CAMB-741E6/2020,79,132
hCoV-19/England/CAMB-741AA/2020,79,132
hCoV-19/England/CAMB-74140/2020,79,132
hCoV-19/England/CAMB-74104/2020,79,132
hCoV-19/England/CAMB-73F65/2020,79,132
hCoV-19/England/CAMB-73F38/2020,79,132
hCoV-19/England/CAMB-73F1A/2020,79,132
hCoV-19/England/CAMB-73EA4/2020,79,132
hCoV-19/England/CAMB-73E59/2020,79,132
hCoV-19/England/CAMB-7367F/2020,79,132
hCoV-19/England/CAMB-73642/2020,79,132
hCoV-19/England/CAMB-735DC/2020,79,132
hCoV-19/England/CAMB-735CD/2020,79,132
hCoV-19/England/CAMB-73581/2020,79,132
hCoV-19/England/CAMB-73572/2020,79,132
hCoV-19/England/CAMB-73554/2020,79,132
hCoV-19/England/CAMB-734C0/2020,79,132
hCoV-19/England/CAMB-734B1/2020,79,132
hCoV-19/England/CAMB-7341B/2020,79,132
hCoV-19/England/CAMB-72E2D/2020,79,132
hCoV-19/England/CAMB-72DF3/2020,79,132
hCoV-19/England/BRIS-122025/2020,79,132
hCoV-19/England/BRIS-122007/2020,79,132
hCoV-19/England/BRIS-121FFC/2020,79,132
hCoV-19/England/BRIS-121FB0/2020,79,132
hCoV-19/England/BRIS-121F92/2020,79,132
hCoV-19/England/BRIS-121E77/2020,79,132
hCoV-19/England/BRIS-121E0E/2020,79,132
hCoV-19/England/BRIS-121DF2/2020,79,132
hCoV-19/England/BRIS-121DC5/2020,79,132
hCoV-19/England/BRIS-121DA7/2020,79,132
hCoV-19/England/BRIS-121D89/2020,79,132
hCoV-19/England/BRIS-121D7A/2020,79,132
hCoV-19/England/BRIS-121D5C/2020,79,132
hCoV-19/England/BRIS-121D3E/2020,79,132
hCoV-19/England/20144067504/2020,79,99
hCoV-19/England/20134081904/2020,79,102
hCoV-19/England/201300860/2020,79,102
hCoV-19/England/20130049604/2020,79,102
hCoV-19/England/20130024003/2020,79,96
hCoV-19/England/20129174804/2020,79,102
hCoV-19/England/20129170204/2020,79,102
hCoV-19/England/20129040102/2020,79,96
hCoV-19/England/20129037304/2020,79,102
hCoV-19/England/20129037204/2020,79,102
hCoV-19/England/20129036504/2020,79,102
hCoV-19/England/20129036404/2020,79,102
hCoV-19/England/20129036004/2020,79,102
hCoV-19/England/20129035804/2020,79,102
hCoV-19/England/20129035404/2020,79,102
hCoV-19/England/20129033904/2020,79,102
hCoV-19/England/20129033804/2020,79,102
hCoV-19/England/20129032404/2020,79,102
hCoV-19/England/20129032104/2020,79,102
hCoV-19/England/20129020604/2020,79,102
hCoV-19/England/20129020304/2020,79,102
hCoV-19/England/20129020004/2020,79,102
hCoV-19/England/20129018904/2020,79,102
hCoV-19/England/20129018604/2020,79,102
hCoV-19/England/20129017104/2020,79,102
hCoV-19/England/20129012304/2020,79,102
hCoV-19/England/20129009304/2020,79,102
hCoV-19/England/20129002004/2020,79,102
hCoV-19/England/20129000404/2020,79,102
hCoV-19/England/20128095504/2020,79,102
hCoV-19/England/20128094904/2020,79,102
hCoV-19/England/20128094604/2020,79,102
hCoV-19/England/20128090404/2020,79,102
hCoV-19/England/20128041604/2020,79,102
hCoV-19/Wales/PHWC-2522D/2020,80,97
hCoV-19/Wales/PHWC-24FFA/2020,80,97
hCoV-19/Wales/PHWC-24F36/2020,80,97
hCoV-19/Wales/PHWC-24DD2/2020,80,97
hCoV-19/Wales/PHWC-24CB7/2020,80,97
hCoV-19/Wales/PHWC-169699/2020,80,223
hCoV-19/Scotland/GCVR-170398/2020,80,155
hCoV-19/Scotland/GCVR-17037A/2020,80,155
hCoV-19/Scotland/GCVR-16FF10/2020,80,155
hCoV-19/Scotland/GCVR-16FC91/2020,80,315
hCoV-19/Scotland/GCVR-16FC73/2020,80,195
hCoV-19/Scotland/GCVR-16FC55/2020,80,195
hCoV-19/Scotland/GCVR-16FC46/2020,80,315
hCoV-19/Scotland/GCVR-16FC0A/2020,80,195
hCoV-19/Scotland/GCVR-16FBEF/2020,80,195
hCoV-19/Scotland/GCVR-16FA5B/2020,80,195
hCoV-19/Scotland/EDB101/2020,80,104
hCoV-19/Scotland/EDB096/2020,80,104
hCoV-19/Scotland/EDB095/2020,80,104
hCoV-19/Scotland/EDB093/2020,80,104
hCoV-19/Scotland/EDB092/2020,80,104
hCoV-19/Scotland/EDB091/2020,80,104
hCoV-19/Scotland/EDB090/2020,80,104
hCoV-19/Scotland/EDB089/2020,80,104
hCoV-19/Scotland/EDB087/2020,80,104
hCoV-19/Scotland/EDB086/2020,80,104
hCoV-19/Scotland/EDB085/2020,80,104
hCoV-19/Scotland/EDB084/2020,80,104
hCoV-19/Scotland/EDB083/2020,80,104
hCoV-19/Scotland/EDB071/2020,80,104
hCoV-19/Scotland/CVR375/2020,80,119
hCoV-19/Scotland/CVR355/2020,80,132
hCoV-19/Scotland/CVR338/2020,80,119
hCoV-19/Scotland/CVR337/2020,80,132
hCoV-19/Scotland/CVR319/2020,80,132
hCoV-19/Scotland/CVR318/2020,80,132
hCoV-19/Scotland/CVR315/2020,80,132
hCoV-19/Scotland/CVR314/2020,80,132
hCoV-19/Scotland/CVR304/2020,80,119
hCoV-19/Scotland/CVR284/2020,80,119
hCoV-19/England/SHEF-D14EE/2020,80,181
hCoV-19/England/SHEF-CA354/2020,80,153
hCoV-19/England/SHEF-C088C/2020,80,96
hCoV-19/England/SHEF-C00B1/2020,80,96
hCoV-19/England/SHEF-C0066/2020,80,96
hCoV-19/England/PORT-2D213F/2020,80,307
hCoV-19/England/PORT-2D20E7/2020,80,229
hCoV-19/England/PORT-2D209C/2020,80,223
hCoV-19/England/PORT-2D208D/2020,80,257
hCoV-19/England/PORT-2D1112/2020,80,174
hCoV-19/England/OXON-B37F8/2020,80,257
hCoV-19/England/OXON-B35D0/2020,80,257
hCoV-19/England/OXON-B3497/2020,80,257
hCoV-19/England/OXON-B31FA/2020,80,257
hCoV-19/England/NOTT-10E3BD/2020,80,104
hCoV-19/England/NOTT-10E3AE/2020,80,104
hCoV-19/England/NOTT-10E39F/2020,80,104
hCoV-19/England/NOTT-10E371/2020,80,104
hCoV-19/England/NOTT-10E362/2020,80,104
hCoV-19/England/NOTT-10E335/2020,80,104
hCoV-19/England/NOTT-10E2FC/2020,80,104
hCoV-19/England/NOTT-10E2ED/2020,80,104
hCoV-19/England/NORW-ED8C5/2020,80,196
hCoV-19/England/NORT-28461F/2020,80,181
hCoV-19/England/NORT-28454F/2020,80,195
hCoV-19/England/NORT-284521/2020,80,181
hCoV-19/England/NORT-284503/2020,80,181
hCoV-19/England/NORT-2844CA/2020,80,195
hCoV-19/England/NORT-2844BB/2020,80,195
hCoV-19/England/NORT-2844AC/2020,80,195
hCoV-19/England/NORT-281ACB/2020,80,195
hCoV-19/England/NORT-281A9E/2020,80,195
hCoV-19/England/NORT-2819DD/2020,80,195
hCoV-19/England/NORT-2819BF/2020,80,195
hCoV-19/England/NORT-281973/2020,80,195
hCoV-19/England/NORT-281955/2020,80,195
hCoV-19/England/NORT-281946/2020,80,195
hCoV-19/England/NORT-281937/2020,80,195
hCoV-19/England/NORT-281919/2020,80,195
hCoV-19/England/NORT-2818D0/2020,80,195
hCoV-19/England/NORT-281894/2020,80,195
hCoV-19/England/LOND-124C689/2020,80,201
hCoV-19/England/LIVE-A62BB/2020,80,209
hCoV-19/England/LIVE-A62AC/2020,80,209
hCoV-19/England/LIVE-A628E/2020,80,209
hCoV-19/England/LIVE-A6260/2020,80,209
hCoV-19/England/LIVE-A6242/2020,80,209
hCoV-19/England/LIVE-A6233/2020,80,209
hCoV-19/England/LIVE-A6215/2020,80,209
hCoV-19/England/LIVE-A61EB/2020,80,209
hCoV-19/England/LIVE-A61DC/2020,80,209
hCoV-19/England/LIVE-A6190/2020,80,209
hCoV-19/England/LIVE-A6181/2020,80,209
hCoV-19/England/LIVE-A6172/2020,80,209
hCoV-19/England/LIVE-A6163/2020,80,209
hCoV-19/England/LIVE-A6109/2020,80,209
hCoV-19/England/LIVE-A60FD/2020,80,209
hCoV-19/England/LIVE-A60EE/2020,80,209
hCoV-19/England/LIVE-A60DF/2020,80,209
hCoV-19/England/LIVE-A60B1/2020,80,209
hCoV-19/England/LIVE-A6093/2020,80,209
hCoV-19/England/LIVE-A6075/2020,80,209
hCoV-19/England/LIVE-A6066/2020,80,209
hCoV-19/England/LIVE-A6048/2020,80,209
hCoV-19/England/LIVE-A6039/2020,80,209
hCoV-19/England/LIVE-A602A/2020,80,209
hCoV-19/England/LIVE-A600C/2020,80,209
hCoV-19/England/LIVE-A5FE2/2020,80,209
hCoV-19/England/LIVE-A5FD3/2020,80,209
hCoV-19/England/LIVE-A5FC4/2020,80,209
hCoV-19/England/LIVE-A5FA6/2020,80,209
hCoV-19/England/LIVE-A5F97/2020,80,209
hCoV-19/England/LIVE-A5F2E/2020,80,209
hCoV-19/England/LIVE-A5F1F/2020,80,209
hCoV-19/England/LIVE-A5F00/2020,80,209
hCoV-19/England/LIVE-A5EE5/2020,80,209
hCoV-19/England/LIVE-A5ED6/2020,80,209
hCoV-19/England/LIVE-A5EB8/2020,80,209
hCoV-19/England/LIVE-A5DE8/2020,80,209
hCoV-19/England/LIVE-A57AE/2020,80,209
hCoV-19/England/LIVE-A5717/2020,80,209
hCoV-19/England/LIVE-A5683/2020,80,209
hCoV-19/England/LIVE-A55FF/2020,80,209
hCoV-19/England/LIVE-A5568/2020,80,209
hCoV-19/England/LIVE-A54D4/2020,80,209
hCoV-19/England/LEED-2A83F0/2020,80,260
hCoV-19/England/GSTT-265DC7D/2020,80,189
hCoV-19/England/GSTT-265DC5F/2020,80,189
hCoV-19/England/GSTT-265DC22/2020,80,189
hCoV-19/England/CAMB-736AC/2020,80,132
hCoV-19/England/CAMB-73660/2020,80,132
hCoV-19/England/CAMB-73651/2020,80,132
hCoV-19/England/CAMB-73615/2020,80,132
hCoV-19/England/CAMB-73545/2020,80,132
hCoV-19/England/CAMB-73536/2020,80,132
hCoV-19/England/CAMB-73518/2020,80,132
hCoV-19/England/CAMB-734FD/2020,80,132
hCoV-19/England/CAMB-734EE/2020,80,132
hCoV-19/England/CAMB-73457/2020,80,132
hCoV-19/England/CAMB-7342A/2020,80,132
hCoV-19/England/CAMB-733B4/2020,80,132
hCoV-19/England/CAMB-7334B/2020,80,132
hCoV-19/England/CAMB-7333C/2020,80,132
hCoV-19/England/CAMB-7330F/2020,80,132
hCoV-19/England/CAMB-732E4/2020,80,132
hCoV-19/England/CAMB-732D5/2020,80,132
hCoV-19/England/CAMB-73299/2020,80,132
hCoV-19/England/CAMB-7328A/2020,80,132
hCoV-19/England/CAMB-7326C/2020,80,132
hCoV-19/England/CAMB-73211/2020,80,132
hCoV-19/England/CAMB-73202/2020,80,132
hCoV-19/England/CAMB-731F6/2020,80,132
hCoV-19/England/CAMB-731AB/2020,80,132
hCoV-19/England/CAMB-7317E/2020,80,132
hCoV-19/England/CAMB-7316F/2020,80,132
hCoV-19/England/CAMB-73141/2020,80,132
hCoV-19/England/CAMB-730F9/2020,80,132
hCoV-19/England/CAMB-730BD/2020,80,132
hCoV-19/England/CAMB-73071/2020,80,132
hCoV-19/England/CAMB-73062/2020,80,132
hCoV-19/England/CAMB-73053/2020,80,132
hCoV-19/England/CAMB-73026/2020,80,132
hCoV-19/England/CAMB-73017/2020,80,132
hCoV-19/England/CAMB-72FFD/2020,80,132
hCoV-19/England/CAMB-72FEE/2020,80,132
hCoV-19/England/CAMB-72EB4/2020,80,132
hCoV-19/England/CAMB-72E87/2020,80,132
hCoV-19/England/CAMB-72E69/2020,80,132
hCoV-19/England/CAMB-72E0F/2020,80,132
hCoV-19/England/CAMB-72DC6/2020,80,132
hCoV-19/England/CAMB-72D4E/2020,80,132
hCoV-19/England/CAMB-72564/2020,80,132
hCoV-19/England/CAMB-72519/2020,80,132
hCoV-19/England/BRIS-130EA2/2020,80,212
hCoV-19/England/BRIS-130E93/2020,80,212
hCoV-19/England/BRIS-130E75/2020,80,212
hCoV-19/England/BRIS-122386/2020,80,132
hCoV-19/England/BRIS-122377/2020,80,132
hCoV-19/England/BRIS-12234A/2020,80,132
hCoV-19/England/BRIS-12217D/2020,80,132
hCoV-19/England/BRIS-12216E/2020,80,132
hCoV-19/England/BRIS-122131/2020,80,132
hCoV-19/England/BRIS-122122/2020,80,132
hCoV-19/England/BRIS-1220CB/2020,80,132
hCoV-19/England/BRIS-12208F/2020,80,132
hCoV-19/England/BRIS-122043/2020,80,132
hCoV-19/England/BRIS-122034/2020,80,132
hCoV-19/England/BRIS-121DE3/2020,80,132
hCoV-19/England/BRIS-121D4D/2020,80,132
hCoV-19/England/20134082304/2020,80,102
hCoV-19/England/20134060904/2020,80,102
hCoV-19/England/20130065304/2020,80,102
hCoV-19/England/20130061404/2020,80,102
hCoV-19/England/20130052804/2020,80,102
hCoV-19/England/20129171604/2020,80,102
hCoV-19/England/20129163604/2020,80,102
hCoV-19/England/20129160704/2020,80,102
hCoV-19/England/20129158804/2020,80,102
hCoV-19/England/20129147804/2020,80,102
hCoV-19/England/20129085704/2020,80,102
hCoV-19/England/20129056804/2020,80,102
hCoV-19/England/20129035304/2020,80,102
hCoV-19/England/20129015704/2020,80,102
hCoV-19/England/20129015404/2020,80,102
