hCoV-19/England/NOTT-112662/2020,186,196
hCoV-19/England/NORW-EE81F/2020,186,202
hCoV-19/England/MILK-631F9A/2020,186,271
hCoV-19/England/MILK-631DBE/2020,186,271
hCoV-19/England/MILK-63154D/2020,186,271
hCoV-19/England/MILK-630E70/2020,186,271
hCoV-19/England/MILK-6303DB/2020,186,271
hCoV-19/England/MILK-62FD59/2020,186,271
hCoV-19/England/MILK-62EADB/2020,186,271
hCoV-19/England/MILK-62DF46/2020,186,271
hCoV-19/England/MILK-62D81E/2020,186,271
hCoV-19/England/MILK-62D632/2020,186,271
hCoV-19/England/MILK-62D447/2020,186,271
hCoV-19/England/MILK-62CFB0/2020,186,271
hCoV-19/England/MILK-62CDD4/2020,186,271
hCoV-19/England/MILK-62CD98/2020,186,271
hCoV-19/England/MILK-62C457/2020,186,271
hCoV-19/England/MILK-62C40C/2020,186,271
hCoV-19/England/MILK-62BF1B/2020,186,271
hCoV-19/England/MILK-62BC41/2020,186,271
hCoV-19/England/MILK-62B50A/2020,186,271
hCoV-19/England/MILK-62AD4F/2020,186,271
hCoV-19/England/MILK-62ACF7/2020,186,271
hCoV-19/England/MILK-6293A8/2020,186,271
hCoV-19/England/MILK-628FB4/2020,186,271
hCoV-19/England/MILK-628F78/2020,186,271
hCoV-19/England/MILK-628628/2020,186,271
hCoV-19/England/MILK-6285D0/2020,186,271
hCoV-19/England/MILK-628312/2020,186,271
hCoV-19/England/MILK-627CFA/2020,186,271
hCoV-19/England/MILK-625A10/2020,186,271
hCoV-19/England/MILK-61BEB7/2020,186,271
hCoV-19/England/MILK-619095/2020,186,271
hCoV-19/England/MILK-6166F0/2020,186,271
hCoV-19/England/LIVE-A539B/2020,186,474
hCoV-19/England/CAMB-1B5643/2020,186,209
hCoV-19/England/BRIS-1334E9/2020,186,264
hCoV-19/England/ALDP-6D67DB/2020,186,271
hCoV-19/England/ALDP-681B3D/2020,186,271
hCoV-19/Wales/MILK-610878/2020,187,271
hCoV-19/Wales/MILK-60FED4/2020,187,271
hCoV-19/England/SHEF-D285A/2020,187,202
hCoV-19/England/NORT-293853/2020,187,209
hCoV-19/England/MILK-6239BB/2020,187,271
hCoV-19/England/MILK-6238FA/2020,187,271
hCoV-19/England/MILK-623809/2020,187,271
hCoV-19/England/MILK-622EBD/2020,187,271
hCoV-19/England/MILK-622B4D/2020,187,271
hCoV-19/England/MILK-622381/2020,187,271
hCoV-19/England/MILK-6210A9/2020,187,271
hCoV-19/England/MILK-62104F/2020,187,271
hCoV-19/England/MILK-620D49/2020,187,271
hCoV-19/England/MILK-620866/2020,187,271
hCoV-19/England/MILK-61E6CB/2020,187,271
hCoV-19/England/MILK-61E045/2020,187,271
hCoV-19/England/MILK-61DA0C/2020,187,271
hCoV-19/England/MILK-61CB28/2020,187,271
hCoV-19/England/MILK-61C6BE/2020,187,271
hCoV-19/England/MILK-61B2F7/2020,187,271
hCoV-19/England/MILK-61AB75/2020,187,271
hCoV-19/England/MILK-61A3F5/2020,187,271
hCoV-19/England/MILK-617DDC/2020,187,271
hCoV-19/England/MILK-617598/2020,187,271
hCoV-19/England/MILK-6160F2/2020,187,271
hCoV-19/England/MILK-615FF6/2020,187,271
hCoV-19/England/MILK-615A22/2020,187,271
hCoV-19/England/MILK-6145D7/2020,187,271
hCoV-19/England/MILK-6118B3/2020,187,271
hCoV-19/England/MILK-60EB38/2020,187,271
hCoV-19/England/MILK-60D8C9/2020,187,271
hCoV-19/England/CAMB-1B5AB0/2020,187,229
hCoV-19/England/CAMB-1B5467/2020,187,209
hCoV-19/England/MILK-632412/2020,188,271
hCoV-19/England/MILK-60C8BB/2020,188,271
hCoV-19/England/MILK-60B70A/2020,188,287
hCoV-19/England/MILK-60A7DE/2020,188,271
hCoV-19/England/MILK-60A237/2020,188,271
hCoV-19/England/LIVE-A984D/2020,188,257
hCoV-19/England/LIVE-A53B9/2020,188,474
hCoV-19/England/LIVE-A53AA/2020,188,474
hCoV-19/England/CAMB-1B5670/2020,188,209
hCoV-19/England/CAMB-1B5616/2020,188,209
hCoV-19/England/ALDP-63D462/2020,188,271
hCoV-19/England/202840488/2020,188,274
hCoV-19/Wales/PHWC-1690D7/2020,189,209
hCoV-19/Wales/PHWC-168FEA/2020,189,209
hCoV-19/England/QEUH-7A8FF7/2020,189,254
hCoV-19/England/QEUH-7A774B/2020,189,254
hCoV-19/England/QEUH-7A532B/2020,189,254
hCoV-19/England/QEUH-7A508E/2020,189,254
hCoV-19/England/NOTT-1127D8/2020,189,202
hCoV-19/England/LIVE-A975F/2020,189,244
hCoV-19/England/LIVE-A52BC/2020,189,474
hCoV-19/England/LIVE-A5252/2020,189,209
hCoV-19/England/CAMB-1B5607/2020,189,209
hCoV-19/Wales/PHWC-169611/2020,190,223
hCoV-19/England/QEUH-943B25/2020,190,254
hCoV-19/England/QEUH-7A7848/2020,190,254
hCoV-19/England/QEUH-7A5B7E/2020,190,254
hCoV-19/England/NOTT-112CD9/2020,190,202
hCoV-19/England/NORT-29397E/2020,190,223
hCoV-19/England/NORT-293950/2020,190,223
hCoV-19/England/NORT-286149/2020,190,278
hCoV-19/England/LIVE-A5304/2020,190,474
hCoV-19/Wales/PHWC-16958D/2020,191,209
hCoV-19/Wales/PHWC-169408/2020,191,209
hCoV-19/Wales/PHWC-169338/2020,191,209
hCoV-19/Wales/PHWC-16907D/2020,191,209
hCoV-19/England/SHEF-CDC83/2020,191,202
hCoV-19/England/SHEF-C585A/2020,191,236
hCoV-19/England/QEUH-7A6ACB/2020,191,254
hCoV-19/England/QEUH-7A1EC4/2020,191,254
hCoV-19/England/NOTT-112C9D/2020,191,202
hCoV-19/England/ALDP-6B8C3A/2020,191,271
hCoV-19/England/203020505/2020,191,210
hCoV-19/England/203020504/2020,191,210
hCoV-19/England/203020503/2020,191,210
hCoV-19/England/202890228/2020,191,274
hCoV-19/Wales/PHWC-169329/2020,192,209
hCoV-19/England/SHEF-CF5FF/2020,192,202
hCoV-19/England/QEUH-943B70/2020,192,254
hCoV-19/England/QEUH-7A8540/2020,192,254
hCoV-19/England/QEUH-7A7E55/2020,192,254
hCoV-19/England/QEUH-7A7426/2020,192,254
hCoV-19/England/QEUH-7A6FEA/2020,192,254
hCoV-19/England/QEUH-7A3035/2020,192,254
hCoV-19/England/QEUH-7A2EE1/2020,192,254
hCoV-19/England/QEUH-79F807/2020,192,254
hCoV-19/England/QEUH-79F694/2020,192,254
hCoV-19/England/QEUH-79F351/2020,192,254
hCoV-19/England/QEUH-75872B/2020,192,254
hCoV-19/England/NORT-2939E7/2020,192,223
hCoV-19/England/MILK-8603EF/2020,192,271
hCoV-19/England/MILK-836B71/2020,192,271
hCoV-19/England/HECH-259A501/2020,192,253
hCoV-19/England/HECH-259A4F5/2020,192,253
hCoV-19/England/ALDP-97B896/2020,192,244
hCoV-19/England/ALDP-97B623/2020,192,244
hCoV-19/England/ALDP-97B580/2020,192,244
hCoV-19/England/ALDP-97B526/2020,192,244
