hCoV-19/Wales/PHWC-16CD64/2020,165,278
hCoV-19/Wales/PHWC-16C748/2020,165,278
hCoV-19/Wales/PHWC-16906E/2020,165,209
hCoV-19/Wales/PHWC-166BF7/2020,165,202
hCoV-19/Wales/PHWC-1664B0/2020,165,202
hCoV-19/Wales/PHWC-1664A1/2020,165,202
hCoV-19/Wales/PHWC-166492/2020,165,202
hCoV-19/Wales/PHWC-166298/2020,165,196
hCoV-19/Wales/PHWC-166140/2020,165,196
hCoV-19/Wales/PHWC-1660DA/2020,165,196
hCoV-19/Wales/PHWC-166061/2020,165,196
hCoV-19/Wales/PHWC-165C13/2020,165,196
hCoV-19/Wales/PHWC-165C04/2020,165,196
hCoV-19/Wales/PHWC-165B8F/2020,165,196
hCoV-19/Wales/PHWC-165994/2020,165,196
hCoV-19/Wales/PHWC-16577C/2020,165,196
hCoV-19/Wales/ALDP-950F56/2020,165,271
hCoV-19/Wales/ALDP-94D6A2/2020,165,271
hCoV-19/Wales/ALDP-94D693/2020,165,271
hCoV-19/Wales/ALDP-5A2EB6/2020,165,271
hCoV-19/Wales/ALDP-4AC2C0/2020,165,271
hCoV-19/Scotland/CVR3895/2020,165,189
hCoV-19/England/SHEF-C913D/2020,165,189
hCoV-19/England/NOTT-111E5C/2020,165,174
hCoV-19/England/MILK-95847D/2020,165,271
hCoV-19/England/MILK-95846E/2020,165,271
hCoV-19/England/MILK-9581EF/2020,165,271
hCoV-19/England/MILK-9581D0/2020,165,271
hCoV-19/England/MILK-958194/2020,165,271
hCoV-19/England/MILK-958167/2020,165,271
hCoV-19/England/MILK-95812B/2020,165,271
hCoV-19/England/MILK-95806A/2020,165,271
hCoV-19/England/MILK-958000/2020,165,271
hCoV-19/England/MILK-957FF5/2020,165,271
hCoV-19/England/MILK-957ECB/2020,165,271
hCoV-19/England/MILK-957EAD/2020,165,271
hCoV-19/England/MILK-957DEC/2020,165,271
hCoV-19/England/MILK-957CFE/2020,165,271
hCoV-19/England/MILK-957CC1/2020,165,271
hCoV-19/England/MILK-957CB2/2020,165,271
hCoV-19/England/MILK-579C45/2020,165,271
hCoV-19/England/LOND-1286DD9/2020,165,266
hCoV-19/England/LOND-12869E4/2020,165,383
hCoV-19/England/CWAR-24FDFC3/2020,165,292
hCoV-19/England/CWAR-24FDFB4/2020,165,292
hCoV-19/England/CWAR-24FDEF3/2020,165,292
hCoV-19/England/CWAR-24FDEE4/2020,165,292
hCoV-19/England/BRIS-132E19/2020,165,222
hCoV-19/England/BRIS-132DEF/2020,165,222
hCoV-19/England/ALDP-95C066/2020,165,271
hCoV-19/England/ALDP-95B02B/2020,165,271
hCoV-19/England/ALDP-95B01C/2020,165,271
hCoV-19/England/ALDP-95AF5C/2020,165,271
hCoV-19/England/ALDP-95AF01/2020,165,271
hCoV-19/England/ALDP-95AEF5/2020,165,271
hCoV-19/England/ALDP-95AEE6/2020,165,271
hCoV-19/England/ALDP-95A790/2020,165,271
hCoV-19/England/ALDP-95A781/2020,165,271
hCoV-19/England/ALDP-95A3E7/2020,165,271
hCoV-19/England/ALDP-959EE7/2020,165,271
hCoV-19/England/ALDP-95564D/2020,165,271
hCoV-19/England/ALDP-95556E/2020,165,271
hCoV-19/England/ALDP-954DEF/2020,165,271
hCoV-19/England/ALDP-95463F/2020,165,271
hCoV-19/England/ALDP-954611/2020,165,271
hCoV-19/England/ALDP-954602/2020,165,271
hCoV-19/England/ALDP-9512A7/2020,165,271
hCoV-19/England/ALDP-951298/2020,165,271
hCoV-19/England/ALDP-951289/2020,165,271
hCoV-19/England/ALDP-95125C/2020,165,271
hCoV-19/England/ALDP-95124D/2020,165,271
hCoV-19/England/ALDP-95123E/2020,165,271
hCoV-19/England/ALDP-951210/2020,165,271
hCoV-19/England/ALDP-951201/2020,165,271
hCoV-19/England/ALDP-9511F5/2020,165,271
hCoV-19/England/ALDP-9511E6/2020,165,271
hCoV-19/England/ALDP-9511D7/2020,165,271
hCoV-19/England/ALDP-9511C8/2020,165,271
hCoV-19/England/ALDP-9511B9/2020,165,271
hCoV-19/England/ALDP-950F92/2020,165,271
hCoV-19/England/ALDP-950F38/2020,165,271
hCoV-19/England/ALDP-950F0B/2020,165,271
hCoV-19/England/ALDP-950ED1/2020,165,271
hCoV-19/England/ALDP-950EC2/2020,165,271
hCoV-19/England/ALDP-950EA4/2020,165,271
hCoV-19/England/ALDP-950E95/2020,165,271
hCoV-19/England/ALDP-950E77/2020,165,271
hCoV-19/England/ALDP-950E68/2020,165,271
hCoV-19/England/ALDP-950E3B/2020,165,271
hCoV-19/England/ALDP-950E2C/2020,165,271
hCoV-19/England/ALDP-950E0E/2020,165,271
hCoV-19/England/ALDP-950DB6/2020,165,271
hCoV-19/England/ALDP-950DA7/2020,165,271
hCoV-19/England/ALDP-950D89/2020,165,271
hCoV-19/England/ALDP-950D5C/2020,165,271
hCoV-19/England/ALDP-950D4D/2020,165,271
hCoV-19/England/ALDP-950D3E/2020,165,271
hCoV-19/England/ALDP-950D2F/2020,165,271
hCoV-19/England/ALDP-950D10/2020,165,271
hCoV-19/England/ALDP-950D01/2020,165,271
hCoV-19/England/ALDP-950CE6/2020,165,271
hCoV-19/England/ALDP-950CD7/2020,165,271
hCoV-19/England/ALDP-950CC8/2020,165,271
hCoV-19/England/ALDP-950CB9/2020,165,271
hCoV-19/England/ALDP-950C9B/2020,165,271
hCoV-19/England/ALDP-950C8C/2020,165,271
hCoV-19/England/ALDP-950C7D/2020,165,271
hCoV-19/England/ALDP-950C5F/2020,165,271
hCoV-19/England/ALDP-950C40/2020,165,271
hCoV-19/England/ALDP-950C31/2020,165,271
hCoV-19/England/ALDP-950C22/2020,165,271
hCoV-19/England/ALDP-950C04/2020,165,271
hCoV-19/England/ALDP-950BF8/2020,165,271
hCoV-19/England/ALDP-950BE9/2020,165,271
hCoV-19/England/ALDP-950BDA/2020,165,271
hCoV-19/England/ALDP-950BBC/2020,165,271
hCoV-19/England/ALDP-950BAD/2020,165,271
hCoV-19/England/ALDP-950B9E/2020,165,271
hCoV-19/England/ALDP-950B8F/2020,165,271
hCoV-19/England/ALDP-950B70/2020,165,271
hCoV-19/England/ALDP-950B61/2020,165,271
hCoV-19/England/ALDP-950B52/2020,165,271
hCoV-19/England/ALDP-950B43/2020,165,271
hCoV-19/England/ALDP-950B16/2020,165,271
hCoV-19/England/ALDP-950B07/2020,165,271
hCoV-19/England/ALDP-950AEC/2020,165,271
hCoV-19/England/ALDP-950ADD/2020,165,271
hCoV-19/England/ALDP-950ABF/2020,165,271
hCoV-19/England/ALDP-950A82/2020,165,271
hCoV-19/England/ALDP-950A73/2020,165,271
hCoV-19/England/ALDP-950A64/2020,165,271
hCoV-19/England/ALDP-950A55/2020,165,271
hCoV-19/England/ALDP-950A46/2020,165,271
hCoV-19/England/ALDP-950A37/2020,165,271
hCoV-19/England/ALDP-950A19/2020,165,271
hCoV-19/England/ALDP-950A0A/2020,165,271
hCoV-19/England/ALDP-9509EF/2020,165,271
hCoV-19/England/ALDP-9509D0/2020,165,271
hCoV-19/England/ALDP-9509C1/2020,165,271
hCoV-19/England/ALDP-9509B2/2020,165,271
hCoV-19/England/ALDP-9509A3/2020,165,271
hCoV-19/England/ALDP-950985/2020,165,271
hCoV-19/England/ALDP-950976/2020,165,271
hCoV-19/England/ALDP-95092B/2020,165,271
hCoV-19/England/ALDP-95091C/2020,165,271
hCoV-19/England/ALDP-9508F1/2020,165,271
hCoV-19/England/ALDP-950879/2020,165,271
hCoV-19/England/ALDP-95086A/2020,165,271
hCoV-19/England/ALDP-95085B/2020,165,271
hCoV-19/England/ALDP-95082E/2020,165,271
hCoV-19/England/ALDP-95081F/2020,165,271
hCoV-19/England/ALDP-950800/2020,165,271
hCoV-19/England/ALDP-9507F4/2020,165,271
hCoV-19/England/ALDP-9507E5/2020,165,271
hCoV-19/England/ALDP-9507A9/2020,165,271
hCoV-19/England/ALDP-95079A/2020,165,271
hCoV-19/England/ALDP-94D815/2020,165,271
hCoV-19/England/ALDP-94D7EB/2020,165,271
hCoV-19/England/ALDP-94D7DC/2020,165,271
hCoV-19/England/ALDP-94D736/2020,165,271
hCoV-19/England/ALDP-94D657/2020,165,271
hCoV-19/England/ALDP-94D62A/2020,165,271
hCoV-19/England/ALDP-94D60C/2020,165,271
hCoV-19/England/ALDP-94D51E/2020,165,271
hCoV-19/England/ALDP-94D4F3/2020,165,271
hCoV-19/England/ALDP-94D4E4/2020,165,271
hCoV-19/England/ALDP-94D4D5/2020,165,271
hCoV-19/England/ALDP-94D47B/2020,165,271
hCoV-19/England/ALDP-94D46C/2020,165,271
hCoV-19/England/ALDP-94D44E/2020,165,271
hCoV-19/England/ALDP-94D43F/2020,165,271
hCoV-19/England/ALDP-94D3E7/2020,165,271
hCoV-19/England/ALDP-94D36F/2020,165,271
hCoV-19/England/ALDP-94D350/2020,165,271
hCoV-19/England/ALDP-94D341/2020,165,271
hCoV-19/England/ALDP-94D271/2020,165,271
hCoV-19/England/ALDP-94D226/2020,165,271
hCoV-19/England/ALDP-94D208/2020,165,271
hCoV-19/England/ALDP-94D1ED/2020,165,271
hCoV-19/England/ALDP-94D1A1/2020,165,271
hCoV-19/England/ALDP-94D183/2020,165,271
hCoV-19/England/ALDP-94D174/2020,165,271
hCoV-19/England/ALDP-94D0FF/2020,165,271
hCoV-19/England/ALDP-94D0B3/2020,165,271
hCoV-19/England/ALDP-94D068/2020,165,271
hCoV-19/England/ALDP-94CF99/2020,165,271
hCoV-19/England/ALDP-94CF8A/2020,165,271
hCoV-19/England/ALDP-94CF7B/2020,165,271
hCoV-19/England/ALDP-94CF20/2020,165,271
hCoV-19/England/ALDP-94CF11/2020,165,271
hCoV-19/England/ALDP-94CEF6/2020,165,271
hCoV-19/England/ALDP-94CD26/2020,165,271
hCoV-19/England/ALDP-94CB95/2020,165,271
hCoV-19/England/ALDP-94CB68/2020,165,271
hCoV-19/England/ALDP-94CAF2/2020,165,271
hCoV-19/England/ALDP-94C9E6/2020,165,271
hCoV-19/England/ALDP-94C9D7/2020,165,271
hCoV-19/England/ALDP-94C99B/2020,165,271
hCoV-19/England/ALDP-94C97D/2020,165,271
hCoV-19/England/ALDP-94C95F/2020,165,271
hCoV-19/England/ALDP-94C940/2020,165,271
hCoV-19/England/ALDP-94C922/2020,165,271
hCoV-19/England/ALDP-94C870/2020,165,271
hCoV-19/England/ALDP-94C7CE/2020,165,271
hCoV-19/England/ALDP-94C658/2020,165,271
hCoV-19/England/ALDP-94C62B/2020,165,271
hCoV-19/England/ALDP-94C61C/2020,165,271
hCoV-19/England/ALDP-94C500/2020,165,271
hCoV-19/England/ALDP-94BBB4/2020,165,271
hCoV-19/England/ALDP-94B89F/2020,165,271
hCoV-19/England/ALDP-5CF466/2020,165,271
hCoV-19/England/ALDP-5A88EF/2020,165,271
hCoV-19/England/ALDP-5A77B6/2020,165,271
hCoV-19/England/ALDP-5A3DF4/2020,165,271
hCoV-19/England/ALDP-5A3C06/2020,165,271
hCoV-19/England/ALDP-5A3B90/2020,165,271
hCoV-19/England/ALDP-5A3B63/2020,165,271
hCoV-19/England/ALDP-5A3A0C/2020,165,271
hCoV-19/England/ALDP-5A39E1/2020,165,271
hCoV-19/England/ALDP-5A392D/2020,165,271
hCoV-19/England/ALDP-5A376F/2020,165,271
hCoV-19/England/ALDP-5A3617/2020,165,271
hCoV-19/England/ALDP-5A32C8/2020,165,271
hCoV-19/England/ALDP-5A329B/2020,165,271
hCoV-19/England/ALDP-5A30DD/2020,165,271
hCoV-19/England/ALDP-5A3019/2020,165,271
hCoV-19/England/ALDP-5A2FA4/2020,165,271
hCoV-19/England/ALDP-5A2E10/2020,165,271
hCoV-19/England/ALDP-5A2D6E/2020,165,271
hCoV-19/England/ALDP-5A2D40/2020,165,271
hCoV-19/England/ALDP-5A2D22/2020,165,271
hCoV-19/England/ALDP-5A2CAD/2020,165,271
hCoV-19/England/ALDP-5A2C07/2020,165,271
hCoV-19/England/ALDP-5A2BEC/2020,165,271
hCoV-19/England/ALDP-5A2A49/2020,165,271
hCoV-19/England/ALDP-5A28B8/2020,165,271
hCoV-19/England/ALDP-5A1F69/2020,165,271
hCoV-19/England/ALDP-5A1E8A/2020,165,271
hCoV-19/England/ALDP-5A15D0/2020,165,271
hCoV-19/England/ALDP-5A0629/2020,165,271
hCoV-19/England/ALDP-5A01A0/2020,165,271
hCoV-19/England/ALDP-59FDCE/2020,165,271
hCoV-19/England/ALDP-59FD28/2020,165,271
hCoV-19/England/ALDP-59FB00/2020,165,271
hCoV-19/England/ALDP-59F827/2020,165,271
hCoV-19/England/ALDP-59F775/2020,165,271
hCoV-19/England/ALDP-59F63C/2020,165,271
hCoV-19/England/ALDP-59F62D/2020,165,271
hCoV-19/England/ALDP-59EA40/2020,165,271
hCoV-19/England/ALDP-59E8DD/2020,165,271
hCoV-19/England/ALDP-59E6F1/2020,165,271
hCoV-19/England/ALDP-59E6E2/2020,165,271
hCoV-19/England/ALDP-59E6B5/2020,165,271
hCoV-19/England/ALDP-59E5D6/2020,165,271
hCoV-19/England/ALDP-59E55E/2020,165,271
hCoV-19/England/ALDP-59E12D/2020,165,271
hCoV-19/England/ALDP-59DE45/2020,165,271
hCoV-19/England/ALDP-59DE27/2020,165,271
hCoV-19/England/ALDP-59DDFD/2020,165,271
hCoV-19/England/ALDP-59B7E2/2020,165,271
hCoV-19/England/ALDP-59B5BB/2020,165,271
hCoV-19/England/ALDP-59B4CD/2020,165,271
hCoV-19/England/ALDP-4AEE24/2020,165,271
hCoV-19/England/ALDP-4AEE15/2020,165,271
hCoV-19/England/ALDP-4AECB1/2020,165,271
hCoV-19/England/ALDP-4AEBF0/2020,165,271
hCoV-19/England/ALDP-4AEB1E/2020,165,271
hCoV-19/England/ALDP-4AD775/2020,165,271
hCoV-19/England/ALDP-4AD669/2020,165,271
hCoV-19/England/ALDP-4AD5A8/2020,165,271
hCoV-19/England/ALDP-4AD423/2020,165,271
hCoV-19/England/ALDP-4AD362/2020,165,271
hCoV-19/England/ALDP-4AD2DE/2020,165,271
hCoV-19/England/ALDP-4AD283/2020,165,271
hCoV-19/England/ALDP-4AD21A/2020,165,271
hCoV-19/England/ALDP-4AD1B3/2020,165,271
hCoV-19/England/ALDP-4AD0E3/2020,165,271
hCoV-19/England/ALDP-4AD010/2020,165,271
hCoV-19/England/ALDP-4ACFE7/2020,165,271
hCoV-19/England/ALDP-4ACE44/2020,165,271
hCoV-19/England/ALDP-4ACDA1/2020,165,271
hCoV-19/England/ALDP-4ACD0B/2020,165,271
hCoV-19/England/ALDP-4ACC95/2020,165,271
hCoV-19/England/ALDP-4ACA13/2020,165,271
hCoV-19/England/ALDP-4AC925/2020,165,271
hCoV-19/England/ALDP-4AC873/2020,165,271
hCoV-19/England/ALDP-4AC776/2020,165,271
hCoV-19/England/ALDP-4AC363/2020,165,271
hCoV-19/England/ALDP-4AC20C/2020,165,271
hCoV-19/England/ALDP-4AC1E1/2020,165,271
hCoV-19/England/ALDP-49CE38/2020,165,271
hCoV-19/England/ALDP-49CE1A/2020,165,271
hCoV-19/England/ALDP-49CD86/2020,165,271
hCoV-19/England/ALDP-49CD59/2020,165,271
hCoV-19/England/ALDP-49CD2C/2020,165,271
hCoV-19/England/ALDP-49CD0E/2020,165,271
hCoV-19/England/202881379/2020,165,198
hCoV-19/England/202822188/2020,165,196
hCoV-19/England/202822187/2020,165,196
hCoV-19/England/202822186/2020,165,196
hCoV-19/England/202822180/2020,165,196
hCoV-19/England/202822175/2020,165,196
hCoV-19/England/202561788/2020,165,190
hCoV-19/Wales/PHWC-166BE8/2020,166,202
hCoV-19/Wales/PHWC-166B33/2020,166,202
hCoV-19/Wales/PHWC-166A09/2020,166,202
hCoV-19/Wales/PHWC-166535/2020,166,202
hCoV-19/Wales/PHWC-166508/2020,166,202
hCoV-19/Wales/PHWC-16634A/2020,166,196
hCoV-19/Wales/PHWC-16632C/2020,166,196
hCoV-19/Wales/PHWC-1662F2/2020,166,196
hCoV-19/Wales/PHWC-166113/2020,166,196
hCoV-19/Wales/PHWC-165EC2/2020,166,196
hCoV-19/Wales/PHWC-165D2F/2020,166,196
hCoV-19/Wales/PHWC-165CD7/2020,166,196
hCoV-19/Wales/PHWC-1657E5/2020,166,196
hCoV-19/Wales/ALDP-94F725/2020,166,271
hCoV-19/Wales/ALDP-94CD17/2020,166,394
hCoV-19/Wales/ALDP-94CA10/2020,166,271
hCoV-19/Wales/ALDP-94CA01/2020,166,271
hCoV-19/Wales/ALDP-94C773/2020,166,271
hCoV-19/Wales/ALDP-94C764/2020,166,271
hCoV-19/Wales/ALDP-94C746/2020,166,271
hCoV-19/Wales/ALDP-94C737/2020,166,271
hCoV-19/Wales/ALDP-5C23DF/2020,166,271
hCoV-19/Wales/ALDP-5C2102/2020,166,271
hCoV-19/Scotland/EDB6517/2020,166,181
hCoV-19/Scotland/EDB6515/2020,166,181
hCoV-19/Scotland/CVR3911/2020,166,223
hCoV-19/Scotland/CVR3910/2020,166,223
hCoV-19/Scotland/CVR3890/2020,166,189
hCoV-19/England/SHEF-CC255/2020,166,189
hCoV-19/England/SHEF-C7876/2020,166,189
hCoV-19/England/SHEF-C7630/2020,166,189
hCoV-19/England/NORT-29BE4A/2020,166,215
hCoV-19/England/NORT-29BE3B/2020,166,215
hCoV-19/England/NORT-293316/2020,166,201
hCoV-19/England/MILK-958B4B/2020,166,271
hCoV-19/England/MILK-958B3C/2020,166,271
hCoV-19/England/MILK-958A6C/2020,166,271
hCoV-19/England/MILK-958A3F/2020,166,271
hCoV-19/England/MILK-958A11/2020,166,271
hCoV-19/England/MILK-9589F6/2020,166,271
hCoV-19/England/MILK-9589C9/2020,166,271
hCoV-19/England/MILK-9589BA/2020,166,271
hCoV-19/England/MILK-95897E/2020,166,271
hCoV-19/England/MILK-95896F/2020,166,271
hCoV-19/England/MILK-958941/2020,166,271
hCoV-19/England/MILK-9588F9/2020,166,271
hCoV-19/England/MILK-9588EA/2020,166,271
hCoV-19/England/MILK-9588DB/2020,166,271
hCoV-19/England/MILK-9588CC/2020,166,271
hCoV-19/England/MILK-9588AE/2020,166,271
hCoV-19/England/MILK-958880/2020,166,271
hCoV-19/England/MILK-958853/2020,166,271
hCoV-19/England/MILK-958844/2020,166,271
hCoV-19/England/MILK-958149/2020,166,271
hCoV-19/England/MILK-9580E2/2020,166,271
hCoV-19/England/MILK-9580D3/2020,166,271
hCoV-19/England/MILK-957F04/2020,166,271
hCoV-19/England/MILK-5660D6/2020,166,271
hCoV-19/England/LOND-128697B/2020,166,383
hCoV-19/England/LIVE-AB76C/2020,166,307
hCoV-19/England/LIVE-AB571/2020,166,307
hCoV-19/England/LIVE-A1D28/2020,166,196
hCoV-19/England/LIVE-A1D19/2020,166,196
hCoV-19/England/LIVE-A0C2C/2020,166,181
hCoV-19/England/LCST-24D6FB1/2020,166,181
hCoV-19/England/LCST-24D6F84/2020,166,181
hCoV-19/England/HECH-259A46E/2020,166,189
hCoV-19/England/CWAR-24FDFA5/2020,166,292
hCoV-19/England/CWAR-24FDF87/2020,166,292
hCoV-19/England/CWAR-24FDF78/2020,166,292
hCoV-19/England/CWAR-24FDF3C/2020,166,292
hCoV-19/England/CWAR-24FDF0F/2020,166,292
hCoV-19/England/BRIS-132CB5/2020,166,222
hCoV-19/England/BRIS-132CA6/2020,166,222
hCoV-19/England/ALDP-95CF87/2020,166,271
hCoV-19/England/ALDP-95CEA8/2020,166,271
hCoV-19/England/ALDP-95CE4E/2020,166,271
hCoV-19/England/ALDP-95CA59/2020,166,271
hCoV-19/England/ALDP-95BE6D/2020,166,271
hCoV-19/England/ALDP-95B0EF/2020,166,271
hCoV-19/England/ALDP-95B0C1/2020,166,271
hCoV-19/England/ALDP-95B0A3/2020,166,271
hCoV-19/England/ALDP-95B094/2020,166,271
hCoV-19/England/ALDP-95B058/2020,166,271
hCoV-19/England/ALDP-95B00D/2020,166,271
hCoV-19/England/ALDP-95AFF2/2020,166,271
hCoV-19/England/ALDP-95AFE3/2020,166,271
hCoV-19/England/ALDP-95AF89/2020,166,271
hCoV-19/England/ALDP-95AF7A/2020,166,271
hCoV-19/England/ALDP-95AF6B/2020,166,271
hCoV-19/England/ALDP-95AE22/2020,166,271
hCoV-19/England/ALDP-95AE13/2020,166,271
hCoV-19/England/ALDP-95ADDA/2020,166,271
hCoV-19/England/ALDP-95ADCB/2020,166,271
hCoV-19/England/ALDP-95ADBC/2020,166,271
hCoV-19/England/ALDP-95ADAD/2020,166,271
hCoV-19/England/ALDP-95AD9E/2020,166,271
hCoV-19/England/ALDP-95A51E/2020,166,271
hCoV-19/England/ALDP-955698/2020,166,271
hCoV-19/England/ALDP-954D67/2020,166,271
hCoV-19/England/ALDP-952BC9/2020,166,271
hCoV-19/England/ALDP-950DC5/2020,166,271
hCoV-19/England/ALDP-95041B/2020,166,271
hCoV-19/England/ALDP-9502B7/2020,166,271
hCoV-19/England/ALDP-9501F6/2020,166,271
hCoV-19/England/ALDP-9501D8/2020,166,271
hCoV-19/England/ALDP-950123/2020,166,271
hCoV-19/England/ALDP-950114/2020,166,271
hCoV-19/England/ALDP-950062/2020,166,271
hCoV-19/England/ALDP-950053/2020,166,271
hCoV-19/England/ALDP-950026/2020,166,271
hCoV-19/England/ALDP-94FFF0/2020,166,271
hCoV-19/England/ALDP-94FFA5/2020,166,271
hCoV-19/England/ALDP-94FF96/2020,166,271
hCoV-19/England/ALDP-94FF2D/2020,166,271
hCoV-19/England/ALDP-94FDE7/2020,166,271
hCoV-19/England/ALDP-94FD7E/2020,166,271
hCoV-19/England/ALDP-94FD32/2020,166,271
hCoV-19/England/ALDP-94FD23/2020,166,271
hCoV-19/England/ALDP-94FC62/2020,166,271
hCoV-19/England/ALDP-94FC44/2020,166,271
hCoV-19/England/ALDP-94FB38/2020,166,271
hCoV-19/England/ALDP-94FAFF/2020,166,271
hCoV-19/England/ALDP-94F998/2020,166,271
hCoV-19/England/ALDP-94F94D/2020,166,271
hCoV-19/England/ALDP-94F901/2020,166,271
hCoV-19/England/ALDP-94F743/2020,166,271
hCoV-19/England/ALDP-94D745/2020,166,271
hCoV-19/England/ALDP-94D6FD/2020,166,271
hCoV-19/England/ALDP-94D6EE/2020,166,271
hCoV-19/England/ALDP-94D6DF/2020,166,271
hCoV-19/England/ALDP-94D6B1/2020,166,271
hCoV-19/England/ALDP-94D684/2020,166,271
hCoV-19/England/ALDP-94D675/2020,166,271
hCoV-19/England/ALDP-94D61B/2020,166,271
hCoV-19/England/ALDP-94D596/2020,166,271
hCoV-19/England/ALDP-94D55A/2020,166,271
hCoV-19/England/ALDP-94D54B/2020,166,271
hCoV-19/England/ALDP-94D420/2020,166,271
hCoV-19/England/ALDP-94D3AB/2020,166,271
hCoV-19/England/ALDP-94D39C/2020,166,271
hCoV-19/England/ALDP-94D38D/2020,166,271
hCoV-19/England/ALDP-94D37E/2020,166,271
hCoV-19/England/ALDP-94D2DB/2020,166,271
hCoV-19/England/ALDP-94D244/2020,166,271
hCoV-19/England/ALDP-94D1B0/2020,166,271
hCoV-19/England/ALDP-94D03B/2020,166,271
hCoV-19/England/ALDP-94D02C/2020,166,271
hCoV-19/England/ALDP-94D01D/2020,166,271
hCoV-19/England/ALDP-94CFF3/2020,166,271
hCoV-19/England/ALDP-94CF5D/2020,166,271
hCoV-19/England/ALDP-94CF3F/2020,166,271
hCoV-19/England/ALDP-94CEE7/2020,166,271
hCoV-19/England/ALDP-94CEC9/2020,166,271
hCoV-19/England/ALDP-94CEBA/2020,166,271
hCoV-19/England/ALDP-94CEAB/2020,166,271
hCoV-19/England/ALDP-94CE8D/2020,166,271
hCoV-19/England/ALDP-94CE7E/2020,166,271
hCoV-19/England/ALDP-94CE6F/2020,166,271
hCoV-19/England/ALDP-94CE50/2020,166,271
hCoV-19/England/ALDP-94CE32/2020,166,271
hCoV-19/England/ALDP-94CE23/2020,166,271
hCoV-19/England/ALDP-94CE05/2020,166,271
hCoV-19/England/ALDP-94CDF9/2020,166,271
hCoV-19/England/ALDP-94CDEA/2020,166,271
hCoV-19/England/ALDP-94CDCC/2020,166,271
hCoV-19/England/ALDP-94CDBD/2020,166,271
hCoV-19/England/ALDP-94CDAE/2020,166,271
hCoV-19/England/ALDP-94CD80/2020,166,271
hCoV-19/England/ALDP-94CD71/2020,166,271
hCoV-19/England/ALDP-94CD44/2020,166,271
hCoV-19/England/ALDP-94CD35/2020,166,271
hCoV-19/England/ALDP-94CD08/2020,166,271
hCoV-19/England/ALDP-94CCFC/2020,166,271
hCoV-19/England/ALDP-94CCED/2020,166,271
hCoV-19/England/ALDP-94CCDE/2020,166,271
hCoV-19/England/ALDP-94CCCF/2020,166,271
hCoV-19/England/ALDP-94CCB0/2020,166,271
hCoV-19/England/ALDP-94CCA1/2020,166,271
hCoV-19/England/ALDP-94CC83/2020,166,271
hCoV-19/England/ALDP-94CBFF/2020,166,271
hCoV-19/England/ALDP-94CBE0/2020,166,271
hCoV-19/England/ALDP-94CBD1/2020,166,271
hCoV-19/England/ALDP-94CBC2/2020,166,271
hCoV-19/England/ALDP-94CBB3/2020,166,271
hCoV-19/England/ALDP-94CBA4/2020,166,271
hCoV-19/England/ALDP-94CB59/2020,166,271
hCoV-19/England/ALDP-94CB3B/2020,166,271
hCoV-19/England/ALDP-94CB2C/2020,166,271
hCoV-19/England/ALDP-94CB1D/2020,166,271
hCoV-19/England/ALDP-94CA7A/2020,166,271
hCoV-19/England/ALDP-94CA5C/2020,166,271
hCoV-19/England/ALDP-94CA3E/2020,166,271
hCoV-19/England/ALDP-94CA2F/2020,166,271
hCoV-19/England/ALDP-94C9F5/2020,166,271
hCoV-19/England/ALDP-94C9B9/2020,166,271
hCoV-19/England/ALDP-94C843/2020,166,271
hCoV-19/England/ALDP-94C807/2020,166,271
hCoV-19/England/ALDP-94C7FB/2020,166,271
hCoV-19/England/ALDP-94C7BF/2020,166,271
hCoV-19/England/ALDP-94C7A0/2020,166,271
hCoV-19/England/ALDP-94C791/2020,166,271
hCoV-19/England/ALDP-94C782/2020,166,271
hCoV-19/England/ALDP-94C755/2020,166,271
hCoV-19/England/ALDP-94C728/2020,166,271
hCoV-19/England/ALDP-94C719/2020,166,271
hCoV-19/England/ALDP-94C70A/2020,166,271
hCoV-19/England/ALDP-94C6FE/2020,166,271
hCoV-19/England/ALDP-94C6EF/2020,166,271
hCoV-19/England/ALDP-94C6A3/2020,166,271
hCoV-19/England/ALDP-94C694/2020,166,271
hCoV-19/England/ALDP-94C685/2020,166,271
hCoV-19/England/ALDP-94C676/2020,166,271
hCoV-19/England/ALDP-94C649/2020,166,271
hCoV-19/England/ALDP-94C5D3/2020,166,271
hCoV-19/England/ALDP-94C5C4/2020,166,271
hCoV-19/England/ALDP-94C5B5/2020,166,271
hCoV-19/England/ALDP-94C5A6/2020,166,271
hCoV-19/England/ALDP-94C597/2020,166,271
hCoV-19/England/ALDP-94C588/2020,166,271
hCoV-19/England/ALDP-94C579/2020,166,271
hCoV-19/England/ALDP-94C56A/2020,166,271
hCoV-19/England/ALDP-94C54C/2020,166,271
hCoV-19/England/ALDP-94C53D/2020,166,271
hCoV-19/England/ALDP-94C52E/2020,166,271
hCoV-19/England/ALDP-94C4E5/2020,166,271
hCoV-19/England/ALDP-94C4B8/2020,166,271
hCoV-19/England/ALDP-94C49A/2020,166,271
hCoV-19/England/ALDP-94C48B/2020,166,271
hCoV-19/England/ALDP-94C47C/2020,166,271
hCoV-19/England/ALDP-94C46D/2020,166,271
hCoV-19/England/ALDP-94C430/2020,166,271
hCoV-19/England/ALDP-5CF536/2020,166,271
hCoV-19/England/ALDP-5CF475/2020,166,271
hCoV-19/England/ALDP-5CF448/2020,166,271
hCoV-19/England/ALDP-5CF150/2020,166,271
hCoV-19/England/ALDP-5CF0BD/2020,166,271
hCoV-19/England/ALDP-5CEFFD/2020,166,271
hCoV-19/England/ALDP-5CEF57/2020,166,271
hCoV-19/England/ALDP-5CEC32/2020,166,271
hCoV-19/England/ALDP-5C1C6C/2020,166,271
hCoV-19/England/ALDP-5C191A/2020,166,271
hCoV-19/England/ALDP-5BA228/2020,166,271
hCoV-19/England/ALDP-5BA01F/2020,166,271
hCoV-19/England/ALDP-5B9E70/2020,166,271
hCoV-19/England/ALDP-5B9B79/2020,166,271
hCoV-19/England/ALDP-5B8DDE/2020,166,271
hCoV-19/England/ALDP-5AB336/2020,166,271
hCoV-19/England/ALDP-5AB257/2020,166,271
hCoV-19/England/ALDP-5AAF06/2020,166,271
hCoV-19/England/ALDP-5AAD93/2020,166,271
hCoV-19/England/ALDP-5AA9EA/2020,166,271
hCoV-19/England/ALDP-5AA99F/2020,166,271
hCoV-19/England/ALDP-5AA971/2020,166,271
hCoV-19/England/ALDP-5AA908/2020,166,271
hCoV-19/England/ALDP-5AA829/2020,166,271
hCoV-19/England/ALDP-5AA80B/2020,166,271
hCoV-19/England/ALDP-5AA7A4/2020,166,271
hCoV-19/England/ALDP-5AA698/2020,166,271
hCoV-19/England/ALDP-5AA65C/2020,166,271
hCoV-19/England/ALDP-5AA610/2020,166,271
hCoV-19/England/ALDP-5A9F9E/2020,166,271
hCoV-19/England/ALDP-5A9E37/2020,166,271
hCoV-19/England/ALDP-5A9B7C/2020,166,271
hCoV-19/England/ALDP-5A9ACA/2020,166,271
hCoV-19/England/ALDP-5A97A5/2020,166,271
hCoV-19/England/ALDP-5A95F6/2020,166,271
hCoV-19/England/ALDP-5A94F9/2020,166,271
hCoV-19/England/ALDP-5A5A91/2020,166,271
hCoV-19/England/ALDP-5A5A82/2020,166,271
hCoV-19/England/ALDP-5A56CA/2020,166,271
hCoV-19/England/ALDP-5A55BE/2020,166,271
hCoV-19/England/ALDP-5A5563/2020,166,271
hCoV-19/England/ALDP-5A525D/2020,166,271
hCoV-19/England/ALDP-5A5080/2020,166,271
hCoV-19/England/ALDP-5A4C23/2020,166,271
hCoV-19/England/ALDP-5A0DCA/2020,166,271
hCoV-19/England/ALDP-5A0C27/2020,166,271
hCoV-19/England/ALDP-5A0BB1/2020,166,271
hCoV-19/England/ALDP-59B2E1/2020,166,271
hCoV-19/England/ALDP-59B0C9/2020,166,271
hCoV-19/England/ALDP-59AD69/2020,166,271
hCoV-19/England/ALDP-59AD0F/2020,166,271
hCoV-19/England/ALDP-59AC8A/2020,166,271
hCoV-19/England/ALDP-59AC20/2020,166,271
hCoV-19/England/ALDP-59AB8D/2020,166,271
hCoV-19/England/ALDP-59AAF9/2020,166,271
hCoV-19/England/ALDP-59A992/2020,166,271
hCoV-19/England/ALDP-59A974/2020,166,271
hCoV-19/England/ALDP-59A8FF/2020,166,271
hCoV-19/England/ALDP-59A8D1/2020,166,271
hCoV-19/England/ALDP-59A8C2/2020,166,271
hCoV-19/England/ALDP-59A7E3/2020,166,271
hCoV-19/England/ALDP-59A4FB/2020,166,271
hCoV-19/England/ALDP-59A358/2020,166,271
hCoV-19/England/ALDP-4AED45/2020,166,271
hCoV-19/England/ALDP-4AEA99/2020,166,271
hCoV-19/England/ALDP-4AEA20/2020,166,271
hCoV-19/England/ALDP-4AE99C/2020,166,271
hCoV-19/England/202822183/2020,166,196
hCoV-19/England/202822182/2020,166,196
hCoV-19/England/202822181/2020,166,196
hCoV-19/England/202540896/2020,166,274
hCoV-19/Wales/PHWC-16908C/2020,167,209
hCoV-19/Wales/PHWC-166EFE/2020,167,202
hCoV-19/Wales/PHWC-16692A/2020,167,202
hCoV-19/Wales/PHWC-166650/2020,167,202
hCoV-19/Wales/PHWC-166580/2020,167,202
hCoV-19/Wales/PHWC-16624D/2020,167,196
hCoV-19/Wales/PHWC-1661F5/2020,167,196
hCoV-19/Wales/PHWC-1660AD/2020,167,196
hCoV-19/Wales/PHWC-166070/2020,167,196
hCoV-19/Wales/PHWC-165D98/2020,167,196
hCoV-19/Wales/PHWC-165C40/2020,167,196
hCoV-19/Wales/PHWC-165730/2020,167,196
hCoV-19/Wales/ALDP-95C2CA/2020,167,271
hCoV-19/Wales/ALDP-9503F0/2020,167,271
hCoV-19/Wales/ALDP-9503D2/2020,167,271
hCoV-19/Wales/ALDP-9503B4/2020,167,271
hCoV-19/Wales/ALDP-9502E4/2020,167,271
hCoV-19/Wales/ALDP-94FFC3/2020,167,271
hCoV-19/Wales/ALDP-94FF78/2020,167,271
hCoV-19/Wales/ALDP-94FEE4/2020,167,271
hCoV-19/Wales/ALDP-94F039/2020,167,271
hCoV-19/Wales/ALDP-94E6B0/2020,167,271
hCoV-19/Wales/ALDP-94E568/2020,167,271
hCoV-19/Wales/ALDP-94DFB6/2020,167,271
hCoV-19/Wales/ALDP-94D7AF/2020,167,271
hCoV-19/Wales/ALDP-94D790/2020,167,271
hCoV-19/Wales/ALDP-94D781/2020,167,271
hCoV-19/Scotland/CVR3896/2020,167,189
hCoV-19/England/QEUH-5F2716/2020,167,254
hCoV-19/England/QEUH-5F1920/2020,167,254
hCoV-19/England/QEUH-5F1665/2020,167,254
hCoV-19/England/QEUH-5F0F01/2020,167,254
hCoV-19/England/QEUH-5F0AC4/2020,167,254
hCoV-19/England/QEUH-5F0420/2020,167,254
hCoV-19/England/QEUH-5F03D8/2020,167,254
hCoV-19/England/QEUH-5F0280/2020,167,254
hCoV-19/England/QEUH-5EF9E9/2020,167,254
hCoV-19/England/QEUH-5EF5D6/2020,167,254
hCoV-19/England/QEUH-5EF59A/2020,167,254
hCoV-19/England/QEUH-5EF47F/2020,167,254
hCoV-19/England/QEUH-5EF1C3/2020,167,254
hCoV-19/England/QEUH-5EE434/2020,167,254
hCoV-19/England/QEUH-5EDFDA/2020,167,254
hCoV-19/England/QEUH-5EDAAC/2020,167,254
hCoV-19/England/QEUH-5ED7A5/2020,167,254
hCoV-19/England/QEUH-5ED5F6/2020,167,287
hCoV-19/England/QEUH-5ED5D8/2020,167,287
hCoV-19/England/QEUH-5ED462/2020,167,287
hCoV-19/England/QEUH-5ED3ED/2020,167,254
hCoV-19/England/QEUH-5ECFF9/2020,167,254
hCoV-19/England/QEUH-5EC4BE/2020,167,254
hCoV-19/England/QEUH-5EC357/2020,167,254
hCoV-19/England/QEUH-5EB6B9/2020,167,254
hCoV-19/England/QEUH-5EB58F/2020,167,254
hCoV-19/England/QEUH-5EAC7C/2020,167,254
hCoV-19/England/QEUH-5EAB06/2020,167,254
hCoV-19/England/QEUH-5EA5EA/2020,167,254
hCoV-19/England/QEUH-5EA18C/2020,167,254
hCoV-19/England/QEUH-5E9A19/2020,167,254
hCoV-19/England/QEUH-5E93F0/2020,167,254
hCoV-19/England/QEUH-5E9114/2020,167,254
hCoV-19/England/QEUH-5E8D20/2020,167,254
hCoV-19/England/QEUH-5E8CD8/2020,167,254
hCoV-19/England/QEUH-5E8537/2020,167,254
hCoV-19/England/QEUH-5E819D/2020,167,254
hCoV-19/England/QEUH-5E7F94/2020,167,254
hCoV-19/England/QEUH-5E7B72/2020,167,254
hCoV-19/England/QEUH-5E778D/2020,167,254
hCoV-19/England/QEUH-5E751A/2020,167,254
hCoV-19/England/QEUH-5E6AA3/2020,167,254
hCoV-19/England/QEUH-5E65B1/2020,167,254
hCoV-19/England/QEUH-5E62AB/2020,167,254
hCoV-19/England/QEUH-5E5D32/2020,167,254
hCoV-19/England/NOTT-112046/2020,167,181
hCoV-19/England/NOTT-112037/2020,167,181
hCoV-19/England/NORT-29338F/2020,167,209
hCoV-19/England/NORT-293361/2020,167,201
hCoV-19/England/MILK-9573EA/2020,167,271
hCoV-19/England/LOND-124D56D/2020,167,215
hCoV-19/England/LIVE-AB9EE/2020,167,307
hCoV-19/England/LIVE-AB8B4/2020,167,307
hCoV-19/England/LIVE-A438D/2020,167,196
hCoV-19/England/LIVE-A437E/2020,167,196
hCoV-19/England/LIVE-A436F/2020,167,196
hCoV-19/England/LIVE-A4332/2020,167,196
hCoV-19/England/LIVE-A4323/2020,167,196
hCoV-19/England/LIVE-A4314/2020,167,196
hCoV-19/England/LIVE-A1B5B/2020,167,196
hCoV-19/England/LIVE-A1B4C/2020,167,189
hCoV-19/England/LIVE-A1B1F/2020,167,189
hCoV-19/England/LCST-24D6FFD/2020,167,181
hCoV-19/England/LCST-24D6FEE/2020,167,181
hCoV-19/England/LCST-24D6FDF/2020,167,181
hCoV-19/England/CWAR-24FE047/2020,167,292
hCoV-19/England/CWAR-24FE038/2020,167,292
hCoV-19/England/CWAR-24FE029/2020,167,292
hCoV-19/England/CWAR-24FE00B/2020,167,292
hCoV-19/England/CAMB-1B5889/2020,167,223
hCoV-19/England/CAMB-1B4EC4/2020,167,181
hCoV-19/England/CAMB-1B4037/2020,167,181
hCoV-19/England/BRIS-132DA3/2020,167,222
hCoV-19/England/BRIS-132D85/2020,167,222
hCoV-19/England/BRIS-132D67/2020,167,222
hCoV-19/England/BRIS-132D2B/2020,167,222
hCoV-19/England/BIRM-6098B/2020,167,189
hCoV-19/England/ALDP-95D28D/2020,167,271
hCoV-19/England/ALDP-95D26F/2020,167,271
hCoV-19/England/ALDP-95D241/2020,167,271
hCoV-19/England/ALDP-95CF4B/2020,167,271
hCoV-19/England/ALDP-95CF2D/2020,167,271
hCoV-19/England/ALDP-95CF1E/2020,167,271
hCoV-19/England/ALDP-95CF0F/2020,167,271
hCoV-19/England/ALDP-95CEF3/2020,167,271
hCoV-19/England/ALDP-95CE6C/2020,167,271
hCoV-19/England/ALDP-95CE5D/2020,167,271
hCoV-19/England/ALDP-95CE20/2020,167,271
hCoV-19/England/ALDP-95CE11/2020,167,271
hCoV-19/England/ALDP-95CE02/2020,167,271
hCoV-19/England/ALDP-95CDF6/2020,167,271
hCoV-19/England/ALDP-95CDE7/2020,167,271
hCoV-19/England/ALDP-95CD9C/2020,167,271
hCoV-19/England/ALDP-95CD6F/2020,167,271
hCoV-19/England/ALDP-95CD50/2020,167,271
hCoV-19/England/ALDP-95CD41/2020,167,271
hCoV-19/England/ALDP-95CD32/2020,167,271
hCoV-19/England/ALDP-95CD23/2020,167,271
hCoV-19/England/ALDP-95CD14/2020,167,271
hCoV-19/England/ALDP-95CD05/2020,167,271
hCoV-19/England/ALDP-95CC08/2020,167,271
hCoV-19/England/ALDP-95CBFC/2020,167,271
hCoV-19/England/ALDP-95CB38/2020,167,271
hCoV-19/England/ALDP-95C9D4/2020,167,271
hCoV-19/England/ALDP-95C989/2020,167,271
hCoV-19/England/ALDP-95C88C/2020,167,271
hCoV-19/England/ALDP-95C87D/2020,167,271
hCoV-19/England/ALDP-95C7AD/2020,167,271
hCoV-19/England/ALDP-95C79E/2020,167,271
hCoV-19/England/ALDP-95C752/2020,167,271
hCoV-19/England/ALDP-95C2F7/2020,167,271
hCoV-19/England/ALDP-95C2E8/2020,167,287
hCoV-19/England/ALDP-95C2D9/2020,167,271
hCoV-19/England/ALDP-95C190/2020,167,271
hCoV-19/England/ALDP-95C181/2020,167,271
hCoV-19/England/ALDP-95C172/2020,167,271
hCoV-19/England/ALDP-95B155/2020,167,271
hCoV-19/England/ALDP-95AEB9/2020,167,271
hCoV-19/England/ALDP-95AD43/2020,167,271
hCoV-19/England/ALDP-95ABB2/2020,167,271
hCoV-19/England/ALDP-95A3F6/2020,167,271
hCoV-19/England/ALDP-95A244/2020,167,271
hCoV-19/England/ALDP-9547D2/2020,167,271
hCoV-19/England/ALDP-9545AB/2020,167,287
hCoV-19/England/ALDP-9540E6/2020,167,271
hCoV-19/England/ALDP-952B23/2020,167,271
hCoV-19/England/ALDP-950B25/2020,167,271
hCoV-19/England/ALDP-950703/2020,167,271
hCoV-19/England/ALDP-9504EE/2020,167,271
hCoV-19/England/ALDP-9504DF/2020,167,271
hCoV-19/England/ALDP-9504A2/2020,167,271
hCoV-19/England/ALDP-950493/2020,167,271
hCoV-19/England/ALDP-9503E1/2020,167,271
hCoV-19/England/ALDP-9503C3/2020,167,271
hCoV-19/England/ALDP-9502F3/2020,167,271
hCoV-19/England/ALDP-9502D5/2020,167,271
hCoV-19/England/ALDP-9502C6/2020,167,271
hCoV-19/England/ALDP-950220/2020,167,271
hCoV-19/England/ALDP-950044/2020,167,271
hCoV-19/England/ALDP-94FF87/2020,167,287
hCoV-19/England/ALDP-94FF69/2020,167,271
hCoV-19/England/ALDP-94FF1E/2020,167,271
hCoV-19/England/ALDP-94FF0F/2020,167,271
hCoV-19/England/ALDP-94FEC6/2020,167,271
hCoV-19/England/ALDP-94FEB7/2020,167,271
hCoV-19/England/ALDP-94FE99/2020,167,271
hCoV-19/England/ALDP-94FE7B/2020,167,271
hCoV-19/England/ALDP-94FE6C/2020,167,271
hCoV-19/England/ALDP-94FE5D/2020,167,271
hCoV-19/England/ALDP-94FE4E/2020,167,271
hCoV-19/England/ALDP-94FE3F/2020,167,271
hCoV-19/England/ALDP-94FE20/2020,167,271
hCoV-19/England/ALDP-94FD8D/2020,167,271
hCoV-19/England/ALDP-94FD05/2020,167,271
hCoV-19/England/ALDP-94FCF9/2020,167,271
hCoV-19/England/ALDP-94FCDB/2020,167,271
hCoV-19/England/ALDP-94FCBD/2020,167,271
hCoV-19/England/ALDP-94FC9F/2020,167,271
hCoV-19/England/ALDP-94FC53/2020,167,271
hCoV-19/England/ALDP-94FC35/2020,167,271
hCoV-19/England/ALDP-94FC26/2020,167,271
hCoV-19/England/ALDP-94FC17/2020,167,271
hCoV-19/England/ALDP-94FC08/2020,167,271
hCoV-19/England/ALDP-94FBFC/2020,167,271
hCoV-19/England/ALDP-94FBCF/2020,167,271
hCoV-19/England/ALDP-94FBB0/2020,167,271
hCoV-19/England/ALDP-94FB92/2020,167,271
hCoV-19/England/ALDP-94FB83/2020,167,271
hCoV-19/England/ALDP-94FB74/2020,167,271
hCoV-19/England/ALDP-94FB65/2020,167,271
hCoV-19/England/ALDP-94FB47/2020,167,271
hCoV-19/England/ALDP-94FAC2/2020,167,271
hCoV-19/England/ALDP-94FAB3/2020,167,271
hCoV-19/England/ALDP-94FA86/2020,167,271
hCoV-19/England/ALDP-94FA77/2020,167,271
hCoV-19/England/ALDP-94FA4A/2020,167,271
hCoV-19/England/ALDP-94FA1D/2020,167,271
hCoV-19/England/ALDP-94FA0E/2020,167,271
hCoV-19/England/ALDP-94F9E3/2020,167,271
hCoV-19/England/ALDP-94F9D4/2020,167,271
hCoV-19/England/ALDP-94F9B6/2020,167,271
hCoV-19/England/ALDP-94F95C/2020,167,271
hCoV-19/England/ALDP-94F910/2020,167,271
hCoV-19/England/ALDP-94F8E6/2020,167,271
hCoV-19/England/ALDP-94F8C8/2020,167,271
hCoV-19/England/ALDP-94F8B9/2020,167,271
hCoV-19/England/ALDP-94F8AA/2020,167,271
hCoV-19/England/ALDP-94F89B/2020,167,271
hCoV-19/England/ALDP-94F87D/2020,167,271
hCoV-19/England/ALDP-94F85F/2020,167,271
hCoV-19/England/ALDP-94F840/2020,167,271
hCoV-19/England/ALDP-94F813/2020,167,271
hCoV-19/England/ALDP-94F804/2020,167,271
hCoV-19/England/ALDP-94F7DA/2020,167,271
hCoV-19/England/ALDP-94F7BC/2020,167,271
hCoV-19/England/ALDP-94F7AD/2020,167,271
hCoV-19/England/ALDP-94F78F/2020,167,271
hCoV-19/England/ALDP-94EFA6/2020,167,271
hCoV-19/England/ALDP-94EF88/2020,167,271
hCoV-19/England/ALDP-94EE9A/2020,167,271
hCoV-19/England/ALDP-94ED33/2020,167,271
hCoV-19/England/ALDP-94EB48/2020,167,271
hCoV-19/England/ALDP-94E8D8/2020,167,271
hCoV-19/England/ALDP-94E8C9/2020,167,271
hCoV-19/England/ALDP-94E8AB/2020,167,271
hCoV-19/England/ALDP-94E89C/2020,167,271
hCoV-19/England/ALDP-94E86F/2020,167,271
hCoV-19/England/ALDP-94E841/2020,167,271
hCoV-19/England/ALDP-94E814/2020,167,271
hCoV-19/England/ALDP-94E753/2020,167,271
hCoV-19/England/ALDP-94E744/2020,167,271
hCoV-19/England/ALDP-94E5C2/2020,167,271
hCoV-19/England/ALDP-94E53B/2020,167,271
hCoV-19/England/ALDP-94E51D/2020,167,271
hCoV-19/England/ALDP-94E4D4/2020,167,271
hCoV-19/England/ALDP-94E0EF/2020,167,271
hCoV-19/England/ALDP-94E0B2/2020,167,271
hCoV-19/England/ALDP-94E0A3/2020,167,271
hCoV-19/England/ALDP-94E094/2020,167,271
hCoV-19/England/ALDP-94DF98/2020,167,271
hCoV-19/England/ALDP-94DF7A/2020,167,271
hCoV-19/England/ALDP-94DF6B/2020,167,271
hCoV-19/England/ALDP-94DE5F/2020,167,271
hCoV-19/England/ALDP-94DE40/2020,167,271
hCoV-19/England/ALDP-94D8AC/2020,167,271
hCoV-19/England/ALDP-94D851/2020,167,271
hCoV-19/England/ALDP-94D842/2020,167,271
hCoV-19/England/ALDP-94D772/2020,167,271
hCoV-19/England/ALDP-94D754/2020,167,271
hCoV-19/England/ALDP-94D4C6/2020,167,271
hCoV-19/England/ALDP-94D4B7/2020,167,271
hCoV-19/England/ALDP-94D4A8/2020,167,271
hCoV-19/England/ALDP-94D499/2020,167,271
hCoV-19/England/ALDP-94D45D/2020,167,271
hCoV-19/England/ALDP-94D323/2020,167,271
hCoV-19/England/ALDP-94D314/2020,167,271
hCoV-19/England/ALDP-94D305/2020,167,271
hCoV-19/England/ALDP-94D2F9/2020,167,271
hCoV-19/England/ALDP-94D129/2020,167,271
hCoV-19/England/ALDP-94D11A/2020,167,271
hCoV-19/England/ALDP-94D0A4/2020,167,271
hCoV-19/England/ALDP-94CFD5/2020,167,271
hCoV-19/England/ALDP-94CFC6/2020,167,271
hCoV-19/England/ALDP-94CFA8/2020,167,271
hCoV-19/England/ALDP-94CC29/2020,167,271
hCoV-19/England/ALDP-94CC1A/2020,167,271
hCoV-19/England/ALDP-94CC0B/2020,167,271
hCoV-19/England/ALDP-94CB77/2020,167,271
hCoV-19/England/ALDP-94CAB6/2020,167,271
hCoV-19/England/ALDP-94CAA7/2020,167,271
hCoV-19/England/ALDP-94CA98/2020,167,271
hCoV-19/England/ALDP-94CA89/2020,167,271
hCoV-19/England/ALDP-94C96E/2020,167,271
hCoV-19/England/ALDP-94C904/2020,167,271
hCoV-19/England/ALDP-94C8F8/2020,167,271
hCoV-19/England/ALDP-94C8DA/2020,167,271
hCoV-19/England/ALDP-94C8CB/2020,167,271
hCoV-19/England/ALDP-94C8BC/2020,167,271
hCoV-19/England/ALDP-94C8AD/2020,167,271
hCoV-19/England/ALDP-94C5F1/2020,167,271
hCoV-19/England/ALDP-94C5E2/2020,167,271
hCoV-19/England/ALDP-94C421/2020,167,271
hCoV-19/England/ALDP-94C3F7/2020,167,271
hCoV-19/England/ALDP-94C3E8/2020,167,271
hCoV-19/England/ALDP-94BBA5/2020,167,271
hCoV-19/England/ALDP-5ADA02/2020,167,271
hCoV-19/England/ALDP-5A47F5/2020,167,271
hCoV-19/England/ALDP-5A3F58/2020,167,271
hCoV-19/England/ALDP-5A0656/2020,167,271
hCoV-19/England/20284212304/2020,167,201
hCoV-19/England/202822190/2020,167,196
hCoV-19/England/202822189/2020,167,196
hCoV-19/England/202822184/2020,167,196
hCoV-19/Wales/QEUH-5E2870/2020,168,254
hCoV-19/Wales/PHWC-4BD059/2020,168,399
hCoV-19/Wales/PHWC-16633B/2020,168,196
hCoV-19/Wales/PHWC-165F92/2020,168,196
hCoV-19/Wales/PHWC-165B43/2020,168,196
hCoV-19/Wales/ALDP-95C9C5/2020,168,271
hCoV-19/Wales/ALDP-95C3E5/2020,168,394
hCoV-19/Wales/ALDP-95C3D6/2020,168,394
hCoV-19/Wales/ALDP-9506F7/2020,168,271
hCoV-19/Wales/ALDP-94EE30/2020,168,271
hCoV-19/Scotland/QEUH-5E0F31/2020,168,254
hCoV-19/Scotland/QEUH-5DD122/2020,168,254
hCoV-19/Scotland/QEUH-5DCCB9/2020,168,254
hCoV-19/Scotland/EDB6535/2020,168,181
hCoV-19/Scotland/CVR3915/2020,168,223
hCoV-19/Scotland/CVR3914/2020,168,223
hCoV-19/England/QEUH-5E4559/2020,168,254
hCoV-19/England/QEUH-5E2CA1/2020,168,254
hCoV-19/England/QEUH-5E1E06/2020,168,254
hCoV-19/England/QEUH-5E1AB7/2020,168,254
hCoV-19/England/QEUH-5E1307/2020,168,254
hCoV-19/England/QEUH-5E05D5/2020,168,254
hCoV-19/England/QEUH-5E03BD/2020,168,254
hCoV-19/England/QEUH-5E0283/2020,168,254
hCoV-19/England/QEUH-5E004D/2020,168,254
hCoV-19/England/QEUH-5DFB31/2020,168,254
hCoV-19/England/QEUH-5DF7B5/2020,168,254
hCoV-19/England/QEUH-5DF339/2020,168,254
hCoV-19/England/QEUH-5DF032/2020,168,254
hCoV-19/England/QEUH-5DEBD8/2020,168,254
hCoV-19/England/QEUH-5DEA44/2020,168,254
hCoV-19/England/QEUH-5DE6B9/2020,168,254
hCoV-19/England/QEUH-5DE4A0/2020,168,254
hCoV-19/England/QEUH-5DD5BD/2020,168,254
hCoV-19/England/QEUH-5DD18C/2020,168,254
hCoV-19/England/QEUH-5DCF38/2020,168,254
hCoV-19/England/QEUH-5DCC5F/2020,168,254
hCoV-19/England/QEUH-5DB986/2020,168,254
hCoV-19/England/QEUH-5DB6DA/2020,168,254
hCoV-19/England/QEUH-5DB537/2020,168,287
hCoV-19/England/QEUH-5DB4FE/2020,168,254
hCoV-19/England/QEUH-5DB27C/2020,168,254
hCoV-19/England/QEUH-5DAF1C/2020,168,254
hCoV-19/England/QEUH-5DABDC/2020,168,254
hCoV-19/England/QEUH-5DA2C8/2020,168,254
hCoV-19/England/QEUH-5DA170/2020,168,254
hCoV-19/England/QEUH-5D9FE0/2020,168,254
hCoV-19/England/NOTT-112116/2020,168,189
hCoV-19/England/NORW-EA52B/2020,168,181
hCoV-19/England/MILK-956D65/2020,168,271
hCoV-19/England/MILK-50CF11/2020,168,271
hCoV-19/England/LIVE-AA545/2020,168,236
hCoV-19/England/LIVE-AA536/2020,168,236
hCoV-19/England/LIVE-AA527/2020,168,236
hCoV-19/England/LIVE-AA518/2020,168,236
hCoV-19/England/LIVE-AA509/2020,168,236
hCoV-19/England/LIVE-AA4EE/2020,168,236
hCoV-19/England/LIVE-A43AB/2020,168,196
hCoV-19/England/LIVE-A42F9/2020,168,196
hCoV-19/England/LIVE-A4235/2020,168,196
hCoV-19/England/LIVE-A41ED/2020,168,196
hCoV-19/England/LIVE-A41DE/2020,168,196
hCoV-19/England/LIVE-A1C0D/2020,168,196
hCoV-19/England/LIVE-A0BA7/2020,168,474
hCoV-19/England/LIVE-A0B98/2020,168,474
hCoV-19/England/LIVE-A0B6B/2020,168,474
hCoV-19/England/LIVE-A0B4D/2020,168,474
hCoV-19/England/LIVE-A0B01/2020,168,474
hCoV-19/England/LIVE-A0AF5/2020,168,474
hCoV-19/England/LIVE-A0AE6/2020,168,474
hCoV-19/England/LIVE-A0AC8/2020,168,474
hCoV-19/England/LIVE-A0A40/2020,168,474
hCoV-19/England/LIVE-A0A13/2020,168,474
hCoV-19/England/LIVE-A0A04/2020,168,474
hCoV-19/England/LIVE-A099E/2020,168,474
hCoV-19/England/LIVE-A098F/2020,168,474
hCoV-19/England/LIVE-A0961/2020,168,474
hCoV-19/England/LIVE-A0943/2020,168,474
hCoV-19/England/LIVE-A08FB/2020,168,474
hCoV-19/England/LIVE-A08A0/2020,168,474
hCoV-19/England/LIVE-A0873/2020,168,474
hCoV-19/England/LIVE-A0864/2020,168,474
hCoV-19/England/LIVE-A0819/2020,168,474
hCoV-19/England/LIVE-A080A/2020,168,474
hCoV-19/England/LIVE-A07FE/2020,168,474
hCoV-19/England/LIVE-A07D0/2020,168,474
hCoV-19/England/LIVE-A07B2/2020,168,474
hCoV-19/England/LIVE-A07A3/2020,168,474
hCoV-19/England/LIVE-A0794/2020,168,474
hCoV-19/England/LCST-24D7035/2020,168,181
hCoV-19/England/LCST-24D7017/2020,168,181
hCoV-19/England/KGHT-268426C/2020,168,225
hCoV-19/England/CAMB-1B4FFE/2020,168,181
hCoV-19/England/CAMB-1B4FD0/2020,168,181
hCoV-19/England/ALDP-95D074/2020,168,271
hCoV-19/England/ALDP-95D065/2020,168,271
hCoV-19/England/ALDP-95CCEA/2020,168,271
hCoV-19/England/ALDP-95CCCC/2020,168,271
hCoV-19/England/ALDP-95CC35/2020,168,271
hCoV-19/England/ALDP-95CC26/2020,168,271
hCoV-19/England/ALDP-95CBCF/2020,168,271
hCoV-19/England/ALDP-95CAE0/2020,168,271
hCoV-19/England/ALDP-95C725/2020,168,271
hCoV-19/England/ALDP-95C6EC/2020,168,271
hCoV-19/England/ALDP-95C53A/2020,168,271
hCoV-19/England/ALDP-95C52B/2020,168,271
hCoV-19/England/ALDP-95C50D/2020,168,271
hCoV-19/England/ALDP-95C2AC/2020,168,271
hCoV-19/England/ALDP-95C29D/2020,168,271
hCoV-19/England/ALDP-95C28E/2020,168,271
hCoV-19/England/ALDP-95C251/2020,168,271
hCoV-19/England/ALDP-95C242/2020,168,271
hCoV-19/England/ALDP-95C1AF/2020,168,271
hCoV-19/England/ALDP-95C145/2020,168,271
hCoV-19/England/ALDP-95C136/2020,168,271
hCoV-19/England/ALDP-95C127/2020,168,271
hCoV-19/England/ALDP-95C109/2020,168,271
hCoV-19/England/ALDP-95A217/2020,168,271
hCoV-19/England/ALDP-95570E/2020,168,271
hCoV-19/England/ALDP-9547E1/2020,168,271
hCoV-19/England/ALDP-950DE3/2020,168,271
hCoV-19/England/ALDP-9506E8/2020,168,271
hCoV-19/England/ALDP-950581/2020,168,271
hCoV-19/England/ALDP-950536/2020,168,271
hCoV-19/England/ALDP-95030F/2020,168,271
hCoV-19/England/ALDP-950299/2020,168,271
hCoV-19/England/ALDP-95028A/2020,168,271
hCoV-19/England/ALDP-95018D/2020,168,271
hCoV-19/England/ALDP-95016F/2020,168,287
hCoV-19/England/ALDP-94EF97/2020,168,271
hCoV-19/England/ALDP-94EF3D/2020,168,271
hCoV-19/England/ALDP-94EF2E/2020,168,271
hCoV-19/England/ALDP-94EF1F/2020,168,271
hCoV-19/England/ALDP-94EEF4/2020,168,271
hCoV-19/England/ALDP-94EEB8/2020,168,271
hCoV-19/England/ALDP-94EE8B/2020,168,271
hCoV-19/England/ALDP-94EE7C/2020,168,271
hCoV-19/England/ALDP-94EE5E/2020,168,271
hCoV-19/England/ALDP-94EE21/2020,168,271
hCoV-19/England/ALDP-94EE12/2020,168,271
hCoV-19/England/ALDP-94EE03/2020,168,271
hCoV-19/England/ALDP-94EDE8/2020,168,271
hCoV-19/England/ALDP-94EDCA/2020,168,271
hCoV-19/England/ALDP-94EDAC/2020,168,271
hCoV-19/England/ALDP-94ED8E/2020,168,271
hCoV-19/England/ALDP-94ED7F/2020,168,271
hCoV-19/England/ALDP-94ED60/2020,168,271
hCoV-19/England/ALDP-94ED42/2020,168,271
hCoV-19/England/ALDP-94ECCD/2020,168,271
hCoV-19/England/ALDP-94ECAF/2020,168,271
hCoV-19/England/ALDP-94EC72/2020,168,271
hCoV-19/England/ALDP-94EC63/2020,168,271
hCoV-19/England/ALDP-94EC45/2020,168,271
hCoV-19/England/ALDP-94EBB1/2020,168,271
hCoV-19/England/ALDP-94EBA2/2020,168,271
hCoV-19/England/ALDP-94EB93/2020,168,271
hCoV-19/England/ALDP-94EB84/2020,168,271
hCoV-19/England/ALDP-94EB75/2020,168,271
hCoV-19/England/ALDP-94EB66/2020,168,271
hCoV-19/England/ALDP-94EB0C/2020,168,271
hCoV-19/England/ALDP-94EAF0/2020,168,271
hCoV-19/England/ALDP-94EA78/2020,168,271
hCoV-19/England/ALDP-94EA4B/2020,168,271
hCoV-19/England/ALDP-94E9A8/2020,168,271
hCoV-19/England/ALDP-94E98A/2020,168,271
hCoV-19/England/ALDP-94E832/2020,168,271
hCoV-19/England/ALDP-94E805/2020,168,271
hCoV-19/England/ALDP-94E7F9/2020,168,271
hCoV-19/England/ALDP-94E780/2020,168,271
hCoV-19/England/ALDP-94E771/2020,168,271
hCoV-19/England/ALDP-94E6DE/2020,168,271
hCoV-19/England/ALDP-94E6CF/2020,168,271
hCoV-19/England/ALDP-94E692/2020,168,271
hCoV-19/England/ALDP-94E683/2020,168,271
hCoV-19/England/ALDP-94E674/2020,168,271
hCoV-19/England/ALDP-94E665/2020,168,271
hCoV-19/England/ALDP-94E647/2020,168,271
hCoV-19/England/ALDP-94E638/2020,168,271
hCoV-19/England/ALDP-94E629/2020,168,271
hCoV-19/England/ALDP-94E61A/2020,168,271
hCoV-19/England/ALDP-94E5E0/2020,168,271
hCoV-19/England/ALDP-94E586/2020,168,271
hCoV-19/England/ALDP-94E54A/2020,168,271
hCoV-19/England/ALDP-94E50E/2020,168,271
hCoV-19/England/ALDP-94E4B6/2020,168,271
hCoV-19/England/ALDP-94E4A7/2020,168,271
hCoV-19/England/ALDP-94E489/2020,168,271
hCoV-19/England/ALDP-94E47A/2020,168,271
hCoV-19/England/ALDP-94E45C/2020,168,271
hCoV-19/England/ALDP-94E42F/2020,168,271
hCoV-19/England/ALDP-94E410/2020,168,271
hCoV-19/England/ALDP-94E3B9/2020,168,271
hCoV-19/England/ALDP-94E3AA/2020,168,271
hCoV-19/England/ALDP-94E37D/2020,168,271
hCoV-19/England/ALDP-94E243/2020,168,271
hCoV-19/England/ALDP-94E234/2020,168,271
hCoV-19/England/ALDP-94E207/2020,168,271
hCoV-19/England/ALDP-94E1FB/2020,168,271
hCoV-19/England/ALDP-94E1DD/2020,168,271
hCoV-19/England/ALDP-94E1CE/2020,168,271
hCoV-19/England/ALDP-94E1A0/2020,168,271
hCoV-19/England/ALDP-94E146/2020,168,271
hCoV-19/England/ALDP-94E137/2020,168,271
hCoV-19/England/ALDP-94E128/2020,168,271
hCoV-19/England/ALDP-94E119/2020,168,271
hCoV-19/England/ALDP-94E076/2020,168,271
hCoV-19/England/ALDP-94E067/2020,168,271
hCoV-19/England/ALDP-94E058/2020,168,271
hCoV-19/England/ALDP-94E049/2020,168,271
hCoV-19/England/ALDP-94DFF2/2020,168,271
hCoV-19/England/ALDP-94DFE3/2020,168,271
hCoV-19/England/ALDP-94DF2F/2020,168,271
hCoV-19/England/ALDP-94DF10/2020,168,271
hCoV-19/England/ALDP-94DF01/2020,168,271
hCoV-19/England/ALDP-94DEF5/2020,168,271
hCoV-19/England/ALDP-94DED7/2020,168,271
hCoV-19/England/ALDP-94DEB9/2020,168,271
hCoV-19/England/ALDP-94DE9B/2020,168,271
hCoV-19/England/ALDP-94DE8C/2020,168,271
hCoV-19/England/ALDP-94DE7D/2020,168,271
hCoV-19/England/ALDP-94DE6E/2020,168,271
hCoV-19/England/ALDP-94DBFE/2020,168,271
hCoV-19/England/ALDP-94DBEF/2020,168,271
hCoV-19/England/ALDP-94DBD0/2020,168,271
hCoV-19/England/ALDP-94DBC1/2020,168,271
hCoV-19/England/ALDP-94DBB2/2020,168,271
hCoV-19/England/ALDP-94DBA3/2020,168,271
hCoV-19/England/ALDP-94DB94/2020,168,271
hCoV-19/England/ALDP-94DB67/2020,168,271
hCoV-19/England/ALDP-94DB58/2020,168,271
hCoV-19/England/ALDP-94DAC4/2020,168,271
hCoV-19/England/ALDP-94DAB5/2020,168,271
hCoV-19/England/ALDP-94DAA6/2020,168,271
hCoV-19/England/ALDP-94DA97/2020,168,271
hCoV-19/England/ALDP-94DA79/2020,168,271
hCoV-19/England/ALDP-94DA6A/2020,168,271
hCoV-19/England/ALDP-94DA5B/2020,168,271
hCoV-19/England/ALDP-94DA4C/2020,168,271
hCoV-19/England/ALDP-94DA3D/2020,168,271
hCoV-19/England/ALDP-94DA2E/2020,168,271
hCoV-19/England/ALDP-94DA1F/2020,168,271
hCoV-19/England/ALDP-94DA00/2020,168,271
hCoV-19/England/ALDP-94BA4E/2020,168,271
hCoV-19/England/ALDP-5C51E1/2020,168,271
hCoV-19/England/ALDP-5BFDF5/2020,168,271
hCoV-19/England/ALDP-5BF047/2020,168,271
hCoV-19/England/ALDP-5BE4E2/2020,168,271
hCoV-19/England/ALDP-5BE172/2020,168,271
hCoV-19/England/ALDP-5BE048/2020,168,271
hCoV-19/England/ALDP-5BDF4C/2020,168,271
hCoV-19/England/ALDP-5BDE7C/2020,168,271
hCoV-19/England/ALDP-5BD629/2020,168,271
hCoV-19/England/ALDP-5BBF02/2020,168,271
hCoV-19/England/ALDP-5B475C/2020,168,271
hCoV-19/England/ALDP-5B465F/2020,168,271
hCoV-19/England/ALDP-5B275E/2020,168,271
hCoV-19/England/ALDP-5B1E2D/2020,168,271
hCoV-19/England/ALDP-5B142B/2020,168,271
hCoV-19/England/ALDP-5B0F3A/2020,168,271
hCoV-19/England/ALDP-5B0D8B/2020,168,271
hCoV-19/England/ALDP-5B0A57/2020,168,271
hCoV-19/England/ALDP-5B05B0/2020,168,271
hCoV-19/England/ALDP-5B0240/2020,168,271
hCoV-19/England/ALDP-5AF226/2020,168,271
hCoV-19/England/ALDP-5AF01D/2020,168,271
hCoV-19/England/ALDP-5AE96E/2020,168,271
hCoV-19/England/ALDP-5AE676/2020,168,271
hCoV-19/England/ALDP-5AE245/2020,168,271
hCoV-19/England/ALDP-5ADE51/2020,168,271
hCoV-19/England/ALDP-5ADC1B/2020,168,271
hCoV-19/England/ALDP-5AC335/2020,168,271
hCoV-19/England/ALDP-4AE352/2020,168,271
hCoV-19/England/ALDP-4AB258/2020,168,271
hCoV-19/Wales/PHWC-167033/2020,169,202
hCoV-19/Wales/PHWC-166E49/2020,169,202
hCoV-19/Wales/PHWC-16682D/2020,169,202
hCoV-19/Wales/PHWC-16675D/2020,169,202
hCoV-19/Wales/PHWC-166122/2020,169,196
hCoV-19/Wales/PHWC-1659EF/2020,169,196
hCoV-19/Wales/ALDP-95CC71/2020,169,271
hCoV-19/Wales/ALDP-9543B0/2020,169,271
hCoV-19/Wales/ALDP-94F594/2020,169,271
hCoV-19/Wales/ALDP-94F585/2020,169,271
hCoV-19/Wales/ALDP-94D912/2020,169,271
hCoV-19/Wales/ALDP-5C49BD/2020,169,271
hCoV-19/Scotland/CVR3900/2020,169,196
hCoV-19/Scotland/CVR3899/2020,169,196
hCoV-19/Scotland/CVR3897/2020,169,189
hCoV-19/England/TFCI-26F9D07/2020,169,379
hCoV-19/England/SHEF-CFFA6/2020,169,189
hCoV-19/England/NOTT-112143/2020,169,189
hCoV-19/England/NOTT-112134/2020,169,189
hCoV-19/England/NOTT-1120FB/2020,169,189
hCoV-19/England/NORW-ED1AC/2020,169,181
hCoV-19/England/MILK-95DBFB/2020,169,271
hCoV-19/England/MILK-95DBEC/2020,169,271
hCoV-19/England/LIVE-AB896/2020,169,307
hCoV-19/England/LIVE-A982F/2020,169,257
hCoV-19/England/CWAR-24FE1CC/2020,169,292
hCoV-19/England/CAMB-1B4FC1/2020,169,181
hCoV-19/England/CAMB-1B4FB2/2020,169,181
hCoV-19/England/CAMB-1B4FA3/2020,169,181
hCoV-19/England/CAMB-1B4F94/2020,169,181
hCoV-19/England/CAMB-1B4F49/2020,169,181
hCoV-19/England/CAMB-1B4F1C/2020,169,181
hCoV-19/England/BIRM-61841/2020,169,253
hCoV-19/England/BIRM-60806/2020,169,189
hCoV-19/England/ALDP-95D232/2020,169,271
hCoV-19/England/ALDP-95D205/2020,169,271
hCoV-19/England/ALDP-95D1EA/2020,169,271
hCoV-19/England/ALDP-95D1AE/2020,169,271
hCoV-19/England/ALDP-95D180/2020,169,271
hCoV-19/England/ALDP-95D153/2020,169,271
hCoV-19/England/ALDP-95D135/2020,169,271
hCoV-19/England/ALDP-95D0DE/2020,169,271
hCoV-19/England/ALDP-95D0CF/2020,169,271
hCoV-19/England/ALDP-95D0B0/2020,169,271
hCoV-19/England/ALDP-95D029/2020,169,271
hCoV-19/England/ALDP-95D01A/2020,169,271
hCoV-19/England/ALDP-95D00B/2020,169,271
hCoV-19/England/ALDP-95CFF0/2020,169,271
hCoV-19/England/ALDP-95CFE1/2020,169,271
hCoV-19/England/ALDP-95CFB4/2020,169,271
hCoV-19/England/ALDP-95CF78/2020,169,271
hCoV-19/England/ALDP-95CF69/2020,169,271
hCoV-19/England/ALDP-95CA4A/2020,169,271
hCoV-19/England/ALDP-95CA3B/2020,169,271
hCoV-19/England/ALDP-95C9B6/2020,169,271
hCoV-19/England/ALDP-95C9A7/2020,169,271
hCoV-19/England/ALDP-95C96B/2020,169,271
hCoV-19/England/ALDP-95C93E/2020,169,271
hCoV-19/England/ALDP-95C206/2020,169,271
hCoV-19/England/ALDP-95AA79/2020,169,271
hCoV-19/England/ALDP-953FF9/2020,169,271
hCoV-19/England/ALDP-9506D9/2020,169,271
hCoV-19/England/ALDP-9506BB/2020,169,271
hCoV-19/England/ALDP-95069D/2020,169,271
hCoV-19/England/ALDP-950660/2020,169,271
hCoV-19/England/ALDP-950642/2020,169,271
hCoV-19/England/ALDP-950624/2020,169,271
hCoV-19/England/ALDP-9505DC/2020,169,271
hCoV-19/England/ALDP-950572/2020,169,271
hCoV-19/England/ALDP-950554/2020,169,271
hCoV-19/England/ALDP-950518/2020,169,271
hCoV-19/England/ALDP-950509/2020,169,271
hCoV-19/England/ALDP-950396/2020,169,271
hCoV-19/England/ALDP-950378/2020,169,271
hCoV-19/England/ALDP-950369/2020,169,271
hCoV-19/England/ALDP-95035A/2020,169,271
hCoV-19/England/ALDP-95033C/2020,169,271
hCoV-19/England/ALDP-95032D/2020,169,271
hCoV-19/England/ALDP-95031E/2020,169,271
hCoV-19/England/ALDP-9500DB/2020,169,271
hCoV-19/England/ALDP-9500CC/2020,169,271
hCoV-19/England/ALDP-94FA59/2020,169,271
hCoV-19/England/ALDP-94F7F8/2020,169,271
hCoV-19/England/ALDP-94F707/2020,169,271
hCoV-19/England/ALDP-94F6CE/2020,169,271
hCoV-19/England/ALDP-94F691/2020,169,271
hCoV-19/England/ALDP-94F646/2020,169,271
hCoV-19/England/ALDP-94F637/2020,169,271
hCoV-19/England/ALDP-94F60A/2020,169,271
hCoV-19/England/ALDP-94F5EF/2020,169,271
hCoV-19/England/ALDP-94F53A/2020,169,271
hCoV-19/England/ALDP-94F51C/2020,169,271
hCoV-19/England/ALDP-94F4E2/2020,169,271
hCoV-19/England/ALDP-94F46A/2020,169,271
hCoV-19/England/ALDP-94F44C/2020,169,271
hCoV-19/England/ALDP-94F41F/2020,169,271
hCoV-19/England/ALDP-94F400/2020,169,271
hCoV-19/England/ALDP-94F3E5/2020,169,271
hCoV-19/England/ALDP-94F35E/2020,169,271
hCoV-19/England/ALDP-94F312/2020,169,271
hCoV-19/England/ALDP-94F2CA/2020,169,271
hCoV-19/England/ALDP-94F2AC/2020,169,271
hCoV-19/England/ALDP-94F29D/2020,169,271
hCoV-19/England/ALDP-94F242/2020,169,271
hCoV-19/England/ALDP-94F163/2020,169,271
hCoV-19/England/ALDP-94F136/2020,169,271
hCoV-19/England/ALDP-94F0C0/2020,169,271
hCoV-19/England/ALDP-94F0A2/2020,169,271
hCoV-19/England/ALDP-94F093/2020,169,271
hCoV-19/England/ALDP-94EA96/2020,169,271
hCoV-19/England/ALDP-94E717/2020,169,271
hCoV-19/England/ALDP-94E6FC/2020,169,271
hCoV-19/England/ALDP-94E36E/2020,169,271
hCoV-19/England/ALDP-94E331/2020,169,271
hCoV-19/England/ALDP-94E322/2020,169,271
hCoV-19/England/ALDP-94E313/2020,169,271
hCoV-19/England/ALDP-94DC55/2020,169,271
hCoV-19/England/ALDP-94DC46/2020,169,271
hCoV-19/England/ALDP-94DC37/2020,169,271
hCoV-19/England/ALDP-94DB3A/2020,169,271
hCoV-19/England/ALDP-94DB0D/2020,169,271
hCoV-19/England/ALDP-94DAF1/2020,169,271
hCoV-19/England/ALDP-94D97C/2020,169,271
hCoV-19/England/ALDP-94D95E/2020,169,271
hCoV-19/England/ALDP-94D921/2020,169,271
hCoV-19/England/ALDP-94D88E/2020,169,271
hCoV-19/England/ALDP-94D7CD/2020,169,271
hCoV-19/England/ALDP-94D5D2/2020,169,271
hCoV-19/England/ALDP-94D5A5/2020,169,271
hCoV-19/England/ALDP-94D0E0/2020,169,271
hCoV-19/England/ALDP-94CD53/2020,169,271
hCoV-19/England/ALDP-94C834/2020,169,271
hCoV-19/England/ALDP-94C825/2020,169,271
hCoV-19/England/ALDP-649463/2020,169,271
hCoV-19/England/ALDP-5D9557/2020,169,271
hCoV-19/England/ALDP-5D69D6/2020,169,271
hCoV-19/England/ALDP-5D5360/2020,169,271
hCoV-19/England/ALDP-5D52BE/2020,169,271
hCoV-19/England/ALDP-5D4C84/2020,169,271
hCoV-19/England/ALDP-5CE1BB/2020,169,271
hCoV-19/England/ALDP-5CC8B8/2020,169,271
hCoV-19/England/ALDP-5CC87C/2020,169,271
hCoV-19/England/ALDP-5CBAE0/2020,169,271
hCoV-19/England/ALDP-5CB8B9/2020,169,271
hCoV-19/England/ALDP-5CB45B/2020,169,271
hCoV-19/England/ALDP-5CB215/2020,169,271
hCoV-19/England/ALDP-5C961B/2020,169,271
hCoV-19/England/ALDP-5C936F/2020,169,271
hCoV-19/England/ALDP-5C606B/2020,169,271
hCoV-19/England/ALDP-5C5BB6/2020,169,271
hCoV-19/England/ALDP-5C5837/2020,169,271
hCoV-19/England/ALDP-5C4FBB/2020,169,271
hCoV-19/England/ALDP-5C3ECE/2020,169,271
hCoV-19/England/ALDP-5C3BD6/2020,169,271
hCoV-19/England/ALDP-5C0E94/2020,169,271
hCoV-19/England/ALDP-5BFE5C/2020,169,271
hCoV-19/England/ALDP-5BCD52/2020,169,271
hCoV-19/England/ALDP-5BCB94/2020,169,271
hCoV-19/England/ALDP-5B94F6/2020,169,271
hCoV-19/England/ALDP-5B49DE/2020,169,271
hCoV-19/England/ALDP-5B4938/2020,169,271
hCoV-19/England/ALDP-5B4042/2020,169,271
hCoV-19/England/ALDP-5B23D2/2020,169,271
hCoV-19/England/ALDP-5B1959/2020,169,271
hCoV-19/England/ALDP-5AFBFE/2020,169,271
hCoV-19/England/ALDP-5AD255/2020,169,271
hCoV-19/England/ALDP-5ACDA0/2020,169,271
hCoV-19/England/ALDP-5ACD82/2020,169,271
hCoV-19/England/ALDP-5ACB6A/2020,169,271
hCoV-19/England/ALDP-5AC942/2020,169,271
hCoV-19/England/202822203/2020,169,196
hCoV-19/England/202691845/2020,169,196
hCoV-19/England/202691844/2020,169,196
hCoV-19/England/202580750/2020,169,274
hCoV-19/Wales/PHWC-166D88/2020,170,202
hCoV-19/Wales/PHWC-166D4C/2020,170,202
hCoV-19/Wales/PHWC-166B42/2020,170,202
hCoV-19/Wales/PHWC-166984/2020,170,202
hCoV-19/Wales/PHWC-166966/2020,170,202
hCoV-19/Wales/PHWC-16619B/2020,170,196
hCoV-19/Wales/MILK-95DA85/2020,170,271
hCoV-19/Wales/MILK-95DA58/2020,170,271
hCoV-19/Wales/MILK-95DA49/2020,170,271
hCoV-19/Wales/ALDP-94F567/2020,170,271
hCoV-19/Wales/ALDP-94F3A9/2020,170,271
hCoV-19/Wales/ALDP-94DB1C/2020,170,271
hCoV-19/Scotland/CVR3901/2020,170,196
hCoV-19/England/SHEF-CB6F0/2020,170,202
hCoV-19/England/SHEF-CB53F/2020,170,189
hCoV-19/England/SHEF-C8945/2020,170,189
hCoV-19/England/SHEF-C5D1F/2020,170,189
hCoV-19/England/NOTT-112459/2020,170,189
hCoV-19/England/MILK-95DAFE/2020,170,271
hCoV-19/England/MILK-95DAEF/2020,170,271
hCoV-19/England/MILK-95D9C4/2020,170,271
hCoV-19/England/MILK-95D997/2020,170,271
hCoV-19/England/MILK-95D7AC/2020,170,271
hCoV-19/England/MILK-95D79D/2020,170,271
hCoV-19/England/LIVE-A17EE/2020,170,196
hCoV-19/England/LIVE-A17B1/2020,170,196
hCoV-19/England/CWAR-24FE1BD/2020,170,292
hCoV-19/England/CWAR-24FE1AE/2020,170,292
hCoV-19/England/CAMB-1B50BE/2020,170,181
hCoV-19/England/BRIS-132F8F/2020,170,222
hCoV-19/England/BRIS-132F16/2020,170,222
hCoV-19/England/BIRM-60833/2020,170,189
hCoV-19/England/ALDP-95CBA1/2020,170,271
hCoV-19/England/ALDP-95CB92/2020,170,271
hCoV-19/England/ALDP-95CB65/2020,170,271
hCoV-19/England/ALDP-95CB56/2020,170,271
hCoV-19/England/ALDP-95C6CE/2020,170,271
hCoV-19/England/ALDP-95C6BF/2020,170,271
hCoV-19/England/ALDP-95C6A0/2020,170,271
hCoV-19/England/ALDP-94F4A6/2020,170,271
hCoV-19/England/ALDP-94F27F/2020,170,271
hCoV-19/England/ALDP-94F260/2020,170,271
hCoV-19/England/ALDP-94F251/2020,170,271
hCoV-19/England/ALDP-94F233/2020,170,271
hCoV-19/England/ALDP-94F215/2020,170,271
hCoV-19/England/ALDP-94EFE2/2020,170,271
hCoV-19/England/ALDP-94EFD3/2020,170,271
hCoV-19/England/ALDP-94EA69/2020,170,271
hCoV-19/England/ALDP-94E5B3/2020,170,271
hCoV-19/England/ALDP-94E3E6/2020,170,271
hCoV-19/England/ALDP-94E2DA/2020,170,271
hCoV-19/England/ALDP-94E2CB/2020,170,271
hCoV-19/England/ALDP-94E2BC/2020,170,271
hCoV-19/England/ALDP-94E270/2020,170,271
hCoV-19/England/ALDP-94E261/2020,170,271
hCoV-19/England/ALDP-94DD34/2020,170,271
hCoV-19/England/ALDP-94DD07/2020,170,271
hCoV-19/England/ALDP-94DCEC/2020,170,271
hCoV-19/England/ALDP-94DCDD/2020,170,271
hCoV-19/England/ALDP-94DC91/2020,170,271
hCoV-19/England/ALDP-94DC28/2020,170,271
hCoV-19/England/ALDP-94DB85/2020,170,271
hCoV-19/England/ALDP-94D824/2020,170,271
hCoV-19/England/ALDP-5D8C53/2020,170,271
hCoV-19/England/ALDP-5D8AE0/2020,170,271
hCoV-19/England/ALDP-5D87DA/2020,170,271
hCoV-19/England/ALDP-5D7B84/2020,170,271
hCoV-19/England/ALDP-5D78BA/2020,170,271
hCoV-19/England/ALDP-5D67EB/2020,170,271
hCoV-19/England/ALDP-5D65C3/2020,170,271
hCoV-19/England/ALDP-5D65A5/2020,170,271
hCoV-19/England/ALDP-5D63BA/2020,170,271
hCoV-19/England/ALDP-5D5F5D/2020,170,271
hCoV-19/England/ALDP-5D5EC9/2020,170,271
hCoV-19/England/ALDP-5D5C1A/2020,170,271
hCoV-19/England/ALDP-5D5157/2020,170,271
hCoV-19/England/ALDP-5D4EAC/2020,170,271
hCoV-19/England/ALDP-5D4E9D/2020,170,271
hCoV-19/England/ALDP-5D4DAF/2020,170,271
hCoV-19/England/ALDP-5D4D72/2020,170,271
hCoV-19/England/ALDP-5D4B1E/2020,170,271
hCoV-19/England/ALDP-5D49C9/2020,170,271
hCoV-19/England/ALDP-5D4738/2020,170,271
hCoV-19/England/ALDP-5D44B9/2020,170,271
hCoV-19/England/ALDP-5D41D0/2020,170,271
hCoV-19/England/ALDP-5D3DEC/2020,170,271
hCoV-19/England/ALDP-5D3C58/2020,170,271
hCoV-19/England/ALDP-5D3960/2020,170,271
hCoV-19/England/ALDP-5D3933/2020,170,271
hCoV-19/England/ALDP-5D3818/2020,170,271
hCoV-19/England/ALDP-5D3696/2020,170,271
hCoV-19/England/ALDP-5D356C/2020,170,271
hCoV-19/England/ALDP-5D347E/2020,170,271
hCoV-19/England/ALDP-5D33CC/2020,170,271
hCoV-19/England/ALDP-5D31A4/2020,170,271
hCoV-19/England/ALDP-5D3195/2020,170,271
hCoV-19/England/ALDP-5D307A/2020,170,271
hCoV-19/England/ALDP-5D2D38/2020,170,271
hCoV-19/England/ALDP-5D2BA7/2020,170,271
hCoV-19/England/ALDP-5D2A04/2020,170,271
hCoV-19/England/ALDP-5D28FB/2020,170,271
hCoV-19/England/ALDP-5D2749/2020,170,271
hCoV-19/England/ALDP-5D271C/2020,170,271
hCoV-19/England/ALDP-5D2390/2020,170,271
hCoV-19/England/ALDP-5D210F/2020,170,271
hCoV-19/England/ALDP-5D1FAC/2020,170,271
hCoV-19/England/ALDP-5D1F15/2020,170,271
hCoV-19/England/ALDP-5D1CA5/2020,170,271
hCoV-19/England/ALDP-5D1C69/2020,170,271
hCoV-19/England/ALDP-5D1BD5/2020,170,271
hCoV-19/England/ALDP-5D1B02/2020,170,271
hCoV-19/England/ALDP-5D19BD/2020,170,271
hCoV-19/England/ALDP-5D18ED/2020,170,271
hCoV-19/England/ALDP-5D1838/2020,170,271
hCoV-19/England/ALDP-5D1829/2020,170,271
hCoV-19/England/ALDP-5D173B/2020,170,271
hCoV-19/England/ALDP-5D149E/2020,170,271
hCoV-19/England/ALDP-5D1461/2020,170,271
hCoV-19/England/ALDP-5D0BB8/2020,170,271
hCoV-19/England/ALDP-5D0A60/2020,170,271
hCoV-19/England/ALDP-5D0A42/2020,170,271
hCoV-19/England/ALDP-5D067B/2020,170,271
hCoV-19/England/ALDP-5D05D8/2020,170,271
hCoV-19/England/ALDP-5D0514/2020,170,271
hCoV-19/England/ALDP-5D04BD/2020,170,271
hCoV-19/England/ALDP-5D02FF/2020,170,271
hCoV-19/England/ALDP-5D0189/2020,170,271
hCoV-19/England/ALDP-5CE8D4/2020,170,271
hCoV-19/England/ALDP-5CE485/2020,170,271
hCoV-19/England/ALDP-5CDC9D/2020,170,271
hCoV-19/England/ALDP-5CDC24/2020,170,271
hCoV-19/England/ALDP-5CD34D/2020,170,271
hCoV-19/England/ALDP-5CD1DA/2020,170,271
hCoV-19/England/ALDP-5CD1BC/2020,170,271
hCoV-19/England/ALDP-5CD0DD/2020,170,271
hCoV-19/England/ALDP-5CCD22/2020,170,271
hCoV-19/England/ALDP-5CCCDA/2020,170,271
hCoV-19/England/ALDP-5CC9A6/2020,170,271
hCoV-19/England/ALDP-5CC2F6/2020,170,271
hCoV-19/England/ALDP-5CB50D/2020,170,271
hCoV-19/England/ALDP-5CB38B/2020,170,271
hCoV-19/England/ALDP-5CB36D/2020,170,271
hCoV-19/England/ALDP-5CB136/2020,170,271
hCoV-19/England/ALDP-5CB0C0/2020,170,271
hCoV-19/England/ALDP-5CAFA6/2020,170,271
hCoV-19/England/ALDP-5CAC18/2020,170,271
hCoV-19/England/ALDP-5CAAB4/2020,170,271
hCoV-19/England/ALDP-5CAAA5/2020,170,271
hCoV-19/England/ALDP-5CA9F3/2020,170,271
hCoV-19/England/ALDP-5CA97B/2020,170,271
hCoV-19/England/ALDP-5CA7F9/2020,170,271
hCoV-19/England/ALDP-5CA313/2020,170,271
hCoV-19/England/ALDP-5C9F5C/2020,170,271
hCoV-19/England/ALDP-5C9D52/2020,170,271
hCoV-19/England/ALDP-5C9A88/2020,170,271
hCoV-19/England/ALDP-5C99D6/2020,170,271
hCoV-19/England/ALDP-5C998B/2020,170,271
hCoV-19/England/ALDP-5C97DC/2020,170,271
hCoV-19/England/ALDP-5C9790/2020,170,271
hCoV-19/England/ALDP-5C96EE/2020,170,271
hCoV-19/England/ALDP-5C9657/2020,170,271
hCoV-19/England/ALDP-5C9569/2020,170,271
hCoV-19/England/ALDP-5C94A8/2020,170,271
hCoV-19/England/ALDP-5C9068/2020,170,271
hCoV-19/England/ALDP-5C88AD/2020,170,271
hCoV-19/England/ALDP-5C8834/2020,170,271
hCoV-19/England/ALDP-5C87A0/2020,170,271
hCoV-19/England/ALDP-5C7F5E/2020,170,271
hCoV-19/England/ALDP-5C7EAC/2020,170,271
hCoV-19/England/ALDP-5C7E7F/2020,170,271
hCoV-19/England/ALDP-5C7C66/2020,170,271
hCoV-19/England/ALDP-5C7B78/2020,170,271
hCoV-19/England/ALDP-5C78EA/2020,170,271
hCoV-19/England/ALDP-5C789F/2020,170,271
hCoV-19/England/ALDP-5C7765/2020,170,271
hCoV-19/England/ALDP-5C756B/2020,170,271
hCoV-19/England/ALDP-5C74E6/2020,170,271
hCoV-19/England/ALDP-5C746E/2020,170,271
hCoV-19/England/ALDP-5C711C/2020,170,271
hCoV-19/England/ALDP-5C70D3/2020,170,271
hCoV-19/England/ALDP-5C70C4/2020,170,271
hCoV-19/England/ALDP-5C705B/2020,170,271
hCoV-19/England/ALDP-5C701F/2020,170,271
hCoV-19/England/ALDP-5C6D55/2020,170,271
hCoV-19/England/ALDP-5C6D37/2020,170,271
hCoV-19/England/ALDP-5C5819/2020,170,271
hCoV-19/England/ALDP-5C466B/2020,170,271
hCoV-19/England/ALDP-5C4382/2020,170,271
hCoV-19/England/ALDP-5C42FE/2020,170,271
hCoV-19/England/ALDP-5C41E2/2020,170,271
hCoV-19/England/ALDP-5C3A7F/2020,170,271
hCoV-19/England/ALDP-5C3909/2020,170,271
hCoV-19/England/ALDP-5C3866/2020,170,271
hCoV-19/England/ALDP-5C2D1D/2020,170,271
hCoV-19/England/ALDP-5C2542/2020,170,271
hCoV-19/England/ALDP-5C18E0/2020,170,271
hCoV-19/England/ALDP-5C16C8/2020,170,271
hCoV-19/England/ALDP-5C12D3/2020,170,271
hCoV-19/England/ALDP-5C1006/2020,170,271
hCoV-19/England/ALDP-5C0DE2/2020,170,271
hCoV-19/England/ALDP-5C0993/2020,170,271
hCoV-19/England/ALDP-5BF92E/2020,170,271
hCoV-19/England/ALDP-5BC5F0/2020,170,271
hCoV-19/England/ALDP-5BC47B/2020,170,271
hCoV-19/England/ALDP-5BC217/2020,170,271
hCoV-19/England/ALDP-5B81B4/2020,170,271
hCoV-19/England/ALDP-5B7935/2020,170,271
hCoV-19/England/ALDP-5B76C5/2020,170,271
hCoV-19/England/ALDP-5B7434/2020,170,271
hCoV-19/England/ALDP-5B713D/2020,170,271
hCoV-19/England/ALDP-5B6F8F/2020,170,271
hCoV-19/England/ALDP-5B6DA3/2020,170,271
hCoV-19/England/ALDP-5B6D1C/2020,170,271
hCoV-19/England/ALDP-5B6C6A/2020,170,271
hCoV-19/England/ALDP-5B6B12/2020,170,271
hCoV-19/England/ALDP-5B69FA/2020,170,271
hCoV-19/England/ALDP-5B68B1/2020,170,271
hCoV-19/England/ALDP-5B674B/2020,170,271
hCoV-19/England/ALDP-5B63FC/2020,170,271
hCoV-19/England/ALDP-5B5EFC/2020,170,271
hCoV-19/England/ALDP-5B5E38/2020,170,271
hCoV-19/England/ALDP-5B5876/2020,170,271
hCoV-19/England/ALDP-5B57B5/2020,170,271
hCoV-19/England/ALDP-5B53A2/2020,170,271
hCoV-19/England/ALDP-5B50F6/2020,170,271
hCoV-19/England/ALDP-5B5023/2020,170,271
hCoV-19/England/ALDP-5B4FDC/2020,170,271
hCoV-19/England/ALDP-5B4E66/2020,170,271
hCoV-19/England/ALDP-5B2BE9/2020,170,271
hCoV-19/England/ALDP-5B2B8F/2020,170,271
hCoV-19/England/ALDP-5AF9B8/2020,170,271
hCoV-19/England/ALDP-5AF5E1/2020,170,271
hCoV-19/England/ALDP-5AF0FF/2020,170,271
hCoV-19/England/ALDP-5AC292/2020,170,271
hCoV-19/England/ALDP-5AC1FF/2020,170,271
hCoV-19/England/ALDP-5AC186/2020,170,271
hCoV-19/England/ALDP-5ABFE7/2020,170,271
hCoV-19/England/ALDP-5ABDED/2020,170,271
hCoV-19/England/ALDP-5A85F7/2020,170,271
hCoV-19/England/ALDP-5A4494/2020,170,271
hCoV-19/Wales/PHWC-166FDD/2020,171,202
hCoV-19/Wales/PHWC-166C5E/2020,171,202
hCoV-19/Wales/PHWC-165879/2020,171,196
hCoV-19/Wales/ALDP-95C770/2020,171,394
hCoV-19/Wales/ALDP-95C0A2/2020,171,271
hCoV-19/Scotland/MILK-95D9E2/2020,171,274
hCoV-19/England/NOTT-112170/2020,171,189
hCoV-19/England/NOTT-112161/2020,171,189
hCoV-19/England/NORT-29BF65/2020,171,215
hCoV-19/England/MILK-95DBDD/2020,171,271
hCoV-19/England/MILK-95DBCE/2020,171,287
hCoV-19/England/MILK-95DBA0/2020,171,271
hCoV-19/England/MILK-95DB91/2020,171,271
hCoV-19/England/MILK-95DB82/2020,171,287
hCoV-19/England/MILK-95D900/2020,171,271
hCoV-19/England/MILK-956FE7/2020,171,271
hCoV-19/England/MILK-59718E/2020,171,271
hCoV-19/England/LIVE-A18EB/2020,171,196
hCoV-19/England/BRIS-132FAD/2020,171,222
hCoV-19/England/BRIS-132F61/2020,171,222
hCoV-19/England/ALDP-95C901/2020,171,271
hCoV-19/England/ALDP-95C8F5/2020,171,271
hCoV-19/England/ALDP-95C8E6/2020,171,271
hCoV-19/England/ALDP-95C8D7/2020,171,271
hCoV-19/England/ALDP-95C682/2020,171,271
hCoV-19/England/ALDP-95C646/2020,171,271
hCoV-19/England/ALDP-95C637/2020,171,271
hCoV-19/England/ALDP-95C628/2020,171,271
hCoV-19/England/ALDP-95C619/2020,171,271
hCoV-19/England/ALDP-95C60A/2020,171,271
hCoV-19/England/ALDP-95C5FE/2020,171,271
hCoV-19/England/ALDP-95C5EF/2020,171,271
hCoV-19/England/ALDP-95C5B2/2020,171,271
hCoV-19/England/ALDP-95C4B5/2020,171,271
hCoV-19/England/ALDP-95C497/2020,171,271
hCoV-19/England/ALDP-95C488/2020,171,271
hCoV-19/England/ALDP-95C479/2020,171,271
hCoV-19/England/ALDP-95C43D/2020,171,271
hCoV-19/England/ALDP-95C42E/2020,171,271
hCoV-19/England/ALDP-95C3C7/2020,171,271
hCoV-19/England/ALDP-95C3B8/2020,171,271
hCoV-19/England/ALDP-95C3A9/2020,171,271
hCoV-19/England/ALDP-95C39A/2020,171,271
hCoV-19/England/ALDP-95C38B/2020,171,271
hCoV-19/England/ALDP-95C37C/2020,171,271
hCoV-19/England/ALDP-95C36D/2020,171,271
hCoV-19/England/ALDP-95C35E/2020,171,271
hCoV-19/England/ALDP-95C34F/2020,171,271
hCoV-19/England/ALDP-95C1BE/2020,171,271
hCoV-19/England/ALDP-95C0EE/2020,171,271
hCoV-19/England/ALDP-95C0DF/2020,171,271
hCoV-19/England/ALDP-94FAD1/2020,171,271
hCoV-19/England/ALDP-94F664/2020,171,271
hCoV-19/England/ALDP-94F655/2020,171,271
hCoV-19/England/ALDP-94F479/2020,171,271
hCoV-19/England/ALDP-94F38B/2020,171,271
hCoV-19/England/ALDP-94F37C/2020,171,271
hCoV-19/England/ALDP-94F36D/2020,171,271
hCoV-19/England/ALDP-94F1FA/2020,171,271
hCoV-19/England/ALDP-94F1EB/2020,171,271
hCoV-19/England/ALDP-94F1DC/2020,171,271
hCoV-19/England/ALDP-94F1CD/2020,171,271
hCoV-19/England/ALDP-94F1AF/2020,171,271
hCoV-19/England/ALDP-94F190/2020,171,271
hCoV-19/England/ALDP-94F181/2020,171,271
hCoV-19/England/ALDP-94ECFA/2020,171,271
hCoV-19/England/ALDP-94ECEB/2020,171,271
hCoV-19/England/ALDP-94EA5A/2020,171,271
hCoV-19/England/ALDP-94E97B/2020,171,271
hCoV-19/England/ALDP-94E96C/2020,171,271
hCoV-19/England/ALDP-94E95D/2020,171,271
hCoV-19/England/ALDP-94E94E/2020,171,271
hCoV-19/England/ALDP-94E93F/2020,171,271
hCoV-19/England/ALDP-94E920/2020,171,271
hCoV-19/England/ALDP-94E911/2020,171,271
hCoV-19/England/ALDP-94E902/2020,171,271
hCoV-19/England/ALDP-94E7BD/2020,171,271
hCoV-19/England/ALDP-94E79F/2020,171,271
hCoV-19/England/ALDP-94DDF8/2020,171,271
hCoV-19/England/ALDP-94DDDA/2020,171,271
hCoV-19/England/ALDP-94DDCB/2020,171,271
hCoV-19/England/ALDP-94DDBC/2020,171,271
hCoV-19/England/ALDP-94DDAD/2020,171,271
hCoV-19/England/ALDP-94DD8F/2020,171,271
hCoV-19/England/ALDP-94DD52/2020,171,271
hCoV-19/England/ALDP-94DD43/2020,171,271
hCoV-19/England/ALDP-94D9C7/2020,171,271
hCoV-19/England/ALDP-94D9B8/2020,171,271
hCoV-19/England/ALDP-94D9A9/2020,171,271
hCoV-19/England/ALDP-94D903/2020,171,271
hCoV-19/England/ALDP-94D8F7/2020,171,271
hCoV-19/England/ALDP-94D8CA/2020,171,271
hCoV-19/England/ALDP-933ED4/2020,171,271
hCoV-19/England/ALDP-93328D/2020,171,271
hCoV-19/England/ALDP-932813/2020,171,271
hCoV-19/England/ALDP-932734/2020,171,271
hCoV-19/England/ALDP-9320FD/2020,171,271
hCoV-19/England/ALDP-932084/2020,171,271
hCoV-19/England/ALDP-931FC4/2020,171,271
hCoV-19/England/ALDP-930A5B/2020,171,271
hCoV-19/England/ALDP-9303D8/2020,171,271
hCoV-19/England/ALDP-93036F/2020,171,271
hCoV-19/England/ALDP-92FFAB/2020,171,271
hCoV-19/England/ALDP-92EF7F/2020,171,271
hCoV-19/England/ALDP-92E3DD/2020,171,271
hCoV-19/England/ALDP-92DF34/2020,171,271
hCoV-19/England/ALDP-92D022/2020,171,271
hCoV-19/England/ALDP-92CF44/2020,171,271
hCoV-19/England/ALDP-5D9D40/2020,171,271
hCoV-19/England/ALDP-5D9D13/2020,171,271
hCoV-19/England/ALDP-5D9AB2/2020,171,271
hCoV-19/England/ALDP-5D9A1C/2020,171,271
hCoV-19/England/ALDP-5D9A0D/2020,171,271
hCoV-19/England/ALDP-5D00E6/2020,171,287
hCoV-19/England/ALDP-5D009B/2020,171,271
hCoV-19/England/ALDP-5CFFDE/2020,171,271
hCoV-19/England/ALDP-5CFE86/2020,171,271
hCoV-19/England/ALDP-5CFC40/2020,171,271
hCoV-19/England/ALDP-5CFC04/2020,171,271
hCoV-19/England/ALDP-5CF9EF/2020,171,271
hCoV-19/England/ALDP-5BF85E/2020,171,271
hCoV-19/England/202822185/2020,171,196
