hCoV-19/Wales/PHWC-16905F/2020,193,209
hCoV-19/England/SHEF-C6051/2020,193,202
hCoV-19/England/QEUH-943C6E/2020,193,254
hCoV-19/England/QEUH-943C31/2020,193,254
hCoV-19/England/QEUH-9437E5/2020,193,254
hCoV-19/England/QEUH-7A9F8D/2020,193,254
hCoV-19/England/QEUH-7A84F8/2020,193,254
hCoV-19/England/QEUH-7A0C25/2020,193,254
hCoV-19/England/MILK-85C54A/2020,193,271
hCoV-19/England/MILK-841C9E/2020,193,271
hCoV-19/England/MILK-839CE4/2020,193,271
hCoV-19/England/MILK-8313C9/2020,193,271
hCoV-19/England/MILK-80900F/2020,193,271
hCoV-19/England/LIVE-A52DA/2020,193,474
hCoV-19/England/LIVE-A52CB/2020,193,474
hCoV-19/England/CAMC-9464EB/2020,193,271
hCoV-19/England/CAMC-945015/2020,193,271
hCoV-19/England/BIRM-60CFB/2020,193,253
hCoV-19/England/203020514/2020,193,210
hCoV-19/Wales/PHWC-16A935/2020,194,271
hCoV-19/Wales/PHWC-169268/2020,194,209
hCoV-19/Wales/PHWC-169004/2020,194,209
hCoV-19/Wales/PHWC-168EB0/2020,194,209
hCoV-19/Wales/CAMC-945BBA/2020,194,271
hCoV-19/Scotland/QEUH-94384C/2020,194,254
hCoV-19/Scotland/CVR3956/2020,194,209
hCoV-19/England/QEUH-7A8F15/2020,194,254
hCoV-19/England/QEUH-7A7A24/2020,194,254
hCoV-19/England/QEUH-7A7338/2020,194,254
hCoV-19/England/QEUH-7A1DE5/2020,194,254
hCoV-19/England/NOTT-112D5E/2020,194,209
hCoV-19/England/NORT-293B78/2020,194,223
hCoV-19/England/NORT-293AE4/2020,194,223
hCoV-19/England/NORT-293AD5/2020,194,223
hCoV-19/England/NORT-293A7B/2020,194,223
hCoV-19/England/MILK-869832/2020,194,271
hCoV-19/England/MILK-8659E8/2020,194,271
hCoV-19/England/MILK-820C4A/2020,194,271
hCoV-19/England/MILK-80E811/2020,194,271
hCoV-19/England/MILK-80D1BD/2020,194,271
hCoV-19/England/LIVE-A941C/2020,194,244
hCoV-19/England/CAMC-94BB1E/2020,194,271
hCoV-19/England/CAMC-94BA02/2020,194,271
hCoV-19/England/CAMC-948B8A/2020,194,271
hCoV-19/England/CAMC-947875/2020,194,271
hCoV-19/England/CAMC-9467A6/2020,194,271
hCoV-19/England/CAMC-94665E/2020,194,271
hCoV-19/England/CAMC-94658E/2020,194,271
hCoV-19/England/CAMC-9463EE/2020,194,271
hCoV-19/England/CAMC-94625A/2020,194,271
hCoV-19/England/CAMC-946199/2020,194,271
hCoV-19/England/CAMC-945F54/2020,194,271
hCoV-19/England/CAMC-945CD5/2020,194,271
hCoV-19/England/CAMC-945B05/2020,194,271
hCoV-19/England/CAMC-9457B6/2020,194,271
hCoV-19/England/CAMC-945701/2020,194,271
hCoV-19/England/CAMC-945473/2020,194,271
hCoV-19/England/CAMC-944F19/2020,194,271
hCoV-19/England/ALDP-98394D/2020,194,253
hCoV-19/England/ALDP-98393E/2020,194,253
hCoV-19/Wales/PHWC-169796/2020,195,223
hCoV-19/England/QEUH-7A4BBB/2020,195,254
hCoV-19/England/QEUH-79AE46/2020,195,254
hCoV-19/England/QEUH-78D918/2020,195,254
hCoV-19/England/QEUH-784B1B/2020,195,254
hCoV-19/England/QEUH-77FB5F/2020,195,254
hCoV-19/England/QEUH-77B82F/2020,195,254
hCoV-19/England/QEUH-77B722/2020,195,254
hCoV-19/England/QEUH-761D5A/2020,195,254
hCoV-19/England/QEUH-75F40F/2020,195,254
hCoV-19/England/QEUH-75F0B0/2020,195,254
hCoV-19/England/NOTT-112D7C/2020,195,209
hCoV-19/England/NOTT-112D6D/2020,195,209
hCoV-19/England/NORT-293BF0/2020,195,223
hCoV-19/England/NORT-293B96/2020,195,223
hCoV-19/England/NORT-293B4B/2020,195,223
hCoV-19/England/MILK-858247/2020,195,271
hCoV-19/England/MILK-850D7B/2020,195,271
hCoV-19/England/MILK-84717B/2020,195,271
hCoV-19/England/MILK-83CD39/2020,195,271
hCoV-19/England/MILK-83CAE7/2020,195,271
hCoV-19/England/MILK-83CA8D/2020,195,271
hCoV-19/England/MILK-8127E0/2020,195,271
hCoV-19/England/LIVE-A9670/2020,195,244
hCoV-19/England/HECH-259A54D/2020,195,253
hCoV-19/England/CAMC-94C2BE/2020,195,271
hCoV-19/England/CAMC-94BE15/2020,195,271
hCoV-19/England/CAMC-94BC84/2020,195,271
hCoV-19/England/CAMC-94B9D8/2020,195,271
hCoV-19/England/CAMC-94AC94/2020,195,271
hCoV-19/England/CAMC-949196/2020,195,271
hCoV-19/England/CAMC-94912D/2020,195,271
hCoV-19/England/CAMC-948A6F/2020,195,271
hCoV-19/England/CAMC-946DC2/2020,195,271
hCoV-19/England/CAMC-946DB3/2020,195,271
hCoV-19/England/CAMC-946CC5/2020,195,271
hCoV-19/England/CAMC-946ABC/2020,195,271
hCoV-19/England/CAMC-946A8F/2020,195,271
hCoV-19/England/CAMC-946A34/2020,195,271
hCoV-19/England/CAMC-9469A0/2020,195,271
hCoV-19/England/CAMC-946885/2020,195,271
hCoV-19/England/CAMC-946560/2020,195,271
hCoV-19/England/CAMC-946551/2020,195,271
hCoV-19/England/CAMC-946481/2020,195,271
hCoV-19/England/CAMC-9462B4/2020,195,271
hCoV-19/England/CAMC-945F36/2020,195,271
hCoV-19/England/CAMC-945C02/2020,195,271
hCoV-19/England/CAMC-945868/2020,195,271
hCoV-19/England/CAMC-9452D3/2020,195,271
hCoV-19/England/CAMC-9452A6/2020,195,271
hCoV-19/England/CAMC-944F28/2020,195,271
hCoV-19/England/CAMC-944EEF/2020,195,271
hCoV-19/England/BIRM-60E7D/2020,195,253
hCoV-19/England/BIRM-60E13/2020,195,253
hCoV-19/England/BIRM-60E04/2020,195,253
hCoV-19/England/BIRM-60DE9/2020,195,253
hCoV-19/England/BIRM-60DCB/2020,195,253
hCoV-19/England/ALDP-983822/2020,195,253
hCoV-19/England/ALDP-97C385/2020,195,244
hCoV-19/England/ALDP-97C367/2020,195,244
hCoV-19/England/ALDP-97BFFB/2020,195,244
hCoV-19/England/ALDP-97BFBF/2020,195,244
hCoV-19/England/ALDP-97BFA0/2020,195,244
hCoV-19/England/ALDP-97BDF1/2020,195,244
hCoV-19/Wales/QEUH-79CFBA/2020,196,254
hCoV-19/Wales/PHWC-169909/2020,196,223
hCoV-19/Wales/PHWC-169875/2020,196,223
hCoV-19/Wales/PHWC-1696F3/2020,196,223
hCoV-19/Wales/PHWC-169602/2020,196,223
hCoV-19/Scotland/QEUH-7A4553/2020,196,254
hCoV-19/England/QEUH-7A0979/2020,196,254
hCoV-19/England/QEUH-7A08D6/2020,196,254
hCoV-19/England/QEUH-79FA4D/2020,196,254
hCoV-19/England/QEUH-79F1DF/2020,196,254
hCoV-19/England/QEUH-79F04B/2020,196,254
hCoV-19/England/QEUH-79F00F/2020,196,254
hCoV-19/England/QEUH-79EEF7/2020,196,254
hCoV-19/England/QEUH-79EED9/2020,196,254
hCoV-19/England/QEUH-79EE7F/2020,196,254
hCoV-19/England/QEUH-79EE60/2020,196,254
hCoV-19/England/QEUH-79EE24/2020,196,254
hCoV-19/England/QEUH-79ED27/2020,196,254
hCoV-19/England/QEUH-79D6C3/2020,196,254
hCoV-19/England/QEUH-79D502/2020,196,254
hCoV-19/England/QEUH-79CA13/2020,196,254
hCoV-19/England/QEUH-79C8EC/2020,196,254
hCoV-19/England/QEUH-79C4F7/2020,196,254
hCoV-19/England/QEUH-79BF33/2020,196,254
hCoV-19/England/QEUH-79B407/2020,196,254
hCoV-19/England/QEUH-79AFE9/2020,196,254
hCoV-19/England/QEUH-79ACE2/2020,196,254
hCoV-19/England/QEUH-79AC4C/2020,196,254
hCoV-19/England/QEUH-79A20E/2020,196,254
hCoV-19/England/QEUH-79A1E3/2020,196,254
hCoV-19/England/QEUH-799B9B/2020,196,254
hCoV-19/England/QEUH-799A16/2020,196,254
hCoV-19/England/QEUH-79971F/2020,196,254
hCoV-19/England/QEUH-799454/2020,196,254
hCoV-19/England/QEUH-798EEE/2020,196,254
hCoV-19/England/QEUH-7987C5/2020,196,254
hCoV-19/England/QEUH-79824C/2020,196,254
hCoV-19/England/QEUH-797F73/2020,196,254
hCoV-19/England/QEUH-797D6A/2020,196,254
hCoV-19/England/QEUH-797D5B/2020,196,254
hCoV-19/England/QEUH-797C03/2020,196,254
hCoV-19/England/QEUH-797B15/2020,196,254
hCoV-19/England/QEUH-7974DE/2020,196,254
hCoV-19/England/QEUH-796554/2020,196,254
hCoV-19/England/QEUH-796509/2020,196,254
hCoV-19/England/QEUH-796387/2020,196,254
hCoV-19/England/QEUH-795FDF/2020,196,254
hCoV-19/England/QEUH-795FB1/2020,196,254
hCoV-19/England/QEUH-795F48/2020,196,254
hCoV-19/England/QEUH-795DB7/2020,196,254
hCoV-19/England/QEUH-795D4E/2020,196,254
hCoV-19/England/QEUH-795CC9/2020,196,254
hCoV-19/England/QEUH-794B54/2020,196,254
hCoV-19/England/QEUH-794B09/2020,196,254
hCoV-19/England/QEUH-7948D5/2020,196,254
hCoV-19/England/QEUH-7948A8/2020,196,254
hCoV-19/England/QEUH-793663/2020,196,254
hCoV-19/England/QEUH-793153/2020,196,254
hCoV-19/England/QEUH-79301A/2020,196,254
hCoV-19/England/QEUH-792DE7/2020,196,254
hCoV-19/England/QEUH-7927BC/2020,196,254
hCoV-19/England/QEUH-792585/2020,196,254
hCoV-19/England/QEUH-7923B8/2020,196,254
hCoV-19/England/QEUH-79202A/2020,196,254
hCoV-19/England/QEUH-791340/2020,196,254
hCoV-19/England/QEUH-79094F/2020,196,254
hCoV-19/England/QEUH-79089D/2020,196,254
hCoV-19/England/QEUH-790709/2020,196,254
hCoV-19/England/QEUH-790639/2020,196,254
hCoV-19/England/QEUH-78FEEA/2020,196,254
hCoV-19/England/QEUH-78E777/2020,196,254
hCoV-19/England/QEUH-78D945/2020,196,254
hCoV-19/England/QEUH-78D21D/2020,196,254
hCoV-19/England/QEUH-78CC4D/2020,196,254
hCoV-19/England/QEUH-78C630/2020,196,254
hCoV-19/England/QEUH-78C24B/2020,196,254
hCoV-19/England/QEUH-78B886/2020,196,254
hCoV-19/England/QEUH-78AC4F/2020,196,254
hCoV-19/England/QEUH-78A76C/2020,196,254
hCoV-19/England/QEUH-78A395/2020,196,254
hCoV-19/England/QEUH-789F0B/2020,196,254
hCoV-19/England/QEUH-789D2F/2020,196,254
hCoV-19/England/QEUH-789A28/2020,196,254
hCoV-19/England/QEUH-7897D6/2020,196,254
hCoV-19/England/QEUH-788E69/2020,196,254
hCoV-19/England/QEUH-788C50/2020,196,254
hCoV-19/England/QEUH-788986/2020,196,254
hCoV-19/England/QEUH-788889/2020,196,254
hCoV-19/England/QEUH-78886B/2020,196,254
hCoV-19/England/QEUH-788713/2020,196,254
hCoV-19/England/QEUH-7885A0/2020,196,254
hCoV-19/England/QEUH-788519/2020,196,254
hCoV-19/England/QEUH-787C60/2020,196,254
hCoV-19/England/QEUH-787AB1/2020,196,254
hCoV-19/England/QEUH-787608/2020,196,254
hCoV-19/England/QEUH-787301/2020,196,254
hCoV-19/England/QEUH-786C70/2020,196,254
hCoV-19/England/QEUH-78634E/2020,196,254
hCoV-19/England/QEUH-785C71/2020,196,254
hCoV-19/England/QEUH-7858C8/2020,196,254
hCoV-19/England/QEUH-785567/2020,196,254
hCoV-19/England/QEUH-785181/2020,196,254
hCoV-19/England/QEUH-784EA9/2020,196,254
hCoV-19/England/QEUH-78498A/2020,196,254
hCoV-19/England/QEUH-784638/2020,196,254
hCoV-19/England/QEUH-7840FE/2020,196,254
hCoV-19/England/QEUH-77ADF4/2020,196,254
hCoV-19/England/QEUH-76ECD8/2020,196,254
hCoV-19/England/QEUH-76E0BE/2020,196,254
hCoV-19/England/QEUH-76D073/2020,196,254
hCoV-19/England/QEUH-76CC52/2020,196,254
hCoV-19/England/QEUH-769754/2020,196,254
hCoV-19/England/QEUH-768C1A/2020,196,254
hCoV-19/England/QEUH-7689E6/2020,196,254
hCoV-19/England/QEUH-7689D7/2020,196,254
hCoV-19/England/QEUH-7689AA/2020,196,254
hCoV-19/England/QEUH-768694/2020,196,254
hCoV-19/England/QEUH-7675B6/2020,196,254
hCoV-19/England/QEUH-7668DC/2020,196,254
hCoV-19/England/QEUH-76672A/2020,196,254
hCoV-19/England/QEUH-7664AB/2020,196,254
hCoV-19/England/QEUH-766405/2020,196,254
hCoV-19/England/QEUH-7606E7/2020,196,254
hCoV-19/England/QEUH-753EC1/2020,196,254
hCoV-19/England/NOTT-112D8B/2020,196,209
hCoV-19/England/NORT-293BE1/2020,196,223
hCoV-19/England/MILK-87B008/2020,196,271
hCoV-19/England/MILK-870CD2/2020,196,271
hCoV-19/England/MILK-85814A/2020,196,271
hCoV-19/England/MILK-85762E/2020,196,271
hCoV-19/England/MILK-856DEE/2020,196,271
hCoV-19/England/MILK-8518C4/2020,196,271
hCoV-19/England/MILK-85025E/2020,196,271
hCoV-19/England/MILK-849DDF/2020,196,271
hCoV-19/England/MILK-843D20/2020,196,271
hCoV-19/England/MILK-830E9C/2020,196,271
hCoV-19/England/MILK-8249F4/2020,196,271
hCoV-19/England/MILK-822D18/2020,196,271
hCoV-19/England/MILK-8134D9/2020,196,271
hCoV-19/England/MILK-80C2F7/2020,196,271
hCoV-19/England/MILK-80A675/2020,196,271
hCoV-19/England/MILK-80A29F/2020,196,271
hCoV-19/England/MILK-809C29/2020,196,271
hCoV-19/England/MILK-809C1A/2020,196,271
hCoV-19/England/MILK-809755/2020,196,271
hCoV-19/England/MILK-8054CB/2020,196,271
hCoV-19/England/LIVE-A968F/2020,196,244
hCoV-19/England/LIVE-A9616/2020,196,244
hCoV-19/England/LIVE-A95EC/2020,196,244
hCoV-19/England/CAMC-94C2CD/2020,196,271
hCoV-19/England/CAMC-94C078/2020,196,271
hCoV-19/England/CAMC-94C02D/2020,196,271
hCoV-19/England/CAMC-94BE9D/2020,196,271
hCoV-19/England/CAMC-94BD18/2020,196,271
hCoV-19/England/CAMC-94BC93/2020,196,271
hCoV-19/England/CAMC-94BBD2/2020,196,271
hCoV-19/England/CAMC-94B176/2020,196,271
hCoV-19/England/CAMC-94B0F1/2020,196,271
hCoV-19/England/CAMC-9491A5/2020,196,271
hCoV-19/England/CAMC-94915A/2020,196,271
hCoV-19/England/CAMC-94874A/2020,196,271
hCoV-19/England/CAMC-9485C8/2020,196,271
hCoV-19/England/CAMC-946F71/2020,196,271
hCoV-19/England/CAMC-946B31/2020,196,271
hCoV-19/England/CAMC-946A25/2020,196,271
hCoV-19/England/CAMC-9469FB/2020,196,271
hCoV-19/England/CAMC-946542/2020,196,271
hCoV-19/England/CAMC-946515/2020,196,271
hCoV-19/England/CAMC-9464BE/2020,196,271
hCoV-19/England/CAMC-946409/2020,196,271
hCoV-19/England/CAMC-9463C0/2020,196,271
hCoV-19/England/CAMC-946366/2020,196,271
hCoV-19/England/CAMC-946348/2020,196,271
hCoV-19/England/CAMC-94632A/2020,196,271
hCoV-19/England/CAMC-94631B/2020,196,271
hCoV-19/England/CAMC-946278/2020,196,271
hCoV-19/England/CAMC-9460D8/2020,196,271
hCoV-19/England/CAMC-9460BA/2020,196,271
hCoV-19/England/CAMC-946050/2020,196,271
hCoV-19/England/CAMC-945FCD/2020,196,271
hCoV-19/England/CAMC-945E2A/2020,196,271
hCoV-19/England/CAMC-945D87/2020,196,271
hCoV-19/England/CAMC-945C5D/2020,196,271
hCoV-19/England/CAMC-945BD8/2020,196,271
hCoV-19/England/CAMC-945B6F/2020,196,271
hCoV-19/England/CAMC-945947/2020,196,271
hCoV-19/England/CAMC-94590B/2020,196,271
hCoV-19/England/CAMC-9458C2/2020,196,271
hCoV-19/England/CAMC-9458B3/2020,196,271
hCoV-19/England/CAMC-94572F/2020,196,271
hCoV-19/England/CAMC-9456B9/2020,196,271
hCoV-19/England/CAMC-945640/2020,196,271
hCoV-19/England/CAMC-94531C/2020,196,271
hCoV-19/England/CAMC-9451B8/2020,196,271
hCoV-19/England/CAMC-944FBF/2020,196,271
hCoV-19/England/CAMC-944FA0/2020,196,271
hCoV-19/Wales/PHWC-169963/2020,197,223
hCoV-19/Wales/PHWC-169866/2020,197,223
hCoV-19/Wales/MILK-848FF8/2020,197,271
hCoV-19/Scotland/QEUH-789563/2020,197,254
hCoV-19/Scotland/QEUH-7894C0/2020,197,254
hCoV-19/England/QEUH-7AE8E7/2020,197,254
hCoV-19/England/QEUH-79C5B8/2020,197,254
hCoV-19/England/QEUH-780AF4/2020,197,254
hCoV-19/England/QEUH-780766/2020,197,254
hCoV-19/England/QEUH-77D429/2020,197,254
hCoV-19/England/QEUH-77C976/2020,197,254
hCoV-19/England/QEUH-77C92B/2020,197,254
hCoV-19/England/QEUH-77C41B/2020,197,254
hCoV-19/England/QEUH-76BF2D/2020,197,254
hCoV-19/England/QEUH-76BE6C/2020,197,254
hCoV-19/England/QEUH-76BC17/2020,197,254
hCoV-19/England/QEUH-76ABFD/2020,197,254
hCoV-19/England/QEUH-762111/2020,197,254
hCoV-19/England/QEUH-761D0F/2020,197,254
hCoV-19/England/QEUH-760ED0/2020,197,254
hCoV-19/England/QEUH-760447/2020,197,254
hCoV-19/England/QEUH-75FCBC/2020,197,254
hCoV-19/England/QEUH-75E998/2020,197,254
hCoV-19/England/NOTT-112D9A/2020,197,209
hCoV-19/England/NORT-293CFD/2020,197,278
hCoV-19/England/MILK-870D93/2020,197,271
hCoV-19/England/MILK-8664F5/2020,197,271
hCoV-19/England/MILK-850A83/2020,197,271
hCoV-19/England/MILK-848D67/2020,197,271
hCoV-19/England/MILK-848286/2020,197,271
hCoV-19/England/MILK-84812F/2020,197,271
hCoV-19/England/MILK-847DFF/2020,197,271
hCoV-19/England/MILK-8477D3/2020,197,271
hCoV-19/England/MILK-846C02/2020,197,271
hCoV-19/England/MILK-846947/2020,197,271
hCoV-19/England/MILK-8461E5/2020,197,271
hCoV-19/England/MILK-845650/2020,197,271
hCoV-19/England/MILK-84490D/2020,197,271
hCoV-19/England/MILK-84375F/2020,197,271
hCoV-19/England/MILK-840B47/2020,197,271
hCoV-19/England/MILK-83C05E/2020,197,271
hCoV-19/England/MILK-83B7B4/2020,197,271
hCoV-19/England/MILK-83A964/2020,197,271
hCoV-19/England/MILK-83982C/2020,197,271
hCoV-19/England/MILK-839121/2020,197,271
hCoV-19/England/MILK-837EFF/2020,197,271
hCoV-19/England/MILK-837C9B/2020,197,271
hCoV-19/England/MILK-837C04/2020,197,271
hCoV-19/England/MILK-8361E8/2020,197,271
hCoV-19/England/MILK-83551A/2020,197,271
hCoV-19/England/MILK-832D60/2020,197,271
hCoV-19/England/MILK-83247A/2020,197,271
hCoV-19/England/MILK-82E3ED/2020,197,271
hCoV-19/England/MILK-82D937/2020,197,271
hCoV-19/England/MILK-82D4AF/2020,197,271
hCoV-19/England/MILK-828A57/2020,197,271
hCoV-19/England/MILK-828608/2020,197,271
hCoV-19/England/MILK-8274D2/2020,197,271
hCoV-19/England/MILK-825C54/2020,197,271
hCoV-19/England/MILK-824174/2020,197,271
hCoV-19/England/MILK-82154E/2020,197,271
hCoV-19/England/MILK-820819/2020,197,271
hCoV-19/England/MILK-81D527/2020,197,271
hCoV-19/England/MILK-8184B6/2020,197,271
hCoV-19/England/MILK-817D52/2020,197,271
hCoV-19/England/MILK-817C37/2020,197,271
hCoV-19/England/MILK-817B76/2020,197,271
hCoV-19/England/MILK-817A4C/2020,197,271
hCoV-19/England/MILK-8174B7/2020,197,271
hCoV-19/England/MILK-815413/2020,197,271
hCoV-19/England/MILK-813E9F/2020,197,271
hCoV-19/England/MILK-80F591/2020,197,271
hCoV-19/England/MILK-80EFB2/2020,197,271
hCoV-19/England/MILK-808AF3/2020,197,271
hCoV-19/England/MILK-804F61/2020,197,271
hCoV-19/England/MILK-803C6B/2020,197,271
hCoV-19/England/MILK-8009A3/2020,197,271
hCoV-19/England/MILK-800527/2020,197,271
hCoV-19/England/HECH-259A53E/2020,197,253
hCoV-19/England/CAMC-94C360/2020,197,271
hCoV-19/England/CAMC-94C2FA/2020,197,271
hCoV-19/England/CAMC-94BF21/2020,197,271
hCoV-19/England/CAMC-94BEE8/2020,197,271
hCoV-19/England/CAMC-94BC39/2020,197,271
hCoV-19/England/CAMC-94BC1B/2020,197,271
hCoV-19/England/CAMC-94B923/2020,197,271
hCoV-19/England/CAMC-94B792/2020,197,271
hCoV-19/England/CAMC-94B57A/2020,197,271
hCoV-19/England/CAMC-94B237/2020,197,271
hCoV-19/England/CAMC-94AD46/2020,197,271
hCoV-19/England/CAMC-949B89/2020,197,271
hCoV-19/England/CAMC-94956D/2020,197,271
hCoV-19/England/CAMC-948B5D/2020,197,271
hCoV-19/England/CAMC-94881A/2020,197,271
hCoV-19/England/CAMC-946E65/2020,197,271
hCoV-19/England/CAMC-946C89/2020,197,271
hCoV-19/England/CAMC-946B22/2020,197,271
hCoV-19/England/CAMC-946B13/2020,197,271
hCoV-19/England/CAMC-9467F1/2020,197,271
hCoV-19/England/CAMC-94671F/2020,197,271
hCoV-19/England/CAMC-946700/2020,197,271
hCoV-19/England/CAMC-9466B8/2020,197,271
hCoV-19/England/CAMC-945FBE/2020,197,271
hCoV-19/England/CAMC-945F90/2020,197,271
hCoV-19/England/CAMC-945EFD/2020,197,271
hCoV-19/England/CAMC-945C6C/2020,197,271
hCoV-19/England/CAMC-945BE7/2020,197,271
hCoV-19/England/CAMC-945B7E/2020,197,271
hCoV-19/England/CAMC-945B23/2020,197,271
hCoV-19/England/CAMC-945507/2020,197,271
hCoV-19/England/CAMC-9454DD/2020,197,271
hCoV-19/England/CAMC-9451A9/2020,197,271
hCoV-19/England/BRIS-133610/2020,197,225
hCoV-19/England/ALDP-985A57/2020,197,253
hCoV-19/England/ALDP-9859E1/2020,197,253
hCoV-19/England/ALDP-97CBAB/2020,197,244
hCoV-19/England/ALDP-97CB9C/2020,197,244
hCoV-19/England/ALDP-97C947/2020,197,244
hCoV-19/England/ALDP-97C929/2020,197,244
hCoV-19/Wales/PHWC-1698FD/2020,198,223
hCoV-19/Wales/PHWC-16968A/2020,198,223
hCoV-19/Scotland/QEUH-87C2F2/2020,198,254
hCoV-19/England/QEUH-7F32B8/2020,198,254
hCoV-19/England/QEUH-7F2B36/2020,198,254
hCoV-19/England/QEUH-7EF273/2020,198,254
hCoV-19/England/QEUH-7E22BC/2020,198,254
hCoV-19/England/QEUH-7AED33/2020,198,254
hCoV-19/England/QEUH-76DD6D/2020,198,254
hCoV-19/England/QEUH-7631F2/2020,198,254
hCoV-19/England/QEUH-757470/2020,198,254
hCoV-19/England/NOTT-112DA9/2020,198,209
hCoV-19/England/NORT-293D45/2020,198,278
hCoV-19/England/NORT-293D09/2020,198,278
hCoV-19/England/MILK-87213B/2020,198,271
hCoV-19/England/MILK-871AE6/2020,198,271
hCoV-19/England/MILK-871A6E/2020,198,271
hCoV-19/England/MILK-871530/2020,198,271
hCoV-19/England/MILK-871433/2020,198,271
hCoV-19/England/MILK-870777/2020,198,271
hCoV-19/England/MILK-86F90C/2020,198,271
hCoV-19/England/MILK-86F043/2020,198,271
hCoV-19/England/MILK-86ECE6/2020,198,271
hCoV-19/England/MILK-86E6AC/2020,198,271
hCoV-19/England/MILK-86CE79/2020,198,271
hCoV-19/England/MILK-86C34D/2020,198,271
hCoV-19/England/MILK-86BDF5/2020,198,271
hCoV-19/England/MILK-8664D7/2020,198,271
hCoV-19/England/MILK-865FAA/2020,198,271
hCoV-19/England/MILK-863DFD/2020,198,271
hCoV-19/England/MILK-863DDF/2020,198,271
hCoV-19/England/MILK-863A23/2020,198,271
hCoV-19/England/MILK-863258/2020,198,287
hCoV-19/England/MILK-85C1DD/2020,198,271
hCoV-19/England/MILK-85BE22/2020,198,271
hCoV-19/England/MILK-85B587/2020,198,271
hCoV-19/England/MILK-85A773/2020,198,271
hCoV-19/England/MILK-85A148/2020,198,271
hCoV-19/England/MILK-859ED9/2020,198,271
hCoV-19/England/MILK-859149/2020,198,271
hCoV-19/England/MILK-8579E9/2020,198,271
hCoV-19/England/MILK-855C79/2020,198,271
hCoV-19/England/MILK-85465E/2020,198,271
hCoV-19/England/MILK-854278/2020,198,271
hCoV-19/England/MILK-85324C/2020,198,271
hCoV-19/England/MILK-852A09/2020,198,271
hCoV-19/England/MILK-8524A1/2020,198,271
hCoV-19/England/MILK-8523A4/2020,198,271
hCoV-19/England/MILK-8522E3/2020,198,271
hCoV-19/England/MILK-851FFC/2020,198,271
hCoV-19/England/MILK-851C31/2020,198,271
hCoV-19/England/MILK-84F8BA/2020,198,271
hCoV-19/England/MILK-83E64B/2020,198,271
hCoV-19/England/MILK-83DCA4/2020,198,271
hCoV-19/England/MILK-83D8EC/2020,198,271
hCoV-19/England/MILK-833312/2020,198,271
hCoV-19/England/MILK-8328F6/2020,198,271
hCoV-19/England/MILK-832823/2020,198,271
hCoV-19/England/MILK-8327EA/2020,198,271
hCoV-19/England/MILK-8305A6/2020,198,271
hCoV-19/England/MILK-830360/2020,198,271
hCoV-19/England/MILK-82310C/2020,198,271
hCoV-19/England/MILK-82264A/2020,198,271
hCoV-19/England/MILK-81E896/2020,198,271
hCoV-19/England/MILK-81E3A4/2020,198,271
hCoV-19/England/MILK-819066/2020,198,271
hCoV-19/England/MILK-7FF920/2020,198,271
hCoV-19/England/CAMC-94C3D9/2020,198,271
hCoV-19/England/CAMC-94C38E/2020,198,271
hCoV-19/England/CAMC-94C2EB/2020,198,271
hCoV-19/England/CAMC-94C175/2020,198,271
hCoV-19/England/CAMC-94C12A/2020,198,271
hCoV-19/England/CAMC-94C03C/2020,198,271
hCoV-19/England/CAMC-94C01E/2020,198,271
hCoV-19/England/CAMC-94BE60/2020,198,271
hCoV-19/England/CAMC-94BD27/2020,198,271
hCoV-19/England/CAMC-94BC57/2020,198,271
hCoV-19/England/CAMC-94BBF0/2020,198,271
hCoV-19/England/CAMC-94B228/2020,198,271
hCoV-19/England/CAMC-94AD0A/2020,198,271
hCoV-19/England/CAMC-94A5D5/2020,198,271
hCoV-19/England/CAMC-949FD8/2020,198,271
hCoV-19/England/CAMC-949F7E/2020,198,271
hCoV-19/England/CAMC-9491D2/2020,198,271
hCoV-19/England/CAMC-948A8D/2020,198,271
hCoV-19/England/CAMC-948522/2020,198,271
hCoV-19/England/CAMC-948513/2020,198,271
hCoV-19/England/CAMC-947EEC/2020,198,271
hCoV-19/England/CAMC-947CA6/2020,198,271
hCoV-19/England/CAMC-94763F/2020,198,271
hCoV-19/England/CAMC-946D86/2020,198,271
hCoV-19/England/CAMC-946D2C/2020,198,271
hCoV-19/England/CAMC-946C7A/2020,198,271
hCoV-19/England/CAMC-946788/2020,198,271
hCoV-19/England/CAMC-9464CD/2020,198,271
hCoV-19/England/CAMC-9461D5/2020,198,271
hCoV-19/England/CAMC-9461C6/2020,198,271
hCoV-19/England/CAMC-945B32/2020,198,271
hCoV-19/England/CAMC-945965/2020,198,271
hCoV-19/England/CAMB-1B55FB/2020,198,209
hCoV-19/England/ALDP-97D393/2020,198,244
hCoV-19/England/ALDP-97D384/2020,198,244
hCoV-19/England/ALDP-97D357/2020,198,244
hCoV-19/England/ALDP-97CD0F/2020,198,244
hCoV-19/England/ALDP-97CCE4/2020,198,244
hCoV-19/England/ALDP-97CCB7/2020,198,244
hCoV-19/England/ALDP-97CC99/2020,198,244
hCoV-19/Wales/PHWC-169954/2020,199,223
hCoV-19/Wales/CAMC-94AFE6/2020,199,271
hCoV-19/Scotland/QEUH-759F40/2020,199,254
hCoV-19/Scotland/QEUH-759739/2020,199,254
hCoV-19/Scotland/QEUH-75958A/2020,199,254
hCoV-19/Scotland/QEUH-759502/2020,199,254
hCoV-19/Scotland/QEUH-758FD8/2020,199,254
hCoV-19/Scotland/QEUH-755533/2020,199,254
hCoV-19/England/QEUH-7F7120/2020,199,254
hCoV-19/England/QEUH-7EEE43/2020,199,254
hCoV-19/England/QEUH-7EE71B/2020,199,254
hCoV-19/England/QEUH-7EB7A5/2020,199,254
hCoV-19/England/QEUH-7D7FB3/2020,199,254
hCoV-19/England/QEUH-7B2B32/2020,199,254
hCoV-19/England/QEUH-7B20BB/2020,199,254
hCoV-19/England/QEUH-7B1E49/2020,199,254
hCoV-19/England/QEUH-7AFFD2/2020,199,254
hCoV-19/England/QEUH-75939F/2020,199,254
hCoV-19/England/QEUH-758BB6/2020,199,254
hCoV-19/England/QEUH-757C78/2020,199,254
hCoV-19/England/QEUH-757908/2020,199,254
hCoV-19/England/NORT-293D54/2020,199,278
hCoV-19/England/MILK-87C1C8/2020,199,271
hCoV-19/England/MILK-87A4B2/2020,199,271
hCoV-19/England/MILK-87A300/2020,199,271
hCoV-19/England/MILK-872CEF/2020,199,271
hCoV-19/England/MILK-86AA2C/2020,199,271
hCoV-19/England/MILK-86A725/2020,199,271
hCoV-19/England/MILK-867A10/2020,199,271
hCoV-19/England/MILK-866DAF/2020,199,271
hCoV-19/England/MILK-85E3E4/2020,199,271
hCoV-19/England/MILK-85D321/2020,199,271
hCoV-19/England/MILK-856197/2020,199,271
hCoV-19/England/MILK-84D755/2020,199,271
hCoV-19/England/MILK-84D1B1/2020,199,271
hCoV-19/England/MILK-84AE35/2020,199,271
hCoV-19/England/MILK-84A73A/2020,199,271
hCoV-19/England/MILK-82FE72/2020,199,271
hCoV-19/England/MILK-82CCA8/2020,199,271
hCoV-19/England/MILK-82B571/2020,199,271
hCoV-19/England/MILK-82A8E2/2020,199,271
hCoV-19/England/MILK-82A7A9/2020,199,271
hCoV-19/England/MILK-829D4E/2020,199,271
hCoV-19/England/MILK-82788B/2020,199,271
hCoV-19/England/MILK-8262F7/2020,199,271
hCoV-19/England/MILK-81EA81/2020,199,271
hCoV-19/England/MILK-81D8E2/2020,199,271
hCoV-19/England/MILK-81BEA6/2020,199,271
hCoV-19/England/MILK-818E9A/2020,199,271
hCoV-19/England/MILK-818DBB/2020,199,271
hCoV-19/England/MILK-800BDA/2020,199,271
hCoV-19/England/LIVE-A976E/2020,199,244
hCoV-19/England/CAMC-94C333/2020,199,271
hCoV-19/England/CAMC-94C324/2020,199,271
hCoV-19/England/CAMC-94C00F/2020,199,271
hCoV-19/England/CAMC-94B307/2020,199,271
hCoV-19/England/CAMC-94B0A6/2020,199,271
hCoV-19/England/CAMC-94AA9A/2020,199,271
hCoV-19/England/CAMC-94A960/2020,199,271
hCoV-19/England/CAMC-94A748/2020,199,271
hCoV-19/England/CAMC-94A502/2020,199,271
hCoV-19/England/CAMC-949BC5/2020,199,271
hCoV-19/England/CAMC-949327/2020,199,271
hCoV-19/England/CAMC-9491C3/2020,199,271
hCoV-19/England/CAMC-948917/2020,199,271
hCoV-19/England/CAMC-94870E/2020,199,271
hCoV-19/England/CAMC-94863E/2020,199,271
hCoV-19/England/CAMC-94858C/2020,199,271
hCoV-19/England/CAMC-94857D/2020,199,271
hCoV-19/England/CAMC-9425CE/2020,199,271
hCoV-19/England/CAMC-941A1B/2020,199,271
hCoV-19/England/ALDP-97CFAF/2020,199,244
hCoV-19/England/ALDP-97CF90/2020,199,244
