hCoV-19/Wales/QEUH-998866/2020,235,264
hCoV-19/Scotland/EDB7366/2020,235,253
hCoV-19/England/QEUH-99948F/2020,235,271
hCoV-19/England/QEUH-999391/2020,235,266
hCoV-19/England/QEUH-99930A/2020,235,266
hCoV-19/England/QEUH-99913D/2020,235,266
hCoV-19/England/QEUH-99907C/2020,235,266
hCoV-19/England/QEUH-998972/2020,235,264
hCoV-19/England/QEUH-998893/2020,235,264
hCoV-19/England/QEUH-997E65/2020,235,259
hCoV-19/England/QEUH-997E29/2020,235,259
hCoV-19/England/QEUH-997D68/2020,235,259
hCoV-19/England/QEUH-997CB6/2020,235,271
hCoV-19/England/OXON-FA64F2/2020,235,579
hCoV-19/England/MILK-9A9835/2020,235,271
hCoV-19/England/MILK-99C880/2020,235,271
hCoV-19/England/MILK-99C862/2020,235,271
hCoV-19/England/MILK-99C422/2020,235,271
hCoV-19/England/MILK-99C413/2020,235,271
hCoV-19/England/MILK-99C404/2020,235,271
hCoV-19/England/MILK-995AAF/2020,235,271
hCoV-19/England/MILK-995A36/2020,235,271
hCoV-19/England/MILK-995A27/2020,235,271
hCoV-19/England/MILK-9959FD/2020,235,271
hCoV-19/England/MILK-9959A2/2020,235,271
hCoV-19/England/MILK-995993/2020,235,271
hCoV-19/England/MILK-995984/2020,235,271
hCoV-19/England/MILK-995975/2020,235,271
hCoV-19/England/MILK-995948/2020,235,271
hCoV-19/England/MILK-995939/2020,235,271
hCoV-19/England/MILK-9958F0/2020,235,271
hCoV-19/England/MILK-9958C3/2020,235,271
hCoV-19/England/MILK-9958B4/2020,235,271
hCoV-19/England/MILK-995887/2020,235,271
hCoV-19/England/MILK-99584B/2020,235,271
hCoV-19/England/MILK-9957D5/2020,235,271
hCoV-19/England/MILK-9957C6/2020,235,271
hCoV-19/England/MILK-9957B7/2020,235,271
hCoV-19/England/MILK-9957A8/2020,235,271
hCoV-19/England/MILK-995799/2020,235,271
hCoV-19/England/MILK-99578A/2020,235,271
hCoV-19/England/MILK-99577B/2020,235,271
hCoV-19/England/MILK-9956E7/2020,235,271
hCoV-19/England/MILK-99568D/2020,235,271
hCoV-19/England/MILK-99567E/2020,235,271
hCoV-19/England/MILK-9955EA/2020,235,271
hCoV-19/England/MILK-993C7E/2020,235,271
hCoV-19/England/BIRM-6293E/2020,235,253
hCoV-19/England/BIRM-6292F/2020,235,253
hCoV-19/Wales/QEUH-998F61/2020,236,266
hCoV-19/Wales/QEUH-998E82/2020,236,266
hCoV-19/Wales/QEUH-998A42/2020,236,264
hCoV-19/Wales/PHWC-169E37/2020,236,253
hCoV-19/Wales/MILK-99530E/2020,236,271
hCoV-19/Wales/MILK-9950E9/2020,236,271
hCoV-19/Wales/MILK-9950DA/2020,236,271
hCoV-19/Wales/MILK-9950AD/2020,236,271
hCoV-19/Scotland/QEUH-999267/2020,236,274
hCoV-19/Scotland/QEUH-99916A/2020,236,266
hCoV-19/Scotland/QEUH-9990C7/2020,236,274
hCoV-19/Scotland/QEUH-9990B8/2020,236,266
hCoV-19/Scotland/QEUH-99909A/2020,236,266
hCoV-19/Scotland/QEUH-998AAC/2020,236,264
hCoV-19/Scotland/QEUH-998A8E/2020,236,274
hCoV-19/Scotland/QEUH-998A51/2020,236,264
hCoV-19/Scotland/QEUH-998A06/2020,236,264
hCoV-19/Scotland/QEUH-9989EB/2020,236,264
hCoV-19/Scotland/QEUH-998936/2020,236,264
hCoV-19/Scotland/QEUH-998927/2020,236,264
hCoV-19/Scotland/QEUH-9988DF/2020,236,264
hCoV-19/Scotland/QEUH-998787/2020,236,264
hCoV-19/Scotland/QEUH-99857E/2020,236,264
hCoV-19/Scotland/QEUH-998532/2020,236,264
hCoV-19/Scotland/QEUH-998523/2020,236,264
hCoV-19/Scotland/QEUH-98F2FB/2020,236,274
hCoV-19/Scotland/EDB7374/2020,236,253
hCoV-19/Scotland/CVR3974/2020,236,253
hCoV-19/England/SHEF-CF79F/2020,236,257
hCoV-19/England/QEUH-9994CB/2020,236,271
hCoV-19/England/QEUH-9994AD/2020,236,271
hCoV-19/England/QEUH-999452/2020,236,266
hCoV-19/England/QEUH-999425/2020,236,266
hCoV-19/England/QEUH-999407/2020,236,266
hCoV-19/England/QEUH-9993EC/2020,236,266
hCoV-19/England/QEUH-9993CE/2020,236,266
hCoV-19/England/QEUH-9993BF/2020,236,266
hCoV-19/England/QEUH-9993A0/2020,236,266
hCoV-19/England/QEUH-999373/2020,236,266
hCoV-19/England/QEUH-999319/2020,236,266
hCoV-19/England/QEUH-9992FE/2020,236,287
hCoV-19/England/QEUH-9992EF/2020,236,266
hCoV-19/England/QEUH-9992B2/2020,236,266
hCoV-19/England/QEUH-9992A3/2020,236,266
hCoV-19/England/QEUH-999276/2020,236,266
hCoV-19/England/QEUH-999258/2020,236,266
hCoV-19/England/QEUH-99922B/2020,236,266
hCoV-19/England/QEUH-999188/2020,236,266
hCoV-19/England/QEUH-999100/2020,236,266
hCoV-19/England/QEUH-9990F4/2020,236,266
hCoV-19/England/QEUH-9990E5/2020,236,266
hCoV-19/England/QEUH-9990D6/2020,236,266
hCoV-19/England/QEUH-99906D/2020,236,266
hCoV-19/England/QEUH-999030/2020,236,266
hCoV-19/England/QEUH-999012/2020,236,266
hCoV-19/England/QEUH-998FF8/2020,236,266
hCoV-19/England/QEUH-998FE9/2020,236,266
hCoV-19/England/QEUH-998FDA/2020,236,266
hCoV-19/England/QEUH-998FCB/2020,236,266
hCoV-19/England/QEUH-998FBC/2020,236,266
hCoV-19/England/QEUH-998FAD/2020,236,266
hCoV-19/England/QEUH-998F9E/2020,236,266
hCoV-19/England/QEUH-998F8F/2020,236,266
hCoV-19/England/QEUH-998F70/2020,236,266
hCoV-19/England/QEUH-998F52/2020,236,266
hCoV-19/England/QEUH-998F25/2020,236,266
hCoV-19/England/QEUH-998F07/2020,236,266
hCoV-19/England/QEUH-998EFB/2020,236,266
hCoV-19/England/QEUH-998EDD/2020,236,266
hCoV-19/England/QEUH-998EBF/2020,236,266
hCoV-19/England/QEUH-998EA0/2020,236,266
hCoV-19/England/QEUH-998E91/2020,236,266
hCoV-19/England/QEUH-998E73/2020,236,266
hCoV-19/England/QEUH-998E64/2020,236,264
hCoV-19/England/QEUH-998C5B/2020,236,264
hCoV-19/England/QEUH-998A60/2020,236,264
hCoV-19/England/QEUH-9989FA/2020,236,264
hCoV-19/England/QEUH-9989DC/2020,236,264
hCoV-19/England/QEUH-9989AF/2020,236,264
hCoV-19/England/QEUH-998990/2020,236,264
hCoV-19/England/QEUH-998981/2020,236,264
hCoV-19/England/QEUH-998954/2020,236,264
hCoV-19/England/QEUH-998945/2020,236,264
hCoV-19/England/QEUH-998918/2020,236,264
hCoV-19/England/QEUH-9988C0/2020,236,264
hCoV-19/England/QEUH-998884/2020,236,264
hCoV-19/England/QEUH-998875/2020,236,264
hCoV-19/England/QEUH-998857/2020,236,287
hCoV-19/England/QEUH-998848/2020,236,264
hCoV-19/England/QEUH-99882A/2020,236,264
hCoV-19/England/QEUH-99880C/2020,236,264
hCoV-19/England/QEUH-9987D2/2020,236,264
hCoV-19/England/QEUH-9987B4/2020,236,264
hCoV-19/England/QEUH-9987A5/2020,236,264
hCoV-19/England/QEUH-998796/2020,236,264
hCoV-19/England/QEUH-998778/2020,236,264
hCoV-19/England/QEUH-99872D/2020,236,264
hCoV-19/England/QEUH-99871E/2020,236,264
hCoV-19/England/QEUH-99870F/2020,236,264
hCoV-19/England/QEUH-9986C6/2020,236,264
hCoV-19/England/QEUH-99868A/2020,236,264
hCoV-19/England/QEUH-99867B/2020,236,264
hCoV-19/England/QEUH-99866C/2020,236,264
hCoV-19/England/QEUH-99863F/2020,236,264
hCoV-19/England/QEUH-9985E7/2020,236,264
hCoV-19/England/QEUH-9985D8/2020,236,264
hCoV-19/England/QEUH-9985C9/2020,236,264
hCoV-19/England/QEUH-99856F/2020,236,264
hCoV-19/England/QEUH-998550/2020,236,264
hCoV-19/England/QEUH-998514/2020,236,264
hCoV-19/England/QEUH-998505/2020,236,264
hCoV-19/England/QEUH-9984DB/2020,236,264
hCoV-19/England/QEUH-9984CC/2020,236,264
hCoV-19/England/QEUH-9984AE/2020,236,264
hCoV-19/England/QEUH-998471/2020,236,264
hCoV-19/England/QEUH-998453/2020,236,264
hCoV-19/England/QEUH-998444/2020,236,264
hCoV-19/England/QEUH-998435/2020,236,264
hCoV-19/England/QEUH-998417/2020,236,264
hCoV-19/England/QEUH-9983ED/2020,236,264
hCoV-19/England/QEUH-998356/2020,236,264
hCoV-19/England/QEUH-9982FF/2020,236,264
hCoV-19/England/QEUH-997ECF/2020,236,259
hCoV-19/England/QEUH-997EB0/2020,236,259
hCoV-19/England/QEUH-997E92/2020,236,259
hCoV-19/England/QEUH-997E83/2020,236,259
hCoV-19/England/QEUH-997E74/2020,236,259
hCoV-19/England/QEUH-997E56/2020,236,259
hCoV-19/England/QEUH-997E47/2020,236,259
hCoV-19/England/QEUH-997E38/2020,236,259
hCoV-19/England/QEUH-997E1A/2020,236,259
hCoV-19/England/QEUH-997E0B/2020,236,259
hCoV-19/England/QEUH-997DE0/2020,236,259
hCoV-19/England/QEUH-997DC2/2020,236,259
hCoV-19/England/QEUH-997DB3/2020,236,259
hCoV-19/England/QEUH-997DA4/2020,236,259
hCoV-19/England/QEUH-997D95/2020,236,259
hCoV-19/England/QEUH-997D86/2020,236,259
hCoV-19/England/QEUH-997D59/2020,236,259
hCoV-19/England/QEUH-997D3B/2020,236,259
hCoV-19/England/QEUH-997D2C/2020,236,259
hCoV-19/England/QEUH-997CE3/2020,236,259
hCoV-19/England/QEUH-98FDEB/2020,236,264
hCoV-19/England/QEUH-98F783/2020,236,264
hCoV-19/England/QEUH-98F12B/2020,236,264
hCoV-19/England/QEUH-98F05B/2020,236,264
hCoV-19/England/NORW-EEC7D/2020,236,264
hCoV-19/England/NORW-EEC40/2020,236,264
hCoV-19/England/NORW-EEB9E/2020,236,253
hCoV-19/England/NORW-EEB16/2020,236,253
hCoV-19/England/NORW-EEACE/2020,236,253
hCoV-19/England/NORW-EEAA0/2020,236,253
hCoV-19/England/NORW-EEA82/2020,236,264
hCoV-19/England/NORW-EEA55/2020,236,264
hCoV-19/England/NORW-EEA19/2020,236,253
hCoV-19/England/NORW-EE78B/2020,236,253
hCoV-19/England/NORW-EE77C/2020,236,253
hCoV-19/England/NORW-EE76D/2020,236,253
hCoV-19/England/NORW-EE730/2020,236,253
hCoV-19/England/NORW-EE5AF/2020,236,253
hCoV-19/England/NORW-EE581/2020,236,253
hCoV-19/England/NORW-EE563/2020,236,253
hCoV-19/England/NORT-2861A3/2020,236,278
hCoV-19/England/MILK-99C3F8/2020,236,271
hCoV-19/England/MILK-995C9A/2020,236,271
hCoV-19/England/MILK-995614/2020,236,271
hCoV-19/England/MILK-9953E0/2020,236,271
hCoV-19/England/MILK-9953D1/2020,236,271
hCoV-19/England/MILK-9953C2/2020,236,271
hCoV-19/England/MILK-9953A4/2020,236,271
hCoV-19/England/MILK-995395/2020,236,271
hCoV-19/England/MILK-995386/2020,236,271
hCoV-19/England/MILK-995359/2020,236,271
hCoV-19/England/MILK-99534A/2020,236,271
hCoV-19/England/MILK-99533B/2020,236,271
hCoV-19/England/MILK-99532C/2020,236,271
hCoV-19/England/MILK-99531D/2020,236,271
hCoV-19/England/MILK-9952F2/2020,236,271
hCoV-19/England/MILK-9952C5/2020,236,271
hCoV-19/England/MILK-9952A7/2020,236,271
hCoV-19/England/MILK-995289/2020,236,271
hCoV-19/England/MILK-99526B/2020,236,271
hCoV-19/England/MILK-995201/2020,236,271
hCoV-19/England/MILK-9951F5/2020,236,271
hCoV-19/England/MILK-9951B9/2020,236,271
hCoV-19/England/MILK-99519B/2020,236,271
hCoV-19/England/MILK-99518C/2020,236,271
hCoV-19/England/MILK-99517D/2020,236,271
hCoV-19/England/MILK-99515F/2020,236,271
hCoV-19/England/MILK-995140/2020,236,271
hCoV-19/England/MILK-995113/2020,236,271
hCoV-19/England/MILK-995104/2020,236,271
hCoV-19/England/MILK-9950F8/2020,236,271
hCoV-19/England/MILK-9950BC/2020,236,271
hCoV-19/England/MILK-995052/2020,236,271
hCoV-19/England/MILK-995043/2020,236,271
hCoV-19/England/MILK-9949C1/2020,236,271
hCoV-19/England/MILK-9949B2/2020,236,271
hCoV-19/England/MILK-994985/2020,236,271
hCoV-19/England/MILK-994976/2020,236,271
hCoV-19/England/MILK-9947E5/2020,236,271
hCoV-19/England/MILK-9945CD/2020,236,271
hCoV-19/England/MILK-99426C/2020,236,271
hCoV-19/England/MILK-99425D/2020,236,271
hCoV-19/England/MILK-99424E/2020,236,271
hCoV-19/England/MILK-9941D8/2020,236,271
hCoV-19/England/MILK-9941AB/2020,236,271
hCoV-19/England/MILK-993B53/2020,236,271
hCoV-19/England/MILK-993713/2020,236,271
hCoV-19/England/BHRT-24B4177/2020,236,266
hCoV-19/Wales/PHWC-16A0F4/2020,237,257
hCoV-19/Wales/PHWC-169F8F/2020,237,253
hCoV-19/Wales/PHWC-169F61/2020,237,253
hCoV-19/Wales/PHWC-169F43/2020,237,253
hCoV-19/Wales/PHWC-169F07/2020,237,253
hCoV-19/Wales/PHWC-169E64/2020,237,253
hCoV-19/Wales/MILK-995C03/2020,237,271
hCoV-19/Wales/MILK-995BF7/2020,237,271
hCoV-19/Wales/MILK-995B42/2020,237,271
hCoV-19/Wales/MILK-9955DB/2020,237,271
hCoV-19/Wales/MILK-994FFC/2020,237,271
hCoV-19/Wales/MILK-994C31/2020,237,271
hCoV-19/Wales/MILK-994C13/2020,237,271
hCoV-19/Wales/MILK-99476D/2020,237,271
hCoV-19/Wales/MILK-99475E/2020,237,271
hCoV-19/Wales/MILK-994220/2020,237,271
hCoV-19/Wales/MILK-993F75/2020,237,271
hCoV-19/Wales/MILK-993F66/2020,237,271
hCoV-19/Wales/MILK-993F2A/2020,237,271
hCoV-19/Wales/MILK-993F1B/2020,237,271
hCoV-19/Wales/MILK-993F0C/2020,237,271
hCoV-19/Scotland/QEUH-998347/2020,237,274
hCoV-19/Scotland/QEUH-9982D1/2020,237,264
hCoV-19/Scotland/QEUH-990136/2020,237,264
hCoV-19/Scotland/QEUH-99001B/2020,237,274
hCoV-19/Scotland/QEUH-98F54D/2020,237,264
hCoV-19/Scotland/QEUH-98F3BC/2020,237,264
hCoV-19/Scotland/QEUH-98F3AD/2020,237,264
hCoV-19/Scotland/QEUH-98F361/2020,237,274
hCoV-19/Scotland/QEUH-98F10D/2020,237,274
hCoV-19/Scotland/MILK-994D3E/2020,237,274
hCoV-19/Scotland/MILK-993C8D/2020,237,274
hCoV-19/Scotland/CVR3976/2020,237,253
hCoV-19/England/SHEF-CAC3B/2020,237,257
hCoV-19/England/QEUH-999470/2020,237,271
hCoV-19/England/QEUH-9983DE/2020,237,264
hCoV-19/England/QEUH-9983CF/2020,237,264
hCoV-19/England/QEUH-998338/2020,237,264
hCoV-19/England/QEUH-99831A/2020,237,264
hCoV-19/England/QEUH-99830B/2020,237,264
hCoV-19/England/QEUH-9982E0/2020,237,264
hCoV-19/England/QEUH-99817A/2020,237,287
hCoV-19/England/QEUH-99813E/2020,237,274
hCoV-19/England/QEUH-997CC5/2020,237,271
hCoV-19/England/QEUH-990716/2020,237,254
hCoV-19/England/QEUH-9903E5/2020,237,264
hCoV-19/England/QEUH-99035E/2020,237,264
hCoV-19/England/QEUH-9902F7/2020,237,264
hCoV-19/England/QEUH-9901BE/2020,237,264
hCoV-19/England/QEUH-990154/2020,237,264
hCoV-19/England/QEUH-98FE60/2020,237,264
hCoV-19/England/QEUH-98FD90/2020,237,264
hCoV-19/England/QEUH-98FB78/2020,237,264
hCoV-19/England/QEUH-98F5B6/2020,237,264
hCoV-19/England/QEUH-98F4E6/2020,237,264
hCoV-19/England/QEUH-98F4D7/2020,237,264
hCoV-19/England/QEUH-98F4C8/2020,237,264
hCoV-19/England/QEUH-98F4B9/2020,237,264
hCoV-19/England/QEUH-98F343/2020,237,264
hCoV-19/England/QEUH-98F325/2020,237,287
hCoV-19/England/QEUH-98F316/2020,237,264
hCoV-19/England/QEUH-98F307/2020,237,264
hCoV-19/England/QEUH-98F2DD/2020,237,264
hCoV-19/England/QEUH-98F2CE/2020,237,264
hCoV-19/England/QEUH-98F255/2020,237,264
hCoV-19/England/QEUH-98F246/2020,237,264
hCoV-19/England/QEUH-98F237/2020,237,264
hCoV-19/England/QEUH-98F228/2020,237,264
hCoV-19/England/QEUH-98F1EF/2020,237,264
hCoV-19/England/QEUH-98F1A3/2020,237,264
hCoV-19/England/QEUH-98F194/2020,237,264
hCoV-19/England/QEUH-98F13A/2020,237,264
hCoV-19/England/QEUH-98F0B5/2020,237,264
hCoV-19/England/QEUH-98F097/2020,237,264
hCoV-19/England/QEUH-98EF5F/2020,237,264
hCoV-19/England/QEUH-98EF40/2020,237,264
hCoV-19/England/QEUH-98EE9E/2020,237,264
hCoV-19/England/QEUH-98EE43/2020,237,264
hCoV-19/England/MILK-995C8B/2020,237,271
hCoV-19/England/MILK-995C5E/2020,237,271
hCoV-19/England/MILK-995C4F/2020,237,271
hCoV-19/England/MILK-995C30/2020,237,271
hCoV-19/England/MILK-995BBB/2020,237,271
hCoV-19/England/MILK-995B9D/2020,237,271
hCoV-19/England/MILK-995B24/2020,237,271
hCoV-19/England/MILK-995AFA/2020,237,271
hCoV-19/England/MILK-995ADC/2020,237,271
hCoV-19/England/MILK-995ACD/2020,237,271
hCoV-19/England/MILK-9955CC/2020,237,271
hCoV-19/England/MILK-99559F/2020,237,271
hCoV-19/England/MILK-995571/2020,237,271
hCoV-19/England/MILK-995562/2020,237,271
hCoV-19/England/MILK-995544/2020,237,271
hCoV-19/England/MILK-995526/2020,237,271
hCoV-19/England/MILK-995517/2020,237,271
hCoV-19/England/MILK-995508/2020,237,271
hCoV-19/England/MILK-9954FC/2020,237,271
hCoV-19/England/MILK-9954B0/2020,237,271
hCoV-19/England/MILK-995492/2020,237,271
hCoV-19/England/MILK-995465/2020,237,271
hCoV-19/England/MILK-995429/2020,237,271
hCoV-19/England/MILK-99541A/2020,237,271
hCoV-19/England/MILK-99540B/2020,237,271
hCoV-19/England/MILK-995025/2020,237,271
hCoV-19/England/MILK-994FDE/2020,237,271
hCoV-19/England/MILK-994FCF/2020,237,271
hCoV-19/England/MILK-994FA1/2020,237,271
hCoV-19/England/MILK-994F74/2020,237,271
hCoV-19/England/MILK-994F38/2020,237,271
hCoV-19/England/MILK-994F29/2020,237,271
hCoV-19/England/MILK-994F0B/2020,237,271
hCoV-19/England/MILK-994EFF/2020,237,271
hCoV-19/England/MILK-994ED1/2020,237,271
hCoV-19/England/MILK-994EC2/2020,237,271
hCoV-19/England/MILK-994EA4/2020,237,271
hCoV-19/England/MILK-994E95/2020,237,271
hCoV-19/England/MILK-994E86/2020,237,271
hCoV-19/England/MILK-994E68/2020,237,271
hCoV-19/England/MILK-994E59/2020,237,271
hCoV-19/England/MILK-994E3B/2020,237,271
hCoV-19/England/MILK-994E1D/2020,237,271
hCoV-19/England/MILK-994E0E/2020,237,271
hCoV-19/England/MILK-994DE3/2020,237,271
hCoV-19/England/MILK-994DC5/2020,237,271
hCoV-19/England/MILK-994DB6/2020,237,271
hCoV-19/England/MILK-994D89/2020,237,271
hCoV-19/England/MILK-994D5C/2020,237,271
hCoV-19/England/MILK-994D2F/2020,237,271
hCoV-19/England/MILK-994D01/2020,237,271
hCoV-19/England/MILK-994CF5/2020,237,271
hCoV-19/England/MILK-994CE6/2020,237,271
hCoV-19/England/MILK-994CD7/2020,237,271
hCoV-19/England/MILK-994CB9/2020,237,271
hCoV-19/England/MILK-994C9B/2020,237,271
hCoV-19/England/MILK-994C8C/2020,237,271
hCoV-19/England/MILK-994C7D/2020,237,271
hCoV-19/England/MILK-994C5F/2020,237,271
hCoV-19/England/MILK-994C40/2020,237,271
hCoV-19/England/MILK-994C22/2020,237,271
hCoV-19/England/MILK-994BF8/2020,237,271
hCoV-19/England/MILK-994BE9/2020,237,271
hCoV-19/England/MILK-994BDA/2020,237,271
hCoV-19/England/MILK-994B61/2020,237,271
hCoV-19/England/MILK-994B52/2020,237,271
hCoV-19/England/MILK-994B34/2020,237,271
hCoV-19/England/MILK-994B25/2020,237,271
hCoV-19/England/MILK-994B16/2020,237,271
hCoV-19/England/MILK-994AFB/2020,237,271
hCoV-19/England/MILK-994AA0/2020,237,271
hCoV-19/England/MILK-994A91/2020,237,271
hCoV-19/England/MILK-994A82/2020,237,271
hCoV-19/England/MILK-994A73/2020,237,271
hCoV-19/England/MILK-994A64/2020,237,271
hCoV-19/England/MILK-994A46/2020,237,271
hCoV-19/England/MILK-99490D/2020,237,271
hCoV-19/England/MILK-9948F1/2020,237,271
hCoV-19/England/MILK-9948B5/2020,237,271
hCoV-19/England/MILK-9948A6/2020,237,271
hCoV-19/England/MILK-994897/2020,237,271
hCoV-19/England/MILK-994888/2020,237,271
hCoV-19/England/MILK-99486A/2020,237,271
hCoV-19/England/MILK-99485B/2020,237,271
hCoV-19/England/MILK-99483D/2020,237,271
hCoV-19/England/MILK-99482E/2020,237,271
hCoV-19/England/MILK-9947F4/2020,237,271
hCoV-19/England/MILK-9947C7/2020,237,271
hCoV-19/England/MILK-99479A/2020,237,271
hCoV-19/England/MILK-99477C/2020,237,271
hCoV-19/England/MILK-99474F/2020,237,271
hCoV-19/England/MILK-994703/2020,237,271
hCoV-19/England/MILK-9946E8/2020,237,271
hCoV-19/England/MILK-9946BB/2020,237,271
hCoV-19/England/MILK-9946AC/2020,237,271
hCoV-19/England/MILK-99468E/2020,237,271
hCoV-19/England/MILK-994660/2020,237,271
hCoV-19/England/MILK-994651/2020,237,271
hCoV-19/England/MILK-994642/2020,237,271
hCoV-19/England/MILK-994633/2020,237,271
hCoV-19/England/MILK-9945DC/2020,237,271
hCoV-19/England/MILK-994554/2020,237,271
hCoV-19/England/MILK-994536/2020,237,271
hCoV-19/England/MILK-994527/2020,237,271
hCoV-19/England/MILK-994509/2020,237,271
hCoV-19/England/MILK-9944EE/2020,237,271
hCoV-19/England/MILK-9944C0/2020,237,271
hCoV-19/England/MILK-9944B1/2020,237,271
hCoV-19/England/MILK-994484/2020,237,271
hCoV-19/England/MILK-99435A/2020,237,271
hCoV-19/England/MILK-99433C/2020,237,271
hCoV-19/England/MILK-99432D/2020,237,271
hCoV-19/England/MILK-9942A8/2020,237,271
hCoV-19/England/MILK-994299/2020,237,271
hCoV-19/England/MILK-994202/2020,237,271
hCoV-19/England/MILK-9941F6/2020,237,271
hCoV-19/England/MILK-99417E/2020,237,271
hCoV-19/England/MILK-994123/2020,237,271
hCoV-19/England/MILK-994114/2020,237,271
hCoV-19/England/MILK-9940F9/2020,237,271
hCoV-19/England/MILK-9940EA/2020,237,271
hCoV-19/England/MILK-9940DB/2020,237,271
hCoV-19/England/MILK-9940AE/2020,237,271
hCoV-19/England/MILK-994071/2020,237,271
hCoV-19/England/MILK-994062/2020,237,271
hCoV-19/England/MILK-994053/2020,237,271
hCoV-19/England/MILK-994044/2020,237,271
hCoV-19/England/MILK-994035/2020,237,271
hCoV-19/England/MILK-993FFD/2020,237,271
hCoV-19/England/MILK-993FEE/2020,237,271
hCoV-19/England/MILK-993FDF/2020,237,271
hCoV-19/England/MILK-993FC0/2020,237,271
hCoV-19/England/MILK-993FA2/2020,237,271
hCoV-19/England/MILK-993F93/2020,237,271
hCoV-19/England/MILK-993F84/2020,237,271
hCoV-19/England/MILK-993EF0/2020,237,271
hCoV-19/England/MILK-9927E7/2020,237,271
hCoV-19/England/MILK-9917D9/2020,237,285
hCoV-19/England/MILK-9917CA/2020,237,285
hCoV-19/England/MILK-9917AC/2020,237,285
hCoV-19/England/CAMC-9910DE/2020,237,271
hCoV-19/England/BIRM-62998/2020,237,253
hCoV-19/Wales/PHWC-169EFB/2020,238,253
hCoV-19/Wales/PHWC-169ECE/2020,238,253
hCoV-19/Wales/MILK-99C48C/2020,238,271
hCoV-19/Wales/MILK-993A29/2020,238,271
hCoV-19/Wales/MILK-99391D/2020,238,271
hCoV-19/Wales/MILK-9936BC/2020,238,271
hCoV-19/Wales/MILK-993591/2020,238,394
hCoV-19/Wales/MILK-993476/2020,238,271
hCoV-19/Wales/MILK-993467/2020,238,271
hCoV-19/Wales/MILK-993458/2020,238,300
hCoV-19/Wales/MILK-9931BB/2020,238,271
hCoV-19/Wales/MILK-993115/2020,238,271
hCoV-19/Wales/MILK-992CF7/2020,238,271
hCoV-19/Wales/MILK-992CE8/2020,238,271
hCoV-19/Wales/MILK-992CCA/2020,238,271
hCoV-19/Wales/MILK-992C51/2020,238,271
hCoV-19/Wales/MILK-992C15/2020,238,271
hCoV-19/Wales/MILK-992BCD/2020,238,271
hCoV-19/Wales/CAMC-990CBD/2020,238,300
hCoV-19/Scotland/QEUH-998E37/2020,238,274
hCoV-19/Scotland/QEUH-998DFE/2020,238,274
hCoV-19/Scotland/QEUH-998DEF/2020,238,274
hCoV-19/Scotland/QEUH-998DD0/2020,238,274
hCoV-19/Scotland/QEUH-998DB2/2020,238,274
hCoV-19/Scotland/QEUH-998DA3/2020,238,274
hCoV-19/Scotland/QEUH-998D85/2020,238,274
hCoV-19/Scotland/QEUH-998D58/2020,238,274
hCoV-19/Scotland/QEUH-998D3A/2020,238,274
hCoV-19/Scotland/QEUH-998D2B/2020,238,274
hCoV-19/Scotland/QEUH-998D1C/2020,238,274
hCoV-19/Scotland/QEUH-998D0D/2020,238,274
hCoV-19/Scotland/QEUH-998CF1/2020,238,274
hCoV-19/Scotland/QEUH-998CE2/2020,238,264
hCoV-19/Scotland/QEUH-998C97/2020,238,274
hCoV-19/Scotland/QEUH-998C00/2020,238,274
hCoV-19/Scotland/QEUH-9983B0/2020,238,274
hCoV-19/Scotland/QEUH-9983A1/2020,238,274
hCoV-19/Scotland/QEUH-998383/2020,238,264
hCoV-19/Scotland/QEUH-998374/2020,238,274
hCoV-19/Scotland/QEUH-998268/2020,238,257
hCoV-19/Scotland/QEUH-998259/2020,238,257
hCoV-19/Scotland/QEUH-99822C/2020,238,257
hCoV-19/Scotland/QEUH-99821D/2020,238,257
hCoV-19/Scotland/QEUH-99820E/2020,238,257
hCoV-19/Scotland/QEUH-9903F4/2020,238,274
hCoV-19/Scotland/QEUH-9903C7/2020,238,274
hCoV-19/Scotland/QEUH-9901CD/2020,238,274
hCoV-19/Scotland/QEUH-990172/2020,238,264
hCoV-19/Scotland/QEUH-9900EE/2020,238,274
hCoV-19/Scotland/QEUH-98FFC7/2020,238,274
hCoV-19/Scotland/QEUH-98FF12/2020,238,274
hCoV-19/Scotland/QEUH-98FF03/2020,238,274
hCoV-19/Scotland/QEUH-98FB5A/2020,238,274
hCoV-19/Scotland/QEUH-98F7FC/2020,238,264
hCoV-19/Scotland/CAMC-990FF0/2020,238,274
hCoV-19/Scotland/CAMC-990AC2/2020,238,274
hCoV-19/Scotland/CAMC-99093E/2020,238,274
hCoV-19/Scotland/CAMC-9907BC/2020,238,274
hCoV-19/England/QEUH-998E55/2020,238,264
hCoV-19/England/QEUH-998E46/2020,238,264
hCoV-19/England/QEUH-998E28/2020,238,264
hCoV-19/England/QEUH-998E19/2020,238,264
hCoV-19/England/QEUH-998CD3/2020,238,264
hCoV-19/England/QEUH-998CC4/2020,238,264
hCoV-19/England/QEUH-998CB5/2020,238,264
hCoV-19/England/QEUH-998C88/2020,238,264
hCoV-19/England/QEUH-998C79/2020,238,264
hCoV-19/England/QEUH-998C4C/2020,238,264
hCoV-19/England/QEUH-998C3D/2020,238,264
hCoV-19/England/QEUH-998BF4/2020,238,264
hCoV-19/England/QEUH-998BE5/2020,238,264
hCoV-19/England/QEUH-998BD6/2020,238,264
hCoV-19/England/QEUH-998BC7/2020,238,264
hCoV-19/England/QEUH-998BB8/2020,238,264
hCoV-19/England/QEUH-998365/2020,238,264
hCoV-19/England/QEUH-9982C2/2020,238,264
hCoV-19/England/QEUH-9982B3/2020,238,264
hCoV-19/England/QEUH-9982A4/2020,238,259
hCoV-19/England/QEUH-998295/2020,238,259
hCoV-19/England/QEUH-998277/2020,238,259
hCoV-19/England/QEUH-99824A/2020,238,259
hCoV-19/England/QEUH-9981E3/2020,238,259
hCoV-19/England/QEUH-9981D4/2020,238,259
hCoV-19/England/QEUH-9981B6/2020,238,259
hCoV-19/England/QEUH-9981A7/2020,238,259
hCoV-19/England/QEUH-990682/2020,238,254
hCoV-19/England/QEUH-99046A/2020,238,254
hCoV-19/England/QEUH-99044C/2020,238,264
hCoV-19/England/QEUH-990400/2020,238,264
hCoV-19/England/QEUH-9903D6/2020,238,264
hCoV-19/England/QEUH-9903A9/2020,238,264
hCoV-19/England/QEUH-99039A/2020,238,264
hCoV-19/England/QEUH-99038B/2020,238,264
hCoV-19/England/QEUH-99037C/2020,238,264
hCoV-19/England/QEUH-99036D/2020,238,264
hCoV-19/England/QEUH-990312/2020,238,264
hCoV-19/England/QEUH-990303/2020,238,264
hCoV-19/England/QEUH-99029D/2020,238,264
hCoV-19/England/QEUH-990233/2020,238,264
hCoV-19/England/QEUH-9901EB/2020,238,264
hCoV-19/England/QEUH-9901DC/2020,238,264
hCoV-19/England/QEUH-990163/2020,238,264
hCoV-19/England/QEUH-990145/2020,238,264
hCoV-19/England/QEUH-9900A2/2020,238,264
hCoV-19/England/QEUH-990084/2020,238,264
hCoV-19/England/QEUH-990075/2020,238,264
hCoV-19/England/QEUH-990066/2020,238,264
hCoV-19/England/QEUH-990057/2020,238,264
hCoV-19/England/QEUH-990048/2020,238,264
hCoV-19/England/QEUH-99002A/2020,238,264
hCoV-19/England/QEUH-98FFE5/2020,238,264
hCoV-19/England/QEUH-98FFD6/2020,238,264
hCoV-19/England/QEUH-98FF8B/2020,238,264
hCoV-19/England/QEUH-98FF5E/2020,238,264
hCoV-19/England/QEUH-98FF30/2020,238,264
hCoV-19/England/QEUH-98FF21/2020,238,264
hCoV-19/England/QEUH-98FEF7/2020,238,264
hCoV-19/England/QEUH-98FEBB/2020,238,264
hCoV-19/England/QEUH-98FE24/2020,238,264
hCoV-19/England/QEUH-98FE06/2020,238,264
hCoV-19/England/QEUH-98FDAF/2020,238,264
hCoV-19/England/QEUH-98FD63/2020,238,254
hCoV-19/England/QEUH-98FD45/2020,238,264
hCoV-19/England/QEUH-98FCFD/2020,238,264
hCoV-19/England/QEUH-98FCEE/2020,238,264
hCoV-19/England/QEUH-98FCDF/2020,238,264
hCoV-19/England/QEUH-98FCC0/2020,238,264
hCoV-19/England/QEUH-98FC93/2020,238,264
hCoV-19/England/QEUH-98FC84/2020,238,264
hCoV-19/England/QEUH-98FC75/2020,238,254
hCoV-19/England/QEUH-98FBE1/2020,238,264
hCoV-19/England/QEUH-98FBD2/2020,238,264
hCoV-19/England/QEUH-98FBC3/2020,238,264
hCoV-19/England/QEUH-98FBB4/2020,238,264
hCoV-19/England/QEUH-98FB87/2020,238,264
hCoV-19/England/QEUH-98FB69/2020,238,264
hCoV-19/England/QEUH-98FB3C/2020,238,264
hCoV-19/England/QEUH-98FB1E/2020,238,264
hCoV-19/England/QEUH-98FB0F/2020,238,264
hCoV-19/England/QEUH-98FAF3/2020,238,264
hCoV-19/England/QEUH-98FAE4/2020,238,264
hCoV-19/England/QEUH-98FA02/2020,238,264
hCoV-19/England/QEUH-98F9F6/2020,238,264
hCoV-19/England/QEUH-98F97E/2020,238,264
hCoV-19/England/QEUH-98F941/2020,238,264
hCoV-19/England/QEUH-98F932/2020,238,264
hCoV-19/England/QEUH-98F905/2020,238,264
hCoV-19/England/QEUH-98F826/2020,238,264
hCoV-19/England/QEUH-98F729/2020,238,264
hCoV-19/England/NORT-2861B2/2020,238,278
hCoV-19/England/MILK-9AAEAB/2020,238,271
hCoV-19/England/MILK-9AAE9C/2020,238,271
hCoV-19/England/MILK-9AAE8D/2020,238,271
hCoV-19/England/MILK-9AAE7E/2020,238,271
hCoV-19/England/MILK-9AAE6F/2020,238,271
hCoV-19/England/MILK-9AAE41/2020,238,271
hCoV-19/England/MILK-9AAE32/2020,238,271
hCoV-19/England/MILK-9AAE23/2020,238,271
hCoV-19/England/MILK-9AAE14/2020,238,271
hCoV-19/England/MILK-9AAE05/2020,238,287
hCoV-19/England/MILK-995061/2020,238,271
hCoV-19/England/MILK-994A37/2020,238,271
hCoV-19/England/MILK-994A28/2020,238,271
hCoV-19/England/MILK-994A0A/2020,238,271
hCoV-19/England/MILK-99492B/2020,238,271
hCoV-19/England/MILK-99491C/2020,238,271
hCoV-19/England/MILK-994475/2020,238,271
hCoV-19/England/MILK-994448/2020,238,271
hCoV-19/England/MILK-994439/2020,238,271
hCoV-19/England/MILK-9943F0/2020,238,271
hCoV-19/England/MILK-9943A5/2020,238,271
hCoV-19/England/MILK-994396/2020,238,271
hCoV-19/England/MILK-994387/2020,238,271
hCoV-19/England/MILK-99430F/2020,238,271
hCoV-19/England/MILK-9942F3/2020,238,271
hCoV-19/England/MILK-9942E4/2020,238,271
hCoV-19/England/MILK-9942D5/2020,238,271
hCoV-19/England/MILK-9942C6/2020,238,271
hCoV-19/England/MILK-9942B7/2020,238,271
hCoV-19/England/MILK-99423F/2020,238,271
hCoV-19/England/MILK-993A83/2020,238,271
hCoV-19/England/MILK-993A74/2020,238,271
hCoV-19/England/MILK-993A47/2020,238,271
hCoV-19/England/MILK-993A0B/2020,238,271
hCoV-19/England/MILK-9939FF/2020,238,271
hCoV-19/England/MILK-9939D1/2020,238,271
hCoV-19/England/MILK-993968/2020,238,271
hCoV-19/England/MILK-99394A/2020,238,271
hCoV-19/England/MILK-99392C/2020,238,271
hCoV-19/England/MILK-99390E/2020,238,271
hCoV-19/England/MILK-9938F2/2020,238,271
hCoV-19/England/MILK-9938D4/2020,238,271
hCoV-19/England/MILK-993898/2020,238,271
hCoV-19/England/MILK-993889/2020,238,271
hCoV-19/England/MILK-99386B/2020,238,271
hCoV-19/England/MILK-993801/2020,238,271
hCoV-19/England/MILK-99376E/2020,238,271
hCoV-19/England/MILK-99375F/2020,238,271
hCoV-19/England/MILK-993722/2020,238,271
hCoV-19/England/MILK-9936AD/2020,238,271
hCoV-19/England/MILK-99369E/2020,238,271
hCoV-19/England/MILK-993670/2020,238,271
hCoV-19/England/MILK-993661/2020,238,271
hCoV-19/England/MILK-993652/2020,238,271
hCoV-19/England/MILK-993643/2020,238,271
hCoV-19/England/MILK-993634/2020,238,271
hCoV-19/England/MILK-9935A0/2020,238,271
hCoV-19/England/MILK-993582/2020,238,271
hCoV-19/England/MILK-993564/2020,238,271
hCoV-19/England/MILK-993555/2020,238,271
hCoV-19/England/MILK-993546/2020,238,271
hCoV-19/England/MILK-993528/2020,238,271
hCoV-19/England/MILK-99350A/2020,238,271
hCoV-19/England/MILK-9934FE/2020,238,271
hCoV-19/England/MILK-9934A3/2020,238,271
hCoV-19/England/MILK-993494/2020,238,271
hCoV-19/England/MILK-993485/2020,238,271
hCoV-19/England/MILK-993449/2020,238,271
hCoV-19/England/MILK-99342B/2020,238,271
hCoV-19/England/MILK-99341C/2020,238,271
hCoV-19/England/MILK-99340D/2020,238,271
hCoV-19/England/MILK-9933F1/2020,238,271
hCoV-19/England/MILK-9933E2/2020,238,271
hCoV-19/England/MILK-9933C4/2020,238,271
hCoV-19/England/MILK-993397/2020,238,271
hCoV-19/England/MILK-993388/2020,238,271
hCoV-19/England/MILK-993379/2020,238,271
hCoV-19/England/MILK-99335B/2020,238,271
hCoV-19/England/MILK-99334C/2020,238,271
hCoV-19/England/MILK-99333D/2020,238,271
hCoV-19/England/MILK-99331F/2020,238,271
hCoV-19/England/MILK-993300/2020,238,271
hCoV-19/England/MILK-9932C7/2020,238,271
hCoV-19/England/MILK-9930AF/2020,238,271
hCoV-19/England/MILK-993090/2020,238,271
hCoV-19/England/MILK-993072/2020,238,271
hCoV-19/England/MILK-993054/2020,238,271
hCoV-19/England/MILK-993045/2020,238,271
hCoV-19/England/MILK-993036/2020,238,271
hCoV-19/England/MILK-993027/2020,238,271
hCoV-19/England/MILK-993018/2020,238,271
hCoV-19/England/MILK-993009/2020,238,271
hCoV-19/England/MILK-992FD0/2020,238,271
hCoV-19/England/MILK-992FB2/2020,238,271
hCoV-19/England/MILK-992F85/2020,238,271
hCoV-19/England/MILK-992F76/2020,238,271
hCoV-19/England/MILK-992F58/2020,238,271
hCoV-19/England/MILK-992F49/2020,238,271
hCoV-19/England/MILK-992F3A/2020,238,271
hCoV-19/England/MILK-992F2B/2020,238,271
hCoV-19/England/MILK-992F1C/2020,238,271
hCoV-19/England/MILK-992F0D/2020,238,271
hCoV-19/England/MILK-992EF1/2020,238,271
hCoV-19/England/MILK-992ED3/2020,238,271
hCoV-19/England/MILK-992EC4/2020,238,271
hCoV-19/England/MILK-992EB5/2020,238,271
hCoV-19/England/MILK-992E88/2020,238,271
hCoV-19/England/MILK-992E6A/2020,238,271
hCoV-19/England/MILK-992E4C/2020,238,271
hCoV-19/England/MILK-992E2E/2020,238,271
hCoV-19/England/MILK-992E00/2020,238,271
hCoV-19/England/MILK-992DF4/2020,238,271
hCoV-19/England/MILK-992DA9/2020,238,271
hCoV-19/England/MILK-992D9A/2020,238,271
hCoV-19/England/MILK-992D8B/2020,238,271
hCoV-19/England/MILK-992D7C/2020,238,271
hCoV-19/England/MILK-992D5E/2020,238,271
hCoV-19/England/MILK-992D4F/2020,238,271
hCoV-19/England/MILK-992D30/2020,238,271
hCoV-19/England/MILK-992D21/2020,238,271
hCoV-19/England/MILK-992D12/2020,238,271
hCoV-19/England/MILK-992D03/2020,238,271
hCoV-19/England/MILK-992CBB/2020,238,271
hCoV-19/England/MILK-992CAC/2020,238,271
hCoV-19/England/MILK-992C9D/2020,238,271
hCoV-19/England/MILK-992C7F/2020,238,271
hCoV-19/England/MILK-992C60/2020,238,271
hCoV-19/England/MILK-992C42/2020,238,271
hCoV-19/England/MILK-992C33/2020,238,271
hCoV-19/England/MILK-992C24/2020,238,271
hCoV-19/England/MILK-992C06/2020,238,271
hCoV-19/England/MILK-992BDC/2020,238,271
hCoV-19/England/MILK-992BAF/2020,238,271
hCoV-19/England/MILK-992B90/2020,238,271
hCoV-19/England/MILK-992B81/2020,238,271
hCoV-19/England/MILK-992B72/2020,238,271
hCoV-19/England/MILK-99269F/2020,238,271
hCoV-19/England/MILK-992231/2020,238,264
hCoV-19/England/MILK-992161/2020,238,264
hCoV-19/England/MILK-991E4D/2020,238,271
hCoV-19/England/MILK-991B91/2020,238,285
hCoV-19/England/MILK-991B37/2020,238,285
hCoV-19/England/MILK-991B19/2020,238,285
hCoV-19/England/MILK-991AFE/2020,238,285
hCoV-19/England/MILK-991AEF/2020,238,285
hCoV-19/England/MILK-991AD0/2020,238,285
hCoV-19/England/MILK-991A76/2020,238,285
hCoV-19/England/MILK-991A58/2020,238,285
hCoV-19/England/MILK-991A2B/2020,238,285
hCoV-19/England/MILK-991A1C/2020,238,285
hCoV-19/England/MILK-9919E2/2020,238,285
hCoV-19/England/MILK-9919D3/2020,238,285
hCoV-19/England/MILK-9919C4/2020,238,285
hCoV-19/England/MILK-991988/2020,238,285
hCoV-19/England/MILK-991979/2020,238,285
hCoV-19/England/MILK-99193D/2020,238,285
hCoV-19/England/MILK-99192E/2020,238,285
hCoV-19/England/MILK-9918F4/2020,238,285
hCoV-19/England/MILK-9918E5/2020,238,285
hCoV-19/England/MILK-9918B8/2020,238,285
hCoV-19/England/MILK-99189A/2020,238,285
hCoV-19/England/MILK-99188B/2020,238,285
hCoV-19/England/MILK-99187C/2020,238,285
hCoV-19/England/MILK-99186D/2020,238,285
hCoV-19/England/MILK-991812/2020,238,285
hCoV-19/England/LOND-DC331/2020,238,313
hCoV-19/England/LOND-D9CEE/2020,238,307
hCoV-19/England/CAMC-991636/2020,238,271
hCoV-19/England/CAMC-991627/2020,238,271
hCoV-19/England/CAMC-991618/2020,238,271
hCoV-19/England/CAMC-99137B/2020,238,271
hCoV-19/England/CAMC-99136C/2020,238,271
hCoV-19/England/CAMC-99134E/2020,238,271
hCoV-19/England/CAMC-9912E7/2020,238,271
hCoV-19/England/CAMC-9912AB/2020,238,271
hCoV-19/England/CAMC-99128D/2020,238,271
hCoV-19/England/CAMC-991232/2020,238,271
hCoV-19/England/CAMC-9911BD/2020,238,271
hCoV-19/England/CAMC-9911AE/2020,238,271
hCoV-19/England/CAMC-9910FC/2020,238,271
hCoV-19/England/CAMC-9910ED/2020,238,271
hCoV-19/England/CAMC-991074/2020,238,271
hCoV-19/England/CAMC-990FA5/2020,238,271
hCoV-19/England/CAMC-990F87/2020,238,271
hCoV-19/England/CAMC-990DC9/2020,238,271
hCoV-19/England/CAMC-990CAE/2020,238,271
hCoV-19/England/CAMC-990C9F/2020,238,271
hCoV-19/England/CAMC-990C53/2020,238,271
hCoV-19/England/CAMC-990B92/2020,238,271
hCoV-19/England/CAMC-990B56/2020,238,271
hCoV-19/England/CAMC-990AB3/2020,238,271
hCoV-19/England/CAMC-990A95/2020,238,271
hCoV-19/England/CAMC-990A3B/2020,238,271
hCoV-19/England/CAMC-990A2C/2020,238,271
hCoV-19/England/CAMC-990A1D/2020,238,271
hCoV-19/England/CAMC-990989/2020,238,271
hCoV-19/England/CAMC-99096B/2020,238,271
hCoV-19/England/CAMC-99094D/2020,238,271
hCoV-19/England/CAMC-99092F/2020,238,271
hCoV-19/England/CAMC-9908E6/2020,238,271
hCoV-19/England/CAMC-9907DA/2020,238,271
hCoV-19/England/203580286/2020,238,274
hCoV-19/Wales/QEUH-99C264/2020,239,271
hCoV-19/Wales/PHWC-169F16/2020,239,253
hCoV-19/Wales/MILK-9931CA/2020,239,271
hCoV-19/Wales/MILK-993142/2020,239,271
hCoV-19/Wales/MILK-992AB1/2020,239,271
hCoV-19/Wales/MILK-9928D5/2020,239,271
hCoV-19/Wales/MILK-9928C6/2020,239,271
hCoV-19/Wales/MILK-9928A8/2020,239,271
hCoV-19/Wales/MILK-992820/2020,239,271
hCoV-19/Wales/MILK-992705/2020,239,271
hCoV-19/Wales/MILK-992028/2020,239,264
hCoV-19/Wales/MILK-992019/2020,239,264
hCoV-19/Wales/CAMC-991223/2020,239,271
hCoV-19/Scotland/QEUH-99C370/2020,239,271
hCoV-19/Scotland/QEUH-998B8B/2020,239,274
hCoV-19/Scotland/QEUH-998B7C/2020,239,274
hCoV-19/Scotland/QEUH-998B03/2020,239,274
hCoV-19/Scotland/QEUH-998ACA/2020,239,274
hCoV-19/Scotland/QEUH-998ABB/2020,239,274
hCoV-19/Scotland/QEUH-998110/2020,239,274
hCoV-19/Scotland/QEUH-997FEA/2020,239,257
hCoV-19/Scotland/QEUH-997F80/2020,239,274
hCoV-19/Scotland/QEUH-997EFC/2020,239,274
hCoV-19/Scotland/QEUH-99034F/2020,239,274
hCoV-19/Scotland/QEUH-990224/2020,239,274
hCoV-19/Scotland/QEUH-990215/2020,239,274
hCoV-19/Scotland/QEUH-98FE9D/2020,239,274
hCoV-19/Scotland/QEUH-98FE33/2020,239,274
hCoV-19/Scotland/QEUH-98FD27/2020,239,274
hCoV-19/Scotland/QEUH-98FD18/2020,239,274
hCoV-19/Scotland/QEUH-98FCB1/2020,239,274
hCoV-19/Scotland/QEUH-98FB2D/2020,239,274
hCoV-19/Scotland/QEUH-98FA99/2020,239,264
hCoV-19/Scotland/QEUH-98FA8A/2020,239,274
hCoV-19/Scotland/QEUH-98FA7B/2020,239,274
hCoV-19/Scotland/QEUH-98F9E7/2020,239,264
hCoV-19/Scotland/QEUH-98F9D8/2020,239,274
hCoV-19/Scotland/QEUH-98F9BA/2020,239,274
hCoV-19/Scotland/QEUH-98F96F/2020,239,274
hCoV-19/Scotland/QEUH-98F923/2020,239,264
hCoV-19/Scotland/QEUH-98F8EA/2020,239,264
hCoV-19/Scotland/QEUH-98F862/2020,239,274
hCoV-19/Scotland/QEUH-98F853/2020,239,274
hCoV-19/Scotland/QEUH-98F765/2020,239,274
hCoV-19/Scotland/QEUH-98F756/2020,239,274
hCoV-19/Scotland/QEUH-98F738/2020,239,274
hCoV-19/Scotland/QEUH-98F6D1/2020,239,274
hCoV-19/Scotland/QEUH-98F6C2/2020,239,274
hCoV-19/Scotland/QEUH-98F6B3/2020,239,264
hCoV-19/Scotland/QEUH-98F6A4/2020,239,264
hCoV-19/Scotland/QEUH-98F61D/2020,239,264
hCoV-19/Scotland/QEUH-98F60E/2020,239,274
hCoV-19/Scotland/QEUH-98F5F2/2020,239,274
hCoV-19/Scotland/QEUH-98F5E3/2020,239,264
hCoV-19/Scotland/QEUH-98F5A7/2020,239,274
hCoV-19/Scotland/QEUH-98F598/2020,239,274
hCoV-19/Scotland/QEUH-98F57A/2020,239,274
hCoV-19/Scotland/QEUH-98F46E/2020,239,264
hCoV-19/Scotland/QEUH-98F431/2020,239,274
hCoV-19/Scotland/QEUH-98F39E/2020,239,274
hCoV-19/Scotland/QEUH-98F38F/2020,239,274
hCoV-19/Scotland/QEUH-98F185/2020,239,274
hCoV-19/Scotland/MILK-99A309/2020,239,271
hCoV-19/Scotland/CVR3978/2020,239,264
hCoV-19/Scotland/CVR3977/2020,239,253
hCoV-19/Scotland/CAMC-9914C3/2020,239,274
hCoV-19/Scotland/CAMC-990FE1/2020,239,274
hCoV-19/England/TFCI-270A68F/2020,239,502
hCoV-19/England/QEUH-99C3BC/2020,239,271
hCoV-19/England/QEUH-99C3AD/2020,239,271
hCoV-19/England/QEUH-99C39E/2020,239,271
hCoV-19/England/QEUH-99C361/2020,239,271
hCoV-19/England/QEUH-99C325/2020,239,271
hCoV-19/England/QEUH-99C2A0/2020,239,271
hCoV-19/England/QEUH-99C282/2020,239,271
hCoV-19/England/QEUH-99C1FE/2020,239,271
hCoV-19/England/QEUH-99C1C1/2020,239,271
hCoV-19/England/QEUH-99C1B2/2020,239,271
hCoV-19/England/QEUH-99C167/2020,239,271
hCoV-19/England/QEUH-99C149/2020,239,271
hCoV-19/England/QEUH-99C10D/2020,239,271
hCoV-19/England/QEUH-99C04C/2020,239,271
hCoV-19/England/QEUH-998B6D/2020,239,264
hCoV-19/England/QEUH-998B5E/2020,239,264
hCoV-19/England/QEUH-998B4F/2020,239,264
hCoV-19/England/QEUH-998B30/2020,239,264
hCoV-19/England/QEUH-998B12/2020,239,264
hCoV-19/England/QEUH-998AF7/2020,239,264
hCoV-19/England/QEUH-998AE8/2020,239,264
hCoV-19/England/QEUH-998AD9/2020,239,264
hCoV-19/England/QEUH-998198/2020,239,274
hCoV-19/England/QEUH-9980C8/2020,239,259
hCoV-19/England/QEUH-9980B9/2020,239,259
hCoV-19/England/QEUH-9980AA/2020,239,259
hCoV-19/England/QEUH-99809B/2020,239,259
hCoV-19/England/QEUH-99807D/2020,239,259
hCoV-19/England/QEUH-99806E/2020,239,259
hCoV-19/England/QEUH-99805F/2020,239,259
hCoV-19/England/QEUH-997FF9/2020,239,259
hCoV-19/England/QEUH-997FDB/2020,239,259
hCoV-19/England/QEUH-997F71/2020,239,259
hCoV-19/England/QEUH-997F62/2020,239,259
hCoV-19/England/QEUH-997F53/2020,239,259
hCoV-19/England/QEUH-997F44/2020,239,259
hCoV-19/England/QEUH-997F35/2020,239,259
hCoV-19/England/QEUH-997F17/2020,239,259
hCoV-19/England/QEUH-997F08/2020,239,259
hCoV-19/England/QEUH-997EED/2020,239,259
hCoV-19/England/QEUH-997EDE/2020,239,259
hCoV-19/England/QEUH-9963FE/2020,239,271
hCoV-19/England/QEUH-9963D0/2020,239,271
hCoV-19/England/QEUH-9963C1/2020,239,271
hCoV-19/England/QEUH-9963B2/2020,239,271
hCoV-19/England/QEUH-996349/2020,239,271
hCoV-19/England/QEUH-98FF7C/2020,239,264
hCoV-19/England/QEUH-98F7B0/2020,239,264
hCoV-19/England/QEUH-98F6E0/2020,239,264
hCoV-19/England/QEUH-98F677/2020,239,264
hCoV-19/England/QEUH-98F668/2020,239,264
hCoV-19/England/QEUH-98F659/2020,239,264
hCoV-19/England/QEUH-98F64A/2020,239,264
hCoV-19/England/QEUH-98F589/2020,239,264
hCoV-19/England/QEUH-98F56B/2020,239,264
hCoV-19/England/QEUH-98F4AA/2020,239,264
hCoV-19/England/QEUH-98F49B/2020,239,264
hCoV-19/England/QEUH-98F48C/2020,239,264
hCoV-19/England/QEUH-98F47D/2020,239,264
hCoV-19/England/QEUH-98F2BF/2020,239,264
hCoV-19/England/OXON-FA1C3B/2020,239,572
hCoV-19/England/NORT-2861FE/2020,239,278
hCoV-19/England/NORT-2861D0/2020,239,278
hCoV-19/England/MILK-99A3FA/2020,239,271
hCoV-19/England/MILK-99A284/2020,239,271
hCoV-19/England/MILK-993DB7/2020,239,271
hCoV-19/England/MILK-993DA8/2020,239,271
hCoV-19/England/MILK-993D99/2020,239,271
hCoV-19/England/MILK-993D7B/2020,239,271
hCoV-19/England/MILK-993D6C/2020,239,271
hCoV-19/England/MILK-993D5D/2020,239,271
hCoV-19/England/MILK-993D4E/2020,239,271
hCoV-19/England/MILK-993CE7/2020,239,271
hCoV-19/England/MILK-993CC9/2020,239,271
hCoV-19/England/MILK-993CBA/2020,239,271
hCoV-19/England/MILK-993C9C/2020,239,271
hCoV-19/England/MILK-993C6F/2020,239,271
hCoV-19/England/MILK-993C32/2020,239,271
hCoV-19/England/MILK-993C23/2020,239,271
hCoV-19/England/MILK-993C14/2020,239,271
hCoV-19/England/MILK-993BF9/2020,239,271
hCoV-19/England/MILK-993BEA/2020,239,271
hCoV-19/England/MILK-993BAE/2020,239,271
hCoV-19/England/MILK-993B9F/2020,239,271
hCoV-19/England/MILK-993B71/2020,239,271
hCoV-19/England/MILK-993B62/2020,239,271
hCoV-19/England/MILK-993B26/2020,239,271
hCoV-19/England/MILK-993B08/2020,239,271
hCoV-19/England/MILK-993AED/2020,239,271
hCoV-19/England/MILK-993ADE/2020,239,271
hCoV-19/England/MILK-993AB0/2020,239,271
hCoV-19/England/MILK-993A92/2020,239,271
hCoV-19/England/MILK-9937F5/2020,239,271
hCoV-19/England/MILK-9937E6/2020,239,271
hCoV-19/England/MILK-9937C8/2020,239,271
hCoV-19/England/MILK-9937AA/2020,239,271
hCoV-19/England/MILK-993731/2020,239,271
hCoV-19/England/MILK-9936E9/2020,239,271
hCoV-19/England/MILK-993625/2020,239,271
hCoV-19/England/MILK-9932F4/2020,239,271
hCoV-19/England/MILK-9932E5/2020,239,271
hCoV-19/England/MILK-99328B/2020,239,271
hCoV-19/England/MILK-99327C/2020,239,271
hCoV-19/England/MILK-99324F/2020,239,271
hCoV-19/England/MILK-993230/2020,239,271
hCoV-19/England/MILK-993212/2020,239,271
hCoV-19/England/MILK-993203/2020,239,271
hCoV-19/England/MILK-9931F7/2020,239,271
hCoV-19/England/MILK-9931E8/2020,239,271
hCoV-19/England/MILK-9931D9/2020,239,271
hCoV-19/England/MILK-9931AC/2020,239,271
hCoV-19/England/MILK-99319D/2020,239,271
hCoV-19/England/MILK-99318E/2020,239,271
hCoV-19/England/MILK-99317F/2020,239,271
hCoV-19/England/MILK-993160/2020,239,271
hCoV-19/England/MILK-993133/2020,239,271
hCoV-19/England/MILK-993124/2020,239,271
hCoV-19/England/MILK-993106/2020,239,271
hCoV-19/England/MILK-9930FA/2020,239,271
hCoV-19/England/MILK-992B54/2020,239,271
hCoV-19/England/MILK-992B45/2020,239,271
hCoV-19/England/MILK-992A93/2020,239,271
hCoV-19/England/MILK-992A84/2020,239,271
hCoV-19/England/MILK-992A75/2020,239,271
hCoV-19/England/MILK-992A39/2020,239,271
hCoV-19/England/MILK-992A1B/2020,239,271
hCoV-19/England/MILK-992A0C/2020,239,271
hCoV-19/England/MILK-9929F0/2020,239,271
hCoV-19/England/MILK-9929E1/2020,239,271
hCoV-19/England/MILK-9929C3/2020,239,271
hCoV-19/England/MILK-9929B4/2020,239,271
hCoV-19/England/MILK-9929A5/2020,239,271
hCoV-19/England/MILK-992987/2020,239,271
hCoV-19/England/MILK-992978/2020,239,271
hCoV-19/England/MILK-99294B/2020,239,271
hCoV-19/England/MILK-99292D/2020,239,271
hCoV-19/England/MILK-99291E/2020,239,271
hCoV-19/England/MILK-99290F/2020,239,271
hCoV-19/England/MILK-9928F3/2020,239,271
hCoV-19/England/MILK-9928E4/2020,239,271
hCoV-19/England/MILK-9928B7/2020,239,271
hCoV-19/England/MILK-992899/2020,239,271
hCoV-19/England/MILK-99288A/2020,239,271
hCoV-19/England/MILK-99286C/2020,239,271
hCoV-19/England/MILK-99285D/2020,239,271
hCoV-19/England/MILK-99283F/2020,239,271
hCoV-19/England/MILK-992802/2020,239,271
hCoV-19/England/MILK-9927F6/2020,239,271
hCoV-19/England/MILK-9927BA/2020,239,271
hCoV-19/England/MILK-9927AB/2020,239,271
hCoV-19/England/MILK-99279C/2020,239,271
hCoV-19/England/MILK-99276F/2020,239,271
hCoV-19/England/MILK-992750/2020,239,271
hCoV-19/England/MILK-992723/2020,239,271
hCoV-19/England/MILK-992714/2020,239,271
hCoV-19/England/MILK-9926DB/2020,239,271
hCoV-19/England/MILK-9926CC/2020,239,271
hCoV-19/England/MILK-9926AE/2020,239,271
hCoV-19/England/MILK-992680/2020,239,271
hCoV-19/England/MILK-992671/2020,239,271
hCoV-19/England/MILK-992662/2020,239,271
hCoV-19/England/MILK-992635/2020,239,271
hCoV-19/England/MILK-992626/2020,239,271
hCoV-19/England/MILK-992617/2020,239,271
hCoV-19/England/MILK-9925ED/2020,239,271
hCoV-19/England/MILK-9925CF/2020,239,271
hCoV-19/England/MILK-992538/2020,239,264
hCoV-19/England/MILK-992529/2020,239,264
hCoV-19/England/MILK-99251A/2020,239,264
hCoV-19/England/MILK-99250B/2020,239,264
hCoV-19/England/MILK-9924A4/2020,239,264
hCoV-19/England/MILK-992486/2020,239,264
hCoV-19/England/MILK-992477/2020,239,264
hCoV-19/England/MILK-9923F2/2020,239,264
hCoV-19/England/MILK-9923E3/2020,239,264
hCoV-19/England/MILK-9923B6/2020,239,264
hCoV-19/England/MILK-99236B/2020,239,264
hCoV-19/England/MILK-99234D/2020,239,264
hCoV-19/England/MILK-99232F/2020,239,264
hCoV-19/England/MILK-9922C8/2020,239,264
hCoV-19/England/MILK-9922B9/2020,239,264
hCoV-19/England/MILK-99227D/2020,239,264
hCoV-19/England/MILK-99225F/2020,239,264
hCoV-19/England/MILK-992222/2020,239,264
hCoV-19/England/MILK-992213/2020,239,264
hCoV-19/England/MILK-9921E9/2020,239,264
hCoV-19/England/MILK-9921CB/2020,239,264
hCoV-19/England/MILK-992170/2020,239,264
hCoV-19/England/MILK-992152/2020,239,264
hCoV-19/England/MILK-992125/2020,239,264
hCoV-19/England/MILK-9920EC/2020,239,264
hCoV-19/England/MILK-9920BF/2020,239,264
hCoV-19/England/MILK-992064/2020,239,264
hCoV-19/England/MILK-992046/2020,239,264
hCoV-19/England/MILK-99200A/2020,239,264
hCoV-19/England/MILK-991FFF/2020,239,264
hCoV-19/England/MILK-991FB3/2020,239,264
hCoV-19/England/MILK-991F95/2020,239,264
hCoV-19/England/MILK-991F1D/2020,239,271
hCoV-19/England/MILK-991F0E/2020,239,271
hCoV-19/England/MILK-991EE3/2020,239,271
hCoV-19/England/MILK-991ED4/2020,239,271
hCoV-19/England/MILK-991EB6/2020,239,271
hCoV-19/England/MILK-991EA7/2020,239,271
hCoV-19/England/MILK-991E98/2020,239,271
hCoV-19/England/MILK-991E89/2020,239,271
hCoV-19/England/MILK-991E7A/2020,239,271
hCoV-19/England/MILK-991E6B/2020,239,271
hCoV-19/England/MILK-991E3E/2020,239,271
hCoV-19/England/MILK-991E2F/2020,239,271
hCoV-19/England/MILK-991D9B/2020,239,271
hCoV-19/England/MILK-991D8C/2020,239,271
hCoV-19/England/MILK-991D22/2020,239,271
hCoV-19/England/MILK-991D04/2020,239,271
hCoV-19/England/MILK-991CF8/2020,239,271
hCoV-19/England/MILK-991CDA/2020,239,285
hCoV-19/England/MILK-991CCB/2020,239,271
hCoV-19/England/MILK-991CBC/2020,239,271
hCoV-19/England/MILK-991CAD/2020,239,271
hCoV-19/England/MILK-991C9E/2020,239,271
hCoV-19/England/MILK-991C70/2020,239,285
hCoV-19/England/MILK-991C52/2020,239,285
hCoV-19/England/MILK-991C25/2020,239,285
hCoV-19/England/MILK-991C16/2020,239,285
hCoV-19/England/MILK-991C07/2020,239,285
hCoV-19/England/MILK-991BFB/2020,239,285
hCoV-19/England/MILK-991BEC/2020,239,285
hCoV-19/England/MILK-991BBF/2020,239,285
hCoV-19/England/MILK-991B82/2020,239,285
hCoV-19/England/MILK-991B64/2020,239,285
hCoV-19/England/MILK-991B46/2020,239,285
hCoV-19/England/MILK-991B28/2020,239,285
hCoV-19/England/CAMC-991706/2020,239,271
hCoV-19/England/CAMC-9916EB/2020,239,271
hCoV-19/England/CAMC-9916CD/2020,239,271
hCoV-19/England/CAMC-9916BE/2020,239,271
hCoV-19/England/CAMC-991663/2020,239,271
hCoV-19/England/CAMC-99141E/2020,239,271
hCoV-19/England/CAMC-99126F/2020,239,271
hCoV-19/England/CAMC-9911DB/2020,239,271
hCoV-19/England/CAMC-991162/2020,239,271
hCoV-19/England/CAMC-991144/2020,239,287
hCoV-19/England/CAMC-991135/2020,239,287
hCoV-19/England/CAMC-991108/2020,239,271
hCoV-19/England/CAMC-9910B0/2020,239,271
hCoV-19/England/CAMC-9910A1/2020,239,271
hCoV-19/England/CAMC-991047/2020,239,271
hCoV-19/England/CAMC-99100B/2020,239,271
hCoV-19/England/CAMC-990F1E/2020,239,271
hCoV-19/England/CAMC-990EE4/2020,239,271
hCoV-19/England/CAMC-990EB7/2020,239,271
hCoV-19/England/CAMC-990DF6/2020,239,271
hCoV-19/England/CAMC-990DBA/2020,239,271
hCoV-19/England/CAMC-990D8D/2020,239,271
hCoV-19/England/CAMC-990D7E/2020,239,271
hCoV-19/England/CAMC-990D14/2020,239,271
hCoV-19/England/CAMC-990CDB/2020,239,271
hCoV-19/England/CAMC-990CCC/2020,239,271
hCoV-19/England/CAMC-990C35/2020,239,271
hCoV-19/England/CAMC-990C26/2020,239,271
hCoV-19/England/CAMC-990C17/2020,239,271
hCoV-19/England/CAMC-990C08/2020,239,271
hCoV-19/England/CAMC-990BFC/2020,239,271
hCoV-19/England/CAMC-990B29/2020,239,271
hCoV-19/England/CAMC-990B1A/2020,239,271
hCoV-19/England/CAMC-990AE0/2020,239,271
hCoV-19/England/CAMC-990A77/2020,239,271
hCoV-19/England/CAMC-990A4A/2020,239,271
hCoV-19/England/CAMC-9909F2/2020,239,271
hCoV-19/England/CAMC-9909E3/2020,239,271
hCoV-19/England/CAMC-99086E/2020,239,271
hCoV-19/England/CAMC-99085F/2020,239,271
hCoV-19/England/CAMC-990840/2020,239,271
hCoV-19/England/CAMC-990804/2020,239,271
hCoV-19/England/BIRM-629E3/2020,239,253
hCoV-19/England/BIRM-629C5/2020,239,253
hCoV-19/England/ALDP-9B6783/2020,239,278
hCoV-19/England/ALDP-9B6765/2020,239,278
hCoV-19/England/ALDP-9B6738/2020,239,278
hCoV-19/England/ALDP-9B6729/2020,239,278
hCoV-19/England/ALDP-9B64F5/2020,239,278
hCoV-19/England/ALDP-9B64E6/2020,239,278
hCoV-19/England/ALDP-9B64D7/2020,239,278
hCoV-19/England/ALDP-9B6422/2020,239,278
hCoV-19/England/203740645/2020,239,264
hCoV-19/England/203590010/2020,239,274
hCoV-19/England/203580248/2020,239,274
hCoV-19/England/203580247/2020,239,274
hCoV-19/England/203580245/2020,239,274
hCoV-19/Wales/QEUH-99630D/2020,240,271
hCoV-19/Wales/PHWC-169FE9/2020,240,257
hCoV-19/Wales/PHWC-169F52/2020,240,253
hCoV-19/Wales/PHWC-169EEC/2020,240,253
hCoV-19/Scotland/QEUH-997BE6/2020,240,271
hCoV-19/Scotland/QEUH-997BC8/2020,240,271
hCoV-19/Scotland/QEUH-997AAD/2020,240,271
hCoV-19/Scotland/QEUH-997A9E/2020,240,271
hCoV-19/Scotland/QEUH-98FB4B/2020,240,264
hCoV-19/Scotland/QEUH-98FAD5/2020,240,274
hCoV-19/Scotland/QEUH-98FAC6/2020,240,264
hCoV-19/Scotland/QEUH-98F7ED/2020,240,274
hCoV-19/Scotland/QEUH-98F7DE/2020,240,264
hCoV-19/Scotland/QEUH-98F7CF/2020,240,264
hCoV-19/Scotland/QEUH-98F6FF/2020,240,264
hCoV-19/Scotland/QEUH-98F55C/2020,240,274
hCoV-19/Scotland/QEUH-98F53E/2020,240,274
hCoV-19/Scotland/QEUH-98F52F/2020,240,264
hCoV-19/Scotland/QEUH-98F510/2020,240,264
hCoV-19/Scotland/QEUH-98F158/2020,240,264
hCoV-19/Scotland/QEUH-98F149/2020,240,264
hCoV-19/Scotland/QEUH-98F088/2020,240,264
hCoV-19/Scotland/QEUH-98F079/2020,240,274
hCoV-19/Scotland/QEUH-98F03D/2020,240,274
hCoV-19/Scotland/QEUH-98F02E/2020,240,274
hCoV-19/Scotland/QEUH-98EFD7/2020,240,274
hCoV-19/Scotland/QEUH-98EFC8/2020,240,274
hCoV-19/Scotland/QEUH-98EF31/2020,240,274
hCoV-19/Scotland/QEUH-98EEE9/2020,240,264
hCoV-19/Scotland/QEUH-98EECB/2020,240,264
hCoV-19/Scotland/QEUH-98EE70/2020,240,274
hCoV-19/Scotland/QEUH-98EE61/2020,240,274
hCoV-19/Scotland/QEUH-98EE25/2020,240,274
hCoV-19/Scotland/CVR4323/2020,240,278
hCoV-19/Scotland/CVR4151/2020,240,264
hCoV-19/Scotland/CVR3983/2020,240,264
hCoV-19/Scotland/CVR3981/2020,240,264
hCoV-19/Scotland/CVR3980/2020,240,264
hCoV-19/England/TFCI-270A661/2020,240,502
hCoV-19/England/SHEF-CF243/2020,240,264
hCoV-19/England/SHEF-C0B65/2020,240,264
hCoV-19/England/QEUH-9AF6AE/2020,240,546
hCoV-19/England/QEUH-9AF4A4/2020,240,271
hCoV-19/England/QEUH-99C2EC/2020,240,271
hCoV-19/England/QEUH-997C98/2020,240,271
hCoV-19/England/QEUH-997C89/2020,240,271
hCoV-19/England/QEUH-997C7A/2020,240,271
hCoV-19/England/QEUH-997C5C/2020,240,271
hCoV-19/England/QEUH-997C4D/2020,240,271
hCoV-19/England/QEUH-997C2F/2020,240,271
hCoV-19/England/QEUH-997C10/2020,240,271
hCoV-19/England/QEUH-997C01/2020,240,271
hCoV-19/England/QEUH-997BB9/2020,240,271
hCoV-19/England/QEUH-997BAA/2020,240,271
hCoV-19/England/QEUH-997A8F/2020,240,271
hCoV-19/England/QEUH-997A70/2020,240,271
hCoV-19/England/QEUH-997A61/2020,240,271
hCoV-19/England/QEUH-9979CE/2020,240,271
hCoV-19/England/QEUH-99672F/2020,240,271
hCoV-19/England/QEUH-9966D7/2020,240,271
hCoV-19/England/QEUH-9966B9/2020,240,271
hCoV-19/England/QEUH-996482/2020,240,271
hCoV-19/England/QEUH-996428/2020,240,271
hCoV-19/England/QEUH-9963A3/2020,240,271
hCoV-19/England/QEUH-996367/2020,240,271
hCoV-19/England/QEUH-99632B/2020,240,271
hCoV-19/England/QEUH-9962F1/2020,240,271
hCoV-19/England/QEUH-9962B5/2020,240,271
hCoV-19/England/QEUH-98F2EC/2020,240,264
hCoV-19/England/QEUH-98EFF5/2020,240,264
hCoV-19/England/QEUH-98EFB9/2020,240,264
hCoV-19/England/QEUH-98EFAA/2020,240,264
hCoV-19/England/QEUH-98EF9B/2020,240,264
hCoV-19/England/QEUH-98EF7D/2020,240,264
hCoV-19/England/QEUH-98EF6E/2020,240,264
hCoV-19/England/QEUH-98EF22/2020,240,264
hCoV-19/England/QEUH-98EF13/2020,240,264
hCoV-19/England/QEUH-98EF04/2020,240,264
hCoV-19/England/QEUH-98EEF8/2020,240,264
hCoV-19/England/QEUH-98EEDA/2020,240,264
hCoV-19/England/QEUH-98EEBC/2020,240,264
hCoV-19/England/QEUH-98EEAD/2020,240,264
hCoV-19/England/QEUH-98EE8F/2020,240,264
hCoV-19/England/QEUH-98EE52/2020,240,264
hCoV-19/England/QEUH-98EE34/2020,240,264
hCoV-19/England/QEUH-98EE16/2020,240,264
hCoV-19/England/NORT-2861EF/2020,240,278
hCoV-19/England/MILK-9AAB3B/2020,240,271
hCoV-19/England/MILK-9AA56A/2020,240,271
hCoV-19/England/MILK-9AA55B/2020,240,271
hCoV-19/England/MILK-9A9880/2020,240,271
hCoV-19/England/MILK-99A8FB/2020,240,271
hCoV-19/England/MILK-99A61F/2020,240,271
hCoV-19/England/MILK-99A178/2020,240,271
hCoV-19/England/MILK-99A169/2020,240,271
hCoV-19/England/MILK-992B18/2020,240,271
hCoV-19/England/MILK-992ADF/2020,240,271
hCoV-19/England/MILK-992AC0/2020,240,271
hCoV-19/England/MILK-991E01/2020,240,271
hCoV-19/England/MILK-991DF5/2020,240,271
hCoV-19/England/MILK-991DE6/2020,240,271
hCoV-19/England/MILK-991DC8/2020,240,271
hCoV-19/England/LOND-D9CC0/2020,240,307
hCoV-19/England/GSTT-201204GN2BC18/2020,240,516
hCoV-19/England/CAMC-9915FD/2020,240,271
hCoV-19/England/CAMC-9915B1/2020,240,271
hCoV-19/England/CAMC-991593/2020,240,271
hCoV-19/England/CAMC-991584/2020,240,271
hCoV-19/England/CAMC-991575/2020,240,271
hCoV-19/England/CAMC-991566/2020,240,271
hCoV-19/England/CAMC-991548/2020,240,271
hCoV-19/England/CAMC-99152A/2020,240,271
hCoV-19/England/CAMC-99151B/2020,240,271
hCoV-19/England/CAMC-9914F0/2020,240,271
hCoV-19/England/CAMC-9914E1/2020,240,271
hCoV-19/England/CAMC-991496/2020,240,271
hCoV-19/England/CAMC-99143C/2020,240,271
hCoV-19/England/CAMC-991320/2020,240,271
hCoV-19/England/CAMC-990F78/2020,240,271
hCoV-19/England/CAMC-990F4B/2020,240,271
hCoV-19/England/CAMC-990F2D/2020,240,271
hCoV-19/England/CAMC-990E99/2020,240,271
hCoV-19/England/CAMC-990E02/2020,240,271
hCoV-19/England/CAMC-9908AA/2020,240,271
hCoV-19/England/CAMC-990831/2020,240,271
hCoV-19/England/BIRM-62A3B/2020,240,253
hCoV-19/England/ALDP-9B6808/2020,240,278
hCoV-19/England/ALDP-9B6792/2020,240,278
hCoV-19/England/ALDP-9B6756/2020,240,278
hCoV-19/England/ALDP-9B66FF/2020,240,278
hCoV-19/England/ALDP-9B66E0/2020,240,278
hCoV-19/England/ALDP-9B66D1/2020,240,278
hCoV-19/England/ALDP-9B6695/2020,240,278
hCoV-19/England/ALDP-9B6686/2020,240,278
hCoV-19/England/ALDP-9B6677/2020,240,278
hCoV-19/England/ALDP-9B6668/2020,240,278
hCoV-19/England/ALDP-9B6659/2020,240,278
hCoV-19/England/ALDP-9B664A/2020,240,278
hCoV-19/England/ALDP-9B663B/2020,240,278
hCoV-19/England/ALDP-9B661D/2020,240,278
hCoV-19/England/ALDP-9B65E3/2020,240,278
hCoV-19/England/ALDP-9B65D4/2020,240,278
hCoV-19/England/ALDP-9B65A7/2020,240,278
hCoV-19/England/ALDP-9B656B/2020,240,278
hCoV-19/England/ALDP-9B655C/2020,240,278
hCoV-19/England/ALDP-9B653E/2020,240,278
hCoV-19/England/ALDP-9B64B9/2020,240,278
hCoV-19/England/ALDP-9B647D/2020,240,278
hCoV-19/England/ALDP-9B646E/2020,240,278
hCoV-19/England/ALDP-9B645F/2020,240,278
hCoV-19/England/ALDP-9B6440/2020,240,278
hCoV-19/England/ALDP-9B6431/2020,240,278
hCoV-19/England/ALDP-9B63E9/2020,240,278
hCoV-19/England/ALDP-9B63AD/2020,240,278
hCoV-19/England/ALDP-9B639E/2020,240,278
hCoV-19/England/ALDP-9B6352/2020,240,278
hCoV-19/England/ALDP-9B6325/2020,240,278
hCoV-19/England/ALDP-9B62FB/2020,240,278
hCoV-19/England/ALDP-9B62EC/2020,240,278
hCoV-19/England/ALDP-9B62CE/2020,240,278
hCoV-19/England/ALDP-9B6282/2020,240,278
hCoV-19/England/ALDP-9B6273/2020,240,278
hCoV-19/England/ALDP-9B6264/2020,240,278
hCoV-19/England/ALDP-9B6255/2020,240,278
hCoV-19/England/ALDP-9B61EF/2020,240,278
hCoV-19/England/ALDP-9B61D0/2020,240,278
hCoV-19/England/ALDP-9B61A3/2020,240,278
hCoV-19/England/ALDP-9B6185/2020,240,278
hCoV-19/England/ALDP-9B6149/2020,240,278
hCoV-19/England/ALDP-9B610D/2020,240,379
hCoV-19/England/ALDP-9B60F1/2020,240,278
hCoV-19/England/ALDP-9B60D3/2020,240,278
hCoV-19/England/ALDP-9B6097/2020,240,278
hCoV-19/England/ALDP-9B606A/2020,240,278
hCoV-19/England/ALDP-9B605B/2020,240,278
hCoV-19/England/ALDP-9B602E/2020,240,278
hCoV-19/England/ALDP-9B601F/2020,240,278
hCoV-19/England/ALDP-9B5FE6/2020,240,278
hCoV-19/England/ALDP-9B5F9B/2020,240,278
hCoV-19/England/ALDP-9B5F6E/2020,240,278
hCoV-19/England/ALDP-9B5F5F/2020,240,278
hCoV-19/England/ALDP-9B5F22/2020,240,278
hCoV-19/England/ALDP-9B5F13/2020,240,278
hCoV-19/England/ALDP-9B5F04/2020,240,278
hCoV-19/England/ALDP-9B5EF8/2020,240,278
hCoV-19/England/ALDP-9B5EE9/2020,240,278
hCoV-19/England/ALDP-9B5EDA/2020,240,278
hCoV-19/England/ALDP-9B5ECB/2020,240,278
hCoV-19/England/ALDP-9B5E43/2020,240,278
hCoV-19/England/ALDP-9B5E16/2020,240,278
hCoV-19/England/ALDP-9B5DEC/2020,240,278
hCoV-19/England/ALDP-9B5D46/2020,240,278
hCoV-19/England/ALDP-9B5D19/2020,240,278
hCoV-19/England/ALDP-9B5D0A/2020,240,278
hCoV-19/England/ALDP-9B5CEF/2020,240,293
hCoV-19/England/ALDP-9B5CD0/2020,240,278
hCoV-19/England/ALDP-9B5CB2/2020,240,293
hCoV-19/England/ALDP-9B5CA3/2020,240,278
hCoV-19/England/ALDP-9B5C76/2020,240,293
hCoV-19/England/ALDP-9B5C67/2020,240,293
hCoV-19/England/ALDP-9B5C58/2020,240,293
hCoV-19/England/ALDP-9B5C49/2020,240,293
hCoV-19/England/ALDP-9B5C3A/2020,240,293
hCoV-19/England/ALDP-9B5C1C/2020,240,293
hCoV-19/England/ALDP-9B5C0D/2020,240,293
hCoV-19/England/ALDP-9B5BE2/2020,240,293
hCoV-19/England/ALDP-9B5BD3/2020,240,293
hCoV-19/England/ALDP-9B5BC4/2020,240,293
hCoV-19/England/ALDP-9B5BB5/2020,240,293
hCoV-19/England/ALDP-9B5BA6/2020,240,293
hCoV-19/England/ALDP-9B5B97/2020,240,293
hCoV-19/England/ALDP-9B5B88/2020,240,293
hCoV-19/England/ALDP-9B5B79/2020,240,293
hCoV-19/England/ALDP-9B5B6A/2020,240,293
hCoV-19/England/ALDP-9B5B5B/2020,240,293
hCoV-19/England/ALDP-9B5B4C/2020,240,293
hCoV-19/England/ALDP-9B5B3D/2020,240,293
hCoV-19/England/ALDP-9B5B2E/2020,240,293
hCoV-19/England/ALDP-9B5B00/2020,240,293
hCoV-19/England/ALDP-9B5AF4/2020,240,293
hCoV-19/England/ALDP-9B5AE5/2020,240,293
hCoV-19/England/ALDP-9B5AD6/2020,240,293
hCoV-19/England/ALDP-9B5AC7/2020,240,293
hCoV-19/England/ALDP-9B5AB8/2020,240,293
hCoV-19/England/ALDP-9B5AA9/2020,240,293
hCoV-19/England/ALDP-9B5A9A/2020,240,293
hCoV-19/England/ALDP-9B5A8B/2020,240,293
hCoV-19/England/ALDP-9B5A7C/2020,240,293
hCoV-19/England/ALDP-9B5A5E/2020,240,293
hCoV-19/England/ALDP-9B5A4F/2020,240,293
hCoV-19/England/ALDP-9B5A30/2020,240,293
hCoV-19/England/ALDP-9B5A21/2020,240,293
hCoV-19/England/ALDP-9B59F7/2020,240,293
hCoV-19/England/ALDP-9B59E8/2020,240,293
hCoV-19/England/ALDP-9B59CA/2020,240,293
hCoV-19/England/ALDP-9B59BB/2020,240,293
hCoV-19/England/ALDP-9B59AC/2020,240,293
hCoV-19/England/ALDP-9B599D/2020,240,293
hCoV-19/England/ALDP-9B5960/2020,240,293
hCoV-19/England/ALDP-9B5942/2020,240,293
hCoV-19/England/ALDP-9B5933/2020,240,293
hCoV-19/England/ALDP-9B5924/2020,240,293
hCoV-19/England/ALDP-9B5915/2020,240,293
hCoV-19/England/ALDP-9B5906/2020,240,293
hCoV-19/England/ALDP-9B58EB/2020,240,293
hCoV-19/England/ALDP-9B58DC/2020,240,293
hCoV-19/England/ALDP-9B58CD/2020,240,293
hCoV-19/England/ALDP-9B58AF/2020,240,293
hCoV-19/England/ALDP-9B5890/2020,240,293
hCoV-19/England/ALDP-9B5863/2020,240,293
hCoV-19/England/ALDP-9B5854/2020,240,293
hCoV-19/England/ALDP-9B5845/2020,240,293
hCoV-19/England/ALDP-9B5836/2020,240,293
hCoV-19/England/ALDP-9B5827/2020,240,293
hCoV-19/England/ALDP-9B5818/2020,240,293
hCoV-19/England/ALDP-9B5809/2020,240,293
hCoV-19/England/ALDP-9B57FD/2020,240,293
hCoV-19/England/ALDP-9B57EE/2020,240,293
hCoV-19/England/ALDP-9B57DF/2020,240,293
hCoV-19/England/ALDP-9B57C0/2020,240,293
hCoV-19/England/ALDP-9B57B1/2020,240,293
hCoV-19/England/ALDP-9B57A2/2020,240,293
hCoV-19/England/ALDP-9B5793/2020,240,293
hCoV-19/England/ALDP-9B5784/2020,240,293
hCoV-19/England/ALDP-9B5775/2020,240,293
hCoV-19/England/ALDP-9B5766/2020,240,293
hCoV-19/England/ALDP-9B5757/2020,240,293
hCoV-19/England/ALDP-9B5748/2020,240,293
hCoV-19/England/ALDP-9B5739/2020,240,293
hCoV-19/England/ALDP-9B56E1/2020,240,293
hCoV-19/Wales/PHWC-169EA0/2020,241,253
hCoV-19/Wales/MILK-99A6A6/2020,241,271
hCoV-19/Wales/MILK-99A697/2020,241,271
hCoV-19/Wales/MILK-99A679/2020,241,271
hCoV-19/Wales/MILK-99A5F4/2020,241,300
hCoV-19/Wales/MILK-99A08A/2020,241,271
hCoV-19/Wales/MILK-99A06C/2020,241,271
hCoV-19/Wales/MILK-999CF0/2020,241,271
hCoV-19/Wales/MILK-999CD2/2020,241,271
hCoV-19/Wales/MILK-999CC3/2020,241,271
hCoV-19/Wales/MILK-99368F/2020,241,271
hCoV-19/Scotland/QEUH-996929/2020,241,271
hCoV-19/Scotland/QEUH-9968FF/2020,241,271
hCoV-19/Scotland/QEUH-9968D1/2020,241,271
hCoV-19/Scotland/QEUH-9968C2/2020,241,271
hCoV-19/Scotland/QEUH-9905D0/2020,241,254
hCoV-19/Scotland/QEUH-9905B2/2020,241,257
hCoV-19/Scotland/QEUH-9905A3/2020,241,257
hCoV-19/Scotland/QEUH-990585/2020,241,257
hCoV-19/Scotland/QEUH-9902D9/2020,241,254
hCoV-19/Scotland/QEUH-9902CA/2020,241,254
hCoV-19/Scotland/QEUH-98F7A1/2020,241,264
hCoV-19/Scotland/QEUH-98F45F/2020,241,274
hCoV-19/Scotland/QEUH-98F413/2020,241,264
hCoV-19/Scotland/QEUH-98F404/2020,241,264
hCoV-19/Scotland/QEUH-98F3F8/2020,241,274
hCoV-19/Scotland/QEUH-98F3E9/2020,241,264
hCoV-19/Scotland/QEUH-98F3DA/2020,241,274
hCoV-19/Scotland/QEUH-98F3CB/2020,241,264
hCoV-19/Scotland/QEUH-98F352/2020,241,274
hCoV-19/Scotland/QEUH-98F334/2020,241,274
hCoV-19/Scotland/QEUH-98F219/2020,241,274
hCoV-19/Scotland/CVR4181/2020,241,264
hCoV-19/Scotland/CVR4180/2020,241,264
hCoV-19/Scotland/CVR4169/2020,241,264
hCoV-19/Scotland/CVR4158/2020,241,264
hCoV-19/Scotland/CVR4150/2020,241,264
hCoV-19/Scotland/CVR4149/2020,241,264
hCoV-19/Scotland/CVR4140/2020,241,264
hCoV-19/Scotland/CVR4139/2020,241,264
hCoV-19/Scotland/CVR4032/2020,241,257
hCoV-19/Scotland/CVR4031/2020,241,257
hCoV-19/Scotland/CVR4030/2020,241,257
hCoV-19/Scotland/CVR4028/2020,241,257
hCoV-19/Scotland/CVR4025/2020,241,257
hCoV-19/Scotland/CVR4023/2020,241,257
hCoV-19/Scotland/CVR4020/2020,241,257
hCoV-19/Scotland/CVR4019/2020,241,257
hCoV-19/Scotland/CVR4018/2020,241,257
hCoV-19/Scotland/CVR4017/2020,241,257
hCoV-19/Scotland/CVR4015/2020,241,257
hCoV-19/Scotland/CVR4014/2020,241,257
hCoV-19/Scotland/CVR4013/2020,241,257
hCoV-19/Scotland/CVR4012/2020,241,257
hCoV-19/Scotland/CVR4010/2020,241,257
hCoV-19/Scotland/CVR4008/2020,241,257
hCoV-19/Scotland/CVR4007/2020,241,257
hCoV-19/Scotland/CVR4006/2020,241,257
hCoV-19/Scotland/CVR4005/2020,241,257
hCoV-19/Scotland/CVR4003/2020,241,257
hCoV-19/Scotland/CVR4002/2020,241,257
hCoV-19/England/SHEF-D1F38/2020,241,264
hCoV-19/England/SHEF-CAA31/2020,241,264
hCoV-19/England/QEUH-9AF680/2020,241,546
hCoV-19/England/QEUH-9AF4D1/2020,241,271
hCoV-19/England/QEUH-9AF486/2020,241,271
hCoV-19/England/QEUH-9AF35C/2020,241,271
hCoV-19/England/QEUH-9AF301/2020,241,271
hCoV-19/England/QEUH-9A465E/2020,241,264
hCoV-19/England/QEUH-9968A4/2020,241,271
hCoV-19/England/QEUH-996895/2020,241,271
hCoV-19/England/QEUH-990752/2020,241,254
hCoV-19/England/QEUH-990743/2020,241,254
hCoV-19/England/QEUH-990734/2020,241,254
hCoV-19/England/QEUH-99053A/2020,241,254
hCoV-19/England/QEUH-9904F1/2020,241,254
hCoV-19/England/QEUH-9904A6/2020,241,254
hCoV-19/England/QEUH-99027F/2020,241,254
hCoV-19/England/QEUH-98FBA5/2020,241,254
hCoV-19/England/QEUH-98F62C/2020,241,264
hCoV-19/England/MILK-9AAA98/2020,241,271
hCoV-19/England/MILK-9AA63A/2020,241,271
hCoV-19/England/MILK-9AA62B/2020,241,271
hCoV-19/England/MILK-99E262/2020,241,274
hCoV-19/England/MILK-99D096/2020,241,271
hCoV-19/England/MILK-99A9F8/2020,241,271
hCoV-19/England/MILK-99A9BC/2020,241,271
hCoV-19/England/MILK-99A9AD/2020,241,271
hCoV-19/England/MILK-99A99E/2020,241,271
hCoV-19/England/MILK-99A8CE/2020,241,271
hCoV-19/England/MILK-99A8BF/2020,241,271
hCoV-19/England/MILK-99A891/2020,241,271
hCoV-19/England/MILK-99A882/2020,241,271
hCoV-19/England/MILK-99A80A/2020,241,271
hCoV-19/England/MILK-99A7FE/2020,241,271
hCoV-19/England/MILK-99A7EF/2020,241,271
hCoV-19/England/MILK-99A7D0/2020,241,271
hCoV-19/England/MILK-99A7A3/2020,241,271
hCoV-19/England/MILK-99A785/2020,241,271
hCoV-19/England/MILK-99A767/2020,241,271
hCoV-19/England/MILK-99A749/2020,241,271
hCoV-19/England/MILK-99A73A/2020,241,271
hCoV-19/England/MILK-99A6B5/2020,241,271
hCoV-19/England/MILK-99A688/2020,241,271
hCoV-19/England/MILK-99A65B/2020,241,271
hCoV-19/England/MILK-99A63D/2020,241,271
hCoV-19/England/MILK-99A600/2020,241,271
hCoV-19/England/MILK-99A5D6/2020,241,271
hCoV-19/England/MILK-99A5C7/2020,241,271
hCoV-19/England/MILK-99A5A9/2020,241,271
hCoV-19/England/MILK-99A59A/2020,241,271
hCoV-19/England/MILK-99A58B/2020,241,271
hCoV-19/England/MILK-99A57C/2020,241,271
hCoV-19/England/MILK-99A55E/2020,241,271
hCoV-19/England/MILK-99A530/2020,241,271
hCoV-19/England/MILK-99A4D9/2020,241,271
hCoV-19/England/MILK-99A4BB/2020,241,271
hCoV-19/England/MILK-99A49D/2020,241,271
hCoV-19/England/MILK-99A48E/2020,241,271
hCoV-19/England/MILK-99A47F/2020,241,271
hCoV-19/England/MILK-99A460/2020,241,271
hCoV-19/England/MILK-99A451/2020,241,271
hCoV-19/England/MILK-99A3CD/2020,241,271
hCoV-19/England/MILK-99A3BE/2020,241,271
hCoV-19/England/MILK-99A381/2020,241,271
hCoV-19/England/MILK-99A372/2020,241,271
hCoV-19/England/MILK-99A363/2020,241,271
hCoV-19/England/MILK-99A354/2020,241,271
hCoV-19/England/MILK-99A1D2/2020,241,271
hCoV-19/England/MILK-99A1C3/2020,241,271
hCoV-19/England/MILK-99A099/2020,241,271
hCoV-19/England/MILK-99A04E/2020,241,271
hCoV-19/England/MILK-999FAC/2020,241,271
hCoV-19/England/MILK-999F60/2020,241,271
hCoV-19/England/MILK-999F51/2020,241,271
hCoV-19/England/MILK-999F42/2020,241,271
hCoV-19/England/MILK-999F06/2020,241,271
hCoV-19/England/MILK-999EEB/2020,241,271
hCoV-19/England/MILK-999ECD/2020,241,271
hCoV-19/England/MILK-999EBE/2020,241,271
hCoV-19/England/MILK-999EAF/2020,241,271
hCoV-19/England/MILK-999E90/2020,241,271
hCoV-19/England/MILK-999E81/2020,241,271
hCoV-19/England/MILK-999E45/2020,241,271
hCoV-19/England/MILK-999E09/2020,241,271
hCoV-19/England/MILK-999DDF/2020,241,271
hCoV-19/England/MILK-999D93/2020,241,271
hCoV-19/England/MILK-999D84/2020,241,271
hCoV-19/England/MILK-999D75/2020,241,271
hCoV-19/England/MILK-999D66/2020,241,271
hCoV-19/England/MILK-999D57/2020,241,271
hCoV-19/England/MILK-999D48/2020,241,271
hCoV-19/England/MILK-999D0C/2020,241,271
hCoV-19/England/MILK-999CB4/2020,241,271
hCoV-19/England/MILK-999CA5/2020,241,271
hCoV-19/England/MILK-999C96/2020,241,271
hCoV-19/England/MILK-999C87/2020,241,271
hCoV-19/England/MILK-999C78/2020,241,271
hCoV-19/England/MILK-999C5A/2020,241,271
hCoV-19/England/MILK-999C3C/2020,241,271
hCoV-19/England/MILK-999C2D/2020,241,271
hCoV-19/England/MILK-999BD5/2020,241,271
hCoV-19/England/CAMC-9907F8/2020,241,271
hCoV-19/England/BIRM-63D04/2020,241,285
hCoV-19/England/BIRM-63C9E/2020,241,285
hCoV-19/England/ALDP-9B5EAD/2020,241,278
hCoV-19/England/ALDP-9B5E52/2020,241,278
hCoV-19/England/ALDP-9B5E07/2020,241,278
hCoV-19/England/ALDP-9B5DFB/2020,241,278
hCoV-19/England/ALDP-9B5D82/2020,241,278
