hCoV-19/Wales/PHWC-34917/2020,109,136
hCoV-19/Wales/PHWC-33B12/2020,109,136
hCoV-19/Wales/PHWC-168CB6/2020,109,202
hCoV-19/Wales/PHWC-168BB9/2020,109,202
hCoV-19/Wales/PHWC-168B6E/2020,109,202
hCoV-19/Wales/PHWC-168B22/2020,109,202
hCoV-19/Wales/PHWC-168A43/2020,109,202
hCoV-19/Wales/PHWC-168919/2020,109,202
hCoV-19/Wales/PHWC-16880D/2020,109,202
hCoV-19/Wales/PHWC-1685AC/2020,109,202
hCoV-19/Wales/PHWC-168542/2020,109,202
hCoV-19/Wales/PHWC-168481/2020,109,202
hCoV-19/Wales/PHWC-16825A/2020,109,202
hCoV-19/Wales/PHWC-167F81/2020,109,202
hCoV-19/Wales/PHWC-167F63/2020,109,202
hCoV-19/Wales/PHWC-167DE1/2020,109,202
hCoV-19/Wales/PHWC-160C81/2020,109,174
hCoV-19/Wales/PHWC-160744/2020,109,174
hCoV-19/Wales/PHWC-160674/2020,109,174
hCoV-19/Wales/PHWC-160638/2020,109,174
hCoV-19/Wales/PHWC-160629/2020,109,174
hCoV-19/Wales/PHWC-1604D4/2020,109,174
hCoV-19/Wales/PHWC-160270/2020,109,174
hCoV-19/Wales/PHWC-160085/2020,109,174
hCoV-19/Wales/PHWC-15D531/2020,109,174
hCoV-19/Wales/PHWC-15D188/2020,109,174
hCoV-19/Wales/PHWC-15C7E1/2020,109,174
hCoV-19/Wales/PHWC-15C13E/2020,109,202
hCoV-19/Scotland/EDB5510/2020,109,195
hCoV-19/Scotland/EDB5509/2020,109,195
hCoV-19/Scotland/EDB4161/2020,109,153
hCoV-19/Scotland/EDB4160/2020,109,153
hCoV-19/Scotland/EDB4155/2020,109,139
hCoV-19/Scotland/EDB2101/2020,109,132
hCoV-19/Scotland/EDB2100/2020,109,132
hCoV-19/Scotland/EDB2098/2020,109,119
hCoV-19/Scotland/EDB2097/2020,109,119
hCoV-19/Scotland/EDB2096/2020,109,119
hCoV-19/Scotland/EDB2092/2020,109,119
hCoV-19/Scotland/EDB2089/2020,109,119
hCoV-19/Scotland/EDB2088/2020,109,119
hCoV-19/Scotland/EDB2087/2020,109,119
hCoV-19/Scotland/EDB2086/2020,109,119
hCoV-19/Scotland/EDB2085/2020,109,119
hCoV-19/Scotland/EDB2084/2020,109,119
hCoV-19/Scotland/EDB2083/2020,109,119
hCoV-19/Scotland/EDB2082/2020,109,119
hCoV-19/Scotland/EDB2081/2020,109,119
hCoV-19/Scotland/EDB2079/2020,109,119
hCoV-19/Scotland/EDB2078/2020,109,119
hCoV-19/Scotland/EDB2077/2020,109,119
hCoV-19/Scotland/EDB2075/2020,109,119
hCoV-19/Scotland/EDB2071/2020,109,119
hCoV-19/Scotland/CVR3492/2020,109,153
hCoV-19/Scotland/CVR3149/2020,109,153
hCoV-19/Scotland/CVR3144/2020,109,139
hCoV-19/England/WSFT-25C19AB/2020,109,195
hCoV-19/England/WSFT-25C1950/2020,109,203
hCoV-19/England/WSFT-25C18BD/2020,109,203
hCoV-19/England/TFCI-2707EE4/2020,109,460
hCoV-19/England/TFCI-2704AC5/2020,109,404
hCoV-19/England/TFCI-26FA261/2020,109,379
hCoV-19/England/SHEF-CE62A/2020,109,157
hCoV-19/England/SHEF-CE04A/2020,109,157
hCoV-19/England/SHEF-CD96E/2020,109,157
hCoV-19/England/SHEF-CBF22/2020,109,157
hCoV-19/England/SHEF-CBDCE/2020,109,196
hCoV-19/England/SHEF-CB739/2020,109,157
hCoV-19/England/SHEF-CB49C/2020,109,157
hCoV-19/England/SHEF-CB0E3/2020,109,157
hCoV-19/England/SHEF-CAA8C/2020,109,157
hCoV-19/England/SHEF-C8839/2020,109,196
hCoV-19/England/SHEF-C87A5/2020,109,132
hCoV-19/England/SHEF-C6376/2020,109,157
hCoV-19/England/SHEF-C4F56/2020,109,157
hCoV-19/England/SHEF-C2DE5/2020,109,157
hCoV-19/England/SHEF-C1F59/2020,109,157
hCoV-19/England/PORT-2D3BB8/2020,109,209
hCoV-19/England/PHEC-326784/2020,109,546
hCoV-19/England/OXON-B2D9D/2020,109,257
hCoV-19/England/OXON-B2717/2020,109,181
hCoV-19/England/OXON-B24D4/2020,109,181
hCoV-19/England/OXON-B2410/2020,109,181
hCoV-19/England/OXON-B22BC/2020,109,181
hCoV-19/England/OXON-B21FB/2020,109,181
hCoV-19/England/OXON-B1A00/2020,109,181
hCoV-19/England/OXON-B19A9/2020,109,181
hCoV-19/England/OXON-B194F/2020,109,181
hCoV-19/England/OXON-B1754/2020,109,181
hCoV-19/England/OXON-B1709/2020,109,181
hCoV-19/England/OXON-B1693/2020,109,181
hCoV-19/England/OXON-B0AF2/2020,109,181
hCoV-19/England/OXON-B0A98/2020,109,181
hCoV-19/England/OXON-B044F/2020,109,181
hCoV-19/England/OXON-B0315/2020,109,181
hCoV-19/England/OXON-B02FA/2020,109,181
hCoV-19/England/OXON-B02DC/2020,109,181
hCoV-19/England/OXON-B0272/2020,109,181
hCoV-19/England/OXON-B0236/2020,109,181
hCoV-19/England/OXON-B01FD/2020,109,181
hCoV-19/England/OXON-B01DF/2020,109,181
hCoV-19/England/NOTT-1128F3/2020,109,202
hCoV-19/England/NOTT-1128D5/2020,109,202
hCoV-19/England/NOTT-110F1E/2020,109,139
hCoV-19/England/NORW-E85E1/2020,109,139
hCoV-19/England/NORW-E739D/2020,109,139
hCoV-19/England/NORW-E7351/2020,109,139
hCoV-19/England/NORW-E72DC/2020,109,139
hCoV-19/England/NORW-E7272/2020,109,139
hCoV-19/England/NORW-E71C0/2020,109,139
hCoV-19/England/NORW-E71A2/2020,109,139
hCoV-19/England/NORW-E7166/2020,109,139
hCoV-19/England/NORW-E712A/2020,109,139
hCoV-19/England/NORW-E70E1/2020,109,139
hCoV-19/England/NORW-E7078/2020,109,139
hCoV-19/England/NORW-E705A/2020,109,139
hCoV-19/England/NORW-E703C/2020,109,139
hCoV-19/England/NORW-E6FA9/2020,109,139
hCoV-19/England/NORW-E6F9A/2020,109,139
hCoV-19/England/NORW-E6E9D/2020,109,139
hCoV-19/England/NORW-E6DDC/2020,109,139
hCoV-19/England/NORT-29885E/2020,109,202
hCoV-19/England/NORT-298830/2020,109,202
hCoV-19/England/NORT-298821/2020,109,202
hCoV-19/England/LOND-D861E/2020,109,201
hCoV-19/England/LOND-D604F/2020,109,147
hCoV-19/England/LOND-D5F25/2020,109,133
hCoV-19/England/LOND-D5EFB/2020,109,133
hCoV-19/England/LOND-D5EEC/2020,109,133
hCoV-19/England/LOND-D5EDD/2020,109,133
hCoV-19/England/LOND-D5ECE/2020,109,133
hCoV-19/England/LOND-D5EBF/2020,109,133
hCoV-19/England/LOND-D5E91/2020,109,133
hCoV-19/England/LOND-D5E82/2020,109,133
hCoV-19/England/LOND-D5E64/2020,109,133
hCoV-19/England/LOND-D5E55/2020,109,133
hCoV-19/England/LOND-D5E37/2020,109,133
hCoV-19/England/LOND-D5E19/2020,109,133
hCoV-19/England/LOND-D5D67/2020,109,133
hCoV-19/England/LOND-D5D49/2020,109,133
hCoV-19/England/LOND-D5D3A/2020,109,133
hCoV-19/England/LIVE-9F67D/2020,109,174
hCoV-19/England/LIVE-9BD4F/2020,109,132
hCoV-19/England/LIVE-9BA39/2020,109,132
hCoV-19/England/LIVE-9BA1B/2020,109,132
hCoV-19/England/LIVE-9B8D5/2020,109,132
hCoV-19/England/EXET-13555D/2020,109,153
hCoV-19/England/CAMB-811C8/2020,109,132
hCoV-19/England/CAMB-810E9/2020,109,132
hCoV-19/England/CAMB-810BC/2020,109,132
hCoV-19/England/CAMB-81061/2020,109,132
hCoV-19/England/CAMB-7FE4E/2020,109,133
hCoV-19/England/CAMB-7FE3F/2020,109,133
hCoV-19/England/CAMB-7FE20/2020,109,133
hCoV-19/England/CAMB-7FE11/2020,109,133
hCoV-19/England/CAMB-7FDF6/2020,109,133
hCoV-19/England/CAMB-7FC71/2020,109,133
hCoV-19/England/CAMB-1ABC6C/2020,109,169
hCoV-19/England/CAMB-1ABC4E/2020,109,169
hCoV-19/England/CAMB-1ABB6F/2020,109,169
hCoV-19/England/CAMB-1AB376/2020,109,169
hCoV-19/England/CAMB-1AB349/2020,109,169
hCoV-19/England/CAMB-1AB32B/2020,109,169
hCoV-19/England/CAMB-1AB31C/2020,109,169
hCoV-19/England/CAMB-1AB30D/2020,109,169
hCoV-19/England/CAMB-1AB2C4/2020,109,169
hCoV-19/England/CAMB-1AB200/2020,109,169
hCoV-19/England/CAMB-1AB1B8/2020,109,169
hCoV-19/England/CAMB-1AB19A/2020,109,169
hCoV-19/England/CAMB-1AB18B/2020,109,169
hCoV-19/England/CAMB-1AB15E/2020,109,169
hCoV-19/England/CAMB-1AB112/2020,109,169
hCoV-19/England/CAMB-1AB0F7/2020,109,169
hCoV-19/England/CAMB-1AADC4/2020,109,169
hCoV-19/England/CAMB-1AADB5/2020,109,169
hCoV-19/England/CAMB-1AAD4C/2020,109,169
hCoV-19/England/CAMB-1AAD3D/2020,109,169
hCoV-19/England/CAMB-1AACD6/2020,109,169
hCoV-19/England/CAMB-1AAC5E/2020,109,169
hCoV-19/England/CAMB-1AAC30/2020,109,169
hCoV-19/England/CAMB-1AAC12/2020,109,169
hCoV-19/England/CAMB-1AAA81/2020,109,169
hCoV-19/England/CAMB-1AAA27/2020,109,169
hCoV-19/England/BRIS-12E108/2020,109,184
hCoV-19/England/BRIS-12DF87/2020,109,184
hCoV-19/England/BRIS-12DF3C/2020,109,184
hCoV-19/England/BRIS-12CC18/2020,109,184
hCoV-19/England/BRIS-129510/2020,109,155
hCoV-19/England/BRIS-12946E/2020,109,155
hCoV-19/England/BRIS-129431/2020,109,155
hCoV-19/England/BRIS-1293F8/2020,109,155
hCoV-19/England/BRIS-129334/2020,109,155
hCoV-19/England/BRIS-129325/2020,109,155
hCoV-19/England/BRIS-129316/2020,109,155
hCoV-19/England/BRIS-129307/2020,109,155
hCoV-19/England/BRIS-1292EC/2020,109,155
hCoV-19/England/BRIS-1292DD/2020,109,155
hCoV-19/England/BRIS-1292A0/2020,109,155
hCoV-19/England/BRIS-129237/2020,109,155
hCoV-19/England/BRIS-12920A/2020,109,155
hCoV-19/England/BRIS-1291FE/2020,109,155
hCoV-19/England/BRIS-1291EF/2020,109,155
hCoV-19/England/BRIS-1291B2/2020,109,155
hCoV-19/England/BRIS-1291A3/2020,109,155
hCoV-19/England/BRIS-129176/2020,109,155
hCoV-19/England/BRIS-129167/2020,109,155
hCoV-19/England/BRIS-12913A/2020,109,155
hCoV-19/England/BRIS-12911C/2020,109,155
hCoV-19/England/BRIS-1290C4/2020,109,155
hCoV-19/England/BRIS-1290B5/2020,109,155
hCoV-19/England/BRIS-12904C/2020,109,155
hCoV-19/England/BRIS-12903D/2020,109,155
hCoV-19/England/BRIS-128FE6/2020,109,155
hCoV-19/England/BRIS-128EBC/2020,109,155
hCoV-19/England/20172003004/2020,109,162
hCoV-19/England/20172002504/2020,109,162
hCoV-19/England/20172000704/2020,109,162
hCoV-19/England/20172000204/2020,109,162
hCoV-19/England/20170047404/2020,109,162
hCoV-19/England/20170003504/2020,109,162
hCoV-19/England/20170003404/2020,109,162
hCoV-19/England/20170002404/2020,109,162
hCoV-19/England/20170000404/2020,109,162
hCoV-19/England/20170000304/2020,109,162
hCoV-19/England/20169043104/2020,109,162
hCoV-19/England/20169036204/2020,109,162
hCoV-19/Wales/PHWC-34CC3/2020,110,174
hCoV-19/Wales/PHWC-348A1/2020,110,136
hCoV-19/Wales/PHWC-3474A/2020,110,136
hCoV-19/Wales/PHWC-346B6/2020,110,136
hCoV-19/Wales/PHWC-34698/2020,110,136
hCoV-19/Wales/PHWC-340A9/2020,110,136
hCoV-19/Wales/PHWC-33B9A/2020,110,136
hCoV-19/Wales/PHWC-339BE/2020,110,136
hCoV-19/Wales/PHWC-33963/2020,110,136
hCoV-19/Wales/PHWC-33866/2020,110,136
hCoV-19/Wales/PHWC-168DE0/2020,110,202
hCoV-19/Wales/PHWC-168B8C/2020,110,202
hCoV-19/Wales/PHWC-1689A0/2020,110,202
hCoV-19/Wales/PHWC-168964/2020,110,202
hCoV-19/Wales/PHWC-168946/2020,110,202
hCoV-19/Wales/PHWC-168788/2020,110,202
hCoV-19/Wales/PHWC-1686D6/2020,110,202
hCoV-19/Wales/PHWC-168375/2020,110,202
hCoV-19/Wales/PHWC-16831B/2020,110,202
hCoV-19/Wales/PHWC-1682E1/2020,110,202
hCoV-19/Wales/PHWC-1681F3/2020,110,202
hCoV-19/Wales/PHWC-167EEE/2020,110,202
hCoV-19/Wales/PHWC-167DA5/2020,110,202
hCoV-19/Wales/PHWC-1652B7/2020,110,181
hCoV-19/Wales/PHWC-15CEEC/2020,110,174
hCoV-19/Wales/PHWC-15CE37/2020,110,174
hCoV-19/Wales/PHWC-15C101/2020,110,174
hCoV-19/Scotland/EDB6431/2020,110,195
hCoV-19/Scotland/EDB6430/2020,110,195
hCoV-19/Scotland/EDB6426/2020,110,195
hCoV-19/Scotland/EDB5512/2020,110,195
hCoV-19/Scotland/EDB5511/2020,110,195
hCoV-19/Scotland/EDB4279/2020,110,139
hCoV-19/Scotland/EDB4276/2020,110,195
hCoV-19/Scotland/EDB4275/2020,110,195
hCoV-19/Scotland/EDB4271/2020,110,139
hCoV-19/Scotland/EDB4201/2020,110,153
hCoV-19/Scotland/EDB4196/2020,110,153
hCoV-19/Scotland/EDB4189/2020,110,139
hCoV-19/Scotland/EDB4181/2020,110,147
hCoV-19/Scotland/EDB4175/2020,110,139
hCoV-19/Scotland/EDB4174/2020,110,153
hCoV-19/Scotland/EDB4172/2020,110,139
hCoV-19/Scotland/EDB4169/2020,110,153
hCoV-19/Scotland/EDB4168/2020,110,153
hCoV-19/Scotland/EDB2270/2020,110,198
hCoV-19/Scotland/EDB2176/2020,110,132
hCoV-19/Scotland/EDB2168/2020,110,132
hCoV-19/Scotland/EDB2167/2020,110,198
hCoV-19/Scotland/EDB2141/2020,110,132
hCoV-19/Scotland/EDB2139/2020,110,198
hCoV-19/Scotland/EDB2138/2020,110,198
hCoV-19/Scotland/EDB2137/2020,110,132
hCoV-19/Scotland/EDB2136/2020,110,132
hCoV-19/Scotland/EDB2133/2020,110,198
hCoV-19/Scotland/EDB2132/2020,110,132
hCoV-19/Scotland/EDB2130/2020,110,132
hCoV-19/Scotland/EDB2128/2020,110,132
hCoV-19/Scotland/EDB2124/2020,110,198
hCoV-19/Scotland/EDB2122/2020,110,198
hCoV-19/Scotland/EDB2120/2020,110,198
hCoV-19/Scotland/EDB2116/2020,110,198
hCoV-19/Scotland/EDB2114/2020,110,132
hCoV-19/Scotland/EDB2108/2020,110,132
hCoV-19/Scotland/EDB2106/2020,110,132
hCoV-19/Scotland/EDB2105/2020,110,132
hCoV-19/Scotland/EDB2104/2020,110,132
hCoV-19/Scotland/CVR3146/2020,110,139
hCoV-19/Scotland/CVR2967/2020,110,147
hCoV-19/Scotland/CVR2855/2020,110,174
hCoV-19/Scotland/CVR2819/2020,110,132
hCoV-19/Scotland/CVR2807/2020,110,174
hCoV-19/Scotland/CVR2804/2020,110,174
hCoV-19/Scotland/CVR2798/2020,110,147
hCoV-19/Scotland/CVR2795/2020,110,147
hCoV-19/Scotland/CVR2794/2020,110,147
hCoV-19/Scotland/CVR2790/2020,110,174
hCoV-19/Scotland/CVR2788/2020,110,174
hCoV-19/Scotland/CVR2787/2020,110,174
hCoV-19/Scotland/CVR2785/2020,110,174
hCoV-19/Scotland/CVR2782/2020,110,174
hCoV-19/Scotland/CVR2781/2020,110,174
hCoV-19/Scotland/CVR2779/2020,110,174
hCoV-19/Scotland/CVR2778/2020,110,174
hCoV-19/Scotland/CVR2777/2020,110,181
hCoV-19/Scotland/CVR2775/2020,110,181
hCoV-19/Scotland/CVR2774/2020,110,174
hCoV-19/Scotland/CVR2772/2020,110,174
hCoV-19/Scotland/CVR2771/2020,110,139
hCoV-19/Scotland/CVR2770/2020,110,132
hCoV-19/Scotland/CVR2769/2020,110,174
hCoV-19/Scotland/CVR2768/2020,110,139
hCoV-19/Scotland/CVR2766/2020,110,174
hCoV-19/Scotland/CVR2764/2020,110,132
hCoV-19/Scotland/CVR2763/2020,110,181
hCoV-19/Scotland/CVR2762/2020,110,174
hCoV-19/Scotland/CVR2761/2020,110,174
hCoV-19/Scotland/CVR2760/2020,110,174
hCoV-19/Scotland/CVR2759/2020,110,181
hCoV-19/Scotland/CVR2758/2020,110,181
hCoV-19/Scotland/CVR2757/2020,110,132
hCoV-19/Scotland/CVR2756/2020,110,181
hCoV-19/England/WSFT-25C16A4/2020,110,203
hCoV-19/England/WSFT-25C1686/2020,110,203
hCoV-19/England/WSFT-25C161D/2020,110,212
hCoV-19/England/WSFT-25C15F2/2020,110,212
hCoV-19/England/TFCI-2707F5A/2020,110,460
hCoV-19/England/TFCI-2707E5D/2020,110,460
hCoV-19/England/TFCI-2704A98/2020,110,404
hCoV-19/England/TFCI-27047CE/2020,110,404
hCoV-19/England/TFCI-26FA2AD/2020,110,379
hCoV-19/England/TFCI-26FA29E/2020,110,379
hCoV-19/England/TFCI-26FA28F/2020,110,379
hCoV-19/England/TFCI-26FA270/2020,110,379
hCoV-19/England/SHEF-D2DA6/2020,110,147
hCoV-19/England/SHEF-D2CE5/2020,110,147
hCoV-19/England/SHEF-D141B/2020,110,202
hCoV-19/England/SHEF-D0582/2020,110,196
hCoV-19/England/SHEF-CE2F9/2020,110,196
hCoV-19/England/SHEF-CA05D/2020,110,147
hCoV-19/England/SHEF-C92D0/2020,110,157
hCoV-19/England/SHEF-C7ACB/2020,110,196
hCoV-19/England/SHEF-C51B9/2020,110,147
hCoV-19/England/SHEF-C4C7D/2020,110,147
hCoV-19/England/SHEF-C43D2/2020,110,147
hCoV-19/England/SHEF-C33C4/2020,110,147
hCoV-19/England/SHEF-C1D04/2020,110,196
hCoV-19/England/SHEF-C1C16/2020,110,147
hCoV-19/England/SHEF-C0A95/2020,110,147
hCoV-19/England/SHEF-10B22B9/2020,110,169
hCoV-19/England/PORT-2D15E9/2020,110,189
hCoV-19/England/PORT-2D15DA/2020,110,189
hCoV-19/England/PORT-2D15AD/2020,110,189
hCoV-19/England/PORT-2D158F/2020,110,189
hCoV-19/England/PORT-2D0EFE/2020,110,174
hCoV-19/England/OXON-B2F5B/2020,110,257
hCoV-19/England/OXON-B2726/2020,110,181
hCoV-19/England/OXON-B1147/2020,110,181
hCoV-19/England/OXON-B07DD/2020,110,181
hCoV-19/England/OXON-B07BF/2020,110,181
hCoV-19/England/OXON-B0755/2020,110,181
hCoV-19/England/OXON-B06FE/2020,110,181
hCoV-19/England/OXON-B0694/2020,110,181
hCoV-19/England/OXON-B0658/2020,110,181
hCoV-19/England/OXON-B063A/2020,110,181
hCoV-19/England/OXON-B0597/2020,110,181
hCoV-19/England/OXON-B0579/2020,110,181
hCoV-19/England/OXON-B055B/2020,110,181
hCoV-19/England/OXON-B053D/2020,110,181
hCoV-19/England/OXON-B049A/2020,110,181
hCoV-19/England/OXON-B0430/2020,110,181
hCoV-19/England/OXON-B0412/2020,110,181
hCoV-19/England/OXON-B03BB/2020,110,181
hCoV-19/England/OXON-B0351/2020,110,181
hCoV-19/England/NOTT-112969/2020,110,202
hCoV-19/England/NOTT-11293C/2020,110,202
hCoV-19/England/NOTT-110F3C/2020,110,139
hCoV-19/England/NORW-E73BB/2020,110,139
hCoV-19/England/NORW-E738E/2020,110,139
hCoV-19/England/NORW-E7360/2020,110,139
hCoV-19/England/NORW-E7333/2020,110,139
hCoV-19/England/NORW-E72CD/2020,110,139
hCoV-19/England/NORW-E71B1/2020,110,139
hCoV-19/England/NORW-E7193/2020,110,139
hCoV-19/England/NORW-E7148/2020,110,139
hCoV-19/England/NORT-298AD0/2020,110,202
hCoV-19/England/LOND-D6443/2020,110,195
hCoV-19/England/LOND-D6434/2020,110,195
hCoV-19/England/LOND-D6425/2020,110,195
hCoV-19/England/LOND-D6407/2020,110,195
hCoV-19/England/LOND-D63EC/2020,110,195
hCoV-19/England/LOND-D63CE/2020,110,195
hCoV-19/England/LOND-D62B2/2020,110,184
hCoV-19/England/LOND-D62A3/2020,110,184
hCoV-19/England/LOND-D6276/2020,110,184
hCoV-19/England/LOND-D6258/2020,110,184
hCoV-19/England/LOND-D621C/2020,110,184
hCoV-19/England/LOND-D61F1/2020,110,184
hCoV-19/England/LOND-D6197/2020,110,184
hCoV-19/England/LOND-D6188/2020,110,184
hCoV-19/England/LOND-D6179/2020,110,184
hCoV-19/England/LOND-D616A/2020,110,184
hCoV-19/England/LOND-D615B/2020,110,184
hCoV-19/England/LOND-D614C/2020,110,184
hCoV-19/England/LOND-D612E/2020,110,184
hCoV-19/England/LOND-D611F/2020,110,184
hCoV-19/England/LOND-D6100/2020,110,184
hCoV-19/England/LOND-D606D/2020,110,133
hCoV-19/England/LOND-D6012/2020,110,133
hCoV-19/England/LOND-D5FF8/2020,110,133
hCoV-19/England/LOND-D5FE9/2020,110,147
hCoV-19/England/LOND-D5FDA/2020,110,133
hCoV-19/England/LOND-1286FB5/2020,110,383
hCoV-19/England/LOND-1286B93/2020,110,383
hCoV-19/England/LOND-1286A69/2020,110,383
hCoV-19/England/LOND-125039A/2020,110,334
hCoV-19/England/LOND-124F2DD/2020,110,334
hCoV-19/England/LIVE-9BE3D/2020,110,132
hCoV-19/England/LIVE-9BDA9/2020,110,132
hCoV-19/England/LIVE-9BCF7/2020,110,132
hCoV-19/England/LIVE-9B8B7/2020,110,132
hCoV-19/England/LIVE-9B662/2020,110,132
hCoV-19/England/LIVE-99E7B/2020,110,292
hCoV-19/England/LIVE-99E6C/2020,110,292
hCoV-19/England/LIVE-99E20/2020,110,292
hCoV-19/England/LIVE-99DE7/2020,110,132
hCoV-19/England/EXET-13710C/2020,110,174
hCoV-19/England/EXET-137069/2020,110,174
hCoV-19/England/EXET-136FF4/2020,110,174
hCoV-19/England/EXET-136FE5/2020,110,174
hCoV-19/England/EXET-136F6D/2020,110,174
hCoV-19/England/EXET-136EE8/2020,110,174
hCoV-19/England/EXET-136DEB/2020,110,174
hCoV-19/England/EXET-136D81/2020,110,174
hCoV-19/England/EXET-136D45/2020,110,174
hCoV-19/England/EXET-136D09/2020,110,174
hCoV-19/England/EXET-136CFD/2020,110,174
hCoV-19/England/EXET-136CB1/2020,110,174
hCoV-19/England/EXET-136BF0/2020,110,153
hCoV-19/England/CAMB-821A9/2020,110,132
hCoV-19/England/CAMB-8218B/2020,110,132
hCoV-19/England/CAMB-8216D/2020,110,132
hCoV-19/England/CAMB-82006/2020,110,132
hCoV-19/England/CAMB-81FCE/2020,110,132
hCoV-19/England/CAMB-81FA0/2020,110,132
hCoV-19/England/CAMB-811E6/2020,110,132
hCoV-19/England/CAMB-811B9/2020,110,132
hCoV-19/England/CAMB-811AA/2020,110,132
hCoV-19/England/CAMB-8119B/2020,110,132
hCoV-19/England/CAMB-8118C/2020,110,132
hCoV-19/England/CAMB-8117D/2020,110,132
hCoV-19/England/CAMB-81104/2020,110,132
hCoV-19/England/CAMB-810CB/2020,110,132
hCoV-19/England/CAMB-810AD/2020,110,132
hCoV-19/England/CAMB-8109E/2020,110,132
hCoV-19/England/CAMB-81070/2020,110,132
hCoV-19/England/CAMB-81043/2020,110,132
hCoV-19/England/CAMB-81034/2020,110,132
hCoV-19/England/CAMB-81025/2020,110,132
hCoV-19/England/CAMB-80FFC/2020,110,132
hCoV-19/England/CAMB-80AFB/2020,110,133
hCoV-19/England/CAMB-7FE02/2020,110,133
hCoV-19/England/CAMB-7FDE7/2020,110,133
hCoV-19/England/CAMB-7FDD8/2020,110,133
hCoV-19/England/CAMB-7FDC9/2020,110,133
hCoV-19/England/CAMB-7FDAB/2020,110,133
hCoV-19/England/CAMB-7FD32/2020,110,133
hCoV-19/England/CAMB-79943/2020,110,133
hCoV-19/England/CAMB-1ABD5A/2020,110,169
hCoV-19/England/CAMB-1ABCC6/2020,110,169
hCoV-19/England/CAMB-1ABCB7/2020,110,169
hCoV-19/England/CAMB-1ABCA8/2020,110,169
hCoV-19/England/CAMB-1ABC8A/2020,110,169
hCoV-19/England/CAMB-1ABC5D/2020,110,169
hCoV-19/England/CAMB-1ABC3F/2020,110,169
hCoV-19/England/CAMB-1ABC11/2020,110,169
hCoV-19/England/CAMB-1ABC02/2020,110,169
hCoV-19/England/CAMB-1ABBF6/2020,110,169
hCoV-19/England/CAMB-1ABBE7/2020,110,169
hCoV-19/England/CAMB-1ABBD8/2020,110,169
hCoV-19/England/CAMB-1ABBBA/2020,110,169
hCoV-19/England/CAMB-1ABB9C/2020,110,169
hCoV-19/England/CAMB-1ABB7E/2020,110,169
hCoV-19/England/CAMB-1ABACC/2020,110,169
hCoV-19/England/CAMB-1ABAAE/2020,110,169
hCoV-19/England/CAMB-1ABA80/2020,110,169
hCoV-19/England/CAMB-1ABA71/2020,110,169
hCoV-19/England/CAMB-1ABA62/2020,110,169
hCoV-19/England/CAMB-1ABA44/2020,110,169
hCoV-19/England/CAMB-1ABA08/2020,110,169
hCoV-19/England/CAMB-1AB9DE/2020,110,169
hCoV-19/England/CAMB-1AB992/2020,110,169
hCoV-19/England/CAMB-1AB938/2020,110,169
hCoV-19/England/CAMB-1AB91A/2020,110,169
hCoV-19/England/CAMB-1AB8D1/2020,110,169
hCoV-19/England/CAMB-1AB859/2020,110,169
hCoV-19/England/CAMB-1AB83B/2020,110,169
hCoV-19/England/CAMB-1AB4DD/2020,110,169
hCoV-19/England/CAMB-1AB4BF/2020,110,169
hCoV-19/England/CAMB-1AB3FE/2020,110,169
hCoV-19/England/CAMB-1AB3C1/2020,110,169
hCoV-19/England/CAMB-1AB385/2020,110,169
hCoV-19/England/CAMB-1AB33A/2020,110,169
hCoV-19/England/CAMB-1AB2B5/2020,110,169
hCoV-19/England/CAMB-1AB297/2020,110,169
hCoV-19/England/CAMB-1AB26A/2020,110,169
hCoV-19/England/CAMB-1AB25B/2020,110,169
hCoV-19/England/CAMB-1AB23D/2020,110,169
hCoV-19/England/CAMB-1AB1F4/2020,110,169
hCoV-19/England/CAMB-1AAE67/2020,110,133
hCoV-19/England/BRIS-1331E2/2020,110,203
hCoV-19/England/BRIS-12ED7D/2020,110,195
hCoV-19/England/BRIS-12ED6E/2020,110,195
hCoV-19/England/BRIS-12EA94/2020,110,195
hCoV-19/England/BRIS-12E715/2020,110,195
hCoV-19/England/BRIS-12E6EB/2020,110,195
hCoV-19/England/BRIS-12E681/2020,110,195
hCoV-19/England/BRIS-12E672/2020,110,195
hCoV-19/England/BRIS-12E663/2020,110,195
hCoV-19/England/BRIS-12E636/2020,110,195
hCoV-19/England/BRIS-12E627/2020,110,195
hCoV-19/England/BRIS-12E618/2020,110,195
hCoV-19/England/BRIS-12E5DF/2020,110,195
hCoV-19/England/BRIS-12E593/2020,110,195
hCoV-19/England/BRIS-12E584/2020,110,195
hCoV-19/England/BRIS-12E575/2020,110,195
hCoV-19/England/BRIS-12E557/2020,110,195
hCoV-19/England/BRIS-12E548/2020,110,195
hCoV-19/England/BRIS-12E4B4/2020,110,195
hCoV-19/England/BRIS-12E2E7/2020,110,184
hCoV-19/England/BRIS-12E162/2020,110,184
hCoV-19/England/BRIS-12E0A1/2020,110,184
hCoV-19/England/BRIS-12E092/2020,110,184
hCoV-19/England/BRIS-12DFD2/2020,110,184
hCoV-19/England/BRIS-12DF78/2020,110,184
hCoV-19/England/BRIS-12964A/2020,110,155
hCoV-19/England/BRIS-12963B/2020,110,155
hCoV-19/England/BRIS-12962C/2020,110,155
hCoV-19/England/BRIS-12961D/2020,110,155
hCoV-19/England/BRIS-12960E/2020,110,155
hCoV-19/England/BRIS-1295F2/2020,110,155
hCoV-19/England/BRIS-1295A7/2020,110,155
hCoV-19/England/BRIS-129589/2020,110,155
hCoV-19/England/BRIS-1294E6/2020,110,155
hCoV-19/England/BRIS-1294AA/2020,110,155
hCoV-19/England/BRIS-129422/2020,110,155
hCoV-19/England/BRIS-1293E9/2020,110,155
hCoV-19/England/20180011204/2020,110,162
hCoV-19/England/20174050404/2020,110,162
hCoV-19/England/20174049604/2020,110,162
hCoV-19/England/20172055404/2020,110,162
hCoV-19/England/20172055104/2020,110,250
hCoV-19/England/20172055004/2020,110,162
hCoV-19/England/20172043604/2020,110,162
hCoV-19/England/20172039304/2020,110,162
hCoV-19/England/20172009004/2020,110,162
hCoV-19/England/20172002204/2020,110,162
hCoV-19/England/20172002104/2020,110,162
hCoV-19/England/20172001004/2020,110,162
hCoV-19/England/20172000604/2020,110,162
hCoV-19/England/20172000504/2020,110,162
hCoV-19/England/20170049804/2020,110,162
hCoV-19/England/20170048904/2020,110,162
hCoV-19/England/20170048604/2020,110,162
hCoV-19/England/20170048204/2020,110,162
hCoV-19/England/20170047704/2020,110,162
hCoV-19/England/20170035404/2020,110,162
hCoV-19/England/20170000904/2020,110,162
hCoV-19/England/20170000704/2020,110,162
hCoV-19/Wales/PHWC-34610/2020,111,136
hCoV-19/Wales/PHWC-33FBC/2020,111,136
hCoV-19/Wales/PHWC-33B8B/2020,111,136
hCoV-19/Wales/PHWC-33B7C/2020,111,136
hCoV-19/Wales/PHWC-338C0/2020,111,136
hCoV-19/Wales/PHWC-16525D/2020,111,181
hCoV-19/Wales/PHWC-160CBE/2020,111,174
hCoV-19/Wales/PHWC-15CD94/2020,111,174
hCoV-19/Wales/PHWC-15CB8B/2020,111,174
hCoV-19/Wales/PHWC-15C453/2020,111,174
hCoV-19/Wales/PHWC-15C286/2020,111,174
hCoV-19/Wales/PHWC-15C268/2020,111,174
hCoV-19/Scotland/EDB6444/2020,111,198
hCoV-19/Scotland/EDB6435/2020,111,195
hCoV-19/Scotland/EDB6433/2020,111,195
hCoV-19/Scotland/EDB5529/2020,111,195
hCoV-19/Scotland/EDB5528/2020,111,195
hCoV-19/Scotland/EDB5525/2020,111,195
hCoV-19/Scotland/EDB5516/2020,111,195
hCoV-19/Scotland/EDB5514/2020,111,195
hCoV-19/Scotland/EDB5112/2020,111,147
hCoV-19/Scotland/EDB4263/2020,111,195
hCoV-19/Scotland/EDB4254/2020,111,139
hCoV-19/Scotland/EDB4247/2020,111,244
hCoV-19/Scotland/EDB4244/2020,111,195
hCoV-19/Scotland/EDB4236/2020,111,147
hCoV-19/Scotland/EDB4235/2020,111,147
hCoV-19/Scotland/EDB4234/2020,111,147
hCoV-19/Scotland/EDB4233/2020,111,147
hCoV-19/Scotland/EDB4232/2020,111,195
hCoV-19/Scotland/EDB4226/2020,111,153
hCoV-19/Scotland/EDB4223/2020,111,139
hCoV-19/Scotland/EDB4222/2020,111,195
hCoV-19/Scotland/EDB4216/2020,111,139
hCoV-19/Scotland/EDB4208/2020,111,195
hCoV-19/Scotland/EDB4204/2020,111,139
hCoV-19/Scotland/EDB4202/2020,111,139
hCoV-19/Scotland/EDB2337/2020,111,132
hCoV-19/Scotland/EDB2335/2020,111,132
hCoV-19/Scotland/EDB2317/2020,111,132
hCoV-19/Scotland/EDB2290/2020,111,132
hCoV-19/Scotland/EDB2288/2020,111,198
hCoV-19/Scotland/EDB2287/2020,111,132
hCoV-19/Scotland/EDB2286/2020,111,198
hCoV-19/Scotland/EDB2285/2020,111,198
hCoV-19/Scotland/EDB2281/2020,111,198
hCoV-19/Scotland/EDB2280/2020,111,198
hCoV-19/Scotland/EDB2278/2020,111,198
hCoV-19/Scotland/EDB2275/2020,111,198
hCoV-19/Scotland/EDB2274/2020,111,198
hCoV-19/Scotland/EDB2272/2020,111,198
hCoV-19/Scotland/EDB2268/2020,111,132
hCoV-19/Scotland/EDB2267/2020,111,198
hCoV-19/Scotland/EDB2263/2020,111,132
hCoV-19/Scotland/EDB2262/2020,111,198
hCoV-19/Scotland/EDB2255/2020,111,198
hCoV-19/Scotland/EDB2254/2020,111,198
hCoV-19/Scotland/EDB2250/2020,111,198
hCoV-19/Scotland/EDB2248/2020,111,198
hCoV-19/Scotland/EDB2245/2020,111,174
hCoV-19/Scotland/EDB2244/2020,111,132
hCoV-19/Scotland/EDB2243/2020,111,132
hCoV-19/Scotland/EDB2242/2020,111,132
hCoV-19/Scotland/EDB2234/2020,111,132
hCoV-19/Scotland/EDB2145/2020,111,198
hCoV-19/Scotland/EDB2144/2020,111,132
hCoV-19/Scotland/EDB2143/2020,111,198
hCoV-19/Scotland/CVR3156/2020,111,139
hCoV-19/Scotland/CVR3153/2020,111,139
hCoV-19/Scotland/CVR2969/2020,111,147
hCoV-19/Scotland/CVR2929/2020,111,157
hCoV-19/Scotland/CVR2925/2020,111,157
hCoV-19/Scotland/CVR2920/2020,111,157
hCoV-19/Scotland/CVR2899/2020,111,174
hCoV-19/Scotland/CVR2896/2020,111,174
hCoV-19/Scotland/CVR2893/2020,111,139
hCoV-19/Scotland/CVR2892/2020,111,147
hCoV-19/Scotland/CVR2891/2020,111,202
hCoV-19/Scotland/CVR2890/2020,111,147
hCoV-19/Scotland/CVR2889/2020,111,147
hCoV-19/Scotland/CVR2888/2020,111,139
hCoV-19/Scotland/CVR2886/2020,111,174
hCoV-19/Scotland/CVR2885/2020,111,174
hCoV-19/Scotland/CVR2884/2020,111,174
hCoV-19/Scotland/CVR2882/2020,111,147
hCoV-19/Scotland/CVR2879/2020,111,174
hCoV-19/Scotland/CVR2878/2020,111,174
hCoV-19/Scotland/CVR2877/2020,111,139
hCoV-19/Scotland/CVR2876/2020,111,174
hCoV-19/Scotland/CVR2875/2020,111,174
hCoV-19/Scotland/CVR2870/2020,111,202
hCoV-19/Scotland/CVR2867/2020,111,174
hCoV-19/Scotland/CVR2863/2020,111,174
hCoV-19/Scotland/CVR2862/2020,111,174
hCoV-19/Scotland/CVR2861/2020,111,174
hCoV-19/Scotland/CVR2860/2020,111,139
hCoV-19/Scotland/CVR2858/2020,111,174
hCoV-19/Scotland/CVR2857/2020,111,174
hCoV-19/Scotland/CVR2856/2020,111,174
hCoV-19/Scotland/CVR2853/2020,111,139
hCoV-19/Scotland/CVR2852/2020,111,139
hCoV-19/Scotland/CVR2851/2020,111,174
hCoV-19/Scotland/CVR2850/2020,111,174
hCoV-19/Scotland/CVR2849/2020,111,174
hCoV-19/Scotland/CVR2848/2020,111,174
hCoV-19/Scotland/CVR2847/2020,111,174
hCoV-19/Scotland/CVR2844/2020,111,174
hCoV-19/Scotland/CVR2842/2020,111,139
hCoV-19/Scotland/CVR2840/2020,111,139
hCoV-19/Scotland/CVR2829/2020,111,181
hCoV-19/Scotland/CVR2828/2020,111,174
hCoV-19/Scotland/CVR2827/2020,111,174
hCoV-19/Scotland/CVR2826/2020,111,174
hCoV-19/Scotland/CVR2825/2020,111,174
hCoV-19/Scotland/CVR2824/2020,111,174
hCoV-19/Scotland/CVR2823/2020,111,174
hCoV-19/Scotland/CVR2822/2020,111,174
hCoV-19/Scotland/CVR2821/2020,111,174
hCoV-19/Scotland/CVR2820/2020,111,174
hCoV-19/Scotland/CVR2818/2020,111,174
hCoV-19/Scotland/CVR2817/2020,111,139
hCoV-19/Scotland/CVR2816/2020,111,174
hCoV-19/Scotland/CVR2815/2020,111,174
hCoV-19/Scotland/CVR2814/2020,111,132
hCoV-19/Scotland/CVR2813/2020,111,174
hCoV-19/Scotland/CVR2812/2020,111,132
hCoV-19/Scotland/CVR2811/2020,111,174
hCoV-19/Scotland/CVR2810/2020,111,132
hCoV-19/Scotland/CVR2809/2020,111,174
hCoV-19/Scotland/CVR2808/2020,111,174
hCoV-19/Scotland/CVR2806/2020,111,174
hCoV-19/Scotland/CVR2805/2020,111,132
hCoV-19/Scotland/CVR2803/2020,111,132
hCoV-19/Scotland/CVR2802/2020,111,132
hCoV-19/Scotland/CVR2792/2020,111,174
hCoV-19/England/WSFT-25C1659/2020,111,203
hCoV-19/England/TFCI-2707E6C/2020,111,460
hCoV-19/England/TFCI-2704773/2020,111,404
hCoV-19/England/TFCI-2704764/2020,111,404
hCoV-19/England/TFCI-27046C1/2020,111,404
hCoV-19/England/TFCI-26FA2CB/2020,111,379
hCoV-19/England/TFCI-26FA2BC/2020,111,379
hCoV-19/England/SHEF-D2F82/2020,111,147
hCoV-19/England/SHEF-D2E2B/2020,111,147
hCoV-19/England/SHEF-D2AFA/2020,111,147
hCoV-19/England/SHEF-D1369/2020,111,147
hCoV-19/England/SHEF-D01CA/2020,111,147
hCoV-19/England/SHEF-CF8BA/2020,111,147
hCoV-19/England/SHEF-CF6ED/2020,111,147
hCoV-19/England/SHEF-CDD17/2020,111,147
hCoV-19/England/SHEF-CD807/2020,111,147
hCoV-19/England/SHEF-CCE7F/2020,111,147
hCoV-19/England/SHEF-CB502/2020,111,147
hCoV-19/England/SHEF-CB292/2020,111,147
hCoV-19/England/SHEF-CA4BB/2020,111,147
hCoV-19/England/SHEF-C88A2/2020,111,147
hCoV-19/England/SHEF-C724B/2020,111,147
hCoV-19/England/SHEF-C5C4F/2020,111,147
hCoV-19/England/SHEF-C47B8/2020,111,147
hCoV-19/England/SHEF-C3FA2/2020,111,147
hCoV-19/England/SHEF-C2D6D/2020,111,147
hCoV-19/England/PORT-2D3D3A/2020,111,209
hCoV-19/England/PORT-2D3D2B/2020,111,209
hCoV-19/England/PORT-2D3D1C/2020,111,209
hCoV-19/England/PORT-2D3CF1/2020,111,209
hCoV-19/England/PORT-2D3C79/2020,111,209
hCoV-19/England/PORT-2D3C3D/2020,111,209
hCoV-19/England/PORT-2D3C2E/2020,111,209
hCoV-19/England/PORT-2D1200/2020,111,174
hCoV-19/England/PORT-2D11A9/2020,111,174
hCoV-19/England/PORT-2D117C/2020,111,174
hCoV-19/England/PORT-2D1130/2020,111,174
hCoV-19/England/OXON-B4E2F/2020,111,257
hCoV-19/England/OXON-B4250/2020,111,257
hCoV-19/England/OXON-B4083/2020,111,257
hCoV-19/England/OXON-B3D8D/2020,111,257
hCoV-19/England/OXON-B3CAE/2020,111,257
hCoV-19/England/OXON-B2F00/2020,111,257
hCoV-19/England/OXON-B242F/2020,111,181
hCoV-19/England/OXON-B236E/2020,111,181
hCoV-19/England/OXON-B21EC/2020,111,181
hCoV-19/England/OXON-B20EF/2020,111,181
hCoV-19/England/OXON-B1E22/2020,111,181
hCoV-19/England/OXON-B1402/2020,111,181
hCoV-19/England/OXON-B13E7/2020,111,181
hCoV-19/England/OXON-B1341/2020,111,181
hCoV-19/England/OXON-B099B/2020,111,181
hCoV-19/England/OXON-B095F/2020,111,181
hCoV-19/England/OXON-B0913/2020,111,181
hCoV-19/England/OXON-B08DA/2020,111,181
hCoV-19/England/OXON-B07FB/2020,111,181
hCoV-19/England/OXON-B0773/2020,111,181
hCoV-19/England/NOTT-112978/2020,111,202
hCoV-19/England/NOTT-112565/2020,111,189
hCoV-19/England/NORW-E73CA/2020,111,139
hCoV-19/England/NORW-E7315/2020,111,139
hCoV-19/England/NORW-E72AF/2020,111,139
hCoV-19/England/NORW-E7236/2020,111,147
hCoV-19/England/NORW-E7157/2020,111,147
hCoV-19/England/NORW-E704B/2020,111,147
hCoV-19/England/NORW-E6F03/2020,111,139
hCoV-19/England/NORW-E6EBB/2020,111,139
hCoV-19/England/NORW-E6E42/2020,111,139
hCoV-19/England/NORW-E6E33/2020,111,147
hCoV-19/England/NORW-E6DAF/2020,111,147
hCoV-19/England/NORT-298E01/2020,111,202
hCoV-19/England/NORT-298DAA/2020,111,202
hCoV-19/England/NORT-29789B/2020,111,195
hCoV-19/England/LOND-D658C/2020,111,195
hCoV-19/England/LOND-D6391/2020,111,195
hCoV-19/England/LOND-D6373/2020,111,184
hCoV-19/England/LOND-D6355/2020,111,184
hCoV-19/England/LOND-D6328/2020,111,184
hCoV-19/England/LOND-D62EF/2020,111,184
hCoV-19/England/LOND-D62D0/2020,111,184
hCoV-19/England/LOND-D62C1/2020,111,184
hCoV-19/England/LOND-D6285/2020,111,184
hCoV-19/England/LOND-1286AF0/2020,111,383
hCoV-19/England/LIVE-9F789/2020,111,174
hCoV-19/England/LIVE-9F77A/2020,111,174
hCoV-19/England/LIVE-9F73E/2020,111,174
hCoV-19/England/LIVE-9F701/2020,111,174
hCoV-19/England/LIVE-9F6F5/2020,111,174
hCoV-19/England/LIVE-9F6E6/2020,111,174
hCoV-19/England/LIVE-9F68C/2020,111,174
hCoV-19/England/LIVE-9BC33/2020,111,132
hCoV-19/England/LIVE-9BC06/2020,111,132
hCoV-19/England/LIVE-9BBFA/2020,111,132
hCoV-19/England/LIVE-9BA84/2020,111,132
hCoV-19/England/LIVE-9B9C3/2020,111,132
hCoV-19/England/LIVE-9B83F/2020,111,132
hCoV-19/England/LIVE-9B723/2020,111,132
hCoV-19/England/LIVE-9B644/2020,111,132
hCoV-19/England/LIVE-9B626/2020,111,132
hCoV-19/England/LEED-2A98F0/2020,111,260
hCoV-19/England/EXET-1370F0/2020,111,174
hCoV-19/England/EXET-136F5E/2020,111,174
hCoV-19/England/EXET-136EAC/2020,111,174
hCoV-19/England/EXET-136D72/2020,111,174
hCoV-19/England/EXET-136D36/2020,111,174
hCoV-19/England/EXET-136C0C/2020,111,153
hCoV-19/England/EXET-135A03/2020,111,153
hCoV-19/England/CAMB-82200/2020,111,132
hCoV-19/England/CAMB-821F4/2020,111,132
hCoV-19/England/CAMB-821E5/2020,111,132
hCoV-19/England/CAMB-821C7/2020,111,132
hCoV-19/England/CAMB-8217C/2020,111,132
hCoV-19/England/CAMB-8214F/2020,111,132
hCoV-19/England/CAMB-82130/2020,111,132
hCoV-19/England/CAMB-82121/2020,111,132
hCoV-19/England/CAMB-82103/2020,111,132
hCoV-19/England/CAMB-820CA/2020,111,132
hCoV-19/England/CAMB-820AC/2020,111,132
hCoV-19/England/CAMB-82024/2020,111,132
hCoV-19/England/CAMB-81F91/2020,111,132
hCoV-19/England/CAMB-81F82/2020,111,132
hCoV-19/England/CAMB-81F46/2020,111,132
hCoV-19/England/CAMB-81E3A/2020,111,132
hCoV-19/England/CAMB-81E1C/2020,111,132
hCoV-19/England/CAMB-8108F/2020,111,132
hCoV-19/England/CAMB-1ACC2F/2020,111,195
hCoV-19/England/CAMB-1ACA16/2020,111,195
hCoV-19/England/CAMB-1AC6F4/2020,111,195
hCoV-19/England/CAMB-1AC490/2020,111,195
hCoV-19/England/CAMB-1AC427/2020,111,195
hCoV-19/England/CAMB-1ABE48/2020,111,169
hCoV-19/England/CAMB-1ABE2A/2020,111,169
hCoV-19/England/CAMB-1ABE0C/2020,111,169
hCoV-19/England/CAMB-1ABDD2/2020,111,169
hCoV-19/England/CAMB-1ABDA5/2020,111,169
hCoV-19/England/CAMB-1ABD87/2020,111,169
hCoV-19/England/CAMB-1ABD78/2020,111,169
hCoV-19/England/CAMB-1ABD69/2020,111,169
hCoV-19/England/CAMB-1ABD3C/2020,111,169
hCoV-19/England/CAMB-1ABD2D/2020,111,169
hCoV-19/England/CAMB-1ABD1E/2020,111,169
hCoV-19/England/CAMB-1ABCF3/2020,111,169
hCoV-19/England/CAMB-1AB9ED/2020,111,169
hCoV-19/England/CAMB-1AB9CF/2020,111,169
hCoV-19/England/CAMB-1AB9B0/2020,111,169
hCoV-19/England/CAMB-1AB9A1/2020,111,169
hCoV-19/England/CAMB-1AB90B/2020,111,169
hCoV-19/England/CAMB-1AB8E0/2020,111,169
hCoV-19/England/CAMB-1AB8C2/2020,111,169
hCoV-19/England/CAMB-1AB8A4/2020,111,169
hCoV-19/England/CAMB-1AB886/2020,111,169
hCoV-19/England/CAMB-1AB7B6/2020,111,169
hCoV-19/England/CAMB-1AB798/2020,111,169
hCoV-19/England/CAMB-1AB75C/2020,111,169
hCoV-19/England/CAMB-1AB73E/2020,111,169
hCoV-19/England/CAMB-1AB6F5/2020,111,169
hCoV-19/England/CAMB-1AB6D7/2020,111,169
hCoV-19/England/CAMB-1AB6C8/2020,111,169
hCoV-19/England/CAMB-1AB6B9/2020,111,169
hCoV-19/England/CAMB-1AB6AA/2020,111,169
hCoV-19/England/CAMB-1AB69B/2020,111,169
hCoV-19/England/CAMB-1AB65F/2020,111,169
hCoV-19/England/CAMB-1AB631/2020,111,169
hCoV-19/England/CAMB-1AB5DA/2020,111,169
hCoV-19/England/CAMB-1AB570/2020,111,169
hCoV-19/England/CAMB-1AB552/2020,111,169
hCoV-19/England/CAMB-1AB482/2020,111,169
hCoV-19/England/CAMB-1AB464/2020,111,169
hCoV-19/England/BRIS-13320D/2020,111,203
hCoV-19/England/BRIS-12EFE0/2020,111,195
hCoV-19/England/BRIS-12EE3E/2020,111,195
hCoV-19/England/BRIS-12EE10/2020,111,195
hCoV-19/England/BRIS-12EDF5/2020,111,195
hCoV-19/England/BRIS-12ED9B/2020,111,195
hCoV-19/England/BRIS-12ECDA/2020,111,195
hCoV-19/England/BRIS-12EC70/2020,111,195
hCoV-19/England/BRIS-12EA67/2020,111,195
hCoV-19/England/BRIS-12E812/2020,111,195
hCoV-19/England/BRIS-12E803/2020,111,195
hCoV-19/England/BRIS-12E7BB/2020,111,195
hCoV-19/England/BRIS-12E7AC/2020,111,195
hCoV-19/England/BRIS-12E79D/2020,111,195
hCoV-19/England/BRIS-12E78E/2020,111,195
hCoV-19/England/BRIS-12E77F/2020,111,195
hCoV-19/England/BRIS-12E760/2020,111,195
hCoV-19/England/BRIS-12E751/2020,111,195
hCoV-19/England/BRIS-12E742/2020,111,195
hCoV-19/England/BRIS-12E733/2020,111,195
hCoV-19/England/BRIS-12E706/2020,111,195
hCoV-19/England/BRIS-12E6CD/2020,111,195
hCoV-19/England/BRIS-12E654/2020,111,195
hCoV-19/England/BRIS-12E645/2020,111,195
hCoV-19/England/BRIS-12E5FD/2020,111,195
hCoV-19/England/BRIS-12E5B1/2020,111,195
hCoV-19/England/BRIS-12E50C/2020,111,195
hCoV-19/England/BRIS-12E33F/2020,111,184
hCoV-19/England/BRIS-12E320/2020,111,184
hCoV-19/England/BRIS-12E311/2020,111,184
hCoV-19/England/BRIS-12E144/2020,111,184
hCoV-19/England/BRIS-12E126/2020,111,184
hCoV-19/England/BRIS-12E0CF/2020,111,184
hCoV-19/England/BRIS-127521/2020,111,169
hCoV-19/England/BRIS-127512/2020,111,169
hCoV-19/England/BRIS-1274E8/2020,111,169
hCoV-19/England/BIRM-BCNIMD/2020,111,718
hCoV-19/England/20188160304/2020,111,162
hCoV-19/England/20176041404/2020,111,162
hCoV-19/England/20176041104/2020,111,162
hCoV-19/England/20174019504/2020,111,162
hCoV-19/England/20174019404/2020,111,162
hCoV-19/England/20174009204/2020,111,162
hCoV-19/England/20174004504/2020,111,162
hCoV-19/England/20174004304/2020,111,162
hCoV-19/England/20174004204/2020,111,162
hCoV-19/England/20174003904/2020,111,162
hCoV-19/England/20174003604/2020,111,162
hCoV-19/England/20172060104/2020,111,162
hCoV-19/England/20172059204/2020,111,162
hCoV-19/England/201720577/2020,111,245
hCoV-19/England/201720576/2020,111,245
hCoV-19/England/20172054604/2020,111,162
hCoV-19/England/20172046004/2020,111,162
hCoV-19/Wales/PHWC-168445/2020,112,202
hCoV-19/Wales/PHWC-16426D/2020,112,174
hCoV-19/Wales/PHWC-16418E/2020,112,174
hCoV-19/Wales/PHWC-164090/2020,112,174
hCoV-19/Wales/PHWC-1635A1/2020,112,174
hCoV-19/Wales/PHWC-1606ED/2020,112,174
hCoV-19/Scotland/EDB6448/2020,112,198
hCoV-19/Scotland/EDB6447/2020,112,198
hCoV-19/Scotland/EDB6445/2020,112,198
hCoV-19/Scotland/EDB5522/2020,112,195
hCoV-19/Scotland/EDB5519/2020,112,195
hCoV-19/Scotland/EDB4267/2020,112,195
hCoV-19/Scotland/EDB4252/2020,112,195
hCoV-19/Scotland/EDB4251/2020,112,195
hCoV-19/Scotland/EDB2659/2020,112,132
hCoV-19/Scotland/EDB2463/2020,112,132
hCoV-19/Scotland/EDB2457/2020,112,198
hCoV-19/Scotland/EDB2445/2020,112,132
hCoV-19/Scotland/EDB2419/2020,112,132
hCoV-19/Scotland/EDB2416/2020,112,132
hCoV-19/Scotland/EDB2412/2020,112,132
hCoV-19/Scotland/EDB2409/2020,112,132
hCoV-19/Scotland/EDB2405/2020,112,132
hCoV-19/Scotland/EDB2403/2020,112,132
hCoV-19/Scotland/EDB2399/2020,112,195
hCoV-19/Scotland/EDB2398/2020,112,132
hCoV-19/Scotland/EDB2389/2020,112,132
hCoV-19/Scotland/EDB2385/2020,112,132
hCoV-19/Scotland/EDB2382/2020,112,132
hCoV-19/Scotland/EDB2377/2020,112,132
hCoV-19/Scotland/EDB2373/2020,112,132
hCoV-19/Scotland/EDB2372/2020,112,132
hCoV-19/Scotland/EDB2370/2020,112,198
hCoV-19/Scotland/EDB2362/2020,112,132
hCoV-19/Scotland/EDB2361/2020,112,132
hCoV-19/Scotland/EDB2360/2020,112,198
hCoV-19/Scotland/EDB2359/2020,112,132
hCoV-19/Scotland/EDB2358/2020,112,132
hCoV-19/Scotland/EDB2357/2020,112,132
hCoV-19/Scotland/EDB2354/2020,112,198
hCoV-19/Scotland/EDB2353/2020,112,198
hCoV-19/Scotland/EDB2350/2020,112,198
hCoV-19/Scotland/EDB2341/2020,112,132
hCoV-19/Scotland/EDB2339/2020,112,132
hCoV-19/Scotland/CVR3167/2020,112,153
hCoV-19/Scotland/CVR3165/2020,112,139
hCoV-19/Scotland/CVR3163/2020,112,139
hCoV-19/Scotland/CVR3162/2020,112,139
hCoV-19/Scotland/CVR3160/2020,112,139
hCoV-19/Scotland/CVR3158/2020,112,139
hCoV-19/Scotland/CVR3157/2020,112,139
hCoV-19/Scotland/CVR3154/2020,112,139
hCoV-19/Scotland/CVR2980/2020,112,139
hCoV-19/Scotland/CVR2979/2020,112,139
hCoV-19/Scotland/CVR2978/2020,112,139
hCoV-19/Scotland/CVR2977/2020,112,139
hCoV-19/Scotland/CVR2976/2020,112,139
hCoV-19/Scotland/CVR2975/2020,112,139
hCoV-19/Scotland/CVR2974/2020,112,139
hCoV-19/Scotland/CVR2973/2020,112,139
hCoV-19/Scotland/CVR2972/2020,112,139
hCoV-19/Scotland/CVR2971/2020,112,139
hCoV-19/Scotland/CVR2970/2020,112,139
hCoV-19/Scotland/CVR2964/2020,112,181
hCoV-19/Scotland/CVR2962/2020,112,174
hCoV-19/Scotland/CVR2961/2020,112,174
hCoV-19/Scotland/CVR2959/2020,112,174
hCoV-19/Scotland/CVR2957/2020,112,157
hCoV-19/Scotland/CVR2952/2020,112,181
hCoV-19/Scotland/CVR2951/2020,112,157
hCoV-19/Scotland/CVR2950/2020,112,157
hCoV-19/Scotland/CVR2949/2020,112,181
hCoV-19/Scotland/CVR2948/2020,112,157
hCoV-19/Scotland/CVR2944/2020,112,139
hCoV-19/Scotland/CVR2941/2020,112,157
hCoV-19/Scotland/CVR2940/2020,112,157
hCoV-19/Scotland/CVR2939/2020,112,132
hCoV-19/Scotland/CVR2938/2020,112,157
hCoV-19/Scotland/CVR2937/2020,112,132
hCoV-19/Scotland/CVR2934/2020,112,157
hCoV-19/Scotland/CVR2933/2020,112,157
hCoV-19/Scotland/CVR2932/2020,112,139
hCoV-19/Scotland/CVR2931/2020,112,157
hCoV-19/Scotland/CVR2930/2020,112,139
hCoV-19/Scotland/CVR2926/2020,112,181
hCoV-19/Scotland/CVR2921/2020,112,132
hCoV-19/Scotland/CVR2918/2020,112,174
hCoV-19/Scotland/CVR2917/2020,112,174
hCoV-19/Scotland/CVR2916/2020,112,174
hCoV-19/Scotland/CVR2915/2020,112,174
hCoV-19/Scotland/CVR2910/2020,112,189
hCoV-19/Scotland/CVR2908/2020,112,189
hCoV-19/Scotland/CVR2907/2020,112,174
hCoV-19/Scotland/CVR2906/2020,112,132
hCoV-19/Scotland/CVR2901/2020,112,174
hCoV-19/Scotland/CVR2872/2020,112,174
hCoV-19/Scotland/CVR2868/2020,112,174
hCoV-19/Scotland/CVR2865/2020,112,174
hCoV-19/Scotland/CVR2864/2020,112,174
hCoV-19/Scotland/CVR2854/2020,112,174
hCoV-19/England/WSFT-25C105B/2020,112,201
hCoV-19/England/WSFT-25C1000/2020,112,201
hCoV-19/England/TFCI-2707E7B/2020,112,460
hCoV-19/England/TFCI-26FA304/2020,112,379
hCoV-19/England/TFCI-26FA2F8/2020,112,379
hCoV-19/England/TFCI-26FA2E9/2020,112,379
hCoV-19/England/TFCI-26FA2DA/2020,112,379
hCoV-19/England/SHEF-D2104/2020,112,147
hCoV-19/England/SHEF-D1F65/2020,112,147
hCoV-19/England/SHEF-D1D3E/2020,112,147
hCoV-19/England/SHEF-D18B5/2020,112,147
hCoV-19/England/SHEF-CFDAC/2020,112,147
hCoV-19/England/SHEF-CD649/2020,112,181
hCoV-19/England/SHEF-CD500/2020,112,147
hCoV-19/England/SHEF-CD38E/2020,112,147
hCoV-19/England/SHEF-CBA03/2020,112,147
hCoV-19/England/SHEF-CB423/2020,112,147
hCoV-19/England/SHEF-CB159/2020,112,147
hCoV-19/England/SHEF-C8C4C/2020,112,147
hCoV-19/England/SHEF-C88DF/2020,112,147
hCoV-19/England/SHEF-C822C/2020,112,147
hCoV-19/England/SHEF-C7ECF/2020,112,147
hCoV-19/England/SHEF-C7102/2020,112,147
hCoV-19/England/SHEF-C5614/2020,112,147
hCoV-19/England/SHEF-C3C23/2020,112,147
hCoV-19/England/SHEF-C225F/2020,112,147
hCoV-19/England/PORT-2D3E82/2020,112,223
hCoV-19/England/PORT-2D3E64/2020,112,229
hCoV-19/England/PORT-2D3E46/2020,112,229
hCoV-19/England/PORT-2D3E37/2020,112,223
hCoV-19/England/PORT-2D3E0A/2020,112,223
hCoV-19/England/PORT-2D3DC1/2020,112,229
hCoV-19/England/PORT-2D3DB2/2020,112,229
hCoV-19/England/PORT-2D118B/2020,112,174
hCoV-19/England/OXON-B3FE1/2020,112,257
hCoV-19/England/OXON-B32BB/2020,112,257
hCoV-19/England/OXON-B329D/2020,112,257
hCoV-19/England/OXON-B2EC7/2020,112,257
hCoV-19/England/OXON-B246B/2020,112,181
hCoV-19/England/OXON-B210A/2020,112,181
hCoV-19/England/OXON-B14E4/2020,112,181
hCoV-19/England/OXON-B14C6/2020,112,181
hCoV-19/England/OXON-B1420/2020,112,181
hCoV-19/England/OXON-B12CC/2020,112,181
hCoV-19/England/OXON-B0E8D/2020,112,181
hCoV-19/England/OXON-B0D08/2020,112,181
hCoV-19/England/OXON-B0B86/2020,112,181
hCoV-19/England/NOTT-1129E1/2020,112,202
hCoV-19/England/NOTT-1129C3/2020,112,202
hCoV-19/England/NOTT-1129B4/2020,112,202
hCoV-19/England/NOTT-112301/2020,112,189
hCoV-19/England/NOTT-110FA5/2020,112,139
hCoV-19/England/NOTT-110F96/2020,112,139
hCoV-19/England/NOTT-110F78/2020,112,139
hCoV-19/England/NOTT-110F69/2020,112,139
hCoV-19/England/NORW-E9A0F/2020,112,139
hCoV-19/England/NORW-E96ED/2020,112,147
hCoV-19/England/NORW-E96DE/2020,112,147
hCoV-19/England/NORW-E96CF/2020,112,139
hCoV-19/England/NORW-E96B0/2020,112,139
hCoV-19/England/NORW-E96A1/2020,112,147
hCoV-19/England/NORW-E9683/2020,112,139
hCoV-19/England/NORW-E9674/2020,112,147
hCoV-19/England/NORW-E9665/2020,112,139
hCoV-19/England/NORW-E9647/2020,112,147
hCoV-19/England/NORW-E9638/2020,112,147
hCoV-19/England/NORW-E9629/2020,112,147
hCoV-19/England/NORW-E961A/2020,112,139
hCoV-19/England/NORW-E960B/2020,112,139
hCoV-19/England/NORW-E95FF/2020,112,147
hCoV-19/England/NORW-E95E0/2020,112,147
hCoV-19/England/NORW-E95D1/2020,112,147
hCoV-19/England/NORW-E95A4/2020,112,139
hCoV-19/England/NORW-E9595/2020,112,147
hCoV-19/England/NORW-E9559/2020,112,147
hCoV-19/England/NORW-E954A/2020,112,139
hCoV-19/England/NORW-E94E3/2020,112,147
hCoV-19/England/NORW-E94D4/2020,112,147
hCoV-19/England/NORW-E94B6/2020,112,147
hCoV-19/England/NORW-E94A7/2020,112,139
hCoV-19/England/NORW-E9498/2020,112,139
hCoV-19/England/NORW-E947A/2020,112,147
hCoV-19/England/NORW-E946B/2020,112,139
hCoV-19/England/NORW-E944D/2020,112,139
hCoV-19/England/NORW-E93C8/2020,112,139
hCoV-19/England/NORW-E72FA/2020,112,139
hCoV-19/England/NORW-E72EB/2020,112,147
hCoV-19/England/NORW-E71EE/2020,112,147
hCoV-19/England/NORW-E710C/2020,112,147
hCoV-19/England/NORW-E70C3/2020,112,147
hCoV-19/England/NORW-E6FD6/2020,112,147
hCoV-19/England/NORW-E6F7C/2020,112,147
hCoV-19/England/NORT-29C7E4/2020,112,209
hCoV-19/England/NORT-299170/2020,112,202
hCoV-19/England/NORT-299019/2020,112,202
hCoV-19/England/NORT-298ED4/2020,112,202
hCoV-19/England/NORT-298706/2020,112,195
hCoV-19/England/NORT-2985EE/2020,112,195
hCoV-19/England/NORT-2985DF/2020,112,195
hCoV-19/England/NORT-2985C0/2020,112,195
hCoV-19/England/NORT-2985B1/2020,112,195
hCoV-19/England/NORT-29851B/2020,112,195
hCoV-19/England/NORT-297AD1/2020,112,195
hCoV-19/England/NORT-297A0E/2020,112,195
hCoV-19/England/NORT-2978D7/2020,112,195
hCoV-19/England/NORT-297707/2020,112,195
hCoV-19/England/NORT-2976DD/2020,112,195
hCoV-19/England/NORT-297664/2020,112,195
hCoV-19/England/NORT-29760A/2020,112,195
hCoV-19/England/NORT-297567/2020,112,195
hCoV-19/England/NORT-297127/2020,112,209
hCoV-19/England/NORT-296F5B/2020,112,209
hCoV-19/England/NORT-291855/2020,112,147
hCoV-19/England/LOND-D6A41/2020,112,157
hCoV-19/England/LOND-D6689/2020,112,195
hCoV-19/England/LOND-D667A/2020,112,195
hCoV-19/England/LOND-D659B/2020,112,195
hCoV-19/England/LOND-D656E/2020,112,195
hCoV-19/England/LOND-D655F/2020,112,195
hCoV-19/England/LOND-D6531/2020,112,195
hCoV-19/England/LOND-D6522/2020,112,195
hCoV-19/England/LOND-D6513/2020,112,195
hCoV-19/England/LOND-D6504/2020,112,195
hCoV-19/England/LOND-D64F8/2020,112,195
hCoV-19/England/LOND-D64E9/2020,112,195
hCoV-19/England/LOND-D64CB/2020,112,195
hCoV-19/England/LOND-D64BC/2020,112,195
hCoV-19/England/LOND-D649E/2020,112,195
hCoV-19/England/LOND-D648F/2020,112,195
hCoV-19/England/LOND-D6470/2020,112,195
hCoV-19/England/LOND-D6452/2020,112,195
hCoV-19/England/LOND-1286D9D/2020,112,266
hCoV-19/England/LOND-1286920/2020,112,383
hCoV-19/England/LOND-124F2FB/2020,112,334
hCoV-19/England/LIVE-9F7B6/2020,112,174
hCoV-19/England/LIVE-9F710/2020,112,174
hCoV-19/England/LIVE-9F6AA/2020,112,174
hCoV-19/England/LIVE-9F69B/2020,112,174
hCoV-19/England/LIVE-9F66E/2020,112,174
hCoV-19/England/LIVE-9F65F/2020,112,174
hCoV-19/England/LIVE-9F640/2020,112,174
hCoV-19/England/LIVE-9BAA2/2020,112,132
hCoV-19/England/LIVE-9B88A/2020,112,132
hCoV-19/England/LIVE-9B78D/2020,112,132
hCoV-19/England/LEED-2A9A27/2020,112,260
hCoV-19/England/EXET-13705A/2020,112,174
hCoV-19/England/EXET-136ED9/2020,112,174
hCoV-19/England/EXET-136EBB/2020,112,174
hCoV-19/England/EXET-136E33/2020,112,174
hCoV-19/England/EXET-13597F/2020,112,153
hCoV-19/England/EKHU-260F023/2020,112,212
hCoV-19/England/CAMB-83D1D/2020,112,132
hCoV-19/England/CAMB-83D0E/2020,112,132
hCoV-19/England/CAMB-82CC6/2020,112,132
hCoV-19/England/CAMB-82C8A/2020,112,132
hCoV-19/England/CAMB-82B7E/2020,112,132
hCoV-19/England/CAMB-82B6F/2020,112,132
hCoV-19/England/CAMB-82B50/2020,112,132
hCoV-19/England/CAMB-81FDD/2020,112,132
hCoV-19/England/CAMB-81F73/2020,112,132
hCoV-19/England/CAMB-81EEF/2020,112,132
hCoV-19/England/CAMB-81ED0/2020,112,132
hCoV-19/England/CAMB-81EB2/2020,112,132
hCoV-19/England/CAMB-81E94/2020,112,132
hCoV-19/England/CAMB-81E85/2020,112,132
hCoV-19/England/CAMB-1ACE38/2020,112,195
hCoV-19/England/CAMB-1ACE1A/2020,112,195
hCoV-19/England/CAMB-1ACE0B/2020,112,195
hCoV-19/England/CAMB-1ACDFF/2020,112,195
hCoV-19/England/CAMB-1ACDB3/2020,112,195
hCoV-19/England/CAMB-1ACD95/2020,112,195
hCoV-19/England/CAMB-1ACD77/2020,112,195
hCoV-19/England/CAMB-1ACD4A/2020,112,195
hCoV-19/England/CAMB-1ACD0E/2020,112,195
hCoV-19/England/CAMB-1ACCF2/2020,112,195
hCoV-19/England/CAMB-1ACCA7/2020,112,195
hCoV-19/England/CAMB-1ACC7A/2020,112,195
hCoV-19/England/CAMB-1ACC6B/2020,112,195
hCoV-19/England/CAMB-1ACC4D/2020,112,195
hCoV-19/England/CAMB-1ACC3E/2020,112,195
hCoV-19/England/CAMB-1ACC10/2020,112,195
hCoV-19/England/CAMB-1ACB9B/2020,112,195
hCoV-19/England/CAMB-1ACB40/2020,112,195
hCoV-19/England/CAMB-1ACB13/2020,112,195
hCoV-19/England/CAMB-1ACAE9/2020,112,195
hCoV-19/England/CAMB-1ACA8F/2020,112,195
hCoV-19/England/CAMB-1AC9BF/2020,112,195
hCoV-19/England/CAMB-1AC867/2020,112,195
hCoV-19/England/CAMB-1AC80D/2020,112,195
hCoV-19/England/CAMB-1AC7E2/2020,112,195
hCoV-19/England/CAMB-1AC6C7/2020,112,195
hCoV-19/England/CAMB-1AC6A9/2020,112,195
hCoV-19/England/CAMB-1AC68B/2020,112,195
hCoV-19/England/CAMB-1AC66D/2020,112,195
hCoV-19/England/CAMB-1AC64F/2020,112,195
hCoV-19/England/CAMB-1AC5BB/2020,112,195
hCoV-19/England/CAMB-1AC542/2020,112,195
hCoV-19/England/CAMB-1AC524/2020,112,195
hCoV-19/England/CAMB-1AC4CD/2020,112,195
hCoV-19/England/CAMB-1AC4BE/2020,112,195
hCoV-19/England/CAMB-1AC4AF/2020,112,195
hCoV-19/England/CAMB-1AC481/2020,112,195
hCoV-19/England/CAMB-1AC418/2020,112,195
hCoV-19/England/CAMB-1AC3DF/2020,112,195
hCoV-19/England/CAMB-1ABD4B/2020,112,169
hCoV-19/England/CAMB-1ABCD5/2020,112,169
hCoV-19/England/CAMB-1AB68C/2020,112,169
hCoV-19/England/CAMB-1AB66E/2020,112,169
hCoV-19/England/CAMB-1AB622/2020,112,169
hCoV-19/England/CAMB-1AB4EC/2020,112,169
hCoV-19/England/BRIS-12F064/2020,112,195
hCoV-19/England/BRIS-12EFFF/2020,112,195
hCoV-19/England/BRIS-12EF86/2020,112,195
hCoV-19/England/BRIS-12EF77/2020,112,195
hCoV-19/England/BRIS-12EED4/2020,112,195
hCoV-19/England/BRIS-12EEC5/2020,112,195
hCoV-19/England/BRIS-12EEB6/2020,112,195
hCoV-19/England/BRIS-12EE89/2020,112,195
hCoV-19/England/BRIS-12EE7A/2020,112,195
hCoV-19/England/BRIS-12EE5C/2020,112,195
hCoV-19/England/BRIS-12EE01/2020,112,195
hCoV-19/England/BRIS-12ED31/2020,112,195
hCoV-19/England/BRIS-12ED22/2020,112,195
hCoV-19/England/BRIS-12ED13/2020,112,195
hCoV-19/England/BRIS-12ECF8/2020,112,195
hCoV-19/England/BRIS-12EC9E/2020,112,195
hCoV-19/England/BRIS-12EC8F/2020,112,195
hCoV-19/England/BRIS-12EA58/2020,112,195
hCoV-19/England/BRIS-12E94C/2020,112,195
hCoV-19/England/BRIS-12E900/2020,112,195
hCoV-19/England/BRIS-12E8A9/2020,112,195
hCoV-19/England/BRIS-12E87C/2020,112,195
hCoV-19/England/BRIS-12E86D/2020,112,195
hCoV-19/England/BRIS-12E85E/2020,112,195
hCoV-19/England/BRIS-12E830/2020,112,195
hCoV-19/England/BRIS-12E7CA/2020,112,195
hCoV-19/England/BRIS-12E36C/2020,112,184
hCoV-19/England/BRIS-12E302/2020,112,184
hCoV-19/England/BRIS-12755E/2020,112,169
hCoV-19/England/BRIS-12754F/2020,112,169
hCoV-19/England/BRIS-1274D9/2020,112,169
hCoV-19/England/BRIS-1274CA/2020,112,169
hCoV-19/England/BRIS-12749D/2020,112,169
hCoV-19/England/BRIS-127451/2020,112,169
hCoV-19/England/BRIS-127442/2020,112,169
hCoV-19/England/BRIS-127433/2020,112,169
hCoV-19/England/BRIS-1273BE/2020,112,169
hCoV-19/England/BRIS-1273AF/2020,112,169
hCoV-19/England/BRIS-127390/2020,112,169
hCoV-19/England/BRIS-127381/2020,112,169
hCoV-19/England/BRIS-126FF7/2020,112,169
hCoV-19/England/BRIS-126FE8/2020,112,169
hCoV-19/England/BRIS-126FD9/2020,112,169
hCoV-19/England/BRIS-126FCA/2020,112,169
hCoV-19/England/BRIS-126EBE/2020,112,169
hCoV-19/England/201780626/2020,112,245
hCoV-19/England/201780590/2020,112,245
hCoV-19/England/20176047004/2020,112,162
hCoV-19/Wales/PHWC-35916/2020,113,174
hCoV-19/Wales/PHWC-358A0/2020,113,174
hCoV-19/Wales/PHWC-164573/2020,113,174
hCoV-19/Wales/PHWC-163E97/2020,113,174
hCoV-19/Wales/PHWC-163C9D/2020,113,174
hCoV-19/Wales/PHWC-163B27/2020,113,174
hCoV-19/Wales/PHWC-160E5E/2020,113,174
hCoV-19/Scotland/EDB6757/2020,113,215
hCoV-19/Scotland/EDB5077/2020,113,195
hCoV-19/Scotland/EDB4335/2020,113,147
hCoV-19/Scotland/EDB4331/2020,113,195
hCoV-19/Scotland/EDB4322/2020,113,195
hCoV-19/Scotland/EDB4310/2020,113,139
hCoV-19/Scotland/EDB4309/2020,113,195
hCoV-19/Scotland/EDB4305/2020,113,147
hCoV-19/Scotland/EDB4300/2020,113,139
hCoV-19/Scotland/EDB4295/2020,113,139
hCoV-19/Scotland/EDB2563/2020,113,132
hCoV-19/Scotland/EDB2554/2020,113,132
hCoV-19/Scotland/EDB2550/2020,113,198
hCoV-19/Scotland/EDB2533/2020,113,132
hCoV-19/Scotland/EDB2518/2020,113,132
hCoV-19/Scotland/EDB2488/2020,113,132
hCoV-19/Scotland/EDB2485/2020,113,198
hCoV-19/Scotland/EDB2483/2020,113,132
hCoV-19/Scotland/EDB2481/2020,113,198
hCoV-19/Scotland/EDB2476/2020,113,132
hCoV-19/Scotland/EDB2473/2020,113,198
hCoV-19/Scotland/EDB2471/2020,113,132
hCoV-19/Scotland/EDB2470/2020,113,198
hCoV-19/Scotland/EDB2468/2020,113,132
hCoV-19/Scotland/EDB2467/2020,113,132
hCoV-19/Scotland/EDB2466/2020,113,132
hCoV-19/Scotland/EDB2462/2020,113,132
hCoV-19/Scotland/EDB2458/2020,113,132
hCoV-19/Scotland/EDB2451/2020,113,132
hCoV-19/Scotland/EDB2446/2020,113,132
hCoV-19/Scotland/EDB2440/2020,113,132
hCoV-19/Scotland/EDB2435/2020,113,132
hCoV-19/Scotland/EDB2432/2020,113,132
hCoV-19/Scotland/CVR3057/2020,113,157
hCoV-19/Scotland/CVR3056/2020,113,157
hCoV-19/Scotland/CVR3050/2020,113,157
hCoV-19/Scotland/CVR3045/2020,113,157
hCoV-19/Scotland/CVR3036/2020,113,157
hCoV-19/Scotland/CVR3033/2020,113,157
hCoV-19/Scotland/CVR3032/2020,113,157
hCoV-19/Scotland/CVR3028/2020,113,132
hCoV-19/Scotland/CVR3016/2020,113,157
hCoV-19/Scotland/CVR3015/2020,113,157
hCoV-19/Scotland/CVR3013/2020,113,157
hCoV-19/Scotland/CVR3012/2020,113,157
hCoV-19/Scotland/CVR3011/2020,113,157
hCoV-19/Scotland/CVR3010/2020,113,157
hCoV-19/Scotland/CVR3009/2020,113,157
hCoV-19/Scotland/CVR3008/2020,113,157
hCoV-19/Scotland/CVR3007/2020,113,189
hCoV-19/Scotland/CVR3005/2020,113,147
hCoV-19/Scotland/CVR3003/2020,113,189
hCoV-19/Scotland/CVR3002/2020,113,157
hCoV-19/Scotland/CVR3001/2020,113,189
hCoV-19/Scotland/CVR3000/2020,113,174
hCoV-19/Scotland/CVR2999/2020,113,157
hCoV-19/Scotland/CVR2998/2020,113,174
hCoV-19/Scotland/CVR2997/2020,113,157
hCoV-19/Scotland/CVR2996/2020,113,157
hCoV-19/Scotland/CVR2991/2020,113,157
hCoV-19/Scotland/CVR2990/2020,113,132
hCoV-19/Scotland/CVR2989/2020,113,132
hCoV-19/Scotland/CVR2988/2020,113,132
hCoV-19/Scotland/CVR2987/2020,113,132
hCoV-19/Scotland/CVR2986/2020,113,139
hCoV-19/Scotland/CVR2985/2020,113,139
hCoV-19/Scotland/CVR2983/2020,113,139
hCoV-19/Scotland/CVR2981/2020,113,139
hCoV-19/Scotland/CVR2966/2020,113,157
hCoV-19/Scotland/CVR2965/2020,113,174
hCoV-19/Scotland/CVR2958/2020,113,174
hCoV-19/Scotland/CVR2955/2020,113,181
hCoV-19/Scotland/CVR2953/2020,113,157
hCoV-19/Scotland/CVR2947/2020,113,157
hCoV-19/Scotland/CVR2946/2020,113,181
hCoV-19/England/WSFT-25C18AE/2020,113,203
hCoV-19/England/WSFT-25C1598/2020,113,203
hCoV-19/England/WSFT-25C102E/2020,113,201
hCoV-19/England/TFCI-2707FD2/2020,113,460
hCoV-19/England/TFCI-26FA331/2020,113,379
hCoV-19/England/TFCI-26FA322/2020,113,379
hCoV-19/England/TFCI-26FA313/2020,113,379
hCoV-19/England/TBSD-248867D/2020,113,184
hCoV-19/England/SHEF-D283C/2020,113,181
hCoV-19/England/SHEF-D125D/2020,113,189
hCoV-19/England/SHEF-CDE8D/2020,113,147
hCoV-19/England/SHEF-CDA3E/2020,113,147
hCoV-19/England/SHEF-CD1DF/2020,113,147
hCoV-19/England/SHEF-CC4AA/2020,113,147
hCoV-19/England/SHEF-C4D6B/2020,113,147
hCoV-19/England/SHEF-C4615/2020,113,147
hCoV-19/England/SHEF-C3C7E/2020,113,147
hCoV-19/England/SHEF-C3063/2020,113,153
hCoV-19/England/SHEF-C2BDC/2020,113,147
hCoV-19/England/SHEF-C2AC0/2020,113,147
hCoV-19/England/SHEF-C0C08/2020,113,153
hCoV-19/England/PRIN-254BAF1/2020,113,217
hCoV-19/England/PORT-2D3F52/2020,113,209
hCoV-19/England/PORT-2D3F43/2020,113,209
hCoV-19/England/PORT-2D3F07/2020,113,209
hCoV-19/England/PORT-2D1042/2020,113,174
hCoV-19/England/PORT-2D1024/2020,113,174
hCoV-19/England/PORT-2D0FFB/2020,113,174
hCoV-19/England/PORT-2D0FBF/2020,113,174
hCoV-19/England/PORT-2D0F82/2020,113,174
hCoV-19/England/PORT-2D0F73/2020,113,174
hCoV-19/England/PORT-2D0F64/2020,113,174
hCoV-19/England/PORT-2D0F37/2020,113,174
hCoV-19/England/PORT-2D0F28/2020,113,174
hCoV-19/England/OXON-B4D8C/2020,113,257
hCoV-19/England/OXON-B4D6E/2020,113,257
hCoV-19/England/OXON-B4BCE/2020,113,257
hCoV-19/England/OXON-B4B91/2020,113,257
hCoV-19/England/OXON-B4B19/2020,113,257
hCoV-19/England/OXON-B4AC1/2020,113,257
hCoV-19/England/OXON-B4A94/2020,113,257
hCoV-19/England/OXON-B4A58/2020,113,257
hCoV-19/England/OXON-B49B5/2020,113,257
hCoV-19/England/OXON-B31EB/2020,113,257
hCoV-19/England/OXON-B26ED/2020,113,181
hCoV-19/England/OXON-B228F/2020,113,181
hCoV-19/England/OXON-B2164/2020,113,181
hCoV-19/England/OXON-B2146/2020,113,181
hCoV-19/England/OXON-B1A2E/2020,113,181
hCoV-19/England/OXON-B196D/2020,113,181
hCoV-19/England/OXON-B15C3/2020,113,181
hCoV-19/England/OXON-B12EA/2020,113,181
hCoV-19/England/OXON-B10C2/2020,113,181
hCoV-19/England/OXON-B1086/2020,113,181
hCoV-19/England/OXON-B0D80/2020,113,181
hCoV-19/England/OXON-B07CE/2020,113,181
hCoV-19/England/OXON-B0649/2020,113,181
hCoV-19/England/NOTT-112AA2/2020,113,202
hCoV-19/England/NOTT-112A93/2020,113,202
hCoV-19/England/NOTT-112A57/2020,113,202
hCoV-19/England/NOTT-112A39/2020,113,202
hCoV-19/England/NOTT-112A1B/2020,113,202
hCoV-19/England/NOTT-1122F5/2020,113,189
hCoV-19/England/NOTT-1112BA/2020,113,147
hCoV-19/England/NOTT-1112AB/2020,113,147
hCoV-19/England/NOTT-11129C/2020,113,147
hCoV-19/England/NOTT-11128D/2020,113,147
hCoV-19/England/NOTT-11127E/2020,113,147
hCoV-19/England/NOTT-110FB4/2020,113,139
hCoV-19/England/NORW-EE4EE/2020,113,196
hCoV-19/England/NORW-EE26C/2020,113,196
hCoV-19/England/NORW-E99B7/2020,113,139
hCoV-19/England/NORW-E998A/2020,113,139
hCoV-19/England/NORW-E994E/2020,113,139
hCoV-19/England/NORW-E98D8/2020,113,139
hCoV-19/England/NORW-E98BA/2020,113,139
hCoV-19/England/NORW-E988D/2020,113,139
hCoV-19/England/NORW-E987E/2020,113,139
hCoV-19/England/NORW-E9841/2020,113,139
hCoV-19/England/NORW-E9814/2020,113,139
hCoV-19/England/NORW-E9805/2020,113,139
hCoV-19/England/NORW-E97BD/2020,113,139
hCoV-19/England/NORW-E97AE/2020,113,139
hCoV-19/England/NORW-E9762/2020,113,139
hCoV-19/England/NORW-E9753/2020,113,139
hCoV-19/England/NORW-E9744/2020,113,139
hCoV-19/England/NORW-E94F2/2020,113,139
hCoV-19/England/NORW-E942F/2020,113,139
hCoV-19/England/NORW-E9401/2020,113,139
hCoV-19/England/NORT-29C85A/2020,113,195
hCoV-19/England/NORT-29C84B/2020,113,195
hCoV-19/England/NORT-29C7F3/2020,113,195
hCoV-19/England/NORT-29C76C/2020,113,195
hCoV-19/England/NORT-29C6AB/2020,113,195
hCoV-19/England/NORT-29C650/2020,113,209
hCoV-19/England/NORT-2993A7/2020,113,202
hCoV-19/England/NORT-299398/2020,113,202
hCoV-19/England/NORT-2991DA/2020,113,202
hCoV-19/England/NORT-2991AD/2020,113,202
hCoV-19/England/NORT-2984E1/2020,113,195
hCoV-19/England/NORT-297D6F/2020,113,195
hCoV-19/England/NORT-297181/2020,113,195
hCoV-19/England/NORT-297163/2020,113,195
hCoV-19/England/NORT-297154/2020,113,195
hCoV-19/England/NORT-297145/2020,113,195
hCoV-19/England/NORT-297075/2020,113,195
hCoV-19/England/NORT-29702A/2020,113,195
hCoV-19/England/NORT-296FE2/2020,113,195
hCoV-19/England/NORT-284EAE/2020,113,153
hCoV-19/England/LOND-D88CD/2020,113,201
hCoV-19/England/LOND-D88BE/2020,113,201
hCoV-19/England/LOND-D6A8D/2020,113,157
hCoV-19/England/LOND-D6A7E/2020,113,157
hCoV-19/England/LOND-D6A6F/2020,113,157
hCoV-19/England/LOND-D6A50/2020,113,157
hCoV-19/England/LOND-D6795/2020,113,184
hCoV-19/England/LOND-D6786/2020,113,184
hCoV-19/England/LOND-D6777/2020,113,184
hCoV-19/England/LOND-D6768/2020,113,184
hCoV-19/England/LOND-D670E/2020,113,184
hCoV-19/England/LOND-D66D4/2020,113,184
hCoV-19/England/LOND-D66B6/2020,113,195
hCoV-19/England/LOND-D66A7/2020,113,195
hCoV-19/England/LOND-D666B/2020,113,195
hCoV-19/England/LOND-D663E/2020,113,195
hCoV-19/England/LOND-D662F/2020,113,195
hCoV-19/England/LOND-D6610/2020,113,195
hCoV-19/England/LOND-D6601/2020,113,195
hCoV-19/England/LOND-1286F3D/2020,113,266
hCoV-19/England/LOND-1286911/2020,113,383
hCoV-19/England/LOND-124F5D4/2020,113,334
hCoV-19/England/LIVE-9BB90/2020,113,132
hCoV-19/England/LIVE-9B77E/2020,113,132
hCoV-19/England/EXET-136F30/2020,113,174
hCoV-19/England/EXET-136DDC/2020,113,174
hCoV-19/England/EXET-136D54/2020,113,174
hCoV-19/England/EXET-136AE4/2020,113,153
hCoV-19/England/CAMB-83E74/2020,113,132
hCoV-19/England/CAMB-83D86/2020,113,132
hCoV-19/England/CAMB-83D68/2020,113,132
hCoV-19/England/CAMB-83D59/2020,113,132
hCoV-19/England/CAMB-83CF2/2020,113,132
hCoV-19/England/CAMB-82C99/2020,113,132
hCoV-19/England/CAMB-82C20/2020,113,132
hCoV-19/England/CAMB-82B32/2020,113,132
hCoV-19/England/CAMB-82B14/2020,113,132
hCoV-19/England/CAMB-82ADB/2020,113,132
hCoV-19/England/CAMB-82ABD/2020,113,132
hCoV-19/England/CAMB-82A71/2020,113,132
hCoV-19/England/CAMB-82A53/2020,113,132
hCoV-19/England/CAMB-82A44/2020,113,132
hCoV-19/England/CAMB-82A17/2020,113,132
hCoV-19/England/CAMB-829FC/2020,113,132
hCoV-19/England/CAMB-829DE/2020,113,132
hCoV-19/England/CAMB-81F0A/2020,113,132
hCoV-19/England/CAMB-1ACF9F/2020,113,195
hCoV-19/England/CAMB-1ACF26/2020,113,195
hCoV-19/England/CAMB-1ACF08/2020,113,195
hCoV-19/England/CAMB-1ACEED/2020,113,195
hCoV-19/England/CAMB-1ACEB0/2020,113,195
hCoV-19/England/CAMB-1ACE92/2020,113,195
hCoV-19/England/CAMB-1ACE29/2020,113,195
hCoV-19/England/CAMB-1ACBAA/2020,113,195
hCoV-19/England/CAMB-1ACB8C/2020,113,195
hCoV-19/England/CAMB-1ACABC/2020,113,195
hCoV-19/England/CAMB-1ACA61/2020,113,195
hCoV-19/England/CAMB-1AC9EC/2020,113,195
hCoV-19/England/CAMB-1AC9DD/2020,113,195
hCoV-19/England/CAMB-1AC991/2020,113,195
hCoV-19/England/CAMB-1AC982/2020,113,195
hCoV-19/England/CAMB-1AC973/2020,113,195
hCoV-19/England/CAMB-1AC946/2020,113,195
hCoV-19/England/CAMB-1AC937/2020,113,195
hCoV-19/England/CAMB-1AC919/2020,113,195
hCoV-19/England/CAMB-1AC8FE/2020,113,195
hCoV-19/England/CAMB-1AC8D0/2020,113,195
hCoV-19/England/CAMB-1AC885/2020,113,195
hCoV-19/England/CAMB-1AC876/2020,113,195
hCoV-19/England/CAMB-1AC7F1/2020,113,195
hCoV-19/England/CAMB-1AC779/2020,113,195
hCoV-19/England/CAMB-1AC76A/2020,113,195
hCoV-19/England/CAMB-1AC75B/2020,113,195
hCoV-19/England/CAMB-1AC74C/2020,113,195
hCoV-19/England/CAMB-1AC72E/2020,113,195
hCoV-19/England/CAMB-1AC71F/2020,113,195
hCoV-19/England/CAMB-1AC6B8/2020,113,195
hCoV-19/England/CAMB-1AC69A/2020,113,195
hCoV-19/England/CAMB-1AC67C/2020,113,195
hCoV-19/England/CAMB-1AC5E8/2020,113,195
hCoV-19/England/CAMB-1AC5CA/2020,113,195
hCoV-19/England/CAMB-1AC5AC/2020,113,195
hCoV-19/England/CAMB-1AC58E/2020,113,195
hCoV-19/England/CAMB-1AC560/2020,113,195
hCoV-19/England/BRIS-185465B/2020,113,203
hCoV-19/England/BRIS-12F091/2020,113,195
hCoV-19/England/BRIS-12F073/2020,113,195
hCoV-19/England/BRIS-12EF1D/2020,113,195
hCoV-19/England/BRIS-12EF0E/2020,113,195
hCoV-19/England/BRIS-12EB55/2020,113,195
hCoV-19/England/BRIS-12EAD0/2020,113,195
hCoV-19/England/BRIS-12EAC1/2020,113,195
hCoV-19/England/BRIS-12EA85/2020,113,195
hCoV-19/England/BRIS-12EA49/2020,113,195
hCoV-19/England/BRIS-12EA3A/2020,113,195
hCoV-19/England/BRIS-12EA2B/2020,113,195
hCoV-19/England/BRIS-12EA0D/2020,113,195
hCoV-19/England/BRIS-12E9F1/2020,113,195
hCoV-19/England/BRIS-12E9E2/2020,113,195
hCoV-19/England/BRIS-12E9C4/2020,113,195
hCoV-19/England/BRIS-12E95B/2020,113,195
hCoV-19/England/BRIS-12E93D/2020,113,195
hCoV-19/England/BRIS-12E91F/2020,113,195
hCoV-19/England/BRIS-12E8F4/2020,113,195
hCoV-19/England/BRIS-12E8E5/2020,113,195
hCoV-19/England/BRIS-12CDAC/2020,113,184
hCoV-19/England/BRIS-1272C0/2020,113,169
hCoV-19/England/BRIS-127248/2020,113,169
hCoV-19/England/BRIS-1271F0/2020,113,169
hCoV-19/England/BRIS-127178/2020,113,169
hCoV-19/England/BRIS-127169/2020,113,169
hCoV-19/England/BRIS-12714B/2020,113,169
hCoV-19/England/BRIS-12713C/2020,113,169
hCoV-19/England/BRIS-12712D/2020,113,169
hCoV-19/England/BRIS-12710F/2020,113,169
hCoV-19/England/BRIS-1270E4/2020,113,169
hCoV-19/England/BRIS-1270D5/2020,113,169
hCoV-19/England/BRIS-1270C6/2020,113,169
hCoV-19/England/BRIS-12708A/2020,113,169
hCoV-19/England/BRIS-12707B/2020,113,169
hCoV-19/England/BRIS-12706C/2020,113,169
hCoV-19/England/BRIS-12705D/2020,113,169
hCoV-19/England/BRIS-12704E/2020,113,169
hCoV-19/England/BRIS-127020/2020,113,169
hCoV-19/England/BRIS-127011/2020,113,169
hCoV-19/England/BRIS-126FBB/2020,113,169
hCoV-19/England/BRIS-126F9D/2020,113,169
hCoV-19/England/BRIS-126F51/2020,113,169
hCoV-19/England/BRIS-126F33/2020,113,169
hCoV-19/England/BRIS-126F24/2020,113,169
hCoV-19/England/BRIS-126F15/2020,113,169
hCoV-19/England/BRIS-126F06/2020,113,169
hCoV-19/England/BRIS-126EFA/2020,113,169
hCoV-19/England/BRIS-126EEB/2020,113,169
hCoV-19/England/BRIS-126EDC/2020,113,169
hCoV-19/England/BRIS-126EAF/2020,113,169
hCoV-19/England/BRIS-126E90/2020,113,169
hCoV-19/England/BIRM-61128/2020,113,181
hCoV-19/England/BIRM-61119/2020,113,181
hCoV-19/England/BIRM-610FE/2020,113,181
hCoV-19/England/BIRM-610C1/2020,113,181
hCoV-19/England/BIRM-610B2/2020,113,181
hCoV-19/England/BIRM-61094/2020,113,181
hCoV-19/England/20182013104/2020,113,162
hCoV-19/England/20180025604/2020,113,162
hCoV-19/England/201780026/2020,113,245
hCoV-19/Wales/PHWC-369AC/2020,114,174
hCoV-19/Wales/PHWC-35AE6/2020,114,174
hCoV-19/Wales/PHWC-35AD7/2020,114,174
hCoV-19/Wales/PHWC-35AAA/2020,114,174
hCoV-19/Wales/PHWC-35A5F/2020,114,174
hCoV-19/Wales/PHWC-359DA/2020,114,174
hCoV-19/Wales/PHWC-3598F/2020,114,174
hCoV-19/Wales/PHWC-35952/2020,114,174
hCoV-19/Wales/PHWC-35925/2020,114,174
hCoV-19/Wales/PHWC-358EC/2020,114,174
hCoV-19/Wales/PHWC-35776/2020,114,174
hCoV-19/Wales/PHWC-35749/2020,114,174
hCoV-19/Wales/PHWC-3573A/2020,114,174
hCoV-19/Wales/PHWC-3572B/2020,114,174
hCoV-19/Wales/PHWC-3570D/2020,114,174
hCoV-19/Wales/PHWC-163F2B/2020,114,174
hCoV-19/Wales/PHWC-163EC4/2020,114,174
hCoV-19/Wales/PHWC-163CE8/2020,114,174
hCoV-19/Wales/PHWC-163A75/2020,114,174
hCoV-19/Wales/PHWC-163592/2020,114,174
hCoV-19/Wales/PHWC-163486/2020,114,174
hCoV-19/Wales/PHWC-163389/2020,114,174
hCoV-19/Wales/PHWC-1608AB/2020,114,174
hCoV-19/Wales/PHWC-160049/2020,114,174
hCoV-19/Scotland/EDB6429/2020,114,195
hCoV-19/Scotland/EDB5506/2020,114,195
hCoV-19/Scotland/EDB5494/2020,114,195
hCoV-19/Scotland/EDB5462/2020,114,157
hCoV-19/Scotland/EDB5113/2020,114,147
hCoV-19/Scotland/EDB5070/2020,114,153
hCoV-19/Scotland/EDB5068/2020,114,195
hCoV-19/Scotland/EDB5066/2020,114,153
hCoV-19/Scotland/EDB5065/2020,114,195
hCoV-19/Scotland/EDB5060/2020,114,153
hCoV-19/Scotland/EDB5056/2020,114,153
hCoV-19/Scotland/EDB5055/2020,114,195
hCoV-19/Scotland/EDB5053/2020,114,153
hCoV-19/Scotland/EDB4367/2020,114,139
hCoV-19/Scotland/EDB4365/2020,114,139
hCoV-19/Scotland/EDB4364/2020,114,147
hCoV-19/Scotland/EDB4363/2020,114,147
hCoV-19/Scotland/EDB4360/2020,114,147
hCoV-19/Scotland/EDB4357/2020,114,147
hCoV-19/Scotland/EDB4338/2020,114,139
hCoV-19/Scotland/EDB4337/2020,114,195
hCoV-19/Scotland/EDB4330/2020,114,195
hCoV-19/Scotland/EDB4329/2020,114,147
hCoV-19/Scotland/EDB4326/2020,114,195
hCoV-19/Scotland/EDB4324/2020,114,139
hCoV-19/Scotland/EDB4318/2020,114,139
hCoV-19/Scotland/EDB2599/2020,114,132
hCoV-19/Scotland/EDB2597/2020,114,132
hCoV-19/Scotland/EDB2594/2020,114,132
hCoV-19/Scotland/EDB2593/2020,114,147
hCoV-19/Scotland/EDB2592/2020,114,132
hCoV-19/Scotland/EDB2579/2020,114,132
hCoV-19/Scotland/EDB2571/2020,114,198
hCoV-19/Scotland/EDB2570/2020,114,198
hCoV-19/Scotland/EDB2567/2020,114,132
hCoV-19/Scotland/EDB2566/2020,114,198
hCoV-19/Scotland/EDB2561/2020,114,132
hCoV-19/Scotland/EDB2557/2020,114,132
hCoV-19/Scotland/EDB2549/2020,114,198
hCoV-19/Scotland/EDB2548/2020,114,198
hCoV-19/Scotland/EDB2547/2020,114,198
hCoV-19/Scotland/EDB2546/2020,114,198
hCoV-19/Scotland/EDB2543/2020,114,132
hCoV-19/Scotland/EDB2540/2020,114,132
hCoV-19/Scotland/EDB2535/2020,114,198
hCoV-19/Scotland/EDB2534/2020,114,132
hCoV-19/Scotland/EDB2520/2020,114,198
hCoV-19/Scotland/CVR3255/2020,114,174
hCoV-19/Scotland/CVR3125/2020,114,132
hCoV-19/Scotland/CVR3119/2020,114,157
hCoV-19/Scotland/CVR3092/2020,114,157
hCoV-19/Scotland/CVR3084/2020,114,157
hCoV-19/Scotland/CVR3081/2020,114,157
hCoV-19/Scotland/CVR3080/2020,114,157
hCoV-19/Scotland/CVR3078/2020,114,157
hCoV-19/Scotland/CVR3077/2020,114,157
hCoV-19/Scotland/CVR3076/2020,114,157
hCoV-19/Scotland/CVR3075/2020,114,157
hCoV-19/Scotland/CVR3073/2020,114,157
hCoV-19/Scotland/CVR3072/2020,114,157
hCoV-19/Scotland/CVR3071/2020,114,157
hCoV-19/Scotland/CVR3068/2020,114,157
hCoV-19/Scotland/CVR3065/2020,114,157
hCoV-19/Scotland/CVR3063/2020,114,157
hCoV-19/Scotland/CVR3059/2020,114,157
hCoV-19/Scotland/CVR3054/2020,114,157
hCoV-19/Scotland/CVR3051/2020,114,157
hCoV-19/Scotland/CVR3049/2020,114,157
hCoV-19/Scotland/CVR3047/2020,114,157
hCoV-19/Scotland/CVR3043/2020,114,157
hCoV-19/Scotland/CVR3042/2020,114,157
hCoV-19/Scotland/CVR3041/2020,114,157
hCoV-19/Scotland/CVR3035/2020,114,132
hCoV-19/Scotland/CVR3030/2020,114,132
hCoV-19/Scotland/CVR3026/2020,114,132
hCoV-19/Scotland/CVR3025/2020,114,132
hCoV-19/Scotland/CVR3024/2020,114,132
hCoV-19/Scotland/CVR3023/2020,114,132
hCoV-19/Scotland/CVR3022/2020,114,132
hCoV-19/Scotland/CVR3019/2020,114,132
hCoV-19/Scotland/CVR3014/2020,114,132
hCoV-19/England/WSFT-25C18EA/2020,114,195
hCoV-19/England/TBSD-2488A08/2020,114,184
hCoV-19/England/SHEF-CD421/2020,114,196
hCoV-19/England/SHEF-CC3DA/2020,114,153
hCoV-19/England/SHEF-CB64B/2020,114,181
hCoV-19/England/SHEF-C930A/2020,114,153
hCoV-19/England/SHEF-C871E/2020,114,196
hCoV-19/England/SHEF-C7032/2020,114,181
hCoV-19/England/SHEF-C3C50/2020,114,153
hCoV-19/England/SHEF-C390E/2020,114,196
hCoV-19/England/PORT-2D0FCE/2020,114,174
hCoV-19/England/PORT-2D0EEF/2020,114,174
hCoV-19/England/PORT-2D0CE5/2020,114,174
hCoV-19/England/PORT-2D0CD6/2020,114,174
hCoV-19/England/PORT-2D0CB8/2020,114,174
hCoV-19/England/PORT-2D0CA9/2020,114,174
hCoV-19/England/PORT-2D0C8B/2020,114,174
hCoV-19/England/OXON-B1C64/2020,114,181
hCoV-19/England/OXON-B1AE2/2020,114,181
hCoV-19/England/OXON-B1806/2020,114,181
hCoV-19/England/OXON-B17EB/2020,114,181
hCoV-19/England/OXON-B148A/2020,114,181
hCoV-19/England/NOTT-112ADF/2020,114,202
hCoV-19/England/NOTT-1125DE/2020,114,189
hCoV-19/England/NOTT-112547/2020,114,189
hCoV-19/England/NORW-EE800/2020,114,196
hCoV-19/England/NORW-EE4FD/2020,114,196
hCoV-19/England/NORW-EE42A/2020,114,196
hCoV-19/England/NORW-EE41B/2020,114,196
hCoV-19/England/NORW-EE387/2020,114,196
hCoV-19/England/NORW-EE369/2020,114,196
hCoV-19/England/NORW-EE30F/2020,114,196
hCoV-19/England/NORW-EE2E4/2020,114,196
hCoV-19/England/NORW-EE24E/2020,114,196
hCoV-19/England/NORW-E9049/2020,114,147
hCoV-19/England/NORW-E901C/2020,114,147
hCoV-19/England/NORW-E8FB6/2020,114,147
hCoV-19/England/NORW-E8F89/2020,114,147
hCoV-19/England/NORW-E8F4D/2020,114,147
hCoV-19/England/NORW-E8EF5/2020,114,147
hCoV-19/England/NORT-299635/2020,114,201
hCoV-19/England/NORT-2995CF/2020,114,201
hCoV-19/England/NORT-2995A1/2020,114,201
hCoV-19/England/NORT-299592/2020,114,201
hCoV-19/England/NORT-299574/2020,114,201
hCoV-19/England/NORT-299565/2020,114,201
hCoV-19/England/NORT-299529/2020,114,201
hCoV-19/England/NORT-29950B/2020,114,201
hCoV-19/England/NORT-2994FF/2020,114,201
hCoV-19/England/NORT-2994D1/2020,114,201
hCoV-19/England/NORT-2994C2/2020,114,201
hCoV-19/England/NORT-2994A4/2020,114,201
hCoV-19/England/NORT-299495/2020,114,201
hCoV-19/England/NORT-299486/2020,114,201
hCoV-19/England/NORT-299477/2020,114,201
hCoV-19/England/NORT-299459/2020,114,201
hCoV-19/England/NORT-29944A/2020,114,201
hCoV-19/England/NORT-2993E3/2020,114,202
hCoV-19/England/NORT-297DBA/2020,114,195
hCoV-19/England/NORT-297D41/2020,114,195
hCoV-19/England/NORT-297D32/2020,114,195
hCoV-19/England/NORT-297D23/2020,114,195
hCoV-19/England/NORT-297D14/2020,114,195
hCoV-19/England/NORT-297C62/2020,114,195
hCoV-19/England/NORT-297BA1/2020,114,195
hCoV-19/England/NORT-297B92/2020,114,195
hCoV-19/England/NORT-297B83/2020,114,195
hCoV-19/England/NORT-297B1A/2020,114,195
hCoV-19/England/NORT-297A59/2020,114,195
hCoV-19/England/NORT-29741F/2020,114,195
hCoV-19/England/NORT-297048/2020,114,195
hCoV-19/England/NORT-29700C/2020,114,195
hCoV-19/England/NORT-291AD7/2020,114,147
hCoV-19/England/NORT-283FD9/2020,114,195
hCoV-19/England/NORT-283FBB/2020,114,195
hCoV-19/England/LOND-D68ED/2020,114,184
hCoV-19/England/LOND-D6865/2020,114,184
hCoV-19/England/LOND-D681A/2020,114,184
hCoV-19/England/LOND-D67FF/2020,114,184
hCoV-19/England/LOND-D67E0/2020,114,184
hCoV-19/England/LOND-D67B3/2020,114,184
hCoV-19/England/LOND-124CD57/2020,114,215
hCoV-19/England/LOND-124CD48/2020,114,215
hCoV-19/England/LOND-124C337/2020,114,201
hCoV-19/England/LIVE-9F7A7/2020,114,174
hCoV-19/England/LIVE-9F76B/2020,114,174
hCoV-19/England/LIVE-9F74D/2020,114,174
hCoV-19/England/LIVE-9CA29/2020,114,132
hCoV-19/England/LIVE-9C959/2020,114,132
hCoV-19/England/LIVE-9C93B/2020,114,132
hCoV-19/England/LEED-2A9ABE/2020,114,260
hCoV-19/England/EXET-136FB8/2020,114,174
hCoV-19/England/EXET-136CDF/2020,114,174
hCoV-19/England/EXET-136C57/2020,114,153
hCoV-19/England/EXET-136B69/2020,114,153
hCoV-19/England/CAMB-8413E/2020,114,132
hCoV-19/England/CAMB-83E47/2020,114,132
hCoV-19/England/CAMB-83DC2/2020,114,132
hCoV-19/England/CAMB-83DB3/2020,114,132
hCoV-19/England/CAMB-83DA4/2020,114,132
hCoV-19/England/CAMB-83D95/2020,114,132
hCoV-19/England/CAMB-82CA8/2020,114,132
hCoV-19/England/CAMB-82C3F/2020,114,132
hCoV-19/England/CAMB-82C11/2020,114,132
hCoV-19/England/CAMB-82BD8/2020,114,132
hCoV-19/England/CAMB-1AD4AE/2020,114,195
hCoV-19/England/CAMB-1AD374/2020,114,195
hCoV-19/England/CAMB-1AD356/2020,114,195
hCoV-19/England/CAMB-1ACFAE/2020,114,195
hCoV-19/England/CAMB-1ACF80/2020,114,195
hCoV-19/England/CAMB-1ACF62/2020,114,195
hCoV-19/England/CAMB-1ACEDE/2020,114,195
hCoV-19/England/CAMB-1ACE74/2020,114,195
hCoV-19/England/CAMB-1ACE56/2020,114,195
hCoV-19/England/CAMB-1AC90A/2020,114,195
hCoV-19/England/CAMB-1AC82B/2020,114,195
hCoV-19/England/CAMB-1AC700/2020,114,195
hCoV-19/England/CAMB-1AC612/2020,114,195
hCoV-19/England/CAMB-1ABF72/2020,114,133
hCoV-19/England/BRIS-12F028/2020,114,195
hCoV-19/England/BRIS-12F019/2020,114,195
hCoV-19/England/BRIS-12EBFB/2020,114,195
hCoV-19/England/BRIS-12EBEC/2020,114,195
hCoV-19/England/BRIS-12EBCE/2020,114,195
hCoV-19/England/BRIS-12EB73/2020,114,195
hCoV-19/England/BRIS-12EB64/2020,114,195
hCoV-19/England/BRIS-12EAEF/2020,114,195
hCoV-19/England/BRIS-12D00C/2020,114,184
hCoV-19/England/BRIS-12CF4C/2020,114,184
hCoV-19/England/BRIS-12CF2E/2020,114,184
hCoV-19/England/BRIS-12CF1F/2020,114,184
hCoV-19/England/BRIS-12CF00/2020,114,184
hCoV-19/England/BRIS-12CEE5/2020,114,184
hCoV-19/England/BRIS-12CEB8/2020,114,184
hCoV-19/England/BRIS-12CEA9/2020,114,184
hCoV-19/England/BRIS-12CE9A/2020,114,184
hCoV-19/England/BRIS-12CE8B/2020,114,184
hCoV-19/England/BRIS-12CE7C/2020,114,184
hCoV-19/England/BRIS-12CE4F/2020,114,184
hCoV-19/England/BRIS-12CE21/2020,114,184
hCoV-19/England/BRIS-12CDE8/2020,114,184
hCoV-19/England/BRIS-12CDCA/2020,114,184
hCoV-19/England/BRIS-127372/2020,114,169
hCoV-19/England/BRIS-127363/2020,114,169
hCoV-19/England/BRIS-127336/2020,114,169
hCoV-19/England/BRIS-1272A2/2020,114,169
hCoV-19/England/BRIS-127275/2020,114,169
hCoV-19/England/BRIS-127239/2020,114,169
hCoV-19/England/BRIS-1271B4/2020,114,169
hCoV-19/England/BRIS-1271A5/2020,114,169
hCoV-19/England/BRIS-127196/2020,114,169
hCoV-19/England/BRIS-127187/2020,114,169
hCoV-19/England/20184026604/2020,114,162
hCoV-19/England/20182004604/2020,114,162
hCoV-19/England/20182001304/2020,114,246
hCoV-19/England/20180044804/2020,114,162
hCoV-19/England/20180032304/2020,114,162
hCoV-19/England/201790456/2020,114,245
hCoV-19/England/20179045004/2020,114,250
hCoV-19/England/20179044704/2020,114,246
hCoV-19/England/20179044604/2020,114,246
hCoV-19/England/20179044204/2020,114,246
hCoV-19/England/20179043704/2020,114,246
hCoV-19/England/20179043604/2020,114,246
hCoV-19/England/20179043304/2020,114,246
hCoV-19/England/20179043204/2020,114,246
hCoV-19/England/20179042804/2020,114,250
hCoV-19/England/201790215/2020,114,211
hCoV-19/England/20178059804/2020,114,250
hCoV-19/Wales/PHWC-35864/2020,115,174
hCoV-19/Wales/PHWC-3580A/2020,115,174
hCoV-19/Wales/PHWC-357FE/2020,115,174
hCoV-19/Wales/PHWC-357EF/2020,115,174
hCoV-19/Wales/PHWC-357D0/2020,115,174
hCoV-19/Wales/PHWC-165026/2020,115,181
hCoV-19/Wales/PHWC-1643B5/2020,115,174
hCoV-19/Wales/PHWC-164230/2020,115,174
hCoV-19/Wales/PHWC-16377E/2020,115,174
hCoV-19/Wales/PHWC-163732/2020,115,174
hCoV-19/Wales/PHWC-163556/2020,115,174
hCoV-19/Wales/PHWC-163538/2020,115,174
hCoV-19/Wales/PHWC-15FDFB/2020,115,174
hCoV-19/Wales/PHWC-15FD64/2020,115,174
hCoV-19/Scotland/EDB5478/2020,115,157
hCoV-19/Scotland/EDB5475/2020,115,157
hCoV-19/Scotland/EDB5474/2020,115,157
hCoV-19/Scotland/EDB5472/2020,115,157
hCoV-19/Scotland/EDB5470/2020,115,157
hCoV-19/Scotland/EDB5469/2020,115,157
hCoV-19/Scotland/EDB5466/2020,115,157
hCoV-19/Scotland/EDB5464/2020,115,157
hCoV-19/Scotland/EDB5090/2020,115,153
hCoV-19/Scotland/EDB5089/2020,115,195
hCoV-19/Scotland/EDB5088/2020,115,153
hCoV-19/Scotland/EDB4366/2020,115,139
hCoV-19/Scotland/EDB4362/2020,115,139
hCoV-19/Scotland/EDB4361/2020,115,139
hCoV-19/Scotland/EDB2661/2020,115,132
hCoV-19/Scotland/EDB2638/2020,115,132
hCoV-19/Scotland/EDB2635/2020,115,132
hCoV-19/Scotland/EDB2634/2020,115,174
hCoV-19/Scotland/EDB2633/2020,115,174
hCoV-19/Scotland/EDB2631/2020,115,132
hCoV-19/Scotland/EDB2629/2020,115,174
hCoV-19/Scotland/EDB2627/2020,115,132
hCoV-19/Scotland/EDB2626/2020,115,174
hCoV-19/Scotland/EDB2620/2020,115,132
hCoV-19/Scotland/EDB2614/2020,115,132
hCoV-19/Scotland/EDB2609/2020,115,132
hCoV-19/Scotland/EDB2608/2020,115,132
hCoV-19/Scotland/EDB2607/2020,115,132
hCoV-19/Scotland/EDB2606/2020,115,132
hCoV-19/Scotland/EDB2605/2020,115,132
hCoV-19/Scotland/CVR3222/2020,115,139
hCoV-19/Scotland/CVR3221/2020,115,139
hCoV-19/Scotland/CVR3216/2020,115,139
hCoV-19/Scotland/CVR3215/2020,115,139
hCoV-19/Scotland/CVR3131/2020,115,132
hCoV-19/Scotland/CVR3116/2020,115,157
hCoV-19/Scotland/CVR3113/2020,115,157
hCoV-19/Scotland/CVR3105/2020,115,157
hCoV-19/Scotland/CVR3103/2020,115,157
hCoV-19/Scotland/CVR3102/2020,115,157
hCoV-19/Scotland/CVR3101/2020,115,157
hCoV-19/Scotland/CVR3097/2020,115,157
hCoV-19/Scotland/CVR3096/2020,115,157
hCoV-19/Scotland/CVR3094/2020,115,132
hCoV-19/Scotland/CVR3093/2020,115,132
hCoV-19/Scotland/CVR3091/2020,115,132
hCoV-19/Scotland/CVR3090/2020,115,132
hCoV-19/Scotland/CVR3089/2020,115,132
hCoV-19/Scotland/CVR3088/2020,115,132
hCoV-19/Scotland/CVR3087/2020,115,132
hCoV-19/Scotland/CVR3086/2020,115,132
hCoV-19/Scotland/CVR3085/2020,115,132
hCoV-19/England/TFCI-2707E8A/2020,115,460
hCoV-19/England/TFCI-270496E/2020,115,404
hCoV-19/England/TFCI-26FA3B9/2020,115,379
hCoV-19/England/TFCI-26FA3AA/2020,115,379
hCoV-19/England/TFCI-26FA39B/2020,115,379
hCoV-19/England/TFCI-26FA38C/2020,115,379
hCoV-19/England/TFCI-26FA37D/2020,115,379
hCoV-19/England/TFCI-26FA36E/2020,115,379
hCoV-19/England/SHEF-D00CD/2020,115,181
hCoV-19/England/SHEF-C8435/2020,115,196
hCoV-19/England/SHEF-C179D/2020,115,153
hCoV-19/England/SHEF-C0A68/2020,115,153
hCoV-19/England/PORT-2CF302/2020,115,147
hCoV-19/England/OXON-B47CA/2020,115,257
hCoV-19/England/OXON-B478E/2020,115,257
hCoV-19/England/OXON-B4715/2020,115,257
hCoV-19/England/OXON-B46FA/2020,115,257
hCoV-19/England/OXON-B36FB/2020,115,257
hCoV-19/England/OXON-B3558/2020,115,257
hCoV-19/England/OXON-B254A/2020,115,181
hCoV-19/England/OXON-B20C1/2020,115,181
hCoV-19/England/OXON-B1DAD/2020,115,181
hCoV-19/England/OXON-B1824/2020,115,181
hCoV-19/England/OXON-B1763/2020,115,181
hCoV-19/England/NOTT-112B45/2020,115,202
hCoV-19/England/NOTT-11235C/2020,115,189
hCoV-19/England/NOTT-112213/2020,115,189
hCoV-19/England/NOTT-110FC3/2020,115,139
hCoV-19/England/NORW-E93AA/2020,115,147
hCoV-19/England/NORW-E9085/2020,115,147
hCoV-19/England/NORW-E9067/2020,115,147
hCoV-19/England/NORW-E902B/2020,115,147
hCoV-19/England/NORW-E900D/2020,115,147
hCoV-19/England/NORW-E8FD4/2020,115,147
hCoV-19/England/NORW-E8F7A/2020,115,147
hCoV-19/England/NORW-E8EB9/2020,115,147
hCoV-19/England/NORW-E8E13/2020,115,147
hCoV-19/England/NORT-2A0413/2020,115,209
hCoV-19/England/NORT-297479/2020,115,195
hCoV-19/England/NORT-29743D/2020,115,195
hCoV-19/England/NORT-296771/2020,115,195
hCoV-19/England/NORT-2966B0/2020,115,195
hCoV-19/England/NORT-2910B7/2020,115,147
hCoV-19/England/MILK-9ECC0D/2020,115,293
hCoV-19/England/LOND-D6A9C/2020,115,157
hCoV-19/England/LOND-D6908/2020,115,184
hCoV-19/England/LOND-132AEB5/2020,115,425
hCoV-19/England/LOND-1286B66/2020,115,383
hCoV-19/England/LIVE-9F75C/2020,115,174
hCoV-19/England/LIVE-9CC05/2020,115,132
hCoV-19/England/LIVE-9CB80/2020,115,132
hCoV-19/England/LIVE-9CB44/2020,115,132
hCoV-19/England/LIVE-9C9B3/2020,115,132
hCoV-19/England/LIVE-9C986/2020,115,132
hCoV-19/England/CAMB-83FF9/2020,115,132
hCoV-19/England/CAMB-83FDB/2020,115,132
hCoV-19/England/CAMB-83FCC/2020,115,132
hCoV-19/England/CAMB-83FAE/2020,115,132
hCoV-19/England/CAMB-83F71/2020,115,132
hCoV-19/England/CAMB-83F53/2020,115,132
hCoV-19/England/CAMB-83F17/2020,115,132
hCoV-19/England/CAMB-83EDE/2020,115,132
hCoV-19/England/CAMB-83EB0/2020,115,132
hCoV-19/England/CAMB-83EA1/2020,115,132
hCoV-19/England/CAMB-83E83/2020,115,132
hCoV-19/England/CAMB-83E29/2020,115,132
hCoV-19/England/CAMB-83E0B/2020,115,132
hCoV-19/England/CAMB-83481/2020,115,132
hCoV-19/England/CAMB-82BBA/2020,115,132
hCoV-19/England/CAMB-82BAB/2020,115,132
hCoV-19/England/CAMB-1ADE73/2020,115,155
hCoV-19/England/CAMB-1ADE37/2020,115,155
hCoV-19/England/CAMB-1ADE19/2020,115,155
hCoV-19/England/CAMB-1ADDC1/2020,115,155
hCoV-19/England/CAMB-1ADD1C/2020,115,155
hCoV-19/England/CAMB-1AD699/2020,115,195
hCoV-19/England/CAMB-1AD67B/2020,115,195
hCoV-19/England/CAMB-1AD63F/2020,115,195
hCoV-19/England/CAMB-1AD5C9/2020,115,195
hCoV-19/England/CAMB-1AD550/2020,115,195
hCoV-19/England/CAMB-1AD4F9/2020,115,195
hCoV-19/England/CAMB-1AD49F/2020,115,195
hCoV-19/England/CAMB-1AD417/2020,115,195
hCoV-19/England/CAMB-1AD3FC/2020,115,195
hCoV-19/England/CAMB-1AD3B0/2020,115,195
hCoV-19/England/CAMB-1AD392/2020,115,195
hCoV-19/England/CAMB-1AD383/2020,115,195
hCoV-19/England/BRIS-1853B20/2020,115,201
hCoV-19/England/BRIS-12F046/2020,115,195
hCoV-19/England/BRIS-12EF68/2020,115,195
hCoV-19/England/BRIS-12EC16/2020,115,195
hCoV-19/England/BRIS-12EBDD/2020,115,195
hCoV-19/England/BRIS-12EBA0/2020,115,195
hCoV-19/England/BRIS-12D163/2020,115,184
hCoV-19/England/BRIS-12D118/2020,115,184
hCoV-19/England/BRIS-12D109/2020,115,184
hCoV-19/England/BRIS-12D0DF/2020,115,184
hCoV-19/England/BRIS-12D0C0/2020,115,184
hCoV-19/England/BRIS-12D0B1/2020,115,184
hCoV-19/England/BRIS-12D093/2020,115,184
hCoV-19/England/BRIS-12D01B/2020,115,184
hCoV-19/England/BRIS-12CFF1/2020,115,184
hCoV-19/England/BRIS-12CFE2/2020,115,184
hCoV-19/England/BRIS-12CFD3/2020,115,184
hCoV-19/England/BRIS-12CFC4/2020,115,184
hCoV-19/England/BRIS-12CFB5/2020,115,184
hCoV-19/England/BRIS-12CFA6/2020,115,184
hCoV-19/England/BRIS-12CF97/2020,115,184
hCoV-19/England/BRIS-12CF88/2020,115,184
hCoV-19/England/BRIS-12CF79/2020,115,184
hCoV-19/England/BRIS-12CF6A/2020,115,184
hCoV-19/England/201790473/2020,115,245
hCoV-19/England/201790472/2020,115,245
hCoV-19/England/201790463/2020,115,245
hCoV-19/England/201790460/2020,115,245
hCoV-19/England/201790455/2020,115,245
hCoV-19/England/201790453/2020,115,245
hCoV-19/England/20179044904/2020,115,250
hCoV-19/England/20179044804/2020,115,246
hCoV-19/England/20179044504/2020,115,250
hCoV-19/England/20179044404/2020,115,246
hCoV-19/England/20179044304/2020,115,246
hCoV-19/England/20179043904/2020,115,246
hCoV-19/England/20179043804/2020,115,246
hCoV-19/England/20179043504/2020,115,246
