hCoV-19/Wales/PHWC-169981/2020,200,223
hCoV-19/Wales/PHWC-1698EE/2020,200,223
hCoV-19/Wales/PHWC-1698A2/2020,200,223
hCoV-19/Wales/PHWC-169857/2020,200,223
hCoV-19/Wales/PHWC-1697A5/2020,200,223
hCoV-19/Scotland/QEUH-89D1C1/2020,200,254
hCoV-19/Scotland/QEUH-89BBD4/2020,200,254
hCoV-19/Scotland/QEUH-89AAD8/2020,200,254
hCoV-19/Scotland/QEUH-7B19B1/2020,200,254
hCoV-19/Scotland/QEUH-7B18C3/2020,200,254
hCoV-19/Scotland/QEUH-7B078B/2020,200,254
hCoV-19/England/QEUH-89A847/2020,200,254
hCoV-19/England/QEUH-883C81/2020,200,254
hCoV-19/England/QEUH-7F31BB/2020,200,254
hCoV-19/England/QEUH-7EDA7D/2020,200,254
hCoV-19/England/QEUH-7ED846/2020,200,254
hCoV-19/England/QEUH-7EC531/2020,200,254
hCoV-19/England/QEUH-7E54E0/2020,200,254
hCoV-19/England/QEUH-7DAB61/2020,200,254
hCoV-19/England/QEUH-7D9C41/2020,200,254
hCoV-19/England/QEUH-7C9C08/2020,200,254
hCoV-19/England/QEUH-7AF673/2020,200,254
hCoV-19/England/QEUH-7532A7/2020,200,254
hCoV-19/England/NORT-293DDC/2020,200,278
hCoV-19/England/MILK-975BB1/2020,200,271
hCoV-19/England/MILK-87BC04/2020,200,271
hCoV-19/England/MILK-87B6F7/2020,200,271
hCoV-19/England/MILK-87A35B/2020,200,271
hCoV-19/England/MILK-879671/2020,200,271
hCoV-19/England/MILK-878F95/2020,200,271
hCoV-19/England/MILK-878C34/2020,200,271
hCoV-19/England/MILK-8781DB/2020,200,271
hCoV-19/England/MILK-877A59/2020,200,271
hCoV-19/England/MILK-876BA2/2020,200,271
hCoV-19/England/MILK-874E6F/2020,200,271
hCoV-19/England/MILK-854F26/2020,200,271
hCoV-19/England/CAMC-94AAB8/2020,200,271
hCoV-19/England/CAMC-94A739/2020,200,271
hCoV-19/England/CAMC-949C68/2020,200,271
hCoV-19/England/CAMC-9496F1/2020,200,271
hCoV-19/England/CAMC-948276/2020,200,271
hCoV-19/England/CAMC-9418F3/2020,200,271
hCoV-19/England/BIRM-623D6/2020,200,253
hCoV-19/Wales/PHWC-1697E1/2020,201,223
hCoV-19/Wales/PHWC-16974B/2020,201,223
hCoV-19/Wales/PHWC-16972D/2020,201,223
hCoV-19/Wales/PHWC-16971E/2020,201,223
hCoV-19/Wales/PHWC-1696A8/2020,201,223
hCoV-19/Wales/PHWC-16964E/2020,201,223
hCoV-19/Wales/PHWC-16963F/2020,201,223
hCoV-19/Wales/PHWC-169620/2020,201,223
hCoV-19/Wales/PHWC-1695BA/2020,201,223
hCoV-19/Wales/CAMC-9484E9/2020,201,271
hCoV-19/Scotland/QEUH-7FDED8/2020,201,254
hCoV-19/Scotland/QEUH-7FD48B/2020,201,254
hCoV-19/Scotland/QEUH-7AC3BB/2020,201,254
hCoV-19/Scotland/QEUH-7AC1A2/2020,201,254
hCoV-19/Scotland/CAMC-94907B/2020,201,274
hCoV-19/England/QEUH-8AACC0/2020,201,254
hCoV-19/England/QEUH-7FE226/2020,201,254
hCoV-19/England/QEUH-7FDAB6/2020,201,254
hCoV-19/England/QEUH-7F8FAD/2020,201,254
hCoV-19/England/QEUH-7EACF2/2020,201,254
hCoV-19/England/QEUH-7DADD4/2020,201,254
hCoV-19/England/QEUH-7CBF67/2020,201,254
hCoV-19/England/QEUH-7CBAFD/2020,201,254
hCoV-19/England/QEUH-7C91EB/2020,201,254
hCoV-19/England/QEUH-7BE170/2020,201,254
hCoV-19/England/QEUH-7AB5D4/2020,201,254
hCoV-19/England/NORT-293E60/2020,201,278
hCoV-19/England/NORT-293E24/2020,201,278
hCoV-19/England/NORT-293E06/2020,201,278
hCoV-19/England/MILK-876A1E/2020,201,271
hCoV-19/England/MILK-875DCB/2020,201,271
hCoV-19/England/MILK-874069/2020,201,271
hCoV-19/England/MILK-873B4B/2020,201,271
hCoV-19/England/MILK-8731C1/2020,201,271
hCoV-19/England/LIVE-A9528/2020,201,244
hCoV-19/England/LIVE-A93C4/2020,201,244
hCoV-19/England/CAMC-94C209/2020,201,271
hCoV-19/England/CAMC-94B71A/2020,201,271
hCoV-19/England/CAMC-94B246/2020,201,271
hCoV-19/England/CAMC-94B02E/2020,201,271
hCoV-19/England/CAMC-94A784/2020,201,271
hCoV-19/England/CAMC-949F32/2020,201,271
hCoV-19/England/CAMC-949679/2020,201,271
hCoV-19/England/CAMC-948BF3/2020,201,271
hCoV-19/England/CAMC-9488FC/2020,201,271
hCoV-19/England/CAMC-948829/2020,201,271
hCoV-19/England/CAMC-948328/2020,201,271
hCoV-19/England/CAMC-948258/2020,201,271
hCoV-19/England/CAMC-94811F/2020,201,271
hCoV-19/England/CAMC-94807C/2020,201,271
hCoV-19/England/CAMC-947F70/2020,201,271
hCoV-19/England/CAMC-947E55/2020,201,271
hCoV-19/England/CAMC-947E46/2020,201,271
hCoV-19/England/CAMC-947D67/2020,201,271
hCoV-19/England/CAMC-947AF7/2020,201,271
hCoV-19/England/CAMC-947A7F/2020,201,271
hCoV-19/England/CAMC-947A24/2020,201,271
hCoV-19/England/CAMC-9479AF/2020,201,271
hCoV-19/England/CAMC-9475E7/2020,201,271
hCoV-19/England/CAMC-94759C/2020,201,271
hCoV-19/England/CAMC-947004/2020,201,271
hCoV-19/England/CAMC-946FEA/2020,201,271
hCoV-19/England/CAMC-942A56/2020,201,271
hCoV-19/England/CAMC-9424EF/2020,201,271
hCoV-19/England/CAMC-941B18/2020,201,271
hCoV-19/England/CAMC-941592/2020,201,271
hCoV-19/England/ALDP-983576/2020,201,253
hCoV-19/England/ALDP-983303/2020,201,253
hCoV-19/England/ALDP-9832F7/2020,201,253
hCoV-19/Wales/PHWC-169B12/2020,202,236
hCoV-19/Wales/PHWC-169927/2020,202,223
hCoV-19/Wales/PHWC-16980C/2020,202,223
hCoV-19/Wales/PHWC-1695F6/2020,202,223
hCoV-19/Scotland/QEUH-7FA169/2020,202,254
hCoV-19/Scotland/QEUH-7F0E4E/2020,202,254
hCoV-19/England/SHEF-C33B5/2020,202,236
hCoV-19/England/QEUH-8AEDC9/2020,202,254
hCoV-19/England/QEUH-89EA01/2020,202,254
hCoV-19/England/QEUH-87FF70/2020,202,254
hCoV-19/England/QEUH-7FA916/2020,202,254
hCoV-19/England/QEUH-7F9C78/2020,202,254
hCoV-19/England/QEUH-7F9AAB/2020,202,254
hCoV-19/England/QEUH-7F5BD9/2020,202,254
hCoV-19/England/QEUH-7F000C/2020,202,254
hCoV-19/England/QEUH-7E1E31/2020,202,254
hCoV-19/England/QEUH-7BE5B0/2020,202,254
hCoV-19/England/NORT-293F21/2020,202,278
hCoV-19/England/NORT-286167/2020,202,278
hCoV-19/England/MILK-85FE79/2020,202,271
hCoV-19/England/LIVE-A94D0/2020,202,244
hCoV-19/England/LIVE-A9485/2020,202,244
hCoV-19/England/LIVE-A9397/2020,202,244
hCoV-19/England/CAMC-94C245/2020,202,271
hCoV-19/England/CAMC-949EBD/2020,202,271
hCoV-19/England/CAMC-949E62/2020,202,271
hCoV-19/England/CAMC-9488ED/2020,202,271
hCoV-19/England/CAMC-94867A/2020,202,271
hCoV-19/England/CAMC-948452/2020,202,271
hCoV-19/England/CAMC-94822B/2020,202,271
hCoV-19/England/CAMC-9481F1/2020,202,271
hCoV-19/England/CAMC-9481B5/2020,202,271
hCoV-19/England/CAMC-94809A/2020,202,271
hCoV-19/England/CAMC-947A60/2020,202,271
hCoV-19/England/CAMC-9478B1/2020,202,271
hCoV-19/England/CAMC-9473DE/2020,202,271
hCoV-19/England/CAMC-9472D1/2020,202,271
hCoV-19/England/CAMC-9470D7/2020,202,271
hCoV-19/England/CAMC-946F17/2020,202,271
hCoV-19/England/CAMC-943080/2020,202,271
hCoV-19/England/CAMC-942BBD/2020,202,271
hCoV-19/England/CAMC-942713/2020,202,271
hCoV-19/England/CAMC-942582/2020,202,271
hCoV-19/England/CAMC-942555/2020,202,271
hCoV-19/England/CAMC-942115/2020,202,271
hCoV-19/England/CAMC-941987/2020,202,271
hCoV-19/England/ALDP-983215/2020,202,253
hCoV-19/England/ALDP-97D6A9/2020,202,244
hCoV-19/England/203060269/2020,202,274
hCoV-19/Wales/QEUH-8AED32/2020,203,254
hCoV-19/Wales/QEUH-8ADD60/2020,203,254
hCoV-19/Wales/QEUH-8AD2BC/2020,203,254
hCoV-19/Wales/PHWC-1699AF/2020,203,223
hCoV-19/Wales/PHWC-169972/2020,203,223
hCoV-19/Wales/PHWC-169945/2020,203,223
hCoV-19/Wales/PHWC-1695E7/2020,203,223
hCoV-19/Wales/CAMC-94771E/2020,203,271
hCoV-19/England/QEUH-8AE7E9/2020,203,254
hCoV-19/England/QEUH-8AE3B8/2020,203,254
hCoV-19/England/QEUH-8ACBB2/2020,203,254
hCoV-19/England/QEUH-8AC305/2020,203,254
hCoV-19/England/QEUH-8A6BD6/2020,203,254
hCoV-19/England/QEUH-880E33/2020,203,254
hCoV-19/England/QEUH-7E5E6A/2020,203,254
hCoV-19/England/QEUH-7E5CBB/2020,203,254
hCoV-19/England/QEUH-7E2735/2020,203,254
hCoV-19/England/QEUH-7D6813/2020,203,254
hCoV-19/England/QEUH-7CA0DE/2020,203,254
hCoV-19/England/QEUH-7C9048/2020,203,254
hCoV-19/England/QEUH-7C8EF4/2020,203,254
hCoV-19/England/QEUH-7C8CEB/2020,203,254
hCoV-19/England/QEUH-7C016C/2020,203,254
hCoV-19/England/QEUH-7BFF75/2020,203,254
hCoV-19/England/QEUH-7B91A2/2020,203,254
hCoV-19/England/QEUH-7B903C/2020,203,254
hCoV-19/England/QEUH-7B8F9A/2020,203,254
hCoV-19/England/QEUH-7B8F21/2020,203,254
hCoV-19/England/QEUH-7B810D/2020,203,254
hCoV-19/England/QEUH-7B73CC/2020,203,254
hCoV-19/England/QEUH-7B6767/2020,203,254
hCoV-19/England/QEUH-7B655E/2020,203,254
hCoV-19/England/NOTT-112E2E/2020,203,223
hCoV-19/England/NORT-293FB8/2020,203,278
hCoV-19/England/MILK-9777E8/2020,203,271
hCoV-19/England/LIVE-A9E69/2020,203,236
hCoV-19/England/LIVE-A9731/2020,203,244
hCoV-19/England/LIVE-A9722/2020,203,244
hCoV-19/England/LIVE-A9713/2020,203,244
hCoV-19/England/CAMC-94BE51/2020,203,271
hCoV-19/England/CAMC-949E08/2020,203,271
hCoV-19/England/CAMC-949925/2020,203,271
hCoV-19/England/CAMC-94971C/2020,203,271
hCoV-19/England/CAMC-948E36/2020,203,271
hCoV-19/England/CAMC-9486E3/2020,203,271
hCoV-19/England/CAMC-947F16/2020,203,271
hCoV-19/England/CAMC-947A15/2020,203,271
hCoV-19/England/CAMC-94774B/2020,203,271
hCoV-19/England/CAMC-946FDB/2020,203,271
hCoV-19/England/CAMC-943017/2020,203,271
hCoV-19/England/CAMC-942EB4/2020,203,271
hCoV-19/England/CAMC-942E0F/2020,203,271
hCoV-19/England/CAMC-942A83/2020,203,271
hCoV-19/England/CAMC-94286B/2020,203,271
hCoV-19/England/CAMC-94224F/2020,203,271
hCoV-19/England/CAMC-942009/2020,203,271
hCoV-19/England/CAMC-941FD0/2020,203,271
hCoV-19/England/CAMC-941F3A/2020,203,271
hCoV-19/England/CAMC-941D4F/2020,203,271
hCoV-19/England/CAMC-941C60/2020,203,271
hCoV-19/England/CAMC-941A39/2020,203,271
hCoV-19/England/CAMC-9418C6/2020,203,271
hCoV-19/England/CAMC-9417AB/2020,203,271
hCoV-19/England/CAMC-94169F/2020,203,271
hCoV-19/England/CAMC-9415B0/2020,203,271
hCoV-19/England/CAMC-941529/2020,203,271
hCoV-19/England/CAMC-9414FF/2020,203,271
hCoV-19/England/CAMC-9412F5/2020,203,271
hCoV-19/England/ALDP-97DE0B/2020,203,244
hCoV-19/England/ALDP-97DDB3/2020,203,244
hCoV-19/England/ALDP-97DD4A/2020,203,244
hCoV-19/England/ALDP-97DCD4/2020,203,244
hCoV-19/England/ALDP-97DCC5/2020,203,244
hCoV-19/Wales/QEUH-8ADF3D/2020,204,254
hCoV-19/Wales/PHWC-1699BE/2020,204,223
hCoV-19/Wales/PHWC-169936/2020,204,223
hCoV-19/Wales/PHWC-16982A/2020,204,223
hCoV-19/Scotland/QEUH-7D36D0/2020,204,254
hCoV-19/Scotland/QEUH-7D35A6/2020,204,254
hCoV-19/Scotland/QEUH-7C5AB7/2020,204,254
hCoV-19/England/QEUH-961471/2020,204,259
hCoV-19/England/QEUH-8AFCE9/2020,204,254
hCoV-19/England/QEUH-8AFBFB/2020,204,254
hCoV-19/England/QEUH-8AE94D/2020,204,254
hCoV-19/England/QEUH-8A971B/2020,204,254
hCoV-19/England/QEUH-8A6B7C/2020,204,254
hCoV-19/England/QEUH-8A02F5/2020,204,254
hCoV-19/England/QEUH-8979B0/2020,204,254
hCoV-19/England/QEUH-889CA9/2020,204,254
hCoV-19/England/QEUH-8885FA/2020,204,254
hCoV-19/England/QEUH-885663/2020,204,254
hCoV-19/England/QEUH-8854C3/2020,204,254
hCoV-19/England/QEUH-884804/2020,204,254
hCoV-19/England/QEUH-8830EF/2020,204,254
hCoV-19/England/QEUH-8819C8/2020,204,254
hCoV-19/England/QEUH-881342/2020,204,254
hCoV-19/England/QEUH-87FDB2/2020,204,254
hCoV-19/England/QEUH-7EE8DC/2020,204,254
hCoV-19/England/QEUH-7D35C4/2020,204,254
hCoV-19/England/QEUH-7D2923/2020,204,254
hCoV-19/England/QEUH-7C86B0/2020,204,254
hCoV-19/England/QEUH-7BBA0F/2020,204,254
hCoV-19/England/QEUH-7BB805/2020,204,254
hCoV-19/England/NORT-2A4330/2020,204,278
hCoV-19/England/NORT-29400F/2020,204,278
hCoV-19/England/NORT-293FF4/2020,204,278
hCoV-19/England/MILK-9777BB/2020,204,271
hCoV-19/England/MILK-97779D/2020,204,271
hCoV-19/England/MILK-9772C9/2020,204,244
hCoV-19/England/LIVE-AA9D0/2020,204,264
hCoV-19/England/LIVE-A9F1B/2020,204,236
hCoV-19/England/LIVE-A97F5/2020,204,257
hCoV-19/England/LIVE-A97C8/2020,204,257
hCoV-19/England/LIVE-A94EF/2020,204,244
hCoV-19/England/LIVE-A935B/2020,204,244
hCoV-19/England/CAMC-949390/2020,204,271
hCoV-19/England/CAMC-948F33/2020,204,271
hCoV-19/England/CAMC-943062/2020,204,271
hCoV-19/England/CAMC-943053/2020,204,271
hCoV-19/England/CAMC-942FFD/2020,204,271
hCoV-19/England/CAMC-942D11/2020,204,271
hCoV-19/England/CAMC-942CC9/2020,204,271
hCoV-19/England/CAMC-942AFC/2020,204,271
hCoV-19/England/CAMC-942A29/2020,204,271
hCoV-19/England/CAMC-942968/2020,204,271
hCoV-19/England/CAMC-9425EC/2020,204,271
hCoV-19/England/CAMC-9422D6/2020,204,271
hCoV-19/England/CAMC-9421F7/2020,204,271
hCoV-19/England/CAMC-942036/2020,204,271
hCoV-19/England/CAMC-941C8E/2020,204,271
hCoV-19/England/CAMC-941C24/2020,204,271
hCoV-19/England/CAMC-941BAF/2020,204,271
hCoV-19/England/CAMC-941A66/2020,204,271
hCoV-19/England/CAMC-941899/2020,204,271
hCoV-19/England/CAMC-941635/2020,204,271
hCoV-19/England/CAMC-941608/2020,204,271
hCoV-19/England/CAMC-9413B6/2020,204,271
hCoV-19/England/CAMC-941398/2020,204,271
hCoV-19/England/CAMC-94137A/2020,204,271
hCoV-19/England/BIRM-602BD/2020,204,253
hCoV-19/England/ALDP-98CDFD/2020,204,257
hCoV-19/Wales/PHWC-169B03/2020,205,236
hCoV-19/Wales/PHWC-169990/2020,205,223
hCoV-19/Wales/PHWC-16981B/2020,205,223
hCoV-19/Wales/PHWC-169778/2020,205,223
hCoV-19/Wales/PHWC-1696C6/2020,205,223
hCoV-19/Wales/PHWC-1696B7/2020,205,223
hCoV-19/Wales/PHWC-16966C/2020,205,223
hCoV-19/Wales/MILK-9775C0/2020,205,271
hCoV-19/Scotland/QEUH-8A6523/2020,205,254
hCoV-19/Scotland/QEUH-7BC303/2020,205,254
hCoV-19/Scotland/QEUH-7BADF8/2020,205,254
hCoV-19/Scotland/QEUH-7B57D1/2020,205,254
hCoV-19/England/QEUH-94119E/2020,205,254
hCoV-19/England/QEUH-8AF5DF/2020,205,254
hCoV-19/England/QEUH-8AF029/2020,205,254
hCoV-19/England/QEUH-8AE576/2020,205,254
hCoV-19/England/QEUH-8AD331/2020,205,254
hCoV-19/England/QEUH-8A7D84/2020,205,254
hCoV-19/England/QEUH-8A7D1B/2020,205,254
hCoV-19/England/QEUH-8A6514/2020,205,254
hCoV-19/England/QEUH-8A08E4/2020,205,254
hCoV-19/England/QEUH-8A03C5/2020,205,254
hCoV-19/England/QEUH-89F411/2020,205,254
hCoV-19/England/QEUH-89E315/2020,205,254
hCoV-19/England/QEUH-89E2AF/2020,205,254
hCoV-19/England/QEUH-89D729/2020,205,254
hCoV-19/England/QEUH-89AE36/2020,205,254
hCoV-19/England/QEUH-8988EF/2020,205,254
hCoV-19/England/QEUH-89531E/2020,205,254
hCoV-19/England/QEUH-894D5D/2020,205,254
hCoV-19/England/QEUH-894CE7/2020,205,254
hCoV-19/England/QEUH-893E5B/2020,205,254
hCoV-19/England/QEUH-888396/2020,205,254
hCoV-19/England/QEUH-887160/2020,205,254
hCoV-19/England/QEUH-886D12/2020,205,254
hCoV-19/England/QEUH-886BEB/2020,205,254
hCoV-19/England/QEUH-882059/2020,205,254
hCoV-19/England/QEUH-881D53/2020,205,254
hCoV-19/England/QEUH-881403/2020,205,254
hCoV-19/England/QEUH-87F611/2020,205,254
hCoV-19/England/QEUH-7D447B/2020,205,254
hCoV-19/England/NORT-294166/2020,205,278
hCoV-19/England/MILK-9779A6/2020,205,271
hCoV-19/England/MILK-9776EB/2020,205,271
hCoV-19/England/MILK-977663/2020,205,244
hCoV-19/England/MILK-977645/2020,205,271
hCoV-19/England/MILK-977627/2020,205,271
hCoV-19/England/MILK-9775FD/2020,205,271
hCoV-19/England/MILK-977593/2020,205,271
hCoV-19/England/MILK-977575/2020,205,271
hCoV-19/England/MILK-977566/2020,205,271
hCoV-19/England/MILK-977548/2020,205,271
hCoV-19/England/MILK-97752A/2020,205,271
hCoV-19/England/MILK-977487/2020,205,271
hCoV-19/England/MILK-977469/2020,205,271
hCoV-19/England/MILK-97743C/2020,205,244
hCoV-19/England/MILK-97742D/2020,205,244
hCoV-19/England/MILK-97741E/2020,205,271
hCoV-19/England/MILK-9773E4/2020,205,271
hCoV-19/England/MILK-9773C6/2020,205,244
hCoV-19/England/MILK-9773B7/2020,205,271
hCoV-19/England/MILK-977399/2020,205,271
hCoV-19/England/MILK-97738A/2020,205,271
hCoV-19/England/MILK-97737B/2020,205,271
hCoV-19/England/MILK-97733F/2020,205,271
hCoV-19/England/LIVE-A97D7/2020,205,257
hCoV-19/England/LIVE-A9564/2020,205,244
hCoV-19/England/LIVE-A93A6/2020,205,244
hCoV-19/England/CAMC-94B64A/2020,205,271
hCoV-19/England/CAMC-94B1FE/2020,205,271
hCoV-19/England/CAMC-94B03D/2020,205,271
hCoV-19/England/CAMC-94A1C2/2020,205,271
hCoV-19/England/CAMC-949239/2020,205,271
hCoV-19/England/CAMC-947471/2020,205,271
hCoV-19/England/CAMC-94323F/2020,205,271
hCoV-19/England/CAMC-942F2A/2020,205,271
hCoV-19/England/CAMC-942CBA/2020,205,271
hCoV-19/England/CAMC-942054/2020,205,271
hCoV-19/England/CAMC-941D12/2020,205,271
hCoV-19/England/CAMC-941BBE/2020,205,271
hCoV-19/England/CAMC-941671/2020,205,271
hCoV-19/England/ALDP-97E040/2020,205,244
hCoV-19/England/ALDP-97DEA1/2020,205,253
hCoV-19/Wales/QEUH-9411AD/2020,206,254
hCoV-19/Wales/PHWC-1699CD/2020,206,223
hCoV-19/Wales/PHWC-1698B1/2020,206,223
hCoV-19/Wales/PHWC-169848/2020,206,223
hCoV-19/Wales/PHWC-169839/2020,206,223
hCoV-19/Wales/PHWC-1696D5/2020,206,223
hCoV-19/Wales/PHWC-1695D8/2020,206,223
hCoV-19/Scotland/QEUH-87EF35/2020,206,254
hCoV-19/Scotland/CVR3957/2020,206,223
hCoV-19/England/QEUH-94378B/2020,206,254
hCoV-19/England/QEUH-8A8EEA/2020,206,254
hCoV-19/England/QEUH-89EBA4/2020,206,254
hCoV-19/England/QEUH-89E9AA/2020,206,254
hCoV-19/England/QEUH-89A434/2020,206,254
hCoV-19/England/QEUH-899383/2020,206,254
hCoV-19/England/QEUH-896F37/2020,206,254
hCoV-19/England/QEUH-896B33/2020,206,254
hCoV-19/England/QEUH-89523F/2020,206,254
hCoV-19/England/QEUH-892E89/2020,206,254
hCoV-19/England/QEUH-885FE0/2020,206,254
hCoV-19/England/QEUH-884D8D/2020,206,254
hCoV-19/England/QEUH-881BC2/2020,206,254
hCoV-19/England/QEUH-87F408/2020,206,254
hCoV-19/England/QEUH-87F15C/2020,206,254
hCoV-19/England/QEUH-87D4CE/2020,206,254
hCoV-19/England/NORT-29412A/2020,206,278
hCoV-19/England/MILK-977979/2020,206,271
hCoV-19/England/MILK-97794C/2020,206,271
hCoV-19/England/MILK-97788B/2020,206,271
hCoV-19/England/MILK-97787C/2020,206,271
hCoV-19/England/LIVE-A9634/2020,206,244
hCoV-19/England/LIVE-A943A/2020,206,244
hCoV-19/England/CAMC-94B6FF/2020,206,271
hCoV-19/England/CAMC-94B6D1/2020,206,271
hCoV-19/England/CAMC-94B4E6/2020,206,271
hCoV-19/England/CAMC-94AD37/2020,206,271
hCoV-19/England/CAMC-949CFF/2020,206,271
hCoV-19/England/CAMC-9499E9/2020,206,271
hCoV-19/England/CAMC-949372/2020,206,271
hCoV-19/England/CAMC-9490E4/2020,206,271
hCoV-19/England/CAMC-948E27/2020,206,271
hCoV-19/England/CAMC-948CC3/2020,206,271
hCoV-19/England/CAMC-94328A/2020,206,271
hCoV-19/England/CAMC-942063/2020,206,271
hCoV-19/England/CAMC-941A75/2020,206,271
hCoV-19/England/ALDP-97DEDE/2020,206,253
