hCoV-19/Scotland/QEUH-961EDD/2020,214,254
hCoV-19/Scotland/QEUH-961BB8/2020,214,257
hCoV-19/Scotland/QEUH-94375E/2020,214,254
hCoV-19/Scotland/QEUH-943712/2020,214,254
hCoV-19/Scotland/QEUH-943703/2020,214,254
hCoV-19/Scotland/QEUH-9436E8/2020,214,254
hCoV-19/Scotland/EDB7088/2020,214,229
hCoV-19/Scotland/EDB7086/2020,214,229
hCoV-19/Scotland/EDB7084/2020,214,229
hCoV-19/Scotland/EDB7081/2020,214,229
hCoV-19/Scotland/EDB7080/2020,214,229
hCoV-19/Scotland/EDB7079/2020,214,229
hCoV-19/England/SHEF-CFBC0/2020,214,236
hCoV-19/England/QEUH-9B4A13/2020,214,293
hCoV-19/England/QEUH-96C670/2020,214,254
hCoV-19/England/QEUH-961DA3/2020,214,259
hCoV-19/England/QEUH-961D94/2020,214,259
hCoV-19/England/QEUH-961D3A/2020,214,259
hCoV-19/England/QEUH-961B12/2020,214,259
hCoV-19/England/QEUH-961B03/2020,214,259
hCoV-19/England/QEUH-961AF7/2020,214,259
hCoV-19/England/QEUH-961AE8/2020,214,259
hCoV-19/England/QEUH-961A8E/2020,214,259
hCoV-19/England/QEUH-961A7F/2020,214,259
hCoV-19/England/QEUH-961A06/2020,214,259
hCoV-19/England/QEUH-9619AF/2020,214,259
hCoV-19/England/QEUH-961893/2020,214,259
hCoV-19/England/QEUH-961857/2020,214,259
hCoV-19/England/QEUH-9617C3/2020,214,259
hCoV-19/England/QEUH-9616A8/2020,214,259
hCoV-19/England/QEUH-961602/2020,214,259
hCoV-19/England/QEUH-9614BD/2020,214,259
hCoV-19/England/QEUH-9614AE/2020,214,259
hCoV-19/England/QEUH-961286/2020,214,254
hCoV-19/England/QEUH-9611E3/2020,214,254
hCoV-19/England/QEUH-96107D/2020,214,254
hCoV-19/England/QEUH-96106E/2020,214,254
hCoV-19/England/QEUH-960FAE/2020,214,254
hCoV-19/England/QEUH-960F71/2020,214,254
hCoV-19/England/QEUH-960CD4/2020,214,254
hCoV-19/England/QEUH-960C98/2020,214,254
hCoV-19/England/QEUH-960C5C/2020,214,254
hCoV-19/England/QEUH-960B8C/2020,214,254
hCoV-19/England/QEUH-960B31/2020,214,254
hCoV-19/England/QEUH-960B13/2020,214,287
hCoV-19/England/QEUH-960AAD/2020,214,254
hCoV-19/England/QEUH-9608B2/2020,214,254
hCoV-19/England/QEUH-96080D/2020,214,254
hCoV-19/England/QEUH-9605AC/2020,214,254
hCoV-19/England/QEUH-96059D/2020,214,254
hCoV-19/England/QEUH-960366/2020,214,254
hCoV-19/England/QEUH-960339/2020,214,254
hCoV-19/England/QEUH-9602C3/2020,214,254
hCoV-19/England/QEUH-960296/2020,214,254
hCoV-19/England/QEUH-9601B7/2020,214,254
hCoV-19/England/QEUH-95FC6F/2020,214,254
hCoV-19/England/QEUH-95FC23/2020,214,254
hCoV-19/England/QEUH-95FB17/2020,214,254
hCoV-19/England/QEUH-95FB08/2020,214,254
hCoV-19/England/QEUH-95FAED/2020,214,254
hCoV-19/England/QEUH-95FA83/2020,214,254
hCoV-19/England/QEUH-95FA38/2020,214,254
hCoV-19/England/NORT-286185/2020,214,278
hCoV-19/England/NORT-286176/2020,214,278
hCoV-19/England/MILK-9A6AF6/2020,214,271
hCoV-19/England/LOND-D9C66/2020,214,307
hCoV-19/England/CAMB-1B55CE/2020,214,229
hCoV-19/England/BIRM-63584/2020,214,253
hCoV-19/Wales/QEUH-96163F/2020,215,259
hCoV-19/Wales/QEUH-961040/2020,215,254
hCoV-19/Wales/PHWC-169B6D/2020,215,236
hCoV-19/Wales/PHWC-169AE8/2020,215,229
hCoV-19/Scotland/QEUH-961E37/2020,215,257
hCoV-19/Scotland/QEUH-96115C/2020,215,254
hCoV-19/Scotland/QEUH-96112F/2020,215,254
hCoV-19/Scotland/EDB7155/2020,215,229
hCoV-19/Scotland/EDB7116/2020,215,229
hCoV-19/Scotland/EDB7111/2020,215,229
hCoV-19/Scotland/EDB7110/2020,215,229
hCoV-19/Scotland/EDB7105/2020,215,229
hCoV-19/Scotland/EDB7104/2020,215,229
hCoV-19/Scotland/EDB7103/2020,215,229
hCoV-19/Scotland/EDB7102/2020,215,229
hCoV-19/Scotland/EDB7101/2020,215,229
hCoV-19/Scotland/EDB7094/2020,215,229
hCoV-19/Scotland/EDB7092/2020,215,229
hCoV-19/Scotland/EDB7076/2020,215,229
hCoV-19/Scotland/CVR3962/2020,215,229
hCoV-19/England/QEUH-961DFE/2020,215,259
hCoV-19/England/QEUH-961CA6/2020,215,259
hCoV-19/England/QEUH-961B21/2020,215,259
hCoV-19/England/QEUH-961A24/2020,215,259
hCoV-19/England/QEUH-961A15/2020,215,259
hCoV-19/England/QEUH-961963/2020,215,259
hCoV-19/England/QEUH-9618EE/2020,215,259
hCoV-19/England/QEUH-961866/2020,215,259
hCoV-19/England/QEUH-96181B/2020,215,259
hCoV-19/England/QEUH-961778/2020,215,259
hCoV-19/England/QEUH-96170F/2020,215,259
hCoV-19/England/QEUH-9616F3/2020,215,259
hCoV-19/England/QEUH-9616D5/2020,215,259
hCoV-19/England/QEUH-9616C6/2020,215,259
hCoV-19/England/QEUH-96168A/2020,215,259
hCoV-19/England/QEUH-9615E7/2020,215,259
hCoV-19/England/QEUH-9615AB/2020,215,259
hCoV-19/England/QEUH-961514/2020,215,259
hCoV-19/England/QEUH-9614EA/2020,215,259
hCoV-19/England/QEUH-961426/2020,215,259
hCoV-19/England/QEUH-9612D1/2020,215,254
hCoV-19/England/QEUH-9612C2/2020,215,254
hCoV-19/England/QEUH-9612B3/2020,215,254
hCoV-19/England/QEUH-961295/2020,215,254
hCoV-19/England/QEUH-96124A/2020,215,254
hCoV-19/England/QEUH-961022/2020,215,254
hCoV-19/England/QEUH-960D86/2020,215,254
hCoV-19/England/QEUH-960B7D/2020,215,254
hCoV-19/England/QEUH-960A16/2020,215,254
hCoV-19/England/QEUH-9608FE/2020,215,254
hCoV-19/England/QEUH-9608EF/2020,215,254
hCoV-19/England/QEUH-9607F1/2020,215,254
hCoV-19/England/QEUH-9606D6/2020,215,254
hCoV-19/England/QEUH-9606C7/2020,215,254
hCoV-19/England/QEUH-96065E/2020,215,254
hCoV-19/England/QEUH-96064F/2020,215,254
hCoV-19/England/QEUH-9605E8/2020,215,254
hCoV-19/England/QEUH-9605CA/2020,215,254
hCoV-19/England/QEUH-9605BB/2020,215,254
hCoV-19/England/QEUH-960524/2020,215,254
hCoV-19/England/QEUH-960384/2020,215,254
hCoV-19/England/QEUH-9602D2/2020,215,254
hCoV-19/England/QEUH-96025A/2020,215,254
hCoV-19/England/QEUH-96024B/2020,215,254
hCoV-19/England/QEUH-96022D/2020,215,254
hCoV-19/England/QEUH-96021E/2020,215,254
hCoV-19/England/QEUH-96020F/2020,215,254
hCoV-19/England/QEUH-96015D/2020,215,254
hCoV-19/England/QEUH-95FE5A/2020,215,254
hCoV-19/England/QEUH-95FDD5/2020,215,254
hCoV-19/England/QEUH-95FD99/2020,215,254
hCoV-19/England/QEUH-95FD02/2020,215,254
hCoV-19/England/QEUH-95FC14/2020,215,254
hCoV-19/England/QEUH-95FBF9/2020,215,254
hCoV-19/England/QEUH-95FAB0/2020,215,254
hCoV-19/England/NORT-2A438B/2020,215,278
hCoV-19/England/NORT-294694/2020,215,278
hCoV-19/England/NORT-294676/2020,215,278
hCoV-19/England/NORT-294667/2020,215,278
hCoV-19/England/NORT-29463A/2020,215,278
hCoV-19/England/NORT-2945C4/2020,215,278
hCoV-19/England/NORT-2945A6/2020,215,278
hCoV-19/England/NORT-294579/2020,215,278
hCoV-19/England/LIVE-ABCB8/2020,215,264
hCoV-19/England/LIVE-AACC8/2020,215,264
hCoV-19/England/LIVE-AA9A3/2020,215,264
hCoV-19/England/EKHU-260F65E/2020,215,546
hCoV-19/England/EKHU-260F64F/2020,215,546
hCoV-19/England/EKHU-260F5D9/2020,215,546
hCoV-19/England/EKHU-260F3DF/2020,215,546
hCoV-19/England/ALDP-988C4F/2020,215,253
hCoV-19/England/ALDP-9884B0/2020,215,253
hCoV-19/England/ALDP-988483/2020,215,253
hCoV-19/England/20358026204/2020,215,252
hCoV-19/England/203290066/2020,215,229
hCoV-19/England/203290061/2020,215,229
hCoV-19/Wales/PHWC-169B21/2020,216,236
hCoV-19/Scotland/QEUH-961347/2020,216,254
hCoV-19/Scotland/QEUH-96131A/2020,216,254
hCoV-19/Scotland/QEUH-96130B/2020,216,254
hCoV-19/Scotland/QEUH-9611F2/2020,216,254
hCoV-19/Scotland/QEUH-960E83/2020,216,254
hCoV-19/Scotland/QEUH-960D95/2020,216,254
hCoV-19/Scotland/QEUH-96023C/2020,216,254
hCoV-19/Scotland/EDB7156/2020,216,229
hCoV-19/Scotland/EDB7154/2020,216,229
hCoV-19/Scotland/EDB7152/2020,216,229
hCoV-19/Scotland/EDB7151/2020,216,229
hCoV-19/Scotland/EDB7149/2020,216,229
hCoV-19/Scotland/EDB7148/2020,216,229
hCoV-19/Scotland/EDB7147/2020,216,229
hCoV-19/Scotland/EDB7139/2020,216,229
hCoV-19/Scotland/EDB7136/2020,216,229
hCoV-19/Scotland/EDB7135/2020,216,229
hCoV-19/Scotland/EDB7133/2020,216,229
hCoV-19/Scotland/EDB7132/2020,216,229
hCoV-19/Scotland/EDB7128/2020,216,236
hCoV-19/Scotland/EDB7127/2020,216,229
hCoV-19/Scotland/EDB7126/2020,216,229
hCoV-19/Scotland/EDB7124/2020,216,229
hCoV-19/Scotland/EDB7123/2020,216,229
hCoV-19/Scotland/EDB7109/2020,216,229
hCoV-19/Scotland/EDB7075/2020,216,229
hCoV-19/England/SHEF-C9D66/2020,216,236
hCoV-19/England/QEUH-9983FC/2020,216,264
hCoV-19/England/QEUH-96C661/2020,216,254
hCoV-19/England/QEUH-96166C/2020,216,259
hCoV-19/England/QEUH-961338/2020,216,254
hCoV-19/England/QEUH-9612E0/2020,216,254
hCoV-19/England/QEUH-961101/2020,216,254
hCoV-19/England/QEUH-9610E6/2020,216,254
hCoV-19/England/QEUH-96108C/2020,216,254
hCoV-19/England/QEUH-960F17/2020,216,254
hCoV-19/England/QEUH-960F08/2020,216,254
hCoV-19/England/QEUH-960EED/2020,216,254
hCoV-19/England/QEUH-960EDE/2020,216,254
hCoV-19/England/QEUH-960E74/2020,216,254
hCoV-19/England/QEUH-960E38/2020,216,254
hCoV-19/England/QEUH-960E29/2020,216,254
hCoV-19/England/QEUH-960E1A/2020,216,254
hCoV-19/England/QEUH-960C7A/2020,216,254
hCoV-19/England/QEUH-960BB9/2020,216,254
hCoV-19/England/QEUH-960B5F/2020,216,254
hCoV-19/England/QEUH-960B40/2020,216,254
hCoV-19/England/QEUH-960AF8/2020,216,254
hCoV-19/England/QEUH-960ACB/2020,216,254
hCoV-19/England/QEUH-960ABC/2020,216,254
hCoV-19/England/QEUH-960A34/2020,216,254
hCoV-19/England/QEUH-960A07/2020,216,254
hCoV-19/England/QEUH-9609FB/2020,216,254
hCoV-19/England/QEUH-960964/2020,216,254
hCoV-19/England/QEUH-960937/2020,216,254
hCoV-19/England/QEUH-960928/2020,216,254
hCoV-19/England/QEUH-96090A/2020,216,254
hCoV-19/England/QEUH-9608A3/2020,216,254
hCoV-19/England/QEUH-960894/2020,216,254
hCoV-19/England/QEUH-960885/2020,216,254
hCoV-19/England/QEUH-96074C/2020,216,254
hCoV-19/England/QEUH-9606A9/2020,216,254
hCoV-19/England/QEUH-96066D/2020,216,254
hCoV-19/England/QEUH-960603/2020,216,254
hCoV-19/England/QEUH-9605F7/2020,216,254
hCoV-19/England/QEUH-960427/2020,216,254
hCoV-19/England/QEUH-960418/2020,216,254
hCoV-19/England/QEUH-960348/2020,216,254
hCoV-19/England/QEUH-96032A/2020,216,254
hCoV-19/England/QEUH-9602F0/2020,216,254
hCoV-19/England/QEUH-96013F/2020,216,254
hCoV-19/England/QEUH-95FDF3/2020,216,254
hCoV-19/England/QEUH-95FD7B/2020,216,254
hCoV-19/England/QEUH-95FB80/2020,216,254
hCoV-19/England/QEUH-95FB53/2020,216,254
hCoV-19/England/QEUH-95FACF/2020,216,254
hCoV-19/England/QEUH-95EFFE/2020,216,254
hCoV-19/England/QEUH-95EE5B/2020,216,254
hCoV-19/England/QEUH-8835E0/2020,216,254
hCoV-19/England/NOTT-112EB5/2020,216,229
hCoV-19/England/BRIS-133838/2020,216,240
hCoV-19/England/ALDP-97FC4B/2020,216,253
hCoV-19/England/ALDP-97F5B9/2020,216,253
hCoV-19/England/203290064/2020,216,229
hCoV-19/Wales/QEUH-95F69E/2020,217,254
hCoV-19/Scotland/QEUH-96122C/2020,217,254
hCoV-19/Scotland/QEUH-96121D/2020,217,254
hCoV-19/Scotland/QEUH-96120E/2020,217,254
hCoV-19/Scotland/QEUH-9611D4/2020,217,254
hCoV-19/Scotland/QEUH-9611C5/2020,217,254
hCoV-19/Scotland/QEUH-9611B6/2020,217,254
hCoV-19/Scotland/QEUH-961198/2020,217,254
hCoV-19/Scotland/QEUH-961189/2020,217,254
hCoV-19/Scotland/QEUH-96117A/2020,217,254
hCoV-19/Scotland/QEUH-96116B/2020,217,254
hCoV-19/Scotland/QEUH-96114D/2020,217,254
hCoV-19/Scotland/QEUH-9610D7/2020,217,254
hCoV-19/Scotland/QEUH-9610C8/2020,217,254
hCoV-19/Scotland/QEUH-9610B9/2020,217,254
hCoV-19/Scotland/QEUH-9610AA/2020,217,254
hCoV-19/Scotland/QEUH-96109B/2020,217,254
hCoV-19/Scotland/QEUH-961004/2020,217,254
hCoV-19/Scotland/QEUH-960F80/2020,217,254
hCoV-19/Scotland/QEUH-960F44/2020,217,254
hCoV-19/Scotland/QEUH-960F35/2020,217,254
hCoV-19/Scotland/QEUH-960CF2/2020,217,254
hCoV-19/Scotland/QEUH-9607B5/2020,217,254
hCoV-19/Scotland/QEUH-960797/2020,217,254
hCoV-19/Scotland/QEUH-9606F4/2020,217,254
hCoV-19/Scotland/QEUH-9606E5/2020,217,254
hCoV-19/Scotland/QEUH-960560/2020,217,254
hCoV-19/Scotland/QEUH-960542/2020,217,254
hCoV-19/Scotland/QEUH-9604AF/2020,217,254
hCoV-19/Scotland/QEUH-95FE0F/2020,217,254
hCoV-19/Scotland/QEUH-95F6AD/2020,217,254
hCoV-19/Scotland/EDB7153/2020,217,229
hCoV-19/Scotland/EDB7146/2020,217,229
hCoV-19/Scotland/EDB7145/2020,217,229
hCoV-19/Scotland/EDB7142/2020,217,229
hCoV-19/Scotland/EDB7140/2020,217,229
hCoV-19/Scotland/EDB7121/2020,217,229
hCoV-19/Scotland/CVR3963/2020,217,229
hCoV-19/England/QEUH-961E19/2020,217,259
hCoV-19/England/QEUH-961CF1/2020,217,259
hCoV-19/England/QEUH-961C1F/2020,217,259
hCoV-19/England/QEUH-9618A2/2020,217,259
hCoV-19/England/QEUH-96113E/2020,217,254
hCoV-19/England/QEUH-96105F/2020,217,254
hCoV-19/England/QEUH-960FDB/2020,217,254
hCoV-19/England/QEUH-960FCC/2020,217,254
hCoV-19/England/QEUH-960919/2020,217,254
hCoV-19/England/QEUH-960867/2020,217,254
hCoV-19/England/QEUH-960858/2020,217,254
hCoV-19/England/QEUH-960849/2020,217,254
hCoV-19/England/QEUH-96083A/2020,217,254
hCoV-19/England/QEUH-9607A6/2020,217,254
hCoV-19/England/QEUH-96071F/2020,217,254
hCoV-19/England/QEUH-960700/2020,217,254
hCoV-19/England/QEUH-9606B8/2020,217,254
hCoV-19/England/QEUH-96068B/2020,217,254
hCoV-19/England/QEUH-960630/2020,217,254
hCoV-19/England/QEUH-960621/2020,217,254
hCoV-19/England/QEUH-960612/2020,217,254
hCoV-19/England/QEUH-9605D9/2020,217,254
hCoV-19/England/QEUH-960481/2020,217,254
hCoV-19/England/QEUH-960472/2020,217,254
hCoV-19/England/QEUH-9603FD/2020,217,254
hCoV-19/England/QEUH-960393/2020,217,254
hCoV-19/England/QEUH-960375/2020,217,254
hCoV-19/England/QEUH-9602B4/2020,217,254
hCoV-19/England/QEUH-9602A5/2020,217,254
hCoV-19/England/QEUH-960287/2020,217,254
hCoV-19/England/QEUH-9601E4/2020,217,254
hCoV-19/England/QEUH-95FF1B/2020,217,254
hCoV-19/England/QEUH-95FD6C/2020,217,254
hCoV-19/England/QEUH-95FD3F/2020,217,254
hCoV-19/England/QEUH-95FC7E/2020,217,254
hCoV-19/England/QEUH-95FC41/2020,217,254
hCoV-19/England/QEUH-95FBEA/2020,217,254
hCoV-19/England/QEUH-95FBDB/2020,217,254
hCoV-19/England/QEUH-95FB62/2020,217,254
hCoV-19/England/QEUH-95FB44/2020,217,254
hCoV-19/England/QEUH-95FB35/2020,217,254
hCoV-19/England/QEUH-95F968/2020,217,254
hCoV-19/England/QEUH-95F93B/2020,217,254
hCoV-19/England/QEUH-95F8E3/2020,217,254
hCoV-19/England/QEUH-95F8D4/2020,217,254
hCoV-19/England/QEUH-95F801/2020,217,254
hCoV-19/England/QEUH-95F7F5/2020,217,254
hCoV-19/England/QEUH-95F76E/2020,217,254
hCoV-19/England/QEUH-95F704/2020,217,254
hCoV-19/England/QEUH-95F670/2020,217,254
hCoV-19/England/QEUH-95F2A9/2020,217,254
hCoV-19/England/QEUH-95F26D/2020,217,254
hCoV-19/England/QEUH-95F212/2020,217,254
hCoV-19/England/QEUH-95F1E8/2020,217,254
hCoV-19/England/QEUH-95F133/2020,217,254
hCoV-19/England/QEUH-95F124/2020,217,254
hCoV-19/England/QEUH-95F081/2020,217,254
hCoV-19/England/QEUH-95EEB5/2020,217,254
hCoV-19/England/QEUH-95EE4C/2020,217,254
hCoV-19/England/QEUH-95ED8B/2020,217,254
hCoV-19/England/QEUH-95ED7C/2020,217,254
hCoV-19/England/QEUH-95DD8C/2020,217,259
hCoV-19/England/EKHU-260F603/2020,217,546
hCoV-19/England/EKHU-260F5F7/2020,217,546
hCoV-19/England/BRIS-1338CF/2020,217,240
hCoV-19/England/BIRM-635DF/2020,217,253
hCoV-19/England/ALDP-986731/2020,217,253
hCoV-19/England/ALDP-9863F1/2020,217,253
hCoV-19/England/ALDP-9863D3/2020,217,253
hCoV-19/England/ALDP-9802AF/2020,217,244
hCoV-19/England/ALDP-97FB5D/2020,217,244
hCoV-19/England/ALDP-97FB3F/2020,217,253
hCoV-19/England/ALDP-97FA32/2020,217,244
hCoV-19/England/ALDP-97F80B/2020,217,244
hCoV-19/England/ALDP-97F7C2/2020,217,244
hCoV-19/England/203290068/2020,217,229
hCoV-19/England/203290065/2020,217,229
hCoV-19/Wales/PHWC-169CB5/2020,218,253
hCoV-19/Wales/PHWC-169B4F/2020,218,236
hCoV-19/Scotland/QEUH-960D2C/2020,218,254
hCoV-19/Scotland/QEUH-960C2F/2020,218,254
hCoV-19/Scotland/QEUH-960C10/2020,218,254
hCoV-19/Scotland/QEUH-960C01/2020,218,254
hCoV-19/Scotland/QEUH-960445/2020,218,254
hCoV-19/Scotland/QEUH-9600F6/2020,218,254
hCoV-19/Scotland/QEUH-9600E7/2020,218,254
hCoV-19/Scotland/QEUH-9600D8/2020,218,254
hCoV-19/Scotland/QEUH-960041/2020,218,254
hCoV-19/Scotland/QEUH-960032/2020,218,254
hCoV-19/Scotland/QEUH-960023/2020,218,254
hCoV-19/Scotland/QEUH-960014/2020,218,254
hCoV-19/Scotland/QEUH-95FFFD/2020,218,254
hCoV-19/Scotland/QEUH-95FFEE/2020,218,254
hCoV-19/Scotland/QEUH-95FE1E/2020,218,254
hCoV-19/Scotland/QEUH-95FBCC/2020,218,254
hCoV-19/Scotland/QEUH-95FB71/2020,218,254
hCoV-19/Scotland/QEUH-95FA92/2020,218,254
hCoV-19/Scotland/QEUH-95FA47/2020,218,254
hCoV-19/Scotland/QEUH-95F9FF/2020,218,254
hCoV-19/Scotland/QEUH-95F9E0/2020,218,254
hCoV-19/Scotland/QEUH-95F9D1/2020,218,254
hCoV-19/Scotland/QEUH-95F9C2/2020,218,254
hCoV-19/Scotland/QEUH-95F9B3/2020,218,254
hCoV-19/Scotland/QEUH-95F9A4/2020,218,254
hCoV-19/Scotland/QEUH-95F90E/2020,218,254
hCoV-19/Scotland/QEUH-95F713/2020,218,254
hCoV-19/Scotland/QEUH-95F616/2020,218,254
hCoV-19/Scotland/QEUH-95F397/2020,218,254
hCoV-19/Scotland/QEUH-95F33D/2020,218,254
hCoV-19/Scotland/QEUH-95F27C/2020,218,254
hCoV-19/Scotland/QEUH-95F0DC/2020,218,254
hCoV-19/Scotland/QEUH-95EF3A/2020,218,254
hCoV-19/Scotland/QEUH-95E617/2020,218,254
hCoV-19/England/TFCI-2704791/2020,218,404
hCoV-19/England/QEUH-961505/2020,218,259
hCoV-19/England/QEUH-960D77/2020,218,254
hCoV-19/England/QEUH-960D4A/2020,218,254
hCoV-19/England/QEUH-960D1D/2020,218,254
hCoV-19/England/QEUH-960A9E/2020,218,287
hCoV-19/England/QEUH-960A8F/2020,218,254
hCoV-19/England/QEUH-960A70/2020,218,254
hCoV-19/England/QEUH-960A61/2020,218,254
hCoV-19/England/QEUH-960A52/2020,218,287
hCoV-19/England/QEUH-960A43/2020,218,254
hCoV-19/England/QEUH-9601C6/2020,218,254
hCoV-19/England/QEUH-960199/2020,218,254
hCoV-19/England/QEUH-96018A/2020,218,254
hCoV-19/England/QEUH-96017B/2020,218,254
hCoV-19/England/QEUH-960111/2020,218,254
hCoV-19/England/QEUH-960102/2020,218,254
hCoV-19/England/QEUH-96009C/2020,218,254
hCoV-19/England/QEUH-960050/2020,218,254
hCoV-19/England/QEUH-960005/2020,218,254
hCoV-19/England/QEUH-95FA74/2020,218,254
hCoV-19/England/QEUH-95F977/2020,218,254
hCoV-19/England/QEUH-95F92C/2020,218,254
hCoV-19/England/QEUH-95F91D/2020,218,254
hCoV-19/England/QEUH-95F8F2/2020,218,254
hCoV-19/England/QEUH-95F898/2020,218,254
hCoV-19/England/QEUH-95F86B/2020,218,254
hCoV-19/England/QEUH-95F82F/2020,218,254
hCoV-19/England/QEUH-95F7B9/2020,218,254
hCoV-19/England/QEUH-95F78C/2020,218,254
hCoV-19/England/QEUH-95F77D/2020,218,254
hCoV-19/England/QEUH-95F6DA/2020,218,254
hCoV-19/England/QEUH-95F6BC/2020,218,254
hCoV-19/England/QEUH-95F643/2020,218,254
hCoV-19/England/QEUH-95F625/2020,218,254
hCoV-19/England/QEUH-95F5FB/2020,218,254
hCoV-19/England/QEUH-95F5DD/2020,218,254
hCoV-19/England/QEUH-95F5CE/2020,218,254
hCoV-19/England/QEUH-95F5BF/2020,218,254
hCoV-19/England/QEUH-95F582/2020,218,254
hCoV-19/England/QEUH-95F564/2020,218,254
hCoV-19/England/QEUH-95F555/2020,218,254
hCoV-19/England/QEUH-95F537/2020,218,254
hCoV-19/England/QEUH-95F528/2020,218,254
hCoV-19/England/QEUH-95F50A/2020,218,254
hCoV-19/England/QEUH-95F4B2/2020,218,254
hCoV-19/England/QEUH-95F4A3/2020,218,254
hCoV-19/England/QEUH-95F485/2020,218,254
hCoV-19/England/QEUH-95F467/2020,218,254
hCoV-19/England/QEUH-95F458/2020,218,254
hCoV-19/England/QEUH-95F42B/2020,218,254
hCoV-19/England/QEUH-95F3F1/2020,218,254
hCoV-19/England/QEUH-95F230/2020,218,254
hCoV-19/England/QEUH-95F142/2020,218,254
hCoV-19/England/QEUH-95F072/2020,218,254
hCoV-19/England/QEUH-95F063/2020,218,254
hCoV-19/England/QEUH-95F009/2020,218,254
hCoV-19/England/QEUH-95EFEF/2020,218,254
hCoV-19/England/QEUH-95EFD0/2020,218,254
hCoV-19/England/QEUH-95EF76/2020,218,254
hCoV-19/England/QEUH-95EF58/2020,218,254
hCoV-19/England/QEUH-95EF1C/2020,218,254
hCoV-19/England/QEUH-95EE79/2020,218,254
hCoV-19/England/QEUH-95EE6A/2020,218,254
hCoV-19/England/QEUH-95EE3D/2020,218,254
hCoV-19/England/QEUH-95ED9A/2020,218,254
hCoV-19/England/QEUH-95ED4F/2020,218,254
hCoV-19/England/QEUH-95ECD9/2020,218,254
hCoV-19/England/QEUH-95EC33/2020,218,254
hCoV-19/England/QEUH-95E7D8/2020,218,254
hCoV-19/England/QEUH-95E7C9/2020,218,254
hCoV-19/England/QEUH-95E76F/2020,218,254
hCoV-19/England/QEUH-95E6EA/2020,218,254
hCoV-19/England/QEUH-95E5FC/2020,218,254
hCoV-19/England/QEUH-95E055/2020,218,259
hCoV-19/England/QEUH-95DF2C/2020,218,259
hCoV-19/England/QEUH-95DED4/2020,218,259
hCoV-19/England/QEUH-95DD7D/2020,218,259
hCoV-19/England/NORT-2A43E5/2020,218,278
hCoV-19/England/NORT-294737/2020,218,278
hCoV-19/England/NORT-294728/2020,218,278
hCoV-19/England/EKHU-260F5E8/2020,218,546
hCoV-19/England/EKHU-260F5BB/2020,218,546
hCoV-19/England/EKHU-260F5AC/2020,218,546
hCoV-19/England/EKHU-260F59D/2020,218,546
hCoV-19/England/CAMB-1B5ACF/2020,218,229
hCoV-19/England/CAMB-1B5A65/2020,218,229
hCoV-19/England/CAMB-1B5A29/2020,218,229
hCoV-19/England/BRIS-133892/2020,218,240
hCoV-19/England/BRIS-133883/2020,218,240
hCoV-19/England/BRIS-133874/2020,218,240
hCoV-19/England/ALDP-98634C/2020,218,253
hCoV-19/England/ALDP-9805C4/2020,218,253
hCoV-19/England/ALDP-9805B5/2020,218,253
hCoV-19/England/ALDP-9805A6/2020,218,244
hCoV-19/England/ALDP-980579/2020,218,244
hCoV-19/England/ALDP-98056A/2020,218,253
hCoV-19/England/ALDP-980281/2020,218,253
hCoV-19/England/ALDP-980236/2020,218,253
hCoV-19/England/ALDP-97FE45/2020,218,244
hCoV-19/England/ALDP-97FE27/2020,218,244
hCoV-19/Wales/QEUH-963318/2020,219,254
hCoV-19/Wales/QEUH-961F8F/2020,219,254
hCoV-19/Wales/PHWC-169CF1/2020,219,253
hCoV-19/Scotland/QEUH-96C722/2020,219,254
hCoV-19/Scotland/QEUH-96C6CB/2020,219,254
hCoV-19/Scotland/QEUH-96C6BC/2020,219,254
hCoV-19/Scotland/QEUH-96C6AD/2020,219,254
hCoV-19/Scotland/QEUH-960779/2020,219,254
hCoV-19/Scotland/QEUH-96073D/2020,219,254
hCoV-19/Scotland/QEUH-960515/2020,219,254
hCoV-19/Scotland/QEUH-960463/2020,219,254
hCoV-19/Scotland/QEUH-95FF66/2020,219,254
hCoV-19/Scotland/QEUH-95FF39/2020,219,254
hCoV-19/Scotland/QEUH-95FE78/2020,219,254
hCoV-19/Scotland/QEUH-95FDB7/2020,219,254
hCoV-19/Scotland/QEUH-95FCF6/2020,219,254
hCoV-19/Scotland/QEUH-95FCD8/2020,219,254
hCoV-19/Scotland/QEUH-95F106/2020,219,254
hCoV-19/Scotland/QEUH-95E6F9/2020,219,254
hCoV-19/Scotland/QEUH-95E662/2020,219,254
hCoV-19/Scotland/QEUH-95E18F/2020,219,257
hCoV-19/Scotland/QEUH-95E143/2020,219,257
hCoV-19/Scotland/QEUH-95E082/2020,219,257
hCoV-19/Scotland/QEUH-95DFA4/2020,219,257
hCoV-19/Scotland/QEUH-95DF95/2020,219,257
hCoV-19/Scotland/EDB7181/2020,219,236
hCoV-19/England/QEUH-96C704/2020,219,254
hCoV-19/England/QEUH-96C6E9/2020,219,254
hCoV-19/England/QEUH-96C69E/2020,219,254
hCoV-19/England/QEUH-96C68F/2020,219,254
hCoV-19/England/QEUH-96C652/2020,219,254
hCoV-19/England/QEUH-963E62/2020,219,254
hCoV-19/England/QEUH-961699/2020,219,259
hCoV-19/England/QEUH-9612A4/2020,219,254
hCoV-19/England/QEUH-960955/2020,219,254
hCoV-19/England/QEUH-960788/2020,219,254
hCoV-19/England/QEUH-9604FA/2020,219,254
hCoV-19/England/QEUH-9604EB/2020,219,254
hCoV-19/England/QEUH-9604DC/2020,219,254
hCoV-19/England/QEUH-9603EE/2020,219,254
hCoV-19/England/QEUH-9603C0/2020,219,254
hCoV-19/England/QEUH-95FFC0/2020,219,254
hCoV-19/England/QEUH-95FED2/2020,219,254
hCoV-19/England/QEUH-95FE96/2020,219,254
hCoV-19/England/QEUH-95FE87/2020,219,254
hCoV-19/England/QEUH-95FD11/2020,219,254
hCoV-19/England/QEUH-95FCBA/2020,219,254
hCoV-19/England/QEUH-95FBAE/2020,219,254
hCoV-19/England/QEUH-95F4C1/2020,219,254
hCoV-19/England/QEUH-95F31F/2020,219,254
hCoV-19/England/QEUH-95F28B/2020,219,254
hCoV-19/England/QEUH-95F25E/2020,219,254
hCoV-19/England/QEUH-95F24F/2020,219,254
hCoV-19/England/QEUH-95F1BB/2020,219,254
hCoV-19/England/QEUH-95F19D/2020,219,254
hCoV-19/England/QEUH-95F0CD/2020,219,254
hCoV-19/England/QEUH-95F0BE/2020,219,254
hCoV-19/England/QEUH-95EF2B/2020,219,254
hCoV-19/England/QEUH-95EB18/2020,219,254
hCoV-19/England/QEUH-95E811/2020,219,254
hCoV-19/England/QEUH-95E802/2020,219,254
hCoV-19/England/QEUH-95E7E7/2020,219,254
hCoV-19/England/QEUH-95E7BA/2020,219,254
hCoV-19/England/QEUH-95E5DE/2020,219,254
hCoV-19/England/QEUH-95E5B0/2020,219,254
hCoV-19/England/QEUH-95E565/2020,219,254
hCoV-19/England/QEUH-95E556/2020,219,254
hCoV-19/England/QEUH-95E50B/2020,219,259
hCoV-19/England/QEUH-95E116/2020,219,259
hCoV-19/England/QEUH-95E107/2020,219,259
hCoV-19/England/QEUH-95E046/2020,219,259
hCoV-19/England/QEUH-95DFFF/2020,219,259
hCoV-19/England/QEUH-95DFD1/2020,219,259
hCoV-19/England/QEUH-95DF3B/2020,219,259
hCoV-19/England/QEUH-95DF1D/2020,219,259
hCoV-19/England/QEUH-95DF0E/2020,219,259
hCoV-19/England/QEUH-95DEF2/2020,219,259
hCoV-19/England/QEUH-95DEE3/2020,219,259
hCoV-19/England/QEUH-95DEB6/2020,219,259
hCoV-19/England/QEUH-95DE98/2020,219,259
hCoV-19/England/QEUH-95DE89/2020,219,259
hCoV-19/England/QEUH-95DE6B/2020,219,259
hCoV-19/England/QEUH-95DE3E/2020,219,259
hCoV-19/England/QEUH-95DE2F/2020,219,259
hCoV-19/England/QEUH-95DE10/2020,219,259
hCoV-19/England/QEUH-95DDE6/2020,219,259
hCoV-19/England/QEUH-95DDC8/2020,219,259
hCoV-19/England/QEUH-95DDAA/2020,219,259
hCoV-19/England/QEUH-95DD9B/2020,219,259
hCoV-19/England/QEUH-95DD31/2020,219,259
hCoV-19/England/QEUH-95DD22/2020,219,259
hCoV-19/England/QEUH-95DD13/2020,219,259
hCoV-19/England/QEUH-95DD04/2020,219,259
hCoV-19/England/QEUH-95DCF8/2020,219,259
hCoV-19/England/QEUH-95DCE9/2020,219,259
hCoV-19/England/QEUH-95DCDA/2020,219,259
hCoV-19/England/QEUH-95DCCB/2020,219,259
hCoV-19/England/NOTT-112ED3/2020,219,229
hCoV-19/England/BIRM-62804/2020,219,572
hCoV-19/England/ALDP-98733C/2020,219,253
hCoV-19/England/ALDP-985BDC/2020,219,253
hCoV-19/Scotland/QEUH-96355E/2020,220,254
hCoV-19/Scotland/QEUH-95F740/2020,220,254
hCoV-19/Scotland/QEUH-95F731/2020,220,254
hCoV-19/Scotland/QEUH-95F4FE/2020,220,254
hCoV-19/Scotland/QEUH-95F4EF/2020,220,254
hCoV-19/Scotland/QEUH-95F41C/2020,220,254
hCoV-19/Scotland/QEUH-95EE97/2020,220,254
hCoV-19/Scotland/QEUH-95EDA9/2020,220,254
hCoV-19/Scotland/QEUH-95ED6D/2020,220,254
hCoV-19/Scotland/QEUH-95ED03/2020,220,254
hCoV-19/Scotland/QEUH-95ECF7/2020,220,254
hCoV-19/Scotland/QEUH-95E44A/2020,220,257
hCoV-19/Scotland/QEUH-95E2AA/2020,220,257
hCoV-19/Scotland/QEUH-95E1F8/2020,220,257
hCoV-19/Scotland/QEUH-95E152/2020,220,257
hCoV-19/Scotland/QEUH-95E091/2020,220,257
hCoV-19/England/QEUH-965325/2020,220,254
hCoV-19/England/QEUH-9633BE/2020,220,254
hCoV-19/England/QEUH-96265C/2020,220,254
hCoV-19/England/QEUH-96259B/2020,220,254
hCoV-19/England/QEUH-962470/2020,220,254
hCoV-19/England/QEUH-95F8B6/2020,220,254
hCoV-19/England/QEUH-95F634/2020,220,254
hCoV-19/England/QEUH-95EBCD/2020,220,254
hCoV-19/England/QEUH-95E608/2020,220,254
hCoV-19/England/QEUH-95E398/2020,220,259
hCoV-19/England/QEUH-95E36B/2020,220,259
hCoV-19/England/QEUH-95E33E/2020,220,259
hCoV-19/England/QEUH-95E2C8/2020,220,259
hCoV-19/England/QEUH-95E29B/2020,220,259
hCoV-19/England/QEUH-95E28C/2020,220,259
hCoV-19/England/QEUH-95E240/2020,220,259
hCoV-19/England/QEUH-95E231/2020,220,259
hCoV-19/England/QEUH-95E0DD/2020,220,259
hCoV-19/England/QEUH-95E0A0/2020,220,259
hCoV-19/England/QEUH-95E073/2020,220,259
hCoV-19/England/QEUH-95DFE0/2020,220,259
hCoV-19/England/QEUH-95DF77/2020,220,259
hCoV-19/England/QEUH-95DF68/2020,220,259
hCoV-19/England/NORT-294816/2020,220,278
hCoV-19/England/NORT-2947FB/2020,220,278
hCoV-19/England/ALDP-9877A9/2020,220,253
hCoV-19/England/ALDP-987712/2020,220,253
hCoV-19/England/ALDP-987703/2020,220,253
hCoV-19/England/ALDP-987651/2020,220,253
hCoV-19/England/ALDP-982BB1/2020,220,271
hCoV-19/England/ALDP-982BA2/2020,220,271
hCoV-19/England/ALDP-9818D9/2020,220,271
hCoV-19/England/ALDP-9818CA/2020,220,271
hCoV-19/England/ALDP-981666/2020,220,253
hCoV-19/England/ALDP-9815F0/2020,220,271
hCoV-19/England/ALDP-9814F3/2020,220,271
hCoV-19/England/ALDP-9814B7/2020,220,271
hCoV-19/England/ALDP-980B68/2020,220,253
hCoV-19/England/ALDP-980B59/2020,220,253
hCoV-19/England/203260119/2020,220,274
