hCoV-19/Wales/PHWC-3610E/2020,116,174
hCoV-19/Wales/PHWC-35E26/2020,116,174
hCoV-19/Wales/PHWC-35CE0/2020,116,174
hCoV-19/Wales/PHWC-35C0E/2020,116,174
hCoV-19/Wales/PHWC-35BF2/2020,116,174
hCoV-19/Wales/PHWC-163BBE/2020,116,174
hCoV-19/Wales/PHWC-1635FC/2020,116,174
hCoV-19/Wales/PHWC-16045C/2020,116,174
hCoV-19/Wales/PHWC-160119/2020,116,174
hCoV-19/Wales/PHWC-15FD28/2020,116,174
hCoV-19/Scotland/EDB5503/2020,116,195
hCoV-19/Scotland/EDB5492/2020,116,195
hCoV-19/Scotland/EDB5491/2020,116,195
hCoV-19/Scotland/EDB5490/2020,116,195
hCoV-19/Scotland/EDB5489/2020,116,195
hCoV-19/Scotland/EDB5486/2020,116,157
hCoV-19/Scotland/EDB5484/2020,116,157
hCoV-19/Scotland/EDB5483/2020,116,157
hCoV-19/Scotland/EDB5482/2020,116,157
hCoV-19/Scotland/EDB5481/2020,116,157
hCoV-19/Scotland/EDB4372/2020,116,139
hCoV-19/Scotland/EDB4368/2020,116,139
hCoV-19/Scotland/EDB2684/2020,116,132
hCoV-19/Scotland/EDB2683/2020,116,132
hCoV-19/Scotland/EDB2679/2020,116,132
hCoV-19/Scotland/EDB2678/2020,116,132
hCoV-19/Scotland/EDB2674/2020,116,132
hCoV-19/Scotland/EDB2673/2020,116,132
hCoV-19/Scotland/EDB2670/2020,116,132
hCoV-19/Scotland/EDB2666/2020,116,132
hCoV-19/Scotland/EDB2663/2020,116,132
hCoV-19/Scotland/EDB2662/2020,116,132
hCoV-19/Scotland/EDB2650/2020,116,132
hCoV-19/Scotland/CVR3238/2020,116,139
hCoV-19/Scotland/CVR3237/2020,116,139
hCoV-19/Scotland/CVR3236/2020,116,139
hCoV-19/Scotland/CVR3235/2020,116,139
hCoV-19/Scotland/CVR3234/2020,116,139
hCoV-19/Scotland/CVR3233/2020,116,139
hCoV-19/Scotland/CVR3232/2020,116,139
hCoV-19/Scotland/CVR3231/2020,116,139
hCoV-19/Scotland/CVR3230/2020,116,139
hCoV-19/Scotland/CVR3228/2020,116,139
hCoV-19/Scotland/CVR3227/2020,116,139
hCoV-19/Scotland/CVR3225/2020,116,139
hCoV-19/Scotland/CVR3217/2020,116,139
hCoV-19/Scotland/CVR3176/2020,116,139
hCoV-19/Scotland/CVR3175/2020,116,139
hCoV-19/Scotland/CVR3137/2020,116,157
hCoV-19/Scotland/CVR3136/2020,116,157
hCoV-19/Scotland/CVR3124/2020,116,132
hCoV-19/Scotland/CVR3123/2020,116,132
hCoV-19/England/TBSD-2488F54/2020,116,184
hCoV-19/England/TBSD-2488F18/2020,116,184
hCoV-19/England/TBSD-2488E84/2020,116,184
hCoV-19/England/TBSD-2488E48/2020,116,184
hCoV-19/England/TBSD-2488DC3/2020,116,184
hCoV-19/England/SHEF-D2A09/2020,116,181
hCoV-19/England/SHEF-D177C/2020,116,196
hCoV-19/England/SHEF-CE280/2020,116,196
hCoV-19/England/SHEF-CDEC9/2020,116,196
hCoV-19/England/SHEF-CBE43/2020,116,196
hCoV-19/England/SHEF-C9328/2020,116,196
hCoV-19/England/SHEF-C58A5/2020,116,174
hCoV-19/England/SHEF-C2116/2020,116,181
hCoV-19/England/PRIN-254BB49/2020,116,217
hCoV-19/England/OXON-B4D7D/2020,116,257
hCoV-19/England/OXON-B4C9E/2020,116,257
hCoV-19/England/OXON-B4B46/2020,116,257
hCoV-19/England/OXON-B1F2F/2020,116,181
hCoV-19/England/OXON-B1E6E/2020,116,181
hCoV-19/England/OXON-B038E/2020,116,181
hCoV-19/England/OXON-B0209/2020,116,181
hCoV-19/England/OXON-B0087/2020,116,181
hCoV-19/England/NOTT-11F3E6/2020,116,341
hCoV-19/England/NOTT-112B54/2020,116,202
hCoV-19/England/NOTT-11229B/2020,116,189
hCoV-19/England/NOTT-111E98/2020,116,174
hCoV-19/England/NORW-E9331/2020,116,147
hCoV-19/England/NORW-E9322/2020,116,157
hCoV-19/England/NORW-E9243/2020,116,147
hCoV-19/England/NORW-E9216/2020,116,147
hCoV-19/England/NORW-E9207/2020,116,157
hCoV-19/England/NORW-E8F5C/2020,116,147
hCoV-19/England/NORW-E8F3E/2020,116,147
hCoV-19/England/NORW-E8E31/2020,116,147
hCoV-19/England/NORW-E8DF8/2020,116,147
hCoV-19/England/NORW-E8DDA/2020,116,157
hCoV-19/England/NORT-29986C/2020,116,201
hCoV-19/England/MILK-9ECBF1/2020,116,293
hCoV-19/England/MILK-9ECBD3/2020,116,293
hCoV-19/England/MILK-9ECBC4/2020,116,293
hCoV-19/England/MILK-482D1A/2020,116,271
hCoV-19/England/LOND-124F3AD/2020,116,334
hCoV-19/England/LIVE-9F798/2020,116,174
hCoV-19/England/LIVE-9F72F/2020,116,174
hCoV-19/England/LIVE-9CE87/2020,116,132
hCoV-19/England/LIVE-9CE78/2020,116,132
hCoV-19/England/LIVE-9CE0F/2020,116,132
hCoV-19/England/LEED-2A81E7/2020,116,260
hCoV-19/England/LEED-2A8150/2020,116,260
hCoV-19/England/EXET-1368EA/2020,116,153
hCoV-19/England/EXET-136765/2020,116,153
hCoV-19/England/CAMB-8465D/2020,116,132
hCoV-19/England/CAMB-840F5/2020,116,132
hCoV-19/England/CAMB-840E6/2020,116,132
hCoV-19/England/CAMB-840D7/2020,116,132
hCoV-19/England/CAMB-840B9/2020,116,132
hCoV-19/England/CAMB-8406E/2020,116,132
hCoV-19/England/CAMB-84031/2020,116,132
hCoV-19/England/CAMB-83F80/2020,116,132
hCoV-19/England/CAMB-83F62/2020,116,132
hCoV-19/England/CAMB-83F44/2020,116,132
hCoV-19/England/CAMB-83EFC/2020,116,132
hCoV-19/England/CAMB-83EED/2020,116,132
hCoV-19/England/CAMB-83E1A/2020,116,132
hCoV-19/England/CAMB-1AE328/2020,116,240
hCoV-19/England/CAMB-1AE0F4/2020,116,240
hCoV-19/England/CAMB-1AE030/2020,116,155
hCoV-19/England/CAMB-1ADFE9/2020,116,155
hCoV-19/England/CAMB-1ADF16/2020,116,155
hCoV-19/England/CAMB-1ADF07/2020,116,155
hCoV-19/England/CAMB-1ADE82/2020,116,155
hCoV-19/England/CAMB-1ADE55/2020,116,155
hCoV-19/England/CAMB-1ADE28/2020,116,155
hCoV-19/England/CAMB-1ADE0A/2020,116,155
hCoV-19/England/CAMB-1ADDEF/2020,116,155
hCoV-19/England/CAMB-1ADDB2/2020,116,155
hCoV-19/England/CAMB-1ADD94/2020,116,155
hCoV-19/England/CAMB-1AD5D8/2020,116,195
hCoV-19/England/CAMB-1AD5BA/2020,116,195
hCoV-19/England/CAMB-1AD56F/2020,116,195
hCoV-19/England/CAMB-1AD347/2020,116,195
hCoV-19/England/CAMB-1AC032/2020,116,133
hCoV-19/England/CAMB-1ABF27/2020,116,133
hCoV-19/England/CAMB-1AB84A/2020,116,133
hCoV-19/England/CAMB-1AB82C/2020,116,133
hCoV-19/England/CAMB-1AB80E/2020,116,133
hCoV-19/England/BRIS-1853B99/2020,116,201
hCoV-19/England/BRIS-1853B8A/2020,116,201
hCoV-19/England/BRIS-1853B6C/2020,116,201
hCoV-19/England/BRIS-1853B4E/2020,116,201
hCoV-19/England/BRIS-12EC52/2020,116,195
hCoV-19/England/BRIS-12D0EE/2020,116,184
hCoV-19/England/BRIS-12D066/2020,116,184
hCoV-19/England/BRIS-12D048/2020,116,184
hCoV-19/England/BIRM-5E9EA/2020,116,139
hCoV-19/England/BIRM-5E9DB/2020,116,139
hCoV-19/Wales/PHWC-3602F/2020,117,174
hCoV-19/Wales/PHWC-36010/2020,117,174
hCoV-19/Wales/PHWC-35FAB/2020,117,174
hCoV-19/Wales/PHWC-35F7E/2020,117,174
hCoV-19/Wales/PHWC-35F50/2020,117,174
hCoV-19/Wales/PHWC-35F23/2020,117,174
hCoV-19/Wales/PHWC-35D83/2020,117,174
hCoV-19/Wales/PHWC-35CFF/2020,117,174
hCoV-19/Wales/PHWC-35CB3/2020,117,174
hCoV-19/Wales/PHWC-35C95/2020,117,174
hCoV-19/Wales/PHWC-35C2C/2020,117,174
hCoV-19/Wales/PHWC-35BD4/2020,117,174
hCoV-19/Wales/PHWC-35BA7/2020,117,174
hCoV-19/Wales/PHWC-168621/2020,117,202
hCoV-19/Wales/PHWC-167E57/2020,117,202
hCoV-19/Wales/PHWC-1641CA/2020,117,174
hCoV-19/Wales/PHWC-163C60/2020,117,174
hCoV-19/Wales/PHWC-1638B7/2020,117,174
hCoV-19/Wales/PHWC-1633E3/2020,117,174
hCoV-19/Wales/PHWC-1633A7/2020,117,174
hCoV-19/Scotland/EDB6443/2020,117,198
hCoV-19/Scotland/EDB6439/2020,117,198
hCoV-19/Scotland/EDB6437/2020,117,195
hCoV-19/Scotland/EDB5831/2020,117,195
hCoV-19/Scotland/EDB5827/2020,117,195
hCoV-19/Scotland/EDB5825/2020,117,195
hCoV-19/Scotland/EDB5823/2020,117,195
hCoV-19/Scotland/EDB5819/2020,117,195
hCoV-19/Scotland/EDB5818/2020,117,174
hCoV-19/Scotland/EDB5815/2020,117,195
hCoV-19/Scotland/EDB5811/2020,117,195
hCoV-19/Scotland/EDB5807/2020,117,195
hCoV-19/Scotland/EDB5806/2020,117,174
hCoV-19/Scotland/EDB5803/2020,117,195
hCoV-19/Scotland/EDB5800/2020,117,195
hCoV-19/Scotland/EDB5799/2020,117,174
hCoV-19/Scotland/EDB5797/2020,117,174
hCoV-19/Scotland/EDB5795/2020,117,195
hCoV-19/Scotland/EDB5794/2020,117,195
hCoV-19/Scotland/EDB5793/2020,117,174
hCoV-19/Scotland/EDB5792/2020,117,174
hCoV-19/Scotland/EDB5782/2020,117,195
hCoV-19/Scotland/EDB5781/2020,117,195
hCoV-19/Scotland/EDB5780/2020,117,174
hCoV-19/Scotland/EDB5777/2020,117,195
hCoV-19/Scotland/EDB5501/2020,117,195
hCoV-19/Scotland/EDB5500/2020,117,195
hCoV-19/Scotland/EDB5499/2020,117,195
hCoV-19/Scotland/EDB5497/2020,117,195
hCoV-19/Scotland/EDB5496/2020,117,195
hCoV-19/Scotland/EDB4731/2020,117,195
hCoV-19/Scotland/EDB4717/2020,117,195
hCoV-19/Scotland/EDB4716/2020,117,147
hCoV-19/Scotland/EDB4713/2020,117,139
hCoV-19/Scotland/EDB4712/2020,117,139
hCoV-19/Scotland/EDB4711/2020,117,139
hCoV-19/Scotland/EDB4710/2020,117,139
hCoV-19/Scotland/EDB4709/2020,117,139
hCoV-19/Scotland/EDB4708/2020,117,139
hCoV-19/Scotland/EDB4373/2020,117,139
hCoV-19/Scotland/EDB3673/2020,117,132
hCoV-19/Scotland/EDB3655/2020,117,132
hCoV-19/Scotland/EDB3654/2020,117,174
hCoV-19/Scotland/EDB3652/2020,117,132
hCoV-19/Scotland/EDB3645/2020,117,132
hCoV-19/Scotland/EDB3633/2020,117,132
hCoV-19/Scotland/EDB3631/2020,117,132
hCoV-19/Scotland/EDB3628/2020,117,132
hCoV-19/Scotland/EDB3627/2020,117,132
hCoV-19/Scotland/EDB3603/2020,117,132
hCoV-19/Scotland/EDB3600/2020,117,132
hCoV-19/Scotland/EDB3599/2020,117,253
hCoV-19/Scotland/EDB3598/2020,117,132
hCoV-19/Scotland/EDB3595/2020,117,198
hCoV-19/Scotland/EDB3588/2020,117,132
hCoV-19/Scotland/EDB3584/2020,117,244
hCoV-19/Scotland/EDB3583/2020,117,132
hCoV-19/Scotland/EDB3582/2020,117,198
hCoV-19/Scotland/EDB3576/2020,117,132
hCoV-19/Scotland/EDB3575/2020,117,195
hCoV-19/Scotland/EDB3574/2020,117,132
hCoV-19/Scotland/EDB3573/2020,117,132
hCoV-19/Scotland/EDB3572/2020,117,195
hCoV-19/Scotland/EDB3569/2020,117,132
hCoV-19/Scotland/EDB3568/2020,117,132
hCoV-19/Scotland/EDB2656/2020,117,132
hCoV-19/Scotland/CVR3249/2020,117,139
hCoV-19/Scotland/CVR3248/2020,117,139
hCoV-19/Scotland/CVR3246/2020,117,139
hCoV-19/Scotland/CVR3245/2020,117,139
hCoV-19/Scotland/CVR3244/2020,117,139
hCoV-19/Scotland/CVR3243/2020,117,139
hCoV-19/Scotland/CVR3242/2020,117,139
hCoV-19/Scotland/CVR3239/2020,117,139
hCoV-19/Scotland/CVR3203/2020,117,139
hCoV-19/Scotland/CVR3202/2020,117,139
hCoV-19/Scotland/CVR3199/2020,117,139
hCoV-19/Scotland/CVR3196/2020,117,139
hCoV-19/Scotland/CVR3195/2020,117,139
hCoV-19/Scotland/CVR3182/2020,117,139
hCoV-19/Scotland/CVR3178/2020,117,139
hCoV-19/Scotland/CVR3171/2020,117,139
hCoV-19/Scotland/CVR3170/2020,117,139
hCoV-19/Scotland/CVR3169/2020,117,139
hCoV-19/Scotland/CVR3129/2020,117,132
hCoV-19/Scotland/CVR3126/2020,117,132
hCoV-19/England/TFCI-2707AC2/2020,117,460
hCoV-19/England/TFCI-2707AB3/2020,117,460
hCoV-19/England/TFCI-26FA3C8/2020,117,379
hCoV-19/England/TBSD-248909C/2020,117,184
hCoV-19/England/TBSD-2488FEB/2020,117,184
hCoV-19/England/SHEF-CFE5E/2020,117,174
hCoV-19/England/SHEF-CFD42/2020,117,174
hCoV-19/England/SHEF-CFC54/2020,117,196
hCoV-19/England/SHEF-CEC37/2020,117,174
hCoV-19/England/SHEF-CC158/2020,117,196
hCoV-19/England/SHEF-CA187/2020,117,174
hCoV-19/England/SHEF-C9A23/2020,117,174
hCoV-19/England/SHEF-C999F/2020,117,174
hCoV-19/England/SHEF-C9319/2020,117,174
hCoV-19/England/SHEF-C8FBC/2020,117,174
hCoV-19/England/SHEF-C8EEC/2020,117,174
hCoV-19/England/SHEF-C86A8/2020,117,174
hCoV-19/England/SHEF-C7E1A/2020,117,174
hCoV-19/England/SHEF-C72D2/2020,117,181
hCoV-19/England/SHEF-C3B08/2020,117,174
hCoV-19/England/SHEF-C3A0B/2020,117,174
hCoV-19/England/SHEF-10B2802/2020,117,259
hCoV-19/England/PORT-2CFEF2/2020,117,174
hCoV-19/England/PORT-2CF52A/2020,117,147
hCoV-19/England/PORT-2CF4D2/2020,117,147
hCoV-19/England/PORT-2CF4A5/2020,117,147
hCoV-19/England/PORT-2CF496/2020,117,147
hCoV-19/England/OXON-B4724/2020,117,257
hCoV-19/England/OXON-B110B/2020,117,181
hCoV-19/England/OXON-B0F8A/2020,117,181
hCoV-19/England/OXON-B0E05/2020,117,181
hCoV-19/England/OXON-B0CCF/2020,117,181
hCoV-19/England/OXON-B0B0E/2020,117,181
hCoV-19/England/OXON-B098C/2020,117,181
hCoV-19/England/NOTT-112583/2020,117,189
hCoV-19/England/NOTT-112556/2020,117,189
hCoV-19/England/NORW-EB469/2020,117,153
hCoV-19/England/NORW-E93B9/2020,117,147
hCoV-19/England/NORW-E935F/2020,117,147
hCoV-19/England/NORW-E9340/2020,117,147
hCoV-19/England/NORW-E9304/2020,117,147
hCoV-19/England/NORW-E92CB/2020,117,147
hCoV-19/England/NORW-E9270/2020,117,147
hCoV-19/England/NORW-E9261/2020,117,147
hCoV-19/England/NORW-E9252/2020,117,147
hCoV-19/England/NORW-E91CE/2020,117,147
hCoV-19/England/NORT-2A0A11/2020,117,278
hCoV-19/England/NORT-2A09D8/2020,117,278
hCoV-19/England/NORT-299D30/2020,117,201
hCoV-19/England/NORT-299CF7/2020,117,201
hCoV-19/England/NORT-299B45/2020,117,201
hCoV-19/England/NORT-299AB1/2020,117,201
hCoV-19/England/NORT-299AA2/2020,117,201
hCoV-19/England/NORT-299A93/2020,117,201
hCoV-19/England/NORT-2973B8/2020,117,195
hCoV-19/England/NORT-297190/2020,117,189
hCoV-19/England/NORT-296FA6/2020,117,189
hCoV-19/England/NORT-296E30/2020,117,195
hCoV-19/England/NORT-296DAC/2020,117,195
hCoV-19/England/NORT-296D42/2020,117,195
hCoV-19/England/NORT-296AB4/2020,117,189
hCoV-19/England/NORT-2969E4/2020,117,195
hCoV-19/England/NORT-296920/2020,117,189
hCoV-19/England/NORT-2968C9/2020,117,189
hCoV-19/England/LOND-124D424/2020,117,215
hCoV-19/England/LOND-124C2D0/2020,117,201
hCoV-19/England/LIVE-9D949/2020,117,139
hCoV-19/England/LEED-2A9A18/2020,117,260
hCoV-19/England/LEED-2A9975/2020,117,260
hCoV-19/England/LEED-2A9799/2020,117,260
hCoV-19/England/LEED-2A8202/2020,117,260
hCoV-19/England/EXET-137139/2020,117,174
hCoV-19/England/EXET-136C48/2020,117,153
hCoV-19/England/EXET-136BC3/2020,117,153
hCoV-19/England/EXET-136A7B/2020,117,153
hCoV-19/England/EXET-13670B/2020,117,153
hCoV-19/England/CAMB-8468A/2020,117,132
hCoV-19/England/CAMB-8467B/2020,117,132
hCoV-19/England/CAMB-8466C/2020,117,132
hCoV-19/England/CAMB-8464E/2020,117,132
hCoV-19/England/CAMB-84022/2020,117,132
hCoV-19/England/CAMB-83FEA/2020,117,132
hCoV-19/England/CAMB-83F35/2020,117,132
hCoV-19/England/CAMB-83E56/2020,117,132
hCoV-19/England/CAMB-83E38/2020,117,132
hCoV-19/England/CAMB-1AEA23/2020,117,240
hCoV-19/England/CAMB-1AE6B6/2020,117,155
hCoV-19/England/CAMB-1AE65C/2020,117,155
hCoV-19/England/CAMB-1AE267/2020,117,240
hCoV-19/England/CAMB-1AE1E2/2020,117,240
hCoV-19/England/CAMB-1AE1D3/2020,117,155
hCoV-19/England/CAMB-1AE197/2020,117,155
hCoV-19/England/CAMB-1AE08B/2020,117,240
hCoV-19/England/CAMB-1AE05E/2020,117,155
hCoV-19/England/CAMB-1AE003/2020,117,155
hCoV-19/England/CAMB-1ADEDD/2020,117,155
hCoV-19/England/CAMB-1AD23B/2020,117,139
hCoV-19/England/CAMB-1AD13E/2020,117,139
hCoV-19/England/CAMB-1ACFDB/2020,117,139
hCoV-19/England/CAMB-1AC21E/2020,117,133
hCoV-19/England/CAMB-1AC07E/2020,117,133
hCoV-19/England/CAMB-1AC050/2020,117,133
hCoV-19/England/CAMB-1ABFEB/2020,117,133
hCoV-19/England/CAMB-1ABFDC/2020,117,133
hCoV-19/England/CAMB-1ABFCD/2020,117,133
hCoV-19/England/CAMB-1ABF90/2020,117,133
hCoV-19/England/CAMB-1ABF81/2020,117,133
hCoV-19/England/CAMB-1ABF63/2020,117,133
hCoV-19/England/CAMB-1ABF18/2020,117,133
hCoV-19/England/CAMB-1ABF09/2020,117,133
hCoV-19/England/CAMB-1ABEC0/2020,117,133
hCoV-19/England/CAMB-1ABEA2/2020,117,133
hCoV-19/England/CAMB-1ABE84/2020,117,133
hCoV-19/England/CAMB-1AB701/2020,117,133
hCoV-19/England/CAMB-1AB561/2020,117,133
hCoV-19/England/BRIS-18547B2/2020,117,203
hCoV-19/England/BRIS-18547A3/2020,117,203
hCoV-19/England/BRIS-1854794/2020,117,203
hCoV-19/England/BRIS-1854785/2020,117,203
hCoV-19/England/BRIS-1854776/2020,117,203
hCoV-19/England/BRIS-1854767/2020,117,203
hCoV-19/England/BRIS-185457C/2020,117,201
hCoV-19/England/BRIS-1854293/2020,117,201
hCoV-19/England/BRIS-1854002/2020,117,201
hCoV-19/England/BRIS-1853FF7/2020,117,201
hCoV-19/England/BRIS-1853FE8/2020,117,201
hCoV-19/England/BRIS-1853FCA/2020,117,201
hCoV-19/England/BRIS-1853F42/2020,117,201
hCoV-19/England/BRIS-1853F33/2020,117,201
hCoV-19/England/BRIS-1853F24/2020,117,201
hCoV-19/England/BRIS-1853F15/2020,117,201
hCoV-19/England/BRIS-1853EEB/2020,117,201
hCoV-19/England/BRIS-1853EDC/2020,117,201
hCoV-19/England/BRIS-1853EBE/2020,117,201
hCoV-19/England/BRIS-1853E90/2020,117,201
hCoV-19/England/BRIS-1853E81/2020,117,201
hCoV-19/England/BRIS-1853E72/2020,117,201
hCoV-19/England/BRIS-1853E63/2020,117,201
hCoV-19/England/BRIS-1853E54/2020,117,201
hCoV-19/England/BRIS-1853E27/2020,117,201
hCoV-19/England/BRIS-1853E09/2020,117,201
hCoV-19/England/BRIS-1853DC0/2020,117,201
hCoV-19/England/BRIS-1853DA2/2020,117,201
hCoV-19/England/BRIS-1853D84/2020,117,201
hCoV-19/England/BRIS-1853D75/2020,117,201
hCoV-19/England/BRIS-1853D66/2020,117,201
hCoV-19/England/BRIS-1853D57/2020,117,201
hCoV-19/England/BRIS-1853D39/2020,117,201
hCoV-19/England/BRIS-1853D2A/2020,117,201
hCoV-19/England/BRIS-1853D1B/2020,117,201
hCoV-19/England/BRIS-1853CF0/2020,117,201
hCoV-19/England/BRIS-1853CD2/2020,117,201
hCoV-19/England/BRIS-1853CB4/2020,117,201
hCoV-19/England/BRIS-1853B7B/2020,117,201
hCoV-19/England/BRIS-12E41E/2020,117,184
hCoV-19/England/BRIS-12E3B7/2020,117,184
hCoV-19/England/BIRM-5EC1E/2020,117,139
hCoV-19/England/20189026604/2020,117,162
hCoV-19/England/20186075804/2020,117,162
hCoV-19/England/20184026804/2020,117,162
hCoV-19/England/20180026004/2020,117,162
hCoV-19/Wales/PHWC-3621A/2020,118,174
hCoV-19/Wales/PHWC-361B3/2020,118,174
hCoV-19/Wales/PHWC-3612C/2020,118,174
hCoV-19/Wales/PHWC-3603E/2020,118,174
hCoV-19/Wales/PHWC-35EEA/2020,118,174
hCoV-19/Wales/PHWC-35E62/2020,118,174
hCoV-19/Wales/PHWC-164494/2020,118,174
hCoV-19/Wales/PHWC-16054A/2020,118,174
hCoV-19/Scotland/EDB5871/2020,118,195
hCoV-19/Scotland/EDB5862/2020,118,195
hCoV-19/Scotland/EDB5858/2020,118,195
hCoV-19/Scotland/EDB5855/2020,118,195
hCoV-19/Scotland/EDB5853/2020,118,174
hCoV-19/Scotland/EDB5852/2020,118,174
hCoV-19/Scotland/EDB5849/2020,118,195
hCoV-19/Scotland/EDB5846/2020,118,195
hCoV-19/Scotland/EDB5842/2020,118,174
hCoV-19/Scotland/EDB5841/2020,118,195
hCoV-19/Scotland/EDB5837/2020,118,244
hCoV-19/Scotland/EDB5836/2020,118,195
hCoV-19/Scotland/EDB3826/2020,118,132
hCoV-19/Scotland/EDB3744/2020,118,132
hCoV-19/Scotland/EDB3740/2020,118,132
hCoV-19/Scotland/EDB3739/2020,118,132
hCoV-19/Scotland/EDB3725/2020,118,132
hCoV-19/Scotland/EDB3721/2020,118,198
hCoV-19/Scotland/EDB3708/2020,118,271
hCoV-19/Scotland/EDB3701/2020,118,132
hCoV-19/Scotland/EDB3699/2020,118,198
hCoV-19/Scotland/EDB3695/2020,118,132
hCoV-19/Scotland/EDB3662/2020,118,147
hCoV-19/Scotland/EDB3658/2020,118,132
hCoV-19/Scotland/EDB3657/2020,118,132
hCoV-19/Scotland/EDB3656/2020,118,132
hCoV-19/Scotland/EDB3653/2020,118,132
hCoV-19/Scotland/CVR3261/2020,118,202
hCoV-19/Scotland/CVR3258/2020,118,174
hCoV-19/Scotland/CVR3251/2020,118,139
hCoV-19/Scotland/CVR3250/2020,118,139
hCoV-19/Scotland/CVR3204/2020,118,139
hCoV-19/Scotland/CVR3200/2020,118,139
hCoV-19/Scotland/CVR3198/2020,118,139
hCoV-19/Scotland/CVR3197/2020,118,139
hCoV-19/Scotland/CVR3194/2020,118,139
hCoV-19/Scotland/CVR3192/2020,118,202
hCoV-19/Scotland/CVR3191/2020,118,139
hCoV-19/Scotland/CVR3189/2020,118,139
hCoV-19/Scotland/CVR3188/2020,118,147
hCoV-19/Scotland/CVR3186/2020,118,139
hCoV-19/Scotland/CVR3185/2020,118,139
hCoV-19/Scotland/CVR3184/2020,118,139
hCoV-19/Scotland/CVR3142/2020,118,139
hCoV-19/Scotland/CVR3141/2020,118,139
hCoV-19/Scotland/CVR3139/2020,118,181
hCoV-19/England/WSFT-25C17ED/2020,118,195
hCoV-19/England/TFCI-2707AA4/2020,118,460
hCoV-19/England/TFCI-2704AF2/2020,118,404
hCoV-19/England/TFCI-26FA410/2020,118,379
hCoV-19/England/TFCI-26FA401/2020,118,379
hCoV-19/England/TFCI-26FA3F5/2020,118,379
hCoV-19/England/TFCI-26FA3E6/2020,118,379
hCoV-19/England/TFCI-26FA3D7/2020,118,379
hCoV-19/England/SHEF-D277B/2020,118,174
hCoV-19/England/SHEF-CED25/2020,118,174
hCoV-19/England/SHEF-CCCEE/2020,118,174
hCoV-19/England/SHEF-CCAC6/2020,118,174
hCoV-19/England/SHEF-C948F/2020,118,174
hCoV-19/England/SHEF-C870F/2020,118,174
hCoV-19/England/SHEF-C335B/2020,118,174
hCoV-19/England/SHEF-C232F/2020,118,174
hCoV-19/England/SHEF-C09D4/2020,118,174
hCoV-19/England/SHEF-10B286C/2020,118,259
hCoV-19/England/SHEF-10B285D/2020,118,259
hCoV-19/England/SHEF-10B2811/2020,118,259
hCoV-19/England/PORT-2D0D2E/2020,118,174
hCoV-19/England/PORT-2CF42D/2020,118,147
hCoV-19/England/PORT-2CF3F3/2020,118,147
hCoV-19/England/PORT-2CF3E4/2020,118,147
hCoV-19/England/OXON-B1A4C/2020,118,181
hCoV-19/England/OXON-B198B/2020,118,181
hCoV-19/England/OXON-B18CA/2020,118,181
hCoV-19/England/OXON-B162A/2020,118,181
hCoV-19/England/NOTT-1125B0/2020,118,189
hCoV-19/England/NOTT-111E10/2020,118,174
hCoV-19/England/NOTT-11088C/2020,118,132
hCoV-19/England/NOTT-11087D/2020,118,132
hCoV-19/England/NOTT-11086E/2020,118,132
hCoV-19/England/NOTT-11085F/2020,118,132
hCoV-19/England/NOTT-110840/2020,118,132
hCoV-19/England/NOTT-110831/2020,118,132
hCoV-19/England/NOTT-110822/2020,118,132
hCoV-19/England/NOTT-110813/2020,118,132
hCoV-19/England/NORW-EAD32/2020,118,153
hCoV-19/England/NORW-E939B/2020,118,157
hCoV-19/England/NORW-E9182/2020,118,157
hCoV-19/England/NORW-E9137/2020,118,157
hCoV-19/England/NORW-E9119/2020,118,157
hCoV-19/England/NORW-E910A/2020,118,157
hCoV-19/England/NORW-E90A3/2020,118,157
hCoV-19/England/NORW-E8F2F/2020,118,157
hCoV-19/England/NORW-E8E7D/2020,118,157
hCoV-19/England/NORW-E8E40/2020,118,157
hCoV-19/England/NORW-E8DE9/2020,118,157
hCoV-19/England/NORW-E8DCB/2020,118,157
hCoV-19/England/NORT-2A0D18/2020,118,278
hCoV-19/England/NORT-2A0BF0/2020,118,278
hCoV-19/England/NORT-299F3A/2020,118,215
hCoV-19/England/NORT-2983F3/2020,118,195
hCoV-19/England/NORT-2982D8/2020,118,195
hCoV-19/England/NORT-29827E/2020,118,195
hCoV-19/England/NORT-298250/2020,118,195
hCoV-19/England/NORT-2980ED/2020,118,195
hCoV-19/England/NORT-29800B/2020,118,195
hCoV-19/England/NORT-296E5E/2020,118,195
hCoV-19/England/NORT-296DF7/2020,118,195
hCoV-19/England/NORT-296DE8/2020,118,195
hCoV-19/England/NORT-296DCA/2020,118,195
hCoV-19/England/NORT-296D33/2020,118,189
hCoV-19/England/NORT-296CFA/2020,118,189
hCoV-19/England/NORT-296CBE/2020,118,189
hCoV-19/England/NORT-296C81/2020,118,189
hCoV-19/England/NORT-296C45/2020,118,189
hCoV-19/England/NORT-296C27/2020,118,189
hCoV-19/England/NORT-296C09/2020,118,195
hCoV-19/England/NORT-296BDF/2020,118,195
hCoV-19/England/NORT-296BA2/2020,118,195
hCoV-19/England/NORT-296B84/2020,118,195
hCoV-19/England/NORT-296B75/2020,118,195
hCoV-19/England/NORT-296B57/2020,118,195
hCoV-19/England/MILK-9ECCC1/2020,118,293
hCoV-19/England/MILK-9ECCB2/2020,118,293
hCoV-19/England/MILK-9ECC85/2020,118,293
hCoV-19/England/MILK-483186/2020,118,271
hCoV-19/England/MILK-481829/2020,118,271
hCoV-19/England/MILK-481443/2020,118,271
hCoV-19/England/LOND-124D451/2020,118,215
hCoV-19/England/LIVE-9DA37/2020,118,139
hCoV-19/England/LIVE-9D9A3/2020,118,139
hCoV-19/England/LEED-2A98E1/2020,118,260
hCoV-19/England/LEED-2A8211/2020,118,260
hCoV-19/England/EXET-136CC0/2020,118,174
hCoV-19/England/EXET-136871/2020,118,153
hCoV-19/England/CAMB-1AEF51/2020,118,155
hCoV-19/England/CAMB-1AEB3F/2020,118,240
hCoV-19/England/CAMB-1AEB20/2020,118,240
hCoV-19/England/CAMB-1AEAD8/2020,118,240
hCoV-19/England/CAMB-1AEA7E/2020,118,155
hCoV-19/England/CAMB-1AE540/2020,118,155
hCoV-19/England/CAMB-1AE4CB/2020,118,155
hCoV-19/England/CAMB-1AE4BC/2020,118,155
hCoV-19/England/CAMB-1AE434/2020,118,155
hCoV-19/England/CAMB-1AE2C1/2020,118,240
hCoV-19/England/CAMB-1AE285/2020,118,240
hCoV-19/England/CAMB-1AD1E3/2020,118,139
hCoV-19/England/CAMB-1AD17A/2020,118,139
hCoV-19/England/CAMB-1AC15D/2020,118,133
hCoV-19/England/CAMB-1AC0F6/2020,118,133
hCoV-19/England/CAMB-1AC0C9/2020,118,133
hCoV-19/England/CAMB-1AC0AB/2020,118,133
hCoV-19/England/CAMB-1AC06F/2020,118,133
hCoV-19/England/CAMB-1AC005/2020,118,133
hCoV-19/England/CAMB-1ABE93/2020,118,133
hCoV-19/England/CAMB-1ABE66/2020,118,133
hCoV-19/England/CAMB-1AB74D/2020,118,133
hCoV-19/England/BRIS-18543FA/2020,118,201
hCoV-19/England/BRIS-18543EB/2020,118,201
hCoV-19/England/BRIS-1854345/2020,118,201
hCoV-19/England/BRIS-1854336/2020,118,201
hCoV-19/England/BRIS-1854327/2020,118,201
hCoV-19/England/BRIS-1854318/2020,118,201
hCoV-19/England/BRIS-1854309/2020,118,201
hCoV-19/England/BRIS-18542FD/2020,118,201
hCoV-19/England/BRIS-18542EE/2020,118,201
hCoV-19/England/BRIS-18542DF/2020,118,201
hCoV-19/England/BRIS-18542B1/2020,118,201
hCoV-19/England/BRIS-1854275/2020,118,201
hCoV-19/England/BRIS-1854266/2020,118,201
hCoV-19/England/BRIS-1854257/2020,118,201
hCoV-19/England/BRIS-1854248/2020,118,201
hCoV-19/England/BRIS-185422A/2020,118,201
hCoV-19/England/BRIS-185421B/2020,118,201
hCoV-19/England/BRIS-185420C/2020,118,201
hCoV-19/England/BRIS-18541F0/2020,118,201
hCoV-19/England/BRIS-18541C3/2020,118,201
hCoV-19/England/BRIS-1854178/2020,118,201
hCoV-19/England/BRIS-1854169/2020,118,201
hCoV-19/England/BRIS-185414B/2020,118,201
hCoV-19/England/BRIS-185413C/2020,118,201
hCoV-19/England/BRIS-185412D/2020,118,201
hCoV-19/England/BRIS-185411E/2020,118,201
hCoV-19/England/BRIS-18540E4/2020,118,201
hCoV-19/England/BRIS-18540D5/2020,118,201
hCoV-19/England/BRIS-18540B7/2020,118,201
hCoV-19/England/BRIS-18540A8/2020,118,201
hCoV-19/England/BRIS-185408A/2020,118,201
hCoV-19/England/BRIS-185403F/2020,118,201
hCoV-19/England/BRIS-1853F7F/2020,118,201
hCoV-19/England/BRIS-1853EFA/2020,118,201
hCoV-19/England/BRIS-1853DFD/2020,118,201
hCoV-19/England/BRIS-1853DEE/2020,118,201
hCoV-19/England/BRIS-12AA2F/2020,118,155
hCoV-19/England/BRIS-12A913/2020,118,155
hCoV-19/England/BIRM-61717/2020,118,202
hCoV-19/England/BIRM-61595/2020,118,181
hCoV-19/England/BIRM-61498/2020,118,181
hCoV-19/England/BIRM-61340/2020,118,181
hCoV-19/England/BIRM-5EC5A/2020,118,139
hCoV-19/England/BIRM-5EBB7/2020,118,139
hCoV-19/England/20190038701/2020,118,162
hCoV-19/England/20190038604/2020,118,250
hCoV-19/England/20190012401/2020,118,162
hCoV-19/England/20189126801/2020,118,162
hCoV-19/England/20186106204/2020,118,162
hCoV-19/England/20186084504/2020,118,162
hCoV-19/England/20186084004/2020,118,162
hCoV-19/England/20186081804/2020,118,162
hCoV-19/England/20186080304/2020,118,162
hCoV-19/England/20186075004/2020,118,162
hCoV-19/England/20184046404/2020,118,162
hCoV-19/England/20182008204/2020,118,162
hCoV-19/Wales/PHWC-363AE/2020,119,174
hCoV-19/Wales/PHWC-36380/2020,119,174
hCoV-19/Wales/PHWC-36371/2020,119,174
hCoV-19/Wales/PHWC-36362/2020,119,174
hCoV-19/Wales/PHWC-36308/2020,119,174
hCoV-19/Wales/PHWC-36238/2020,119,174
hCoV-19/Wales/PHWC-361E0/2020,119,174
hCoV-19/Wales/PHWC-3614A/2020,119,174
hCoV-19/Wales/PHWC-360A7/2020,119,174
hCoV-19/Wales/PHWC-36098/2020,119,174
hCoV-19/Wales/PHWC-1646DA/2020,119,174
hCoV-19/Wales/PHWC-164519/2020,119,174
hCoV-19/Wales/PHWC-16434C/2020,119,174
hCoV-19/Wales/PHWC-16432E/2020,119,174
hCoV-19/Wales/PHWC-1642D6/2020,119,174
hCoV-19/Wales/PHWC-163F94/2020,119,174
hCoV-19/Wales/PHWC-163EF1/2020,119,174
hCoV-19/Wales/PHWC-163EE2/2020,119,174
hCoV-19/Wales/PHWC-163B54/2020,119,174
hCoV-19/Wales/PHWC-16387B/2020,119,174
hCoV-19/Wales/PHWC-16379C/2020,119,174
hCoV-19/Wales/PHWC-1636F9/2020,119,174
hCoV-19/Wales/PHWC-1636CC/2020,119,174
hCoV-19/Wales/PHWC-163653/2020,119,174
hCoV-19/Wales/PHWC-1608C9/2020,119,174
hCoV-19/Scotland/EDB5900/2020,119,174
hCoV-19/Scotland/EDB5894/2020,119,174
hCoV-19/Scotland/EDB5893/2020,119,174
hCoV-19/Scotland/EDB5892/2020,119,174
hCoV-19/Scotland/EDB5888/2020,119,195
hCoV-19/Scotland/EDB5887/2020,119,195
hCoV-19/Scotland/EDB5883/2020,119,195
hCoV-19/Scotland/EDB5882/2020,119,174
hCoV-19/Scotland/EDB5879/2020,119,195
hCoV-19/Scotland/EDB5876/2020,119,195
hCoV-19/Scotland/EDB5875/2020,119,174
hCoV-19/Scotland/EDB3849/2020,119,132
hCoV-19/Scotland/EDB3824/2020,119,198
hCoV-19/Scotland/EDB3817/2020,119,132
hCoV-19/Scotland/EDB3803/2020,119,132
hCoV-19/Scotland/EDB3802/2020,119,132
hCoV-19/Scotland/EDB3801/2020,119,132
hCoV-19/Scotland/EDB3798/2020,119,132
hCoV-19/Scotland/EDB3795/2020,119,132
hCoV-19/Scotland/EDB3790/2020,119,132
hCoV-19/Scotland/EDB3785/2020,119,244
hCoV-19/Scotland/EDB3783/2020,119,132
hCoV-19/Scotland/EDB3781/2020,119,132
hCoV-19/Scotland/EDB3776/2020,119,198
hCoV-19/Scotland/EDB3775/2020,119,132
hCoV-19/Scotland/EDB3764/2020,119,132
hCoV-19/Scotland/EDB3760/2020,119,132
hCoV-19/Scotland/EDB3759/2020,119,132
hCoV-19/Scotland/CVR3275/2020,119,202
hCoV-19/Scotland/CVR3193/2020,119,139
hCoV-19/England/SHEF-D3297/2020,119,174
hCoV-19/England/SHEF-CF498/2020,119,174
hCoV-19/England/SHEF-CDF6C/2020,119,196
hCoV-19/England/SHEF-CD245/2020,119,174
hCoV-19/England/SHEF-CC440/2020,119,174
hCoV-19/England/SHEF-C6EFD/2020,119,196
hCoV-19/England/SHEF-C5F64/2020,119,157
hCoV-19/England/SHEF-C5EB2/2020,119,196
hCoV-19/England/SHEF-C0CF9/2020,119,157
hCoV-19/England/SHEF-10B290F/2020,119,259
hCoV-19/England/SHEF-10B28A8/2020,119,259
hCoV-19/England/PRIN-254BCBF/2020,119,217
hCoV-19/England/PRIN-254BCA0/2020,119,217
hCoV-19/England/PRIN-254BC91/2020,119,217
hCoV-19/England/OXON-B2261/2020,119,181
hCoV-19/England/OXON-B160C/2020,119,181
hCoV-19/England/OXON-B15A5/2020,119,181
hCoV-19/England/NOTT-1125ED/2020,119,189
hCoV-19/England/NOTT-1125CF/2020,119,189
hCoV-19/England/NOTT-110FE1/2020,119,139
hCoV-19/England/NOTT-110EB7/2020,119,139
hCoV-19/England/NOTT-110E99/2020,119,139
hCoV-19/England/NOTT-110DF6/2020,119,139
hCoV-19/England/NOTT-110DE7/2020,119,139
hCoV-19/England/NOTT-110D6F/2020,119,139
hCoV-19/England/NOTT-110D50/2020,119,139
hCoV-19/England/NOTT-110D41/2020,119,139
hCoV-19/England/NOTT-110D23/2020,119,139
hCoV-19/England/NOTT-110D14/2020,119,139
hCoV-19/England/NOTT-1108B9/2020,119,132
hCoV-19/England/NOTT-1108AA/2020,119,132
hCoV-19/England/NOTT-11089B/2020,119,132
hCoV-19/England/NORW-EB047/2020,119,153
hCoV-19/England/NORW-EB038/2020,119,153
hCoV-19/England/NORW-EAFD2/2020,119,153
hCoV-19/England/NORW-EAFC3/2020,119,153
hCoV-19/England/NORW-EAFA5/2020,119,153
hCoV-19/England/NORW-EAEE4/2020,119,153
hCoV-19/England/NORW-EAE8A/2020,119,153
hCoV-19/England/NORW-EAE7B/2020,119,153
hCoV-19/England/NORW-EAE20/2020,119,153
hCoV-19/England/NORW-EADF6/2020,119,153
hCoV-19/England/NORW-EADD8/2020,119,153
hCoV-19/England/NORW-EADBA/2020,119,153
hCoV-19/England/NORW-EAD9C/2020,119,153
hCoV-19/England/NORW-EAD7E/2020,119,153
hCoV-19/England/NORW-EAC44/2020,119,157
hCoV-19/England/NORW-EAB65/2020,119,157
hCoV-19/England/NORW-E9AB4/2020,119,157
hCoV-19/England/NORW-E9999/2020,119,157
hCoV-19/England/NORW-E995D/2020,119,157
hCoV-19/England/NORW-E98E7/2020,119,157
hCoV-19/England/NORW-E986F/2020,119,157
hCoV-19/England/NORW-E9735/2020,119,157
hCoV-19/England/NORW-E90FE/2020,119,157
hCoV-19/England/NORW-E9094/2020,119,157
hCoV-19/England/NORT-2A0E15/2020,119,278
hCoV-19/England/NORT-2A0E06/2020,119,278
hCoV-19/England/NORT-2A0AD5/2020,119,278
hCoV-19/England/NORT-29F71E/2020,119,195
hCoV-19/England/NORT-29F6C6/2020,119,189
hCoV-19/England/NORT-29F541/2020,119,189
hCoV-19/England/NORT-29E490/2020,119,202
hCoV-19/England/NORT-29A0CD/2020,119,215
hCoV-19/England/NORT-297F2D/2020,119,195
hCoV-19/England/NORT-297F1E/2020,119,195
hCoV-19/England/NORT-297ED5/2020,119,195
hCoV-19/England/NORT-284020/2020,119,181
hCoV-19/England/MILK-9ECD73/2020,119,293
hCoV-19/England/MILK-9ECD55/2020,119,293
hCoV-19/England/MILK-9ECC67/2020,119,293
hCoV-19/England/MILK-9ECC3A/2020,119,293
hCoV-19/England/MILK-9ECC2B/2020,119,293
hCoV-19/England/MILK-483344/2020,119,271
hCoV-19/England/MILK-483292/2020,119,271
hCoV-19/England/MILK-483283/2020,119,271
hCoV-19/England/MILK-483238/2020,119,271
hCoV-19/England/MILK-4830B6/2020,119,271
hCoV-19/England/MILK-482293/2020,119,271
hCoV-19/England/MILK-48213C/2020,119,271
hCoV-19/England/MILK-481A50/2020,119,271
hCoV-19/England/LOND-125F9F3/2020,119,184
hCoV-19/England/LOND-12525ED/2020,119,383
hCoV-19/England/LOND-12525A1/2020,119,383
hCoV-19/England/LIVE-9DADD/2020,119,139
hCoV-19/England/EXET-136F4F/2020,119,174
hCoV-19/England/EXET-136ECA/2020,119,174
hCoV-19/England/EXET-1368F9/2020,119,153
hCoV-19/England/EXET-1367FC/2020,119,153
hCoV-19/England/CAMB-1AEFCA/2020,119,155
hCoV-19/England/CAMB-1AEF8E/2020,119,155
hCoV-19/England/CAMB-1AEA50/2020,119,240
hCoV-19/England/CAMB-1AE908/2020,119,240
hCoV-19/England/CAMB-1AE8FC/2020,119,155
hCoV-19/England/CAMB-1AE8B0/2020,119,155
hCoV-19/England/CAMB-1AE7FF/2020,119,240
hCoV-19/England/CAMB-1AE7D1/2020,119,240
hCoV-19/England/CAMB-1AE7B3/2020,119,240
hCoV-19/England/CAMB-1AE795/2020,119,240
hCoV-19/England/CAMB-1AE777/2020,119,240
hCoV-19/England/CAMB-1AE6F2/2020,119,240
hCoV-19/England/CAMB-1AE64D/2020,119,155
hCoV-19/England/CAMB-1AE425/2020,119,155
hCoV-19/England/CAMB-1AD2E0/2020,119,139
hCoV-19/England/CAMB-1AD268/2020,119,139
hCoV-19/England/CAMB-1AD1C5/2020,119,139
hCoV-19/England/CAMB-1AD189/2020,119,139
hCoV-19/England/CAMB-1AD101/2020,119,139
hCoV-19/England/CAMB-1AD0E6/2020,119,139
hCoV-19/England/CAMB-1AD0B9/2020,119,139
hCoV-19/England/CAMB-1AD0AA/2020,119,139
hCoV-19/England/CAMB-1AD040/2020,119,139
hCoV-19/England/CAMB-1ACFF9/2020,119,139
hCoV-19/England/CAMB-1ACFEA/2020,119,139
hCoV-19/England/CAMB-1AC14E/2020,119,133
hCoV-19/England/CAMB-1AC120/2020,119,133
hCoV-19/England/CAMB-1AC0E7/2020,119,133
hCoV-19/England/CAMB-1AC041/2020,119,133
hCoV-19/England/CAMB-1AC023/2020,119,133
hCoV-19/England/CAMB-1AC014/2020,119,133
hCoV-19/England/BRIS-18544AC/2020,119,201
hCoV-19/England/BRIS-185447F/2020,119,201
hCoV-19/England/BRIS-1854451/2020,119,201
hCoV-19/England/BRIS-1854424/2020,119,201
hCoV-19/England/BRIS-18543DC/2020,119,201
hCoV-19/England/BRIS-18543CD/2020,119,201
hCoV-19/England/BRIS-18543BE/2020,119,201
hCoV-19/England/BRIS-18543AF/2020,119,201
hCoV-19/England/BRIS-1854372/2020,119,201
hCoV-19/England/BRIS-12AAB6/2020,119,155
hCoV-19/England/BRIS-12A99B/2020,119,155
hCoV-19/England/BRIS-12A98C/2020,119,155
hCoV-19/England/BRIS-12A95F/2020,119,155
hCoV-19/England/BRIS-12A870/2020,119,155
hCoV-19/England/BRIS-12A843/2020,119,155
hCoV-19/England/BRIS-12A834/2020,119,155
hCoV-19/England/BRIS-12A825/2020,119,155
hCoV-19/England/BRIS-12A807/2020,119,155
hCoV-19/England/BRIS-12A7FB/2020,119,155
hCoV-19/England/BRIS-12A791/2020,119,155
hCoV-19/England/BRIS-12A61C/2020,119,155
hCoV-19/England/BRIS-12A60D/2020,119,155
hCoV-19/England/BRIS-12A5A6/2020,119,155
hCoV-19/England/BRIS-12A4E5/2020,119,155
hCoV-19/England/BRIS-12A4D6/2020,119,155
hCoV-19/England/BRIS-12A3E8/2020,119,155
hCoV-19/England/BIRM-61568/2020,119,181
hCoV-19/England/BIRM-6142F/2020,119,181
hCoV-19/England/BIRM-61410/2020,119,181
hCoV-19/England/BIRM-5ED48/2020,119,139
hCoV-19/England/BIRM-5ECE1/2020,119,139
hCoV-19/England/20188153704/2020,119,162
hCoV-19/England/20188072804/2020,119,162
hCoV-19/England/20188012604/2020,119,162
hCoV-19/England/201861242/2020,119,245
hCoV-19/England/20186120904/2020,119,162
hCoV-19/England/20186106504/2020,119,250
hCoV-19/England/20186103704/2020,119,246
hCoV-19/England/20186102804/2020,119,250
hCoV-19/England/20186097004/2020,119,162
hCoV-19/England/20186078004/2020,119,162
hCoV-19/England/20186077604/2020,119,162
hCoV-19/England/20186077504/2020,119,162
hCoV-19/England/20186006704/2020,119,162
hCoV-19/England/20186005504/2020,119,162
hCoV-19/Wales/PHWC-36AA9/2020,120,174
hCoV-19/Wales/PHWC-3662D/2020,120,174
hCoV-19/Wales/PHWC-3658A/2020,120,174
hCoV-19/Wales/PHWC-3649C/2020,120,174
hCoV-19/Wales/PHWC-36405/2020,120,174
hCoV-19/Wales/PHWC-36317/2020,120,174
hCoV-19/Wales/PHWC-1646BC/2020,120,174
hCoV-19/Wales/PHWC-164616/2020,120,174
hCoV-19/Wales/PHWC-16441C/2020,120,174
hCoV-19/Wales/PHWC-163CBB/2020,120,174
hCoV-19/Wales/PHWC-163C51/2020,120,174
hCoV-19/Wales/PHWC-163C33/2020,120,174
hCoV-19/Wales/PHWC-1639F0/2020,120,174
hCoV-19/Wales/PHWC-163680/2020,120,174
hCoV-19/Wales/PHWC-16342C/2020,120,174
hCoV-19/Scotland/EDB6899/2020,120,244
hCoV-19/Scotland/EDB6898/2020,120,244
hCoV-19/Scotland/EDB6897/2020,120,244
hCoV-19/Scotland/EDB6894/2020,120,244
hCoV-19/Scotland/EDB6893/2020,120,244
hCoV-19/Scotland/EDB6890/2020,120,271
hCoV-19/Scotland/EDB6888/2020,120,244
hCoV-19/Scotland/EDB6887/2020,120,244
hCoV-19/Scotland/EDB6886/2020,120,244
hCoV-19/Scotland/EDB6884/2020,120,244
hCoV-19/Scotland/EDB6883/2020,120,244
hCoV-19/Scotland/EDB6882/2020,120,244
hCoV-19/Scotland/EDB6881/2020,120,244
hCoV-19/Scotland/EDB6880/2020,120,244
hCoV-19/Scotland/EDB6383/2020,120,174
hCoV-19/Scotland/EDB5928/2020,120,195
hCoV-19/Scotland/EDB5926/2020,120,195
hCoV-19/Scotland/EDB5924/2020,120,195
hCoV-19/Scotland/EDB5918/2020,120,195
hCoV-19/Scotland/EDB5917/2020,120,195
hCoV-19/Scotland/EDB5912/2020,120,195
hCoV-19/Scotland/EDB5906/2020,120,195
hCoV-19/Scotland/EDB5905/2020,120,244
hCoV-19/Scotland/EDB3944/2020,120,132
hCoV-19/Scotland/EDB3943/2020,120,132
hCoV-19/Scotland/EDB3879/2020,120,132
hCoV-19/Scotland/EDB3871/2020,120,132
hCoV-19/Scotland/EDB3870/2020,120,132
hCoV-19/Scotland/EDB3869/2020,120,132
hCoV-19/Scotland/EDB3868/2020,120,132
hCoV-19/Scotland/EDB3865/2020,120,132
hCoV-19/Scotland/EDB3864/2020,120,132
hCoV-19/Scotland/EDB3862/2020,120,132
hCoV-19/Scotland/EDB3859/2020,120,132
hCoV-19/Scotland/EDB3857/2020,120,132
hCoV-19/Scotland/EDB3856/2020,120,132
hCoV-19/Scotland/EDB3854/2020,120,215
hCoV-19/Scotland/EDB3843/2020,120,198
hCoV-19/Scotland/EDB3842/2020,120,132
hCoV-19/Scotland/EDB3837/2020,120,132
hCoV-19/Scotland/EDB3831/2020,120,198
hCoV-19/Scotland/EDB3829/2020,120,244
hCoV-19/Scotland/EDB3796/2020,120,132
hCoV-19/Scotland/CVR3301/2020,120,202
hCoV-19/Scotland/CVR3298/2020,120,153
hCoV-19/Scotland/CVR3296/2020,120,202
hCoV-19/Scotland/CVR3294/2020,120,153
hCoV-19/Scotland/CVR3266/2020,120,153
hCoV-19/England/WSFT-25C0DEC/2020,120,201
hCoV-19/England/WSFT-25C0DA0/2020,120,201
hCoV-19/England/TFCI-2704A01/2020,120,404
hCoV-19/England/TBSD-2488E2A/2020,120,184
hCoV-19/England/SHEF-D0E69/2020,120,196
hCoV-19/England/SHEF-CF39B/2020,120,157
hCoV-19/England/SHEF-CCBB4/2020,120,196
hCoV-19/England/SHEF-CC817/2020,120,153
hCoV-19/England/SHEF-CC1C1/2020,120,174
hCoV-19/England/SHEF-C83FC/2020,120,157
hCoV-19/England/SHEF-C3986/2020,120,174
hCoV-19/England/SHEF-C35DD/2020,120,153
hCoV-19/England/SHEF-C31CA/2020,120,157
hCoV-19/England/PORT-2D0C7C/2020,120,174
hCoV-19/England/PORT-2D0C4F/2020,120,174
hCoV-19/England/PORT-2D0BE8/2020,120,174
hCoV-19/England/OXON-B4D13/2020,120,257
hCoV-19/England/OXON-B4C8F/2020,120,257
hCoV-19/England/OXON-B4B73/2020,120,257
hCoV-19/England/OXON-B2CDC/2020,120,257
hCoV-19/England/OXON-B279F/2020,120,257
hCoV-19/England/OXON-B16C0/2020,120,181
hCoV-19/England/NOTT-11233E/2020,120,189
hCoV-19/England/NOTT-111F3B/2020,120,174
hCoV-19/England/NOTT-110AFF/2020,120,139
hCoV-19/England/NOTT-110AE0/2020,120,132
hCoV-19/England/NOTT-110AD1/2020,120,132
hCoV-19/England/NOTT-110AC2/2020,120,132
hCoV-19/England/NOTT-110AB3/2020,120,132
hCoV-19/England/NOTT-110A95/2020,120,132
hCoV-19/England/NOTT-110A86/2020,120,132
hCoV-19/England/NOTT-110A77/2020,120,132
hCoV-19/England/NOTT-110A3B/2020,120,132
hCoV-19/England/NOTT-110A1D/2020,120,132
hCoV-19/England/NOTT-110A0E/2020,120,132
hCoV-19/England/NOTT-1109D4/2020,120,132
hCoV-19/England/NOTT-1109C5/2020,120,132
hCoV-19/England/NOTT-1109B6/2020,120,132
hCoV-19/England/NOTT-1109A7/2020,120,132
hCoV-19/England/NOTT-110998/2020,120,132
hCoV-19/England/NOTT-110989/2020,120,132
hCoV-19/England/NORW-EB399/2020,120,153
hCoV-19/England/NORW-EB029/2020,120,153
hCoV-19/England/NORW-EB01A/2020,120,153
hCoV-19/England/NORW-EB00B/2020,120,153
hCoV-19/England/NORW-EAF69/2020,120,153
hCoV-19/England/NORW-EAF4B/2020,120,153
hCoV-19/England/NORW-EAF3C/2020,120,153
hCoV-19/England/NORW-EAED5/2020,120,153
hCoV-19/England/NORW-EAEB7/2020,120,153
hCoV-19/England/NORW-EAEA8/2020,120,153
hCoV-19/England/NORW-EAE99/2020,120,153
hCoV-19/England/NORW-EAE11/2020,120,153
hCoV-19/England/NORW-EAE02/2020,120,153
hCoV-19/England/NORW-EAD80/2020,120,153
hCoV-19/England/NORW-E9D42/2020,120,139
hCoV-19/England/NORW-E9D06/2020,120,139
hCoV-19/England/NORW-E9CEB/2020,120,139
hCoV-19/England/NORW-E9CBE/2020,120,157
hCoV-19/England/NORW-E9C72/2020,120,139
hCoV-19/England/NORW-E9C63/2020,120,139
hCoV-19/England/NORW-E9C54/2020,120,139
hCoV-19/England/NORW-E9C09/2020,120,139
hCoV-19/England/NORW-E9B48/2020,120,139
hCoV-19/England/NORW-E9B1B/2020,120,139
hCoV-19/England/NORW-E9AD2/2020,120,139
hCoV-19/England/NORT-2A0E24/2020,120,278
hCoV-19/England/NORT-2A0D72/2020,120,278
hCoV-19/England/NORT-2A0D63/2020,120,278
hCoV-19/England/NORT-2A0D36/2020,120,278
hCoV-19/England/NORT-2A0CFD/2020,120,278
hCoV-19/England/NORT-2A0CA2/2020,120,278
hCoV-19/England/NORT-2A0C66/2020,120,278
hCoV-19/England/NORT-29F699/2020,120,189
hCoV-19/England/NORT-29F5F6/2020,120,196
hCoV-19/England/NORT-29F57E/2020,120,195
hCoV-19/England/NORT-29F4EA/2020,120,195
hCoV-19/England/NORT-29E928/2020,120,202
hCoV-19/England/NORT-29E8EF/2020,120,202
hCoV-19/England/NORT-29E8A3/2020,120,195
hCoV-19/England/NORT-29E885/2020,120,202
hCoV-19/England/NORT-29E849/2020,120,202
hCoV-19/England/NORT-29E83A/2020,120,195
hCoV-19/England/NORT-29E7A6/2020,120,202
hCoV-19/England/NORT-29E6E5/2020,120,202
hCoV-19/England/NORT-29E3FD/2020,120,202
hCoV-19/England/NORT-29CE67/2020,120,195
hCoV-19/England/NORT-29CDF1/2020,120,292
hCoV-19/England/NORT-29CADC/2020,120,189
hCoV-19/England/NORT-29CACD/2020,120,189
hCoV-19/England/NORT-29C9DF/2020,120,195
hCoV-19/England/NORT-29A388/2020,120,215
hCoV-19/England/NORT-29A1D9/2020,120,215
hCoV-19/England/NORT-28404E/2020,120,195
hCoV-19/England/NORT-28403F/2020,120,181
hCoV-19/England/MILK-9ECC58/2020,120,293
hCoV-19/England/MILK-48249D/2020,120,271
hCoV-19/England/MILK-4822C0/2020,120,271
hCoV-19/England/MILK-481FAC/2020,120,271
hCoV-19/England/LIVE-9DD10/2020,120,139
hCoV-19/England/CWAR-24FDC26/2020,120,292
hCoV-19/England/CWAR-24FDA86/2020,120,292
hCoV-19/England/CWAR-24FDA77/2020,120,292
hCoV-19/England/CWAR-24FD9B6/2020,120,292
hCoV-19/England/CAMB-1B02DB/2020,120,155
hCoV-19/England/CAMB-1B0244/2020,120,155
hCoV-19/England/CAMB-1AF521/2020,120,155
hCoV-19/England/CAMB-1AF1F0/2020,120,155
hCoV-19/England/CAMB-1AF12D/2020,120,155
hCoV-19/England/CAMB-1AF10F/2020,120,155
hCoV-19/England/CAMB-1AF099/2020,120,155
hCoV-19/England/CAMB-1AF06C/2020,120,155
hCoV-19/England/CAMB-1AEFD9/2020,120,155
hCoV-19/England/CAMB-1AEAE7/2020,120,240
hCoV-19/England/CAMB-1AE944/2020,120,240
hCoV-19/England/CAMB-1AE865/2020,120,240
hCoV-19/England/CAMB-1AE838/2020,120,240
hCoV-19/England/CAMB-1AE7A4/2020,120,240
hCoV-19/England/CAMB-1AE759/2020,120,240
hCoV-19/England/CAMB-1AE74A/2020,120,240
hCoV-19/England/CAMB-1AE73B/2020,120,240
hCoV-19/England/CAMB-1AE70E/2020,120,240
hCoV-19/England/CAMB-1AE62F/2020,120,240
hCoV-19/England/CAMB-1AE5E6/2020,120,240
hCoV-19/England/CAMB-1AD8A2/2020,120,139
hCoV-19/England/CAMB-1AD893/2020,120,139
hCoV-19/England/CAMB-1AD7B4/2020,120,139
hCoV-19/England/CAMB-1AD769/2020,120,139
hCoV-19/England/CAMB-1AD602/2020,120,139
hCoV-19/England/CAMB-1AD2D1/2020,120,139
hCoV-19/England/CAMB-1AD2C2/2020,120,139
hCoV-19/England/CAMB-1AD24A/2020,120,139
hCoV-19/England/CAMB-1AD20E/2020,120,139
hCoV-19/England/CAMB-1AD1A7/2020,120,139
hCoV-19/England/CAMB-1AD16B/2020,120,139
hCoV-19/England/CAMB-1AD14D/2020,120,139
hCoV-19/England/CAMB-1AD06E/2020,120,139
hCoV-19/England/CAMB-1AD004/2020,120,139
hCoV-19/England/BRIS-18545F4/2020,120,203
hCoV-19/England/BRIS-12AF4E/2020,120,155
hCoV-19/England/BRIS-12AD26/2020,120,155
hCoV-19/England/BRIS-12AC56/2020,120,155
hCoV-19/England/BRIS-12AC29/2020,120,155
hCoV-19/England/BRIS-12AB1D/2020,120,155
hCoV-19/England/BRIS-12AAF2/2020,120,155
hCoV-19/England/BRIS-12AAA7/2020,120,155
hCoV-19/England/BRIS-12AA3E/2020,120,155
hCoV-19/England/BRIS-12AA10/2020,120,155
hCoV-19/England/BRIS-12A9F5/2020,120,155
hCoV-19/England/BRIS-12A9E6/2020,120,155
hCoV-19/England/BRIS-12A9C8/2020,120,155
hCoV-19/England/BRIS-12A773/2020,120,155
hCoV-19/England/BRIS-12A737/2020,120,155
hCoV-19/England/BRIS-12A685/2020,120,155
hCoV-19/England/BRIS-12A54C/2020,120,155
hCoV-19/England/BRIS-12A53D/2020,120,155
hCoV-19/England/BRIS-12A4C7/2020,120,155
hCoV-19/England/BRIS-12A49A/2020,120,155
hCoV-19/England/BRIS-12A421/2020,120,155
hCoV-19/England/BRIS-12A403/2020,120,155
hCoV-19/England/BRIS-12A3F7/2020,120,169
hCoV-19/England/BRIS-12A3BB/2020,120,155
hCoV-19/England/BRIS-12A3AC/2020,120,155
hCoV-19/England/BRIS-12A38E/2020,120,155
hCoV-19/England/BRIS-12A37F/2020,120,155
hCoV-19/England/BRIS-12A351/2020,120,155
hCoV-19/England/BIRM-61674/2020,120,202
hCoV-19/England/BIRM-61665/2020,120,202
hCoV-19/England/BIRM-61656/2020,120,202
hCoV-19/England/BIRM-61629/2020,120,202
hCoV-19/England/BIRM-6161A/2020,120,202
hCoV-19/England/20192073101/2020,120,162
hCoV-19/England/20190062001/2020,120,162
hCoV-19/England/201890916/2020,120,245
hCoV-19/England/20189054401/2020,120,162
hCoV-19/England/20189054201/2020,120,162
hCoV-19/England/20189049401/2020,120,162
hCoV-19/England/20188152504/2020,120,162
hCoV-19/England/20188142804/2020,120,162
hCoV-19/England/201881261/2020,120,211
hCoV-19/England/20188072401/2020,120,162
hCoV-19/England/20188051804/2020,120,162
hCoV-19/England/20188036404/2020,120,162
hCoV-19/England/20188035504/2020,120,162
hCoV-19/England/20188034704/2020,120,162
hCoV-19/England/20188033304/2020,120,162
hCoV-19/England/20188033004/2020,120,162
hCoV-19/England/20188028704/2020,120,162
hCoV-19/England/20188027704/2020,120,162
hCoV-19/England/20188020204/2020,120,162
hCoV-19/England/20188019604/2020,120,162
hCoV-19/England/20188018104/2020,120,162
hCoV-19/England/20188018004/2020,120,162
hCoV-19/England/20188017704/2020,120,162
hCoV-19/England/20186134604/2020,120,162
hCoV-19/England/20186134404/2020,120,162
hCoV-19/England/20186133904/2020,120,162
hCoV-19/Wales/PHWC-36C85/2020,121,174
hCoV-19/Wales/PHWC-36B79/2020,121,174
hCoV-19/Wales/PHWC-3663C/2020,121,174
hCoV-19/Wales/PHWC-365F3/2020,121,174
hCoV-19/Wales/PHWC-365B7/2020,121,174
hCoV-19/Wales/PHWC-3656C/2020,121,174
hCoV-19/Wales/PHWC-3654E/2020,121,174
hCoV-19/Wales/PHWC-36502/2020,121,174
hCoV-19/Wales/PHWC-364F6/2020,121,174
hCoV-19/Wales/PHWC-364E7/2020,121,174
hCoV-19/Wales/PHWC-169013/2020,121,209
hCoV-19/Wales/PHWC-166456/2020,121,202
hCoV-19/Wales/PHWC-163DD6/2020,121,174
hCoV-19/Wales/PHWC-163C42/2020,121,174
hCoV-19/Wales/PHWC-163714/2020,121,174
hCoV-19/Scotland/EDB6919/2020,121,236
hCoV-19/Scotland/EDB6917/2020,121,236
hCoV-19/Scotland/EDB6916/2020,121,236
hCoV-19/Scotland/EDB6913/2020,121,236
hCoV-19/Scotland/EDB6912/2020,121,236
hCoV-19/Scotland/EDB6909/2020,121,244
hCoV-19/Scotland/EDB6906/2020,121,244
hCoV-19/Scotland/EDB6905/2020,121,244
hCoV-19/Scotland/EDB6904/2020,121,244
hCoV-19/Scotland/EDB6903/2020,121,244
hCoV-19/Scotland/EDB5943/2020,121,195
hCoV-19/Scotland/EDB5941/2020,121,174
hCoV-19/Scotland/EDB5939/2020,121,195
hCoV-19/Scotland/EDB5937/2020,121,195
hCoV-19/Scotland/EDB5931/2020,121,195
hCoV-19/Scotland/EDB3914/2020,121,132
hCoV-19/Scotland/EDB3913/2020,121,198
hCoV-19/Scotland/EDB3907/2020,121,202
hCoV-19/Scotland/EDB3906/2020,121,132
hCoV-19/Scotland/EDB3903/2020,121,132
hCoV-19/Scotland/EDB3899/2020,121,132
hCoV-19/Scotland/EDB3897/2020,121,132
hCoV-19/Scotland/EDB3895/2020,121,132
hCoV-19/Scotland/EDB3894/2020,121,132
hCoV-19/Scotland/EDB3892/2020,121,132
hCoV-19/Scotland/EDB3890/2020,121,132
hCoV-19/Scotland/EDB3887/2020,121,132
hCoV-19/Scotland/EDB3882/2020,121,132
hCoV-19/Scotland/EDB3876/2020,121,198
hCoV-19/Scotland/EDB3875/2020,121,198
hCoV-19/Scotland/EDB3873/2020,121,132
hCoV-19/Scotland/EDB3872/2020,121,132
hCoV-19/Scotland/EDB3846/2020,121,132
hCoV-19/Scotland/CVR3355/2020,121,153
hCoV-19/Scotland/CVR3354/2020,121,153
hCoV-19/Scotland/CVR3353/2020,121,153
hCoV-19/Scotland/CVR3335/2020,121,153
hCoV-19/Scotland/CVR3331/2020,121,202
hCoV-19/Scotland/CVR3327/2020,121,202
hCoV-19/Scotland/CVR3321/2020,121,202
hCoV-19/Scotland/CVR3302/2020,121,202
hCoV-19/Scotland/CVR3289/2020,121,202
hCoV-19/Scotland/CVR3284/2020,121,153
hCoV-19/Scotland/CVR3282/2020,121,153
hCoV-19/England/SHEF-CDBE0/2020,121,153
hCoV-19/England/SHEF-CCD54/2020,121,157
hCoV-19/England/SHEF-CAF05/2020,121,157
hCoV-19/England/SHEF-C95B9/2020,121,153
hCoV-19/England/SHEF-C8A33/2020,121,153
hCoV-19/England/SHEF-C7339/2020,121,153
hCoV-19/England/SHEF-C6886/2020,121,157
hCoV-19/England/SHEF-C469D/2020,121,153
hCoV-19/England/SHEF-C27F6/2020,121,153
hCoV-19/England/SHEF-C2477/2020,121,153
hCoV-19/England/PRIN-254BD07/2020,121,217
hCoV-19/England/OXON-B44F0/2020,121,257
hCoV-19/England/OXON-B2085/2020,121,181
hCoV-19/England/OXON-B2049/2020,121,181
hCoV-19/England/OXON-B1FC5/2020,121,181
hCoV-19/England/OXON-B1EE6/2020,121,181
hCoV-19/England/OXON-B1DE9/2020,121,181
hCoV-19/England/NOTT-11232F/2020,121,189
hCoV-19/England/NOTT-11228C/2020,121,189
hCoV-19/England/NOTT-11227D/2020,121,189
hCoV-19/England/NOTT-11226E/2020,121,189
hCoV-19/England/NOTT-111DE6/2020,121,174
hCoV-19/England/NOTT-1114F0/2020,121,153
hCoV-19/England/NOTT-110CCC/2020,121,139
hCoV-19/England/NOTT-110C9F/2020,121,139
hCoV-19/England/NOTT-110C71/2020,121,139
hCoV-19/England/NOTT-110C62/2020,121,139
hCoV-19/England/NOTT-110C44/2020,121,139
hCoV-19/England/NOTT-110C26/2020,121,139
hCoV-19/England/NOTT-110C08/2020,121,139
hCoV-19/England/NOTT-110B74/2020,121,139
hCoV-19/England/NORW-EB663/2020,121,153
hCoV-19/England/NORW-EB636/2020,121,153
hCoV-19/England/NORW-EB618/2020,121,153
hCoV-19/England/NORW-EB609/2020,121,153
hCoV-19/England/NORW-EB5DF/2020,121,153
hCoV-19/England/NORW-EB5C0/2020,121,153
hCoV-19/England/NORW-EB548/2020,121,153
hCoV-19/England/NORW-EB539/2020,121,153
hCoV-19/England/NORW-EB52A/2020,121,153
hCoV-19/England/NORW-EB4F0/2020,121,153
hCoV-19/England/NORW-EB4D2/2020,121,153
hCoV-19/England/NORW-EB4B4/2020,121,153
hCoV-19/England/NORW-EB3D5/2020,121,153
hCoV-19/England/NORW-EB3C6/2020,121,153
hCoV-19/England/NORW-EB37B/2020,121,153
hCoV-19/England/NORW-EB2F6/2020,121,153
hCoV-19/England/NORW-EB26F/2020,121,153
hCoV-19/England/NORW-EAE6C/2020,121,153
hCoV-19/England/NORW-EAE3F/2020,121,153
hCoV-19/England/NORW-E9ED6/2020,121,139
hCoV-19/England/NORW-E9E7C/2020,121,139
hCoV-19/England/NORW-E9E30/2020,121,139
hCoV-19/England/NORW-E9D60/2020,121,139
hCoV-19/England/NORT-29E612/2020,121,202
hCoV-19/England/NORT-29E542/2020,121,202
hCoV-19/England/NORT-29CE49/2020,121,209
hCoV-19/England/NORT-29CE0D/2020,121,209
hCoV-19/England/NORT-29CDB5/2020,121,209
hCoV-19/England/NORT-29CDA6/2020,121,209
hCoV-19/England/NORT-29CD2E/2020,121,209
hCoV-19/England/NORT-29CD1F/2020,121,209
hCoV-19/England/NORT-29CD00/2020,121,209
hCoV-19/England/NORT-29CC6D/2020,121,189
hCoV-19/England/NORT-29CBCA/2020,121,189
hCoV-19/England/NORT-29CB24/2020,121,189
hCoV-19/England/NORT-29C9EE/2020,121,189
hCoV-19/England/NORT-29A5EC/2020,121,215
hCoV-19/England/NORT-290D39/2020,121,147
hCoV-19/England/NORT-285423/2020,121,157
hCoV-19/England/LIVE-9F3B2/2020,121,147
hCoV-19/England/LIVE-9F31C/2020,121,147
hCoV-19/England/HECH-2599EAD/2020,121,184
hCoV-19/England/HECH-2599E52/2020,121,184
hCoV-19/England/EXET-136B78/2020,121,153
hCoV-19/England/EXET-136686/2020,121,153
hCoV-19/England/CWAR-24FE153/2020,121,292
hCoV-19/England/CWAR-24FDA95/2020,121,292
hCoV-19/England/CWAR-24FDA68/2020,121,292
hCoV-19/England/CWAR-24FDA59/2020,121,292
hCoV-19/England/CWAR-24FDA4A/2020,121,292
hCoV-19/England/CAMB-1B03C9/2020,121,155
hCoV-19/England/CAMB-1B0208/2020,121,155
hCoV-19/England/CAMB-1AFC2C/2020,121,155
hCoV-19/England/CAMB-1AFBC5/2020,121,155
hCoV-19/England/CAMB-1AF952/2020,121,155
hCoV-19/England/CAMB-1AF925/2020,121,155
hCoV-19/England/CAMB-1AF6C4/2020,121,155
hCoV-19/England/CAMB-1AF697/2020,121,155
hCoV-19/England/CAMB-1AF679/2020,121,155
hCoV-19/England/CAMB-1AF65B/2020,121,155
hCoV-19/England/CAMB-1AF63D/2020,121,155
hCoV-19/England/CAMB-1AEBB7/2020,121,139
hCoV-19/England/CAMB-1AE8DE/2020,121,155
hCoV-19/England/CAMB-1ADB21/2020,121,139
hCoV-19/England/CAMB-1ADB12/2020,121,139
hCoV-19/England/CAMB-1ADAF7/2020,121,139
hCoV-19/England/CAMB-1AD963/2020,121,139
hCoV-19/England/CAMB-1AD909/2020,121,139
hCoV-19/England/CAMB-1AD8DF/2020,121,139
hCoV-19/England/CAMB-1AD866/2020,121,139
hCoV-19/England/CAMB-1AD82A/2020,121,139
hCoV-19/England/CAMB-1AD7D2/2020,121,139
hCoV-19/England/CAMB-1AD7A5/2020,121,139
hCoV-19/England/CAMB-1AD72D/2020,121,139
hCoV-19/England/CAMB-1AD71E/2020,121,139
hCoV-19/England/CAMB-1AD70F/2020,121,139
hCoV-19/England/CAMB-1AD6F3/2020,121,139
hCoV-19/England/CAMB-1AD6D5/2020,121,139
hCoV-19/England/CAMB-1AD6B7/2020,121,139
hCoV-19/England/CAMB-1AD6A8/2020,121,139
hCoV-19/England/CAMB-1AD1F2/2020,121,139
hCoV-19/England/BRIS-185470D/2020,121,203
hCoV-19/England/BRIS-12D206/2020,121,184
hCoV-19/England/BRIS-12B3C9/2020,121,195
hCoV-19/England/BRIS-12B3BA/2020,121,195
hCoV-19/England/BRIS-12B305/2020,121,195
hCoV-19/England/BRIS-12B2AE/2020,121,195
hCoV-19/England/BRIS-12AF6C/2020,121,155
hCoV-19/England/BRIS-12AEE7/2020,121,155
hCoV-19/England/BRIS-12AED8/2020,121,155
hCoV-19/England/BRIS-12AEBA/2020,121,155
hCoV-19/England/BRIS-12AE05/2020,121,155
hCoV-19/England/BRIS-12AD9F/2020,121,155
hCoV-19/England/BRIS-12AD71/2020,121,155
hCoV-19/England/BRIS-12AD35/2020,121,155
hCoV-19/England/BRIS-12ACFC/2020,121,155
hCoV-19/England/BRIS-12ACCF/2020,121,155
hCoV-19/England/BRIS-12AC65/2020,121,155
hCoV-19/England/BRIS-12AC47/2020,121,155
hCoV-19/England/BRIS-12AC38/2020,121,155
hCoV-19/England/BRIS-12AC1A/2020,121,155
hCoV-19/England/BRIS-12ABD1/2020,121,155
hCoV-19/England/BRIS-12AB77/2020,121,155
hCoV-19/England/BRIS-12AB59/2020,121,155
hCoV-19/England/BRIS-12AB2C/2020,121,155
hCoV-19/England/BRIS-12A755/2020,121,155
hCoV-19/England/BRIS-12A719/2020,121,155
hCoV-19/England/BRIS-12A70A/2020,121,155
hCoV-19/England/BRIS-12A6FE/2020,121,155
hCoV-19/England/BRIS-12A676/2020,121,155
hCoV-19/England/BRIS-12A658/2020,121,155
hCoV-19/England/BRIS-12A649/2020,121,155
hCoV-19/England/204440785/2020,121,320
hCoV-19/England/20192085601/2020,121,162
hCoV-19/England/20190056901/2020,121,162
hCoV-19/England/20190056501/2020,121,162
hCoV-19/England/20190003901/2020,121,162
hCoV-19/England/20189177001/2020,121,162
hCoV-19/England/20189176701/2020,121,162
hCoV-19/England/20189166901/2020,121,162
hCoV-19/England/20189166001/2020,121,162
hCoV-19/England/20189163501/2020,121,162
hCoV-19/England/20189148201/2020,121,162
hCoV-19/England/20189118901/2020,121,162
hCoV-19/England/20189113304/2020,121,250
hCoV-19/England/20189080701/2020,121,162
hCoV-19/England/20189051801/2020,121,162
hCoV-19/England/20189050701/2020,121,162
hCoV-19/England/20189046701/2020,121,162
hCoV-19/England/20189042501/2020,121,162
hCoV-19/England/20189042401/2020,121,162
hCoV-19/England/20189019804/2020,121,162
hCoV-19/England/20188145804/2020,121,162
hCoV-19/England/20188064104/2020,121,162
hCoV-19/Wales/PHWC-36C3A/2020,122,174
hCoV-19/Wales/PHWC-36C2B/2020,122,174
hCoV-19/Wales/PHWC-36A30/2020,122,174
hCoV-19/Wales/PHWC-3671B/2020,122,174
hCoV-19/Wales/PHWC-366B4/2020,122,174
hCoV-19/Wales/PHWC-164670/2020,122,174
hCoV-19/Wales/PHWC-1644C1/2020,122,174
hCoV-19/Wales/PHWC-164485/2020,122,174
hCoV-19/Wales/PHWC-164476/2020,122,174
hCoV-19/Wales/PHWC-164072/2020,122,174
hCoV-19/Wales/PHWC-164036/2020,122,174
hCoV-19/Wales/PHWC-163F3A/2020,122,174
hCoV-19/Wales/PHWC-1638C6/2020,122,174
hCoV-19/Wales/PHWC-163565/2020,122,174
hCoV-19/Wales/PHWC-16336B/2020,122,174
hCoV-19/Scotland/EDB6911/2020,122,244
hCoV-19/Scotland/EDB5960/2020,122,195
hCoV-19/Scotland/EDB5956/2020,122,195
hCoV-19/Scotland/EDB5953/2020,122,195
hCoV-19/Scotland/EDB5951/2020,122,195
hCoV-19/Scotland/EDB5946/2020,122,195
hCoV-19/Scotland/EDB3941/2020,122,132
hCoV-19/Scotland/EDB3925/2020,122,132
hCoV-19/Scotland/EDB3919/2020,122,132
hCoV-19/Scotland/EDB3918/2020,122,132
hCoV-19/Scotland/CVR3366/2020,122,153
hCoV-19/Scotland/CVR3365/2020,122,153
hCoV-19/Scotland/CVR3364/2020,122,153
hCoV-19/Scotland/CVR3363/2020,122,153
hCoV-19/Scotland/CVR3362/2020,122,153
hCoV-19/Scotland/CVR3361/2020,122,153
hCoV-19/Scotland/CVR3360/2020,122,153
hCoV-19/Scotland/CVR3359/2020,122,153
hCoV-19/Scotland/CVR3358/2020,122,153
hCoV-19/Scotland/CVR3285/2020,122,202
hCoV-19/England/WSFT-25C0F9B/2020,122,201
hCoV-19/England/WSFT-25C0E43/2020,122,201
hCoV-19/England/WSFT-25C0D55/2020,122,201
hCoV-19/England/TFCI-2707AE0/2020,122,460
hCoV-19/England/TFCI-2707AD1/2020,122,460
hCoV-19/England/TFCI-26FA54A/2020,122,379
hCoV-19/England/TFCI-26FA53B/2020,122,379
hCoV-19/England/SHEF-D0898/2020,122,153
hCoV-19/England/SHEF-D0388/2020,122,153
hCoV-19/England/SHEF-CC9E7/2020,122,153
hCoV-19/England/SHEF-CA266/2020,122,153
hCoV-19/England/SHEF-C7928/2020,122,153
hCoV-19/England/SHEF-C2C7F/2020,122,153
hCoV-19/England/SHEF-C0989/2020,122,153
hCoV-19/England/SHEF-10B2A66/2020,122,259
hCoV-19/England/SHEF-10B2A0C/2020,122,259
hCoV-19/England/PORT-2D0007/2020,122,202
hCoV-19/England/OXON-B4D5F/2020,122,257
hCoV-19/England/OXON-B4CCB/2020,122,257
hCoV-19/England/OXON-B2CBE/2020,122,257
hCoV-19/England/OXON-B2C18/2020,122,257
hCoV-19/England/OXON-B1EAA/2020,122,181
hCoV-19/England/OXON-B1A88/2020,122,181
hCoV-19/England/NOTT-1122D7/2020,122,189
hCoV-19/England/NOTT-111F59/2020,122,174
hCoV-19/England/NOTT-111EE3/2020,122,174
hCoV-19/England/NOTT-111539/2020,122,153
hCoV-19/England/NOTT-111126/2020,122,147
hCoV-19/England/NOTT-110D05/2020,122,139
hCoV-19/England/NOTT-110CF9/2020,122,139
hCoV-19/England/NOTT-110CEA/2020,122,139
hCoV-19/England/NOTT-110CDB/2020,122,139
hCoV-19/England/NOTT-110CAE/2020,122,139
hCoV-19/England/NOTT-110C80/2020,122,139
hCoV-19/England/NORW-EBA85/2020,122,153
hCoV-19/England/NORW-EB5EE/2020,122,153
hCoV-19/England/NORW-EB487/2020,122,153
hCoV-19/England/NORW-EB42D/2020,122,153
hCoV-19/England/NORW-EB320/2020,122,153
hCoV-19/England/NORW-EB311/2020,122,153
hCoV-19/England/NORW-EB232/2020,122,153
hCoV-19/England/NORW-EA109/2020,122,139
hCoV-19/England/NORW-E9FE2/2020,122,139
hCoV-19/England/NORW-E9EF4/2020,122,139
hCoV-19/England/NORW-E9EA9/2020,122,139
hCoV-19/England/NORW-E9E9A/2020,122,139
hCoV-19/England/NORW-E9E12/2020,122,139
hCoV-19/England/NORW-E9DF7/2020,122,139
hCoV-19/England/NORW-E9D8E/2020,122,139
hCoV-19/England/NORT-29E72E/2020,122,202
hCoV-19/England/NORT-29E5D9/2020,122,202
hCoV-19/England/NORT-29E5AC/2020,122,202
hCoV-19/England/NORT-29A740/2020,122,215
hCoV-19/England/NORT-29A731/2020,122,215
hCoV-19/England/NORT-2854E7/2020,122,157
hCoV-19/England/LOND-1286BB1/2020,122,383
hCoV-19/England/LIVE-9F3C1/2020,122,147
hCoV-19/England/LIVE-9F2D3/2020,122,147
hCoV-19/England/LIVE-9F1C7/2020,122,147
hCoV-19/England/HECH-2599ECB/2020,122,184
hCoV-19/England/HECH-2599E9E/2020,122,184
hCoV-19/England/HECH-2599E8F/2020,122,184
hCoV-19/England/CWAR-24FE108/2020,122,292
hCoV-19/England/CWAR-24FE0FC/2020,122,292
hCoV-19/England/CWAR-24FE0CF/2020,122,292
hCoV-19/England/CWAR-24FDBB0/2020,122,292
hCoV-19/England/CWAR-24FDBA1/2020,122,292
hCoV-19/England/CWAR-24FDB92/2020,122,292
hCoV-19/England/CWAR-24FDB83/2020,122,292
hCoV-19/England/CWAR-24FDB56/2020,122,292
hCoV-19/England/CWAR-24FDB29/2020,122,292
hCoV-19/England/CWAR-24FDAFF/2020,122,292
hCoV-19/England/CWAR-24FDAB3/2020,122,292
hCoV-19/England/CWAR-24FDAA4/2020,122,292
hCoV-19/England/CWAR-24FDA3B/2020,122,292
hCoV-19/England/CWAR-24FDA2C/2020,122,292
hCoV-19/England/CWAR-24FDA1D/2020,122,292
hCoV-19/England/CWAR-24FDA0E/2020,122,292
hCoV-19/England/CWAR-24FD9D4/2020,122,292
hCoV-19/England/CWAR-24FD9C5/2020,122,292
hCoV-19/England/CAMB-1B0930/2020,122,155
hCoV-19/England/CAMB-1B0271/2020,122,155
hCoV-19/England/CAMB-1B0217/2020,122,155
hCoV-19/England/CAMB-1AFE62/2020,122,155
hCoV-19/England/CAMB-1AFC59/2020,122,155
hCoV-19/England/CAMB-1AFB7A/2020,122,155
hCoV-19/England/CAMB-1AFA13/2020,122,155
hCoV-19/England/CAMB-1AEBC6/2020,122,139
hCoV-19/England/CAMB-1ADB30/2020,122,139
hCoV-19/England/CAMB-1AD972/2020,122,139
hCoV-19/England/CAMB-1AD918/2020,122,139
hCoV-19/England/CAMB-1AD8EE/2020,122,139
hCoV-19/England/CAMB-1AD857/2020,122,139
hCoV-19/England/CAMB-1AD80C/2020,122,139
hCoV-19/England/CAMB-1AD7E1/2020,122,139
hCoV-19/England/BRIS-12DC53/2020,122,184
hCoV-19/England/BRIS-12B411/2020,122,195
hCoV-19/England/BRIS-12B402/2020,122,195
hCoV-19/England/BRIS-12B3F6/2020,122,195
hCoV-19/England/BRIS-12B39C/2020,122,195
hCoV-19/England/BRIS-12B341/2020,122,195
hCoV-19/England/BRIS-12B323/2020,122,195
hCoV-19/England/BRIS-12B2EA/2020,122,195
hCoV-19/England/BRIS-12B2DB/2020,122,195
hCoV-19/England/BRIS-12B2CC/2020,122,195
hCoV-19/England/BRIS-12B2BD/2020,122,195
hCoV-19/England/BRIS-12AE7E/2020,122,155
hCoV-19/England/BRIS-12ADEA/2020,122,155
hCoV-19/England/BRIS-12ADCC/2020,122,155
hCoV-19/England/BRIS-12ADBD/2020,122,155
hCoV-19/England/BRIS-12ADAE/2020,122,155
hCoV-19/England/BIRM-5F73A/2020,122,174
hCoV-19/England/BIRM-5F71C/2020,122,174
hCoV-19/England/BIRM-5F70D/2020,122,174
hCoV-19/England/BIRM-5F6D3/2020,122,174
hCoV-19/England/20192146704/2020,122,244
hCoV-19/England/20189186501/2020,122,162
hCoV-19/England/20189183004/2020,122,162
hCoV-19/England/20189182904/2020,122,250
hCoV-19/England/20189182004/2020,122,162
hCoV-19/England/20189159904/2020,122,162
hCoV-19/England/20189159601/2020,122,162
hCoV-19/England/20189159504/2020,122,162
hCoV-19/England/20189159304/2020,122,162
hCoV-19/England/20189158801/2020,122,162
hCoV-19/England/20189158704/2020,122,162
hCoV-19/England/20189157501/2020,122,162
hCoV-19/England/20189157404/2020,122,162
hCoV-19/England/20189156801/2020,122,162
hCoV-19/England/20189156601/2020,122,162
hCoV-19/England/20189156401/2020,122,162
hCoV-19/England/20189155304/2020,122,162
hCoV-19/England/20189155001/2020,122,162
