hCoV-19/Wales/PHWC-36D28/2020,123,174
hCoV-19/Wales/PHWC-36D19/2020,123,174
hCoV-19/Wales/PHWC-16436A/2020,123,174
hCoV-19/Wales/PHWC-15D09A/2020,123,174
hCoV-19/Wales/PHWC-15CDEF/2020,123,174
hCoV-19/Scotland/EDB5964/2020,123,195
hCoV-19/Scotland/EDB5961/2020,123,195
hCoV-19/Scotland/EDB3986/2020,123,139
hCoV-19/Scotland/EDB3983/2020,123,139
hCoV-19/Scotland/EDB3973/2020,123,139
hCoV-19/Scotland/EDB3972/2020,123,139
hCoV-19/Scotland/EDB3961/2020,123,139
hCoV-19/Scotland/EDB3956/2020,123,139
hCoV-19/Scotland/CVR3368/2020,123,153
hCoV-19/Scotland/CVR3367/2020,123,153
hCoV-19/Scotland/CVR3325/2020,123,202
hCoV-19/England/WSFT-25C1167/2020,123,201
hCoV-19/England/WSFT-25C0E61/2020,123,201
hCoV-19/England/SHEF-CB7C0/2020,123,153
hCoV-19/England/SHEF-C9A05/2020,123,153
hCoV-19/England/SHEF-C7454/2020,123,153
hCoV-19/England/SHEF-C2671/2020,123,153
hCoV-19/England/SHEF-C1742/2020,123,196
hCoV-19/England/SHEF-10B2A93/2020,123,259
hCoV-19/England/SHEF-10B2A84/2020,123,259
hCoV-19/England/SHEF-10B2A48/2020,123,259
hCoV-19/England/SHEF-10B2A39/2020,123,259
hCoV-19/England/OXON-B4DE6/2020,123,257
hCoV-19/England/OXON-B4DAA/2020,123,257
hCoV-19/England/OXON-B4D31/2020,123,257
hCoV-19/England/OXON-B3DF6/2020,123,257
hCoV-19/England/OXON-B2832/2020,123,257
hCoV-19/England/OXON-B1C28/2020,123,181
hCoV-19/England/OXON-B1B67/2020,123,181
hCoV-19/England/OXON-B1B49/2020,123,181
hCoV-19/England/NOTT-112310/2020,123,189
hCoV-19/England/NOTT-112204/2020,123,189
hCoV-19/England/NOTT-111F68/2020,123,174
hCoV-19/England/NOTT-111F4A/2020,123,174
hCoV-19/England/NOTT-111EF2/2020,123,174
hCoV-19/England/NOTT-111DD7/2020,123,174
hCoV-19/England/NOTT-111117/2020,123,147
hCoV-19/England/NOTT-1110DE/2020,123,147
hCoV-19/England/NOTT-1110CF/2020,123,147
hCoV-19/England/NORW-EB43C/2020,123,153
hCoV-19/England/NORW-EB34E/2020,123,153
hCoV-19/England/NORW-EB33F/2020,123,153
hCoV-19/England/NORW-EB2D8/2020,123,174
hCoV-19/England/NORW-EB2AB/2020,123,153
hCoV-19/England/NORW-EB29C/2020,123,153
hCoV-19/England/NORW-EB28D/2020,123,153
hCoV-19/England/NORW-EB223/2020,123,157
hCoV-19/England/NORW-EB205/2020,123,157
hCoV-19/England/NORW-EB1F9/2020,123,157
hCoV-19/England/NORW-EB162/2020,123,174
hCoV-19/England/NORW-EB135/2020,123,174
hCoV-19/England/NORW-EA057/2020,123,139
hCoV-19/England/NORW-EA00C/2020,123,139
hCoV-19/England/NORW-E9FF1/2020,123,139
hCoV-19/England/NORW-E9E6D/2020,123,139
hCoV-19/England/NORW-E9DE8/2020,123,139
hCoV-19/England/NORW-E9D9D/2020,123,139
hCoV-19/England/NORW-E9D7F/2020,123,139
hCoV-19/England/NORW-E7649/2020,123,139
hCoV-19/England/NORW-E744F/2020,123,139
hCoV-19/England/NORW-E7430/2020,123,139
hCoV-19/England/NORW-E7421/2020,123,139
hCoV-19/England/NORT-29D473/2020,123,195
hCoV-19/England/NORT-29D464/2020,123,209
hCoV-19/England/NORT-29D455/2020,123,209
hCoV-19/England/NORT-29D446/2020,123,195
hCoV-19/England/NORT-29D437/2020,123,209
hCoV-19/England/NORT-29D3EF/2020,123,195
hCoV-19/England/NORT-29D3C1/2020,123,195
hCoV-19/England/NORT-29D2F1/2020,123,209
hCoV-19/England/NORT-29C8C3/2020,123,189
hCoV-19/England/NORT-29A79B/2020,123,215
hCoV-19/England/NORT-28B302/2020,123,153
hCoV-19/England/LIVE-9F26A/2020,123,147
hCoV-19/England/LIVE-9F19A/2020,123,147
hCoV-19/England/HECH-2599D64/2020,123,184
hCoV-19/England/HECH-2599D55/2020,123,184
hCoV-19/England/EXET-137852/2020,123,174
hCoV-19/England/EXET-137834/2020,123,174
hCoV-19/England/EXET-136B96/2020,123,153
hCoV-19/England/CWAR-24FE171/2020,123,292
hCoV-19/England/CWAR-24FDC17/2020,123,292
hCoV-19/England/CWAR-24FDC08/2020,123,292
hCoV-19/England/CWAR-24FDBDE/2020,123,292
hCoV-19/England/CWAR-24FDBCF/2020,123,292
hCoV-19/England/CWAR-24FDB1A/2020,123,292
hCoV-19/England/CWAR-24FDB0B/2020,123,292
hCoV-19/England/CWAR-24FDAE0/2020,123,292
hCoV-19/England/CAMB-1ADB9A/2020,123,139
hCoV-19/England/CAMB-1ADB8B/2020,123,139
hCoV-19/England/CAMB-1ADB7C/2020,123,139
hCoV-19/England/CAMB-1ADB5E/2020,123,139
hCoV-19/England/BRIS-12DBFC/2020,123,184
hCoV-19/England/BRIS-12D558/2020,123,184
hCoV-19/England/BRIS-12D53A/2020,123,184
hCoV-19/England/BRIS-12D233/2020,123,184
hCoV-19/England/BRIS-12D215/2020,123,184
hCoV-19/England/BRIS-12C744/2020,123,169
hCoV-19/England/BRIS-12C6ED/2020,123,169
hCoV-19/England/BRIS-12C5E0/2020,123,169
hCoV-19/England/BRIS-12C54A/2020,123,169
hCoV-19/England/BRIS-12C52C/2020,123,169
hCoV-19/England/BRIS-12B3E7/2020,123,195
hCoV-19/England/BRIS-12B3D8/2020,123,195
hCoV-19/England/BRIS-12B36F/2020,123,195
hCoV-19/England/BRIS-12B350/2020,123,195
hCoV-19/England/BRIS-12AF8A/2020,123,155
hCoV-19/England/BIRM-5F363/2020,123,153
hCoV-19/England/BIRM-5F169/2020,123,174
hCoV-19/England/BIRM-5F15A/2020,123,174
hCoV-19/England/BIRM-5F14B/2020,123,174
hCoV-19/England/ALDP-9EE2FA/2020,123,293
hCoV-19/England/ALDP-9EE2EB/2020,123,293
hCoV-19/England/ALDP-9EDF03/2020,123,293
hCoV-19/England/ALDP-9EDEF7/2020,123,293
hCoV-19/England/ALDP-9EDED9/2020,123,293
hCoV-19/England/ALDP-9EDECA/2020,123,293
hCoV-19/England/ALDP-9EDEBB/2020,123,293
hCoV-19/England/ALDP-9EDEAC/2020,123,293
hCoV-19/England/ALDP-9EDE9D/2020,123,293
hCoV-19/England/20194041601/2020,123,162
hCoV-19/Wales/PHWC-168F62/2020,124,209
hCoV-19/Wales/PHWC-15D416/2020,124,174
hCoV-19/Wales/PHWC-15D11F/2020,124,174
hCoV-19/Wales/PHWC-15CD67/2020,124,174
hCoV-19/Wales/PHWC-15CC3D/2020,124,174
hCoV-19/Wales/PHWC-15C611/2020,124,174
hCoV-19/Wales/PHWC-15C5E7/2020,124,174
hCoV-19/Wales/PHWC-15C0E6/2020,124,174
hCoV-19/Scotland/EDB5987/2020,124,244
hCoV-19/Scotland/EDB5986/2020,124,195
hCoV-19/Scotland/EDB5985/2020,124,244
hCoV-19/Scotland/EDB5980/2020,124,195
hCoV-19/Scotland/EDB5977/2020,124,195
hCoV-19/Scotland/EDB5974/2020,124,195
hCoV-19/Scotland/EDB5973/2020,124,244
hCoV-19/Scotland/EDB5971/2020,124,195
hCoV-19/Scotland/EDB5969/2020,124,195
hCoV-19/Scotland/EDB5965/2020,124,195
hCoV-19/Scotland/EDB4444/2020,124,202
hCoV-19/Scotland/EDB4443/2020,124,202
hCoV-19/Scotland/EDB4441/2020,124,202
hCoV-19/Scotland/EDB4439/2020,124,202
hCoV-19/Scotland/EDB4438/2020,124,202
hCoV-19/Scotland/EDB4437/2020,124,202
hCoV-19/Scotland/EDB4401/2020,124,139
hCoV-19/Scotland/EDB4389/2020,124,244
hCoV-19/Scotland/EDB4388/2020,124,244
hCoV-19/Scotland/EDB4387/2020,124,244
hCoV-19/Scotland/EDB4386/2020,124,244
hCoV-19/Scotland/EDB4383/2020,124,139
hCoV-19/Scotland/CVR3314/2020,124,153
hCoV-19/Scotland/CVR2088/2020,124,174
hCoV-19/England/WSFT-25C1194/2020,124,201
hCoV-19/England/WSFT-25C113A/2020,124,201
hCoV-19/England/TFCI-26F9FC5/2020,124,379
hCoV-19/England/TFCI-26F9FB6/2020,124,379
hCoV-19/England/TFCI-26F9FA7/2020,124,379
hCoV-19/England/TFCI-26F9F98/2020,124,379
hCoV-19/England/TFCI-26F9F89/2020,124,379
hCoV-19/England/TFCI-26F9F7A/2020,124,379
hCoV-19/England/TFCI-26F9F6B/2020,124,379
hCoV-19/England/TFCI-26F9F4D/2020,124,379
hCoV-19/England/TFCI-26F9F3E/2020,124,379
hCoV-19/England/TFCI-26F9F2F/2020,124,379
hCoV-19/England/TFCI-26F9F10/2020,124,379
hCoV-19/England/TFCI-26F9F01/2020,124,379
hCoV-19/England/SHEF-CFFF1/2020,124,153
hCoV-19/England/SHEF-CEE8C/2020,124,153
hCoV-19/England/SHEF-C8857/2020,124,153
hCoV-19/England/SHEF-C5571/2020,124,196
hCoV-19/England/SHEF-C4F74/2020,124,153
hCoV-19/England/SHEF-C36AD/2020,124,196
hCoV-19/England/SHEF-C328B/2020,124,196
hCoV-19/England/SHEF-C2107/2020,124,196
hCoV-19/England/SHEF-10B2B90/2020,124,259
hCoV-19/England/SHEF-10B2B54/2020,124,259
hCoV-19/England/SHEF-10B2B45/2020,124,259
hCoV-19/England/OXON-B1781/2020,124,181
hCoV-19/England/NOTT-112240/2020,124,189
hCoV-19/England/NOTT-112231/2020,124,189
hCoV-19/England/NOTT-111F2C/2020,124,174
hCoV-19/England/NOTT-111EC5/2020,124,174
hCoV-19/England/NOTT-111EB6/2020,124,174
hCoV-19/England/NOTT-111548/2020,124,153
hCoV-19/England/NOTT-1110FC/2020,124,147
hCoV-19/England/NOTT-1110B0/2020,124,147
hCoV-19/England/NOTT-11100B/2020,124,147
hCoV-19/England/NORW-EB760/2020,124,174
hCoV-19/England/NORW-EB6CD/2020,124,174
hCoV-19/England/NORW-EB1EA/2020,124,174
hCoV-19/England/NORW-EB1CC/2020,124,174
hCoV-19/England/NORW-EB171/2020,124,174
hCoV-19/England/NORW-EB0ED/2020,124,174
hCoV-19/England/NORW-EB074/2020,124,174
hCoV-19/England/NORW-E79D7/2020,124,139
hCoV-19/England/NORW-E77EC/2020,124,139
hCoV-19/England/NORW-E7791/2020,124,139
hCoV-19/England/NORW-E7782/2020,124,139
hCoV-19/England/NORW-E7755/2020,124,139
hCoV-19/England/NORW-E7737/2020,124,139
hCoV-19/England/NORW-E76FE/2020,124,139
hCoV-19/England/NORW-E76B2/2020,124,139
hCoV-19/England/NORW-E7694/2020,124,139
hCoV-19/England/NORW-E7685/2020,124,139
hCoV-19/England/NORW-E7676/2020,124,139
hCoV-19/England/NORW-E7667/2020,124,139
hCoV-19/England/NORW-E762B/2020,124,139
hCoV-19/England/NORW-E760D/2020,124,157
hCoV-19/England/NORW-E75E2/2020,124,139
hCoV-19/England/NORW-E75D3/2020,124,139
hCoV-19/England/NORW-E75C4/2020,124,139
hCoV-19/England/NORW-E75A6/2020,124,139
hCoV-19/England/NORW-E7588/2020,124,139
hCoV-19/England/NORW-E756A/2020,124,139
hCoV-19/England/NORW-E755B/2020,124,139
hCoV-19/England/NORW-E754C/2020,124,139
hCoV-19/England/NORW-E753D/2020,124,139
hCoV-19/England/NORW-E752E/2020,124,153
hCoV-19/England/NORW-E751F/2020,124,139
hCoV-19/England/NORW-E7500/2020,124,139
hCoV-19/England/NORW-E74F4/2020,124,139
hCoV-19/England/NORW-E74E5/2020,124,139
hCoV-19/England/NORW-E74B8/2020,124,139
hCoV-19/England/NORW-E74A9/2020,124,139
hCoV-19/England/NORW-E749A/2020,124,139
hCoV-19/England/NORW-E748B/2020,124,139
hCoV-19/England/NORW-E747C/2020,124,139
hCoV-19/England/NORT-29E20F/2020,124,202
hCoV-19/England/NORT-29D376/2020,124,209
hCoV-19/England/NORT-29D288/2020,124,209
hCoV-19/England/NORT-29D200/2020,124,195
hCoV-19/England/NORT-29D1B8/2020,124,209
hCoV-19/England/NORT-29D17C/2020,124,209
hCoV-19/England/NORT-29D0BB/2020,124,195
hCoV-19/England/NORT-29D042/2020,124,209
hCoV-19/England/NORT-29247E/2020,124,195
hCoV-19/England/NORT-292441/2020,124,195
hCoV-19/England/NORT-292414/2020,124,195
hCoV-19/England/NORT-28B38A/2020,124,153
hCoV-19/England/NORT-28406C/2020,124,195
hCoV-19/England/LOND-D6ABA/2020,124,157
hCoV-19/England/LIVE-9F21F/2020,124,147
hCoV-19/England/HECH-2599D28/2020,124,184
hCoV-19/England/HECH-2599CEF/2020,124,184
hCoV-19/England/HECH-2599CC1/2020,124,184
hCoV-19/England/HECH-2599C67/2020,124,184
hCoV-19/England/EXET-1378BC/2020,124,174
hCoV-19/England/EXET-13789E/2020,124,174
hCoV-19/England/EXET-136B87/2020,124,153
hCoV-19/England/EXET-136A99/2020,124,153
hCoV-19/England/CWAR-24FDC44/2020,124,292
hCoV-19/England/CAMB-1B1119/2020,124,155
hCoV-19/England/CAMB-1B095E/2020,124,155
hCoV-19/England/CAMB-1B087F/2020,124,155
hCoV-19/England/CAMB-1AFB6B/2020,124,155
hCoV-19/England/CAMB-1AEC4B/2020,124,139
hCoV-19/England/CAMB-1AEC2D/2020,124,139
hCoV-19/England/CAMB-1AEBF3/2020,124,139
hCoV-19/England/CAMB-1AEBE4/2020,124,139
hCoV-19/England/CAMB-1AE391/2020,124,139
hCoV-19/England/CAMB-1ADBF4/2020,124,139
hCoV-19/England/CAMB-1ADBE5/2020,124,139
hCoV-19/England/CAMB-1ADBC7/2020,124,139
hCoV-19/England/CAMB-1ADBB8/2020,124,139
hCoV-19/England/CAMB-1ADBA9/2020,124,139
hCoV-19/England/CAMB-1AD7F0/2020,124,139
hCoV-19/England/BRIS-12D549/2020,124,184
hCoV-19/England/BRIS-12D52B/2020,124,184
hCoV-19/England/BRIS-12D51C/2020,124,184
hCoV-19/England/BRIS-12D4C4/2020,124,184
hCoV-19/England/BRIS-12D488/2020,124,184
hCoV-19/England/BRIS-12D479/2020,124,184
hCoV-19/England/BRIS-12D46A/2020,124,184
hCoV-19/England/BRIS-12D45B/2020,124,184
hCoV-19/England/BRIS-12D3F4/2020,124,184
hCoV-19/England/BRIS-12D3C7/2020,124,184
hCoV-19/England/BRIS-12D3B8/2020,124,184
hCoV-19/England/BRIS-12D3A9/2020,124,184
hCoV-19/England/BRIS-12D39A/2020,124,184
hCoV-19/England/BRIS-12D321/2020,124,184
hCoV-19/England/BRIS-12D312/2020,124,184
hCoV-19/England/BRIS-12D303/2020,124,184
hCoV-19/England/BRIS-12D2E8/2020,124,184
hCoV-19/England/BRIS-12D2BB/2020,124,184
hCoV-19/England/BRIS-12D251/2020,124,184
hCoV-19/England/BRIS-12D242/2020,124,184
hCoV-19/England/BRIS-12D1EB/2020,124,184
hCoV-19/England/BRIS-12D1DC/2020,124,184
hCoV-19/England/BRIS-12D1CD/2020,124,184
hCoV-19/England/BRIS-12D190/2020,124,184
hCoV-19/England/BRIS-12C6CF/2020,124,169
hCoV-19/England/BRIS-12C6B0/2020,124,169
hCoV-19/England/BRIS-12C692/2020,124,169
hCoV-19/England/BRIS-12C638/2020,124,169
hCoV-19/England/BRIS-12BF5C/2020,124,169
hCoV-19/England/BRIS-12B0FF/2020,124,169
hCoV-19/England/BRIS-12B095/2020,124,169
hCoV-19/England/BRIS-12B086/2020,124,169
hCoV-19/England/BRIS-12B077/2020,124,169
hCoV-19/England/BRIS-12B068/2020,124,169
hCoV-19/England/BIRM-5F372/2020,124,153
hCoV-19/England/BIRM-5F327/2020,124,153
hCoV-19/England/BIRM-5F11E/2020,124,174
hCoV-19/England/BIRM-5F10F/2020,124,174
hCoV-19/England/ALDP-9ED352/2020,124,293
hCoV-19/England/ALDP-9ED334/2020,124,293
hCoV-19/England/ALDP-9ED325/2020,124,293
hCoV-19/England/ALDP-9ED316/2020,124,293
hCoV-19/England/ALDP-9ED307/2020,124,293
hCoV-19/England/ALDP-9ED2DD/2020,124,293
hCoV-19/England/ALDP-9ED05B/2020,124,293
hCoV-19/England/ALDP-9ED02E/2020,124,293
hCoV-19/England/ALDP-9ECF04/2020,124,293
hCoV-19/England/ALDP-9ECEF8/2020,124,293
hCoV-19/England/ALDP-9ECEE9/2020,124,293
hCoV-19/England/ALDP-9ECEDA/2020,124,293
hCoV-19/England/ALDP-9ECECB/2020,124,293
hCoV-19/England/20196064904/2020,124,162
hCoV-19/England/20194148101/2020,124,162
hCoV-19/England/20194104301/2020,124,162
hCoV-19/England/20194102101/2020,124,162
hCoV-19/England/20194008304/2020,124,162
hCoV-19/England/20192179501/2020,124,162
hCoV-19/England/20192094001/2020,124,162
hCoV-19/England/20192020301/2020,124,162
hCoV-19/England/20192018201/2020,124,162
hCoV-19/England/20192009801/2020,124,162
hCoV-19/England/20192004301/2020,124,162
hCoV-19/England/20192003304/2020,124,250
hCoV-19/England/20192003004/2020,124,162
hCoV-19/England/20190142001/2020,124,162
hCoV-19/England/20190141101/2020,124,162
hCoV-19/England/20190072401/2020,124,162
hCoV-19/England/20190056201/2020,124,162
hCoV-19/England/20190007201/2020,124,162
hCoV-19/Wales/PHWC-169505/2020,125,209
hCoV-19/Wales/PHWC-1646CB/2020,125,174
hCoV-19/Wales/PHWC-163662/2020,125,174
hCoV-19/Wales/PHWC-160771/2020,125,174
hCoV-19/Wales/PHWC-15D4E9/2020,125,174
hCoV-19/Wales/PHWC-15D20D/2020,125,174
hCoV-19/Wales/PHWC-15C963/2020,125,174
hCoV-19/Wales/PHWC-15C3DE/2020,125,174
hCoV-19/Wales/PHWC-15C21D/2020,125,174
hCoV-19/Scotland/EDB6710/2020,125,215
hCoV-19/Scotland/EDB6709/2020,125,215
hCoV-19/Scotland/EDB6708/2020,125,215
hCoV-19/Scotland/EDB6530/2020,125,181
hCoV-19/Scotland/EDB6009/2020,125,195
hCoV-19/Scotland/EDB6005/2020,125,195
hCoV-19/Scotland/EDB6002/2020,125,195
hCoV-19/Scotland/EDB5998/2020,125,195
hCoV-19/Scotland/EDB5996/2020,125,195
hCoV-19/Scotland/EDB5993/2020,125,195
hCoV-19/Scotland/EDB5990/2020,125,195
hCoV-19/Scotland/EDB5988/2020,125,195
hCoV-19/Scotland/EDB4547/2020,125,157
hCoV-19/Scotland/EDB4546/2020,125,157
hCoV-19/Scotland/EDB4507/2020,125,153
hCoV-19/Scotland/EDB4504/2020,125,153
hCoV-19/Scotland/EDB4494/2020,125,153
hCoV-19/Scotland/EDB4492/2020,125,139
hCoV-19/Scotland/EDB4488/2020,125,139
hCoV-19/Scotland/EDB4486/2020,125,153
hCoV-19/Scotland/EDB4479/2020,125,153
hCoV-19/Scotland/EDB4477/2020,125,153
hCoV-19/Scotland/EDB4471/2020,125,174
hCoV-19/Scotland/EDB4457/2020,125,157
hCoV-19/Scotland/EDB4455/2020,125,157
hCoV-19/Scotland/EDB4453/2020,125,147
hCoV-19/Scotland/CVR3374/2020,125,153
hCoV-19/Scotland/CVR3373/2020,125,153
hCoV-19/Scotland/CVR3315/2020,125,202
hCoV-19/England/WSFT-25C138F/2020,125,201
hCoV-19/England/TFCI-26F9B58/2020,125,379
hCoV-19/England/TFCI-26F9B3A/2020,125,379
hCoV-19/England/TFCI-26F9AE2/2020,125,379
hCoV-19/England/SHEF-D0D11/2020,125,196
hCoV-19/England/SHEF-CE147/2020,125,202
hCoV-19/England/SHEF-10B2BBE/2020,125,259
hCoV-19/England/SHEF-10B2AC0/2020,125,259
hCoV-19/England/PORT-2CFFE0/2020,125,202
hCoV-19/England/PORT-2CFFB3/2020,125,202
hCoV-19/England/PORT-2CFE7A/2020,125,174
hCoV-19/England/PORT-2CFC8F/2020,125,157
hCoV-19/England/OXON-B19C7/2020,125,181
hCoV-19/England/NOTT-111F1D/2020,125,174
hCoV-19/England/NOTT-111557/2020,125,153
hCoV-19/England/NOTT-111047/2020,125,147
hCoV-19/England/NOTT-111038/2020,125,147
hCoV-19/England/NOTT-11101A/2020,125,147
hCoV-19/England/NOTT-110DC9/2020,125,139
hCoV-19/England/NOTT-110DBA/2020,125,139
hCoV-19/England/NORW-EBE3E/2020,125,153
hCoV-19/England/NORW-EBE2F/2020,125,153
hCoV-19/England/NORW-EBD8C/2020,125,153
hCoV-19/England/NORW-EBC9E/2020,125,153
hCoV-19/England/NORW-EBC8F/2020,125,153
hCoV-19/England/NORW-EBC70/2020,125,153
hCoV-19/England/NORW-EBBA0/2020,125,153
hCoV-19/England/NORW-EBB46/2020,125,153
hCoV-19/England/NORW-EBB28/2020,125,153
hCoV-19/England/NORW-EBAFE/2020,125,153
hCoV-19/England/NORW-EBAEF/2020,125,153
hCoV-19/England/NORW-EBA67/2020,125,153
hCoV-19/England/NORW-EBA49/2020,125,153
hCoV-19/England/NORW-EB86D/2020,125,174
hCoV-19/England/NORW-EB812/2020,125,174
hCoV-19/England/NORW-EB7BB/2020,125,174
hCoV-19/England/NORW-EB7AC/2020,125,174
hCoV-19/England/NORW-EB751/2020,125,174
hCoV-19/England/NORW-EB706/2020,125,174
hCoV-19/England/NORW-E79E6/2020,125,139
hCoV-19/England/NORW-E797D/2020,125,139
hCoV-19/England/NORW-E7940/2020,125,139
hCoV-19/England/NORW-E7931/2020,125,139
hCoV-19/England/NORW-E7922/2020,125,139
hCoV-19/England/NORW-E78DA/2020,125,157
hCoV-19/England/NORW-E78BC/2020,125,139
hCoV-19/England/NORW-E789E/2020,125,139
hCoV-19/England/NORW-E7870/2020,125,139
hCoV-19/England/NORW-E7861/2020,125,139
hCoV-19/England/NORT-29E630/2020,125,202
hCoV-19/England/NORT-29E59D/2020,125,195
hCoV-19/England/NORT-29E4FA/2020,125,195
hCoV-19/England/NORT-29E3A2/2020,125,202
hCoV-19/England/NORT-29E31B/2020,125,202
hCoV-19/England/NORT-29E2D2/2020,125,195
hCoV-19/England/NORT-29E15D/2020,125,195
hCoV-19/England/NORT-29E14E/2020,125,202
hCoV-19/England/NORT-29E0E7/2020,125,195
hCoV-19/England/NORT-29E023/2020,125,202
hCoV-19/England/NORT-29CEB2/2020,125,209
hCoV-19/England/NORT-291E53/2020,125,195
hCoV-19/England/NORT-291E17/2020,125,195
hCoV-19/England/NORT-291DFC/2020,125,195
hCoV-19/England/NORT-291DED/2020,125,195
hCoV-19/England/NORT-291DDE/2020,125,195
hCoV-19/England/NORT-291DA1/2020,125,195
hCoV-19/England/NORT-291D92/2020,125,195
hCoV-19/England/NORT-291D83/2020,125,195
hCoV-19/England/NORT-291D74/2020,125,195
hCoV-19/England/NORT-291D56/2020,125,195
hCoV-19/England/NORT-291D47/2020,125,195
hCoV-19/England/NORT-28408A/2020,125,195
hCoV-19/England/MILK-45DD72/2020,125,271
hCoV-19/England/LOND-1286E9A/2020,125,266
hCoV-19/England/LOND-12869A8/2020,125,383
hCoV-19/England/LOND-1286999/2020,125,383
hCoV-19/England/LOND-128698A/2020,125,383
hCoV-19/England/HECH-2599CB2/2020,125,184
hCoV-19/England/HECH-2599C94/2020,125,184
hCoV-19/England/HECH-2599C85/2020,125,184
hCoV-19/England/HECH-2599C76/2020,125,184
hCoV-19/England/HECH-2599C58/2020,125,184
hCoV-19/England/EXET-1378DA/2020,125,174
hCoV-19/England/EXET-136914/2020,125,153
hCoV-19/England/EKHU-260F06F/2020,125,212
hCoV-19/England/CWAR-24FDD7E/2020,125,292
hCoV-19/England/CWAR-24FDD6F/2020,125,292
hCoV-19/England/CWAR-24FDD50/2020,125,292
hCoV-19/England/CWAR-24FDD41/2020,125,292
hCoV-19/England/CWAR-24FDD32/2020,125,292
hCoV-19/England/CWAR-24FDD23/2020,125,292
hCoV-19/England/CWAR-24FDD14/2020,125,292
hCoV-19/England/CWAR-24FDD05/2020,125,292
hCoV-19/England/CWAR-24FDCF9/2020,125,292
hCoV-19/England/CWAR-24FDCEA/2020,125,292
hCoV-19/England/CWAR-24FDCCC/2020,125,292
hCoV-19/England/CWAR-24FDCBD/2020,125,292
hCoV-19/England/CWAR-24FDCAE/2020,125,292
hCoV-19/England/CWAR-24FDC9F/2020,125,292
hCoV-19/England/CWAR-24FDC80/2020,125,292
hCoV-19/England/CAMB-1AEC96/2020,125,139
hCoV-19/England/CAMB-1AEC78/2020,125,139
hCoV-19/England/CAMB-1AEC5A/2020,125,139
hCoV-19/England/CAMB-1AE3CE/2020,125,139
hCoV-19/England/BRIS-12D813/2020,125,184
hCoV-19/England/BRIS-12D7E9/2020,125,184
hCoV-19/England/BRIS-12D5A3/2020,125,184
hCoV-19/England/BRIS-12D594/2020,125,184
hCoV-19/England/BRIS-12D567/2020,125,184
hCoV-19/England/BRIS-12D4E2/2020,125,184
hCoV-19/England/BRIS-12D43D/2020,125,184
hCoV-19/England/BRIS-12D400/2020,125,184
hCoV-19/England/BRIS-12D34F/2020,125,184
hCoV-19/England/BIRM-5F442/2020,125,153
hCoV-19/England/BIRM-5F3EB/2020,125,153
hCoV-19/England/BIRM-5F2EE/2020,125,153
hCoV-19/England/BIRM-5F20C/2020,125,153
hCoV-19/England/BIRM-5F0F3/2020,125,174
hCoV-19/England/BIRM-5F0E4/2020,125,174
hCoV-19/England/BIRM-5F0D5/2020,125,174
hCoV-19/England/BIRM-5F0A8/2020,125,174
hCoV-19/England/ALDP-9EDA3F/2020,125,287
hCoV-19/England/ALDP-9EDA11/2020,125,287
hCoV-19/England/ALDP-9ED9F6/2020,125,287
hCoV-19/England/ALDP-9ED9BA/2020,125,287
hCoV-19/England/ALDP-9ED96F/2020,125,287
hCoV-19/England/ALDP-9ED8DB/2020,125,287
hCoV-19/England/ALDP-9ED8CC/2020,125,287
hCoV-19/England/ALDP-9ED853/2020,125,293
hCoV-19/England/ALDP-9ED844/2020,125,293
hCoV-19/England/ALDP-9ED826/2020,125,293
hCoV-19/England/ALDP-9ED817/2020,125,293
hCoV-19/England/ALDP-9ED7FC/2020,125,293
hCoV-19/England/ALDP-9ED7ED/2020,125,293
hCoV-19/England/ALDP-9ED6B3/2020,125,293
hCoV-19/England/ALDP-9ED695/2020,125,293
hCoV-19/England/ALDP-9ED63B/2020,125,293
hCoV-19/England/ALDP-9ED62C/2020,125,293
hCoV-19/England/ALDP-9ED510/2020,125,293
hCoV-19/England/ALDP-9ED4E6/2020,125,293
hCoV-19/England/ALDP-9ED4D7/2020,125,293
hCoV-19/England/ALDP-9ED4C8/2020,125,293
hCoV-19/England/ALDP-9ED4B9/2020,125,293
hCoV-19/England/ALDP-9ED4AA/2020,125,293
hCoV-19/England/ALDP-9ED49B/2020,125,293
hCoV-19/England/ALDP-9ED3E9/2020,125,293
hCoV-19/England/ALDP-9ED3DA/2020,125,293
hCoV-19/England/ALDP-9ED3BC/2020,125,293
hCoV-19/England/ALDP-9ED3AD/2020,125,293
hCoV-19/England/ALDP-9ED39E/2020,125,293
hCoV-19/England/ALDP-9ED370/2020,125,293
hCoV-19/England/ALDP-9ED361/2020,125,293
hCoV-19/England/ALDP-9ED2FB/2020,125,293
hCoV-19/England/ALDP-9ED2CE/2020,125,293
hCoV-19/England/ALDP-9ED2BF/2020,125,293
hCoV-19/England/ALDP-9ED282/2020,125,293
hCoV-19/England/ALDP-9ED1FE/2020,125,293
hCoV-19/England/ALDP-9ED1EF/2020,125,293
hCoV-19/England/ALDP-9ED1C1/2020,125,293
hCoV-19/England/ALDP-9ED1B2/2020,125,293
hCoV-19/England/ALDP-9ED185/2020,125,293
hCoV-19/England/ALDP-9ED167/2020,125,293
hCoV-19/England/ALDP-9ED158/2020,125,293
hCoV-19/England/ALDP-9ED149/2020,125,293
hCoV-19/England/ALDP-9ED10D/2020,125,293
hCoV-19/England/ALDP-9ED0F1/2020,125,293
hCoV-19/England/ALDP-9ED0D3/2020,125,293
hCoV-19/England/ALDP-9ED0B5/2020,125,293
hCoV-19/England/ALDP-9ED097/2020,125,293
hCoV-19/England/ALDP-9ED079/2020,125,293
hCoV-19/England/ALDP-9ED06A/2020,125,293
hCoV-19/England/ALDP-9ED04C/2020,125,293
hCoV-19/England/ALDP-9ED01F/2020,125,293
hCoV-19/England/ALDP-9ED000/2020,125,293
hCoV-19/England/ALDP-9ECFF5/2020,125,293
hCoV-19/England/ALDP-9ECFC8/2020,125,293
hCoV-19/England/ALDP-9ECFB9/2020,125,293
hCoV-19/England/ALDP-9ECF9B/2020,125,293
hCoV-19/England/ALDP-9ECF8C/2020,125,293
hCoV-19/England/ALDP-9ECF7D/2020,125,293
hCoV-19/England/ALDP-9ECF6E/2020,125,293
hCoV-19/England/ALDP-9ECF40/2020,125,293
hCoV-19/England/ALDP-9ECF31/2020,125,293
hCoV-19/England/ALDP-9ECEBC/2020,125,293
hCoV-19/England/ALDP-9ECEAD/2020,125,293
hCoV-19/England/ALDP-9ECE8F/2020,125,293
hCoV-19/England/ALDP-9ECE70/2020,125,293
hCoV-19/England/ALDP-9ECE52/2020,125,293
hCoV-19/England/ALDP-9ECE43/2020,125,293
hCoV-19/England/ALDP-9ECE34/2020,125,293
hCoV-19/England/ALDP-9ECE25/2020,125,293
hCoV-19/England/ALDP-9ECE07/2020,125,293
hCoV-19/England/ALDP-9ECDEC/2020,125,293
hCoV-19/England/ALDP-9ECDDD/2020,125,293
hCoV-19/England/ALDP-9ECDCE/2020,125,293
hCoV-19/England/ALDP-9ECDA0/2020,125,293
hCoV-19/England/ALDP-9ECD82/2020,125,293
hCoV-19/England/ALDP-9ECD19/2020,125,293
hCoV-19/England/ALDP-9ECCFE/2020,125,293
hCoV-19/England/20196112204/2020,125,162
hCoV-19/England/20196026804/2020,125,162
hCoV-19/England/20194157001/2020,125,162
hCoV-19/England/20194106801/2020,125,162
hCoV-19/England/20194106601/2020,125,162
hCoV-19/England/20194106301/2020,125,162
hCoV-19/England/20194106101/2020,125,162
hCoV-19/England/20194103201/2020,125,162
hCoV-19/England/20194099704/2020,125,162
hCoV-19/England/20194020701/2020,125,162
hCoV-19/England/20192083901/2020,125,162
hCoV-19/Wales/PHWC-16468F/2020,126,174
hCoV-19/Wales/PHWC-164661/2020,126,174
hCoV-19/Wales/PHWC-164625/2020,126,174
hCoV-19/Wales/PHWC-164555/2020,126,174
hCoV-19/Wales/PHWC-1644FE/2020,126,174
hCoV-19/Wales/PHWC-1643D3/2020,126,174
hCoV-19/Wales/PHWC-1643A6/2020,126,174
hCoV-19/Wales/PHWC-16431F/2020,126,174
hCoV-19/Wales/PHWC-164027/2020,126,174
hCoV-19/Wales/PHWC-163D6D/2020,126,174
hCoV-19/Wales/PHWC-163D4F/2020,126,174
hCoV-19/Wales/PHWC-163B90/2020,126,174
hCoV-19/Wales/PHWC-1634B3/2020,126,174
hCoV-19/Wales/PHWC-163459/2020,126,174
hCoV-19/Wales/PHWC-16344A/2020,126,174
hCoV-19/Wales/PHWC-15D285/2020,126,174
hCoV-19/Wales/PHWC-15CFE9/2020,126,174
hCoV-19/Wales/PHWC-15CC97/2020,126,174
hCoV-19/Scotland/EDB6703/2020,126,215
hCoV-19/Scotland/EDB6701/2020,126,215
hCoV-19/Scotland/EDB6023/2020,126,195
hCoV-19/Scotland/EDB6021/2020,126,195
hCoV-19/Scotland/EDB6018/2020,126,195
hCoV-19/Scotland/EDB4621/2020,126,139
hCoV-19/Scotland/EDB4579/2020,126,174
hCoV-19/Scotland/EDB4563/2020,126,157
hCoV-19/Scotland/EDB4561/2020,126,202
hCoV-19/Scotland/EDB4560/2020,126,157
hCoV-19/Scotland/EDB4559/2020,126,157
hCoV-19/Scotland/EDB4558/2020,126,157
hCoV-19/Scotland/EDB4557/2020,126,157
hCoV-19/Scotland/EDB4552/2020,126,157
hCoV-19/Scotland/EDB4550/2020,126,202
hCoV-19/Scotland/EDB4536/2020,126,157
hCoV-19/Scotland/EDB4535/2020,126,157
hCoV-19/Scotland/EDB4533/2020,126,157
hCoV-19/Scotland/EDB4517/2020,126,157
hCoV-19/Scotland/EDB4515/2020,126,153
hCoV-19/Scotland/EDB4511/2020,126,153
hCoV-19/Scotland/EDB4508/2020,126,153
hCoV-19/Scotland/EDB4454/2020,126,157
hCoV-19/Scotland/CVR3407/2020,126,153
hCoV-19/Scotland/CVR3405/2020,126,153
hCoV-19/Scotland/CVR3378/2020,126,153
hCoV-19/Scotland/CVR3375/2020,126,153
hCoV-19/Scotland/CVR3371/2020,126,153
hCoV-19/Scotland/CVR3369/2020,126,153
hCoV-19/Scotland/CVR3347/2020,126,153
hCoV-19/Scotland/CVR3346/2020,126,153
hCoV-19/Scotland/CVR3273/2020,126,153
hCoV-19/Scotland/CVR3271/2020,126,202
hCoV-19/England/WSFT-25C1158/2020,126,201
hCoV-19/England/WSFT-25C110D/2020,126,201
hCoV-19/England/WSFT-25C1097/2020,126,201
hCoV-19/England/TFCI-26F9C37/2020,126,379
hCoV-19/England/TFCI-26F9C19/2020,126,379
hCoV-19/England/TFCI-26F9BEF/2020,126,379
hCoV-19/England/TFCI-26F9BD0/2020,126,379
hCoV-19/England/TFCI-26F9BC1/2020,126,379
hCoV-19/England/TFCI-26F9BB2/2020,126,379
hCoV-19/England/TFCI-26F9BA3/2020,126,379
hCoV-19/England/TFCI-26F9B94/2020,126,379
hCoV-19/England/TFCI-26F9B85/2020,126,379
hCoV-19/England/SHEF-C73DF/2020,126,196
hCoV-19/England/SHEF-C6561/2020,126,196
hCoV-19/England/SHEF-C1EF2/2020,126,174
hCoV-19/England/SHEF-C1C43/2020,126,196
hCoV-19/England/PHEC-3267A2/2020,126,546
hCoV-19/England/OXON-B4654/2020,126,257
hCoV-19/England/OXON-B45DF/2020,126,257
hCoV-19/England/OXON-B2128/2020,126,181
hCoV-19/England/OXON-B1CCE/2020,126,181
hCoV-19/England/NOTT-111153/2020,126,147
hCoV-19/England/NOTT-111065/2020,126,147
hCoV-19/England/NOTT-111056/2020,126,147
hCoV-19/England/NORW-EBE6B/2020,126,153
hCoV-19/England/NORW-EBE10/2020,126,153
hCoV-19/England/NORW-EBE01/2020,126,153
hCoV-19/England/NORW-EBDF5/2020,126,153
hCoV-19/England/NORW-EBDC8/2020,126,153
hCoV-19/England/NORW-EBD7D/2020,126,153
hCoV-19/England/NORW-EBD5F/2020,126,153
hCoV-19/England/NORW-EBD40/2020,126,153
hCoV-19/England/NORW-EBCE9/2020,126,153
hCoV-19/England/NORW-EBCAD/2020,126,153
hCoV-19/England/NORW-EBC43/2020,126,153
hCoV-19/England/NORW-EBC07/2020,126,153
hCoV-19/England/NORW-EBBFB/2020,126,153
hCoV-19/England/NORW-EBBEC/2020,126,153
hCoV-19/England/NORW-EBBCE/2020,126,153
hCoV-19/England/NORW-EBBBF/2020,126,153
hCoV-19/England/NORW-EBB64/2020,126,153
hCoV-19/England/NORW-EBB37/2020,126,153
hCoV-19/England/NORW-EBAD0/2020,126,153
hCoV-19/England/NORW-EBA94/2020,126,153
hCoV-19/England/NORW-EBA3A/2020,126,153
hCoV-19/England/NORW-EB9D3/2020,126,153
hCoV-19/England/NORW-EB979/2020,126,153
hCoV-19/England/NORW-E7F5D/2020,126,139
hCoV-19/England/NORW-E7F4E/2020,126,139
hCoV-19/England/NORW-E7EBA/2020,126,139
hCoV-19/England/NORW-E7EAB/2020,126,139
hCoV-19/England/NORW-E7E9C/2020,126,139
hCoV-19/England/NORW-E7E05/2020,126,139
hCoV-19/England/NORW-E7DF9/2020,126,139
hCoV-19/England/NORW-E7DEA/2020,126,139
hCoV-19/England/NORW-E7D62/2020,126,139
hCoV-19/England/NORW-E788F/2020,126,139
hCoV-19/England/NORW-E7834/2020,126,139
hCoV-19/England/NORW-E7825/2020,126,139
hCoV-19/England/NORW-E7816/2020,126,139
hCoV-19/England/NORW-E77CE/2020,126,139
hCoV-19/England/NORT-29E366/2020,126,202
hCoV-19/England/NORT-29E25A/2020,126,202
hCoV-19/England/NORT-29E24B/2020,126,195
hCoV-19/England/NORT-29E22D/2020,126,195
hCoV-19/England/NORT-29E1C6/2020,126,195
hCoV-19/England/NORT-29E08D/2020,126,202
hCoV-19/England/NORT-29E014/2020,126,202
hCoV-19/England/NORT-29E005/2020,126,195
hCoV-19/England/NORT-29DF72/2020,126,202
hCoV-19/England/NORT-29DF45/2020,126,202
hCoV-19/England/NORT-29DEFD/2020,126,195
hCoV-19/England/NORT-29DEDF/2020,126,202
hCoV-19/England/NORT-29DE1B/2020,126,202
hCoV-19/England/NORT-29DE0C/2020,126,189
hCoV-19/England/NORT-29DD96/2020,126,195
hCoV-19/England/NORT-29DD2D/2020,126,202
hCoV-19/England/NORT-292186/2020,126,195
hCoV-19/England/NORT-291FD8/2020,126,195
hCoV-19/England/NORT-291F23/2020,126,195
hCoV-19/England/NORT-291EDB/2020,126,195
hCoV-19/England/NORT-291E80/2020,126,195
hCoV-19/England/MILK-4882D9/2020,126,271
hCoV-19/England/HECH-2599EDA/2020,126,184
hCoV-19/England/HECH-2599E43/2020,126,184
hCoV-19/England/HECH-2599E25/2020,126,184
hCoV-19/England/HECH-2599DEC/2020,126,184
hCoV-19/England/HECH-2599DDD/2020,126,184
hCoV-19/England/HECH-2599DCE/2020,126,184
hCoV-19/England/HECH-2599DBF/2020,126,184
hCoV-19/England/HECH-2599D91/2020,126,184
hCoV-19/England/EXET-13761C/2020,126,174
hCoV-19/England/EXET-1374B8/2020,126,174
hCoV-19/England/EXET-136A11/2020,126,153
hCoV-19/England/EXET-1367DE/2020,126,153
hCoV-19/England/EXET-136792/2020,126,153
hCoV-19/England/CAMB-1B15E0/2020,126,155
hCoV-19/England/CAMB-1B1595/2020,126,155
hCoV-19/England/CAMB-1B1577/2020,126,155
hCoV-19/England/CAMB-1B1261/2020,126,155
hCoV-19/England/CAMB-1B05D2/2020,126,139
hCoV-19/England/CAMB-1B0183/2020,126,147
hCoV-19/England/CAMB-1B011A/2020,126,139
hCoV-19/England/CAMB-1B001D/2020,126,139
hCoV-19/England/CAMB-1B000E/2020,126,139
hCoV-19/England/CAMB-1AF66A/2020,126,139
hCoV-19/England/CAMB-1AF62E/2020,126,139
hCoV-19/England/CAMB-1AF600/2020,126,139
hCoV-19/England/CAMB-1ADC79/2020,126,139
hCoV-19/England/BRIS-12DA0E/2020,126,184
hCoV-19/England/BRIS-12D9F2/2020,126,184
hCoV-19/England/BRIS-12D92F/2020,126,184
hCoV-19/England/BRIS-12D8E6/2020,126,184
hCoV-19/England/BRIS-12D8C8/2020,126,184
hCoV-19/England/BRIS-12D8B9/2020,126,184
hCoV-19/England/BRIS-12D8AA/2020,126,184
hCoV-19/England/BRIS-12D88C/2020,126,184
hCoV-19/England/BRIS-12D87D/2020,126,184
hCoV-19/England/BRIS-12D86E/2020,126,184
hCoV-19/England/BRIS-12D85F/2020,126,184
hCoV-19/England/BRIS-12D840/2020,126,184
hCoV-19/England/BRIS-12D804/2020,126,184
hCoV-19/England/BRIS-12D637/2020,126,184
hCoV-19/England/BRIS-12D628/2020,126,184
hCoV-19/England/BRIS-12D619/2020,126,184
hCoV-19/England/BRIS-12D5EF/2020,126,184
hCoV-19/England/BRIS-12D075/2020,126,184
hCoV-19/England/BRIS-12C753/2020,126,169
hCoV-19/England/BRIS-12C735/2020,126,169
hCoV-19/England/BRIS-12C708/2020,126,169
hCoV-19/England/BRIS-12C5A4/2020,126,169
hCoV-19/England/BRIS-12C568/2020,126,169
hCoV-19/England/BRIS-12C51D/2020,126,169
hCoV-19/England/BRIS-12C4E3/2020,126,169
hCoV-19/England/BIRM-5F9AD/2020,126,174
hCoV-19/England/BIRM-5F6B5/2020,126,174
hCoV-19/England/BIRM-5F187/2020,126,174
hCoV-19/England/BIRM-5F099/2020,126,174
hCoV-19/England/BIRM-5F08A/2020,126,174
hCoV-19/England/ALDP-9EE3D9/2020,126,293
hCoV-19/England/ALDP-9EE3CA/2020,126,293
hCoV-19/England/ALDP-9EE3BB/2020,126,293
hCoV-19/England/ALDP-9EE3AC/2020,126,293
hCoV-19/England/ALDP-9EE39D/2020,126,293
hCoV-19/England/ALDP-9EE38E/2020,126,293
hCoV-19/England/ALDP-9EE37F/2020,126,293
hCoV-19/England/ALDP-9EE351/2020,126,293
hCoV-19/England/ALDP-9EE342/2020,126,293
hCoV-19/England/ALDP-9EE333/2020,126,293
hCoV-19/England/ALDP-9EE324/2020,126,293
hCoV-19/England/ALDP-9EE315/2020,126,293
hCoV-19/England/ALDP-9EE306/2020,126,293
hCoV-19/England/ALDP-9EE2CD/2020,126,293
hCoV-19/England/ALDP-9EE2AF/2020,126,293
hCoV-19/England/ALDP-9EE272/2020,126,293
hCoV-19/England/ALDP-9EE227/2020,126,293
hCoV-19/England/ALDP-9EE218/2020,126,293
hCoV-19/England/ALDP-9EE1FD/2020,126,293
hCoV-19/England/ALDP-9EE1EE/2020,126,293
hCoV-19/England/ALDP-9EE1C0/2020,126,293
hCoV-19/England/ALDP-9EE139/2020,126,293
hCoV-19/England/ALDP-9EE12A/2020,126,293
hCoV-19/England/ALDP-9EE10C/2020,126,293
hCoV-19/England/ALDP-9EE0F0/2020,126,293
hCoV-19/England/ALDP-9EE0E1/2020,126,293
hCoV-19/England/ALDP-9EE0D2/2020,126,293
hCoV-19/England/ALDP-9EE0C3/2020,126,293
hCoV-19/England/ALDP-9EE0B4/2020,126,293
hCoV-19/England/ALDP-9EE0A5/2020,126,293
hCoV-19/England/ALDP-9EE096/2020,126,293
hCoV-19/England/ALDP-9EE087/2020,126,293
hCoV-19/England/ALDP-9EDFE5/2020,126,293
hCoV-19/England/ALDP-9EDFD6/2020,126,293
hCoV-19/England/ALDP-9EDFC7/2020,126,293
hCoV-19/England/ALDP-9EDE06/2020,126,287
hCoV-19/England/ALDP-9EDDFA/2020,126,287
hCoV-19/England/ALDP-9EDDEB/2020,126,293
hCoV-19/England/ALDP-9EDDDC/2020,126,293
hCoV-19/England/ALDP-9EDDCD/2020,126,293
hCoV-19/England/ALDP-9EDDBE/2020,126,293
hCoV-19/England/ALDP-9EDBA5/2020,126,293
hCoV-19/England/ALDP-9EDB87/2020,126,293
hCoV-19/England/ALDP-9EDB78/2020,126,293
hCoV-19/England/ALDP-9EDB69/2020,126,293
hCoV-19/England/ALDP-9ED0A6/2020,126,293
hCoV-19/Wales/PHWC-16956F/2020,127,209
hCoV-19/Wales/PHWC-169514/2020,127,209
hCoV-19/Wales/PHWC-164704/2020,127,174
hCoV-19/Wales/PHWC-164300/2020,127,174
hCoV-19/Wales/PHWC-1641BB/2020,127,174
hCoV-19/Wales/PHWC-16417F/2020,127,174
hCoV-19/Wales/PHWC-163B18/2020,127,174
hCoV-19/Wales/PHWC-163899/2020,127,174
hCoV-19/Wales/PHWC-16376F/2020,127,174
hCoV-19/Wales/PHWC-1633C5/2020,127,174
hCoV-19/Wales/PHWC-15D2FE/2020,127,174
hCoV-19/Wales/PHWC-15D003/2020,127,174
hCoV-19/Wales/PHWC-15CEDD/2020,127,174
hCoV-19/Wales/PHWC-15CCC4/2020,127,174
hCoV-19/Wales/PHWC-15CC88/2020,127,174
hCoV-19/Wales/PHWC-15CAF7/2020,127,174
hCoV-19/Wales/PHWC-15C82A/2020,127,174
hCoV-19/Wales/PHWC-15C7F0/2020,127,174
hCoV-19/Wales/PHWC-15C6A8/2020,127,174
hCoV-19/Wales/PHWC-15C4F9/2020,127,174
hCoV-19/Wales/PHWC-15C3B0/2020,127,174
hCoV-19/Wales/PHWC-15C17A/2020,127,174
hCoV-19/Scotland/EDB6699/2020,127,215
hCoV-19/Scotland/EDB6697/2020,127,215
hCoV-19/Scotland/EDB6041/2020,127,195
hCoV-19/Scotland/EDB6038/2020,127,195
hCoV-19/Scotland/EDB6032/2020,127,195
hCoV-19/Scotland/EDB6029/2020,127,195
hCoV-19/Scotland/EDB4752/2020,127,147
hCoV-19/Scotland/EDB4606/2020,127,202
hCoV-19/Scotland/EDB4602/2020,127,202
hCoV-19/Scotland/EDB4601/2020,127,202
hCoV-19/Scotland/EDB4599/2020,127,181
hCoV-19/Scotland/EDB4598/2020,127,181
hCoV-19/Scotland/EDB4595/2020,127,181
hCoV-19/Scotland/EDB4584/2020,127,174
hCoV-19/Scotland/EDB4568/2020,127,244
hCoV-19/Scotland/EDB4565/2020,127,157
hCoV-19/Scotland/CVR3735/2020,127,174
hCoV-19/Scotland/CVR3441/2020,127,153
hCoV-19/Scotland/CVR3436/2020,127,153
hCoV-19/Scotland/CVR3427/2020,127,153
hCoV-19/Scotland/CVR3426/2020,127,153
hCoV-19/Scotland/CVR3421/2020,127,153
hCoV-19/Scotland/CVR3417/2020,127,153
hCoV-19/Scotland/CVR3416/2020,127,153
hCoV-19/Scotland/CVR3415/2020,127,153
hCoV-19/Scotland/CVR3411/2020,127,153
hCoV-19/Scotland/CVR3410/2020,127,153
hCoV-19/Scotland/CVR3409/2020,127,153
hCoV-19/Scotland/CVR3406/2020,127,153
hCoV-19/Scotland/CVR3387/2020,127,153
hCoV-19/Scotland/CVR3382/2020,127,153
hCoV-19/Scotland/CVR3381/2020,127,153
hCoV-19/Scotland/CVR3379/2020,127,153
hCoV-19/Scotland/CVR3376/2020,127,153
hCoV-19/Scotland/CVR3350/2020,127,153
hCoV-19/England/WSFT-25C1343/2020,127,201
hCoV-19/England/WSFT-25C12A0/2020,127,201
hCoV-19/England/WSFT-25C10A6/2020,127,201
hCoV-19/England/TFCI-26F99D6/2020,127,379
hCoV-19/England/SHEF-C8F16/2020,127,196
hCoV-19/England/SHEF-C59A2/2020,127,196
hCoV-19/England/SHEF-C3F1B/2020,127,174
hCoV-19/England/SHEF-C2969/2020,127,174
hCoV-19/England/PORT-2CFEB6/2020,127,174
hCoV-19/England/PORT-2CFCDA/2020,127,157
hCoV-19/England/PORT-2CFCCB/2020,127,157
hCoV-19/England/OXON-B2850/2020,127,257
hCoV-19/England/NOTT-111092/2020,127,147
hCoV-19/England/NOTT-111083/2020,127,147
hCoV-19/England/NOTT-111074/2020,127,147
hCoV-19/England/NORW-EC626/2020,127,153
hCoV-19/England/NORW-EBD31/2020,127,153
hCoV-19/England/NORW-EBC52/2020,127,153
hCoV-19/England/NORW-EBC25/2020,127,153
hCoV-19/England/NORW-EBB82/2020,127,153
hCoV-19/England/NORW-EBB73/2020,127,153
hCoV-19/England/NORW-EBAA3/2020,127,153
hCoV-19/England/NORW-EBA76/2020,127,153
hCoV-19/England/NORW-EB9C4/2020,127,153
hCoV-19/England/NORW-EB9A6/2020,127,153
hCoV-19/England/NORW-EB997/2020,127,153
hCoV-19/England/NORW-EB95B/2020,127,153
hCoV-19/England/NORT-29DD4B/2020,127,189
hCoV-19/England/NORT-29DD3C/2020,127,189
hCoV-19/England/NORT-29DC8A/2020,127,189
hCoV-19/England/NORT-29DC7B/2020,127,195
hCoV-19/England/NORT-29DC4E/2020,127,189
hCoV-19/England/NORT-29DC20/2020,127,195
hCoV-19/England/NORT-29DBAB/2020,127,189
hCoV-19/England/NORT-29DB8D/2020,127,189
hCoV-19/England/NORT-29DB32/2020,127,189
hCoV-19/England/NORT-29DA62/2020,127,189
hCoV-19/England/NORT-29DA44/2020,127,195
hCoV-19/England/NORT-29D9DE/2020,127,195
hCoV-19/England/NORT-29D9A1/2020,127,195
hCoV-19/England/NORT-2921FF/2020,127,195
hCoV-19/England/NORT-2921E0/2020,127,195
hCoV-19/England/NORT-2921D1/2020,127,195
hCoV-19/England/NORT-2921C2/2020,127,195
hCoV-19/England/NORT-292177/2020,127,195
hCoV-19/England/NORT-292168/2020,127,195
hCoV-19/England/NORT-29203E/2020,127,195
hCoV-19/England/NORT-291FF6/2020,127,195
hCoV-19/England/MILK-4882BB/2020,127,271
hCoV-19/England/MILK-487F79/2020,127,271
hCoV-19/England/LOND-1286F1F/2020,127,266
hCoV-19/England/CAMB-1B12F8/2020,127,155
hCoV-19/England/CAMB-1B1182/2020,127,155
hCoV-19/England/CAMB-1B1155/2020,127,155
hCoV-19/England/CAMB-1B0754/2020,127,147
hCoV-19/England/CAMB-1B0745/2020,127,147
hCoV-19/England/CAMB-1B0736/2020,127,147
hCoV-19/England/CAMB-1B0727/2020,127,147
hCoV-19/England/CAMB-1B0718/2020,127,147
hCoV-19/England/CAMB-1B0709/2020,127,147
hCoV-19/England/CAMB-1B06DF/2020,127,147
hCoV-19/England/CAMB-1B0693/2020,127,147
hCoV-19/England/CAMB-1B00FF/2020,127,139
hCoV-19/England/CAMB-1B00D1/2020,127,139
hCoV-19/England/CAMB-1B00A4/2020,127,139
hCoV-19/England/CAMB-1B0095/2020,127,139
hCoV-19/England/CAMB-1B0059/2020,127,139
hCoV-19/England/CAMB-1B004A/2020,127,139
hCoV-19/England/CAMB-1AFFF6/2020,127,139
hCoV-19/England/CAMB-1AFFAB/2020,127,139
hCoV-19/England/CAMB-1AF688/2020,127,139
hCoV-19/England/CAMB-1AF5C7/2020,127,139
hCoV-19/England/CAMB-1AF5A9/2020,127,139
hCoV-19/England/CAMB-1AF56D/2020,127,139
hCoV-19/England/CAMB-1AEF24/2020,127,139
hCoV-19/England/CAMB-1AEF15/2020,127,147
hCoV-19/England/CAMB-1AED75/2020,127,147
hCoV-19/England/CAMB-1AED57/2020,127,147
hCoV-19/England/CAMB-1AED39/2020,127,139
hCoV-19/England/BRIS-12DA59/2020,127,184
hCoV-19/England/BRIS-12DA4A/2020,127,184
hCoV-19/England/BRIS-12DA1D/2020,127,184
hCoV-19/England/BRIS-12D9D4/2020,127,184
hCoV-19/England/BRIS-12D998/2020,127,184
hCoV-19/England/BRIS-12D989/2020,127,184
hCoV-19/England/BRIS-12D97A/2020,127,184
hCoV-19/England/BRIS-12D95C/2020,127,184
hCoV-19/England/BRIS-12D94D/2020,127,184
hCoV-19/England/BRIS-12D93E/2020,127,184
hCoV-19/England/BRIS-12D7AD/2020,127,184
hCoV-19/England/BRIS-12D761/2020,127,184
hCoV-19/England/BRIS-12D752/2020,127,184
hCoV-19/England/BRIS-12D725/2020,127,184
hCoV-19/England/BRIS-12D6EC/2020,127,184
hCoV-19/England/BRIS-12D6BF/2020,127,184
hCoV-19/England/BRIS-12D664/2020,127,184
hCoV-19/England/BRIS-12C665/2020,127,169
hCoV-19/England/BRIS-12C595/2020,127,169
hCoV-19/England/BRIS-12C4C5/2020,127,169
hCoV-19/England/BIRM-5FA8C/2020,127,174
hCoV-19/England/20198250304/2020,127,244
hCoV-19/England/20198121604/2020,127,162
hCoV-19/England/20198006204/2020,127,162
hCoV-19/Wales/PHWC-169259/2020,128,209
hCoV-19/Wales/PHWC-1645A0/2020,128,174
hCoV-19/Wales/PHWC-1642E5/2020,128,174
hCoV-19/Wales/PHWC-164124/2020,128,174
hCoV-19/Wales/PHWC-164009/2020,128,174
hCoV-19/Wales/PHWC-163ED3/2020,128,174
hCoV-19/Wales/PHWC-163DE5/2020,128,174
hCoV-19/Wales/PHWC-163DA9/2020,128,174
hCoV-19/Wales/PHWC-1638A8/2020,128,174
hCoV-19/Wales/PHWC-16386C/2020,128,174
hCoV-19/Wales/PHWC-16351A/2020,128,174
hCoV-19/Wales/PHWC-1634E0/2020,128,174
hCoV-19/Wales/PHWC-15D0C7/2020,128,174
hCoV-19/Wales/PHWC-15CE19/2020,128,174
hCoV-19/Scotland/EDB6693/2020,128,215
hCoV-19/Scotland/EDB6057/2020,128,181
hCoV-19/Scotland/EDB6052/2020,128,195
hCoV-19/Scotland/EDB6050/2020,128,195
hCoV-19/Scotland/EDB6048/2020,128,174
hCoV-19/Scotland/EDB6047/2020,128,195
hCoV-19/Scotland/EDB6044/2020,128,195
hCoV-19/Scotland/EDB4690/2020,128,181
hCoV-19/Scotland/EDB4689/2020,128,202
hCoV-19/Scotland/EDB4681/2020,128,181
hCoV-19/Scotland/EDB4680/2020,128,181
hCoV-19/Scotland/EDB4679/2020,128,139
hCoV-19/Scotland/EDB4676/2020,128,147
hCoV-19/Scotland/EDB4671/2020,128,139
hCoV-19/Scotland/EDB4665/2020,128,202
hCoV-19/Scotland/EDB4661/2020,128,139
hCoV-19/Scotland/EDB4656/2020,128,139
hCoV-19/Scotland/EDB4655/2020,128,202
hCoV-19/Scotland/EDB4654/2020,128,139
hCoV-19/Scotland/EDB4652/2020,128,181
hCoV-19/Scotland/EDB4651/2020,128,181
hCoV-19/Scotland/EDB4649/2020,128,181
hCoV-19/Scotland/EDB4648/2020,128,181
hCoV-19/Scotland/EDB4642/2020,128,181
hCoV-19/Scotland/EDB4639/2020,128,181
hCoV-19/Scotland/EDB4634/2020,128,181
hCoV-19/Scotland/EDB4628/2020,128,147
hCoV-19/Scotland/CVR3511/2020,128,174
hCoV-19/Scotland/CVR3508/2020,128,174
hCoV-19/Scotland/CVR3439/2020,128,153
hCoV-19/Scotland/CVR3397/2020,128,153
hCoV-19/Scotland/CVR3385/2020,128,153
hCoV-19/Scotland/CVR3380/2020,128,153
hCoV-19/England/WSFT-25C111C/2020,128,201
hCoV-19/England/TFCI-26F9CA0/2020,128,379
hCoV-19/England/TFCI-26F9A2E/2020,128,379
hCoV-19/England/TFCI-26F9A1F/2020,128,379
hCoV-19/England/TFCI-26F9A00/2020,128,379
hCoV-19/England/SHEF-CF270/2020,128,174
hCoV-19/England/SHEF-CC53E/2020,128,202
hCoV-19/England/SHEF-C200A/2020,128,196
hCoV-19/England/PRIN-254BD34/2020,128,217
hCoV-19/England/PORT-2CFD40/2020,128,157
hCoV-19/England/PORT-2CFD13/2020,128,157
hCoV-19/England/PHEC-YYDRQ41/2020,128,807
hCoV-19/England/OXON-B3F4B/2020,128,257
hCoV-19/England/NORW-EC969/2020,128,153
hCoV-19/England/NORW-EC5FC/2020,128,153
hCoV-19/England/NORW-EBE89/2020,128,153
hCoV-19/England/NORW-EBDE6/2020,128,153
hCoV-19/England/NORW-EBDB9/2020,128,153
hCoV-19/England/NORW-EBD04/2020,128,153
hCoV-19/England/NORW-EBCF8/2020,128,153
hCoV-19/England/NORW-EBC34/2020,128,153
hCoV-19/England/NORW-EBAC1/2020,128,153
hCoV-19/England/NORW-EB9B5/2020,128,153
hCoV-19/England/NORW-EB94C/2020,128,153
hCoV-19/England/NORW-EB93D/2020,128,153
hCoV-19/England/NORW-EB91F/2020,128,153
hCoV-19/England/NORW-EB900/2020,128,153
hCoV-19/England/NORW-EAB56/2020,128,153
hCoV-19/England/NORT-29D6B9/2020,128,189
hCoV-19/England/NORT-29D507/2020,128,195
hCoV-19/England/NORT-29D4FB/2020,128,209
hCoV-19/England/NORT-29D4BF/2020,128,195
hCoV-19/England/NORT-295D52/2020,128,181
hCoV-19/England/NORT-2922FC/2020,128,195
hCoV-19/England/NORT-2922ED/2020,128,195
hCoV-19/England/NORT-292274/2020,128,195
hCoV-19/England/NORT-292256/2020,128,195
hCoV-19/England/NORT-292238/2020,128,153
hCoV-19/England/MILK-45CE8F/2020,128,271
hCoV-19/England/HECH-259A000/2020,128,184
hCoV-19/England/HECH-2599FE6/2020,128,184
hCoV-19/England/HECH-2599FC8/2020,128,184
hCoV-19/England/HECH-2599FAA/2020,128,184
hCoV-19/England/CAMB-1B1498/2020,128,155
hCoV-19/England/CAMB-1B143E/2020,128,155
hCoV-19/England/CAMB-1B13C8/2020,128,155
hCoV-19/England/CAMB-1B06FD/2020,128,147
hCoV-19/England/CAMB-1B0068/2020,128,139
hCoV-19/England/CAMB-1B003B/2020,128,139
hCoV-19/England/CAMB-1AF64C/2020,128,139
hCoV-19/England/CAMB-1AF55E/2020,128,139
hCoV-19/England/CAMB-1AED48/2020,128,139
hCoV-19/England/BRIS-12D707/2020,128,184
hCoV-19/England/BRIS-12D6CE/2020,128,184
hCoV-19/England/BRIS-12D682/2020,128,184
hCoV-19/England/BRIS-12C5FF/2020,128,169
hCoV-19/England/BRIS-12BF6B/2020,128,169
hCoV-19/England/BRIS-12BE8C/2020,128,169
hCoV-19/England/BRIS-12BE5F/2020,128,169
hCoV-19/England/BRIS-12BE22/2020,128,169
hCoV-19/England/BRIS-12BDCB/2020,128,169
hCoV-19/England/BRIS-12BDBC/2020,128,169
hCoV-19/England/BRIS-12BD70/2020,128,169
hCoV-19/England/BRIS-12B156/2020,128,169
hCoV-19/England/BRIS-12B147/2020,128,169
hCoV-19/England/BRIS-12B129/2020,128,169
hCoV-19/England/BIRM-5F776/2020,128,174
hCoV-19/England/ALDP-9EE175/2020,128,293
hCoV-19/England/ALDP-9EE157/2020,128,293
hCoV-19/England/ALDP-9EE148/2020,128,293
hCoV-19/England/ALDP-9EE078/2020,128,293
hCoV-19/England/ALDP-9EE069/2020,128,293
hCoV-19/England/ALDP-9EE02D/2020,128,293
hCoV-19/England/ALDP-9EE01E/2020,128,293
hCoV-19/England/ALDP-9EE00F/2020,128,293
hCoV-19/England/ALDP-9EDF7C/2020,128,293
hCoV-19/England/ALDP-9EDF5E/2020,128,293
hCoV-19/England/ALDP-9EDF4F/2020,128,293
hCoV-19/England/ALDP-9EDF30/2020,128,293
hCoV-19/England/ALDP-9EDF21/2020,128,293
hCoV-19/England/ALDP-9EDF12/2020,128,293
hCoV-19/England/ALDP-9EDE60/2020,128,287
hCoV-19/England/ALDP-9EDCDF/2020,128,287
hCoV-19/England/ALDP-9EDCC0/2020,128,287
hCoV-19/England/ALDP-9EDCB1/2020,128,287
hCoV-19/England/ALDP-9EDC93/2020,128,293
hCoV-19/England/ALDP-9EDC84/2020,128,293
hCoV-19/England/ALDP-9EDC57/2020,128,287
hCoV-19/England/ALDP-9EDBF0/2020,128,287
hCoV-19/England/ALDP-9EDAD5/2020,128,287
hCoV-19/England/ALDP-9EDA5D/2020,128,287
hCoV-19/England/ALDP-9EDA4E/2020,128,287
hCoV-19/England/ALDP-9ED8BD/2020,128,287
hCoV-19/England/ALDP-9ED89F/2020,128,287
hCoV-19/England/ALDP-9ED6D1/2020,128,293
hCoV-19/England/ALDP-9ED6C2/2020,128,293
hCoV-19/England/ALDP-9ED61D/2020,128,293
hCoV-19/England/ALDP-9ED5F2/2020,128,293
hCoV-19/England/ALDP-9ED5E3/2020,128,293
hCoV-19/England/ALDP-9ED5D4/2020,128,293
hCoV-19/England/ALDP-9ED5C5/2020,128,293
hCoV-19/England/ALDP-9ED5B6/2020,128,293
hCoV-19/England/ALDP-9ED5A7/2020,128,293
hCoV-19/England/ALDP-9ED598/2020,128,293
hCoV-19/England/ALDP-9ED589/2020,128,293
hCoV-19/England/ALDP-9ED57A/2020,128,293
hCoV-19/England/ALDP-9ED54D/2020,128,293
hCoV-19/England/ALDP-9ED273/2020,128,293
hCoV-19/England/ALDP-9ED264/2020,128,293
hCoV-19/England/ALDP-9ED255/2020,128,293
hCoV-19/England/ALDP-9ED246/2020,128,293
hCoV-19/England/ALDP-9ED237/2020,128,293
hCoV-19/England/ALDP-9ED219/2020,128,293
hCoV-19/Wales/PHWC-169523/2020,129,209
hCoV-19/Wales/PHWC-164528/2020,129,174
hCoV-19/Wales/PHWC-1644A3/2020,129,174
hCoV-19/Wales/PHWC-164379/2020,129,174
hCoV-19/Wales/PHWC-1640BE/2020,129,174
hCoV-19/Wales/PHWC-163FC1/2020,129,174
hCoV-19/Wales/PHWC-163F49/2020,129,174
hCoV-19/Wales/PHWC-163E88/2020,129,174
hCoV-19/Wales/PHWC-163D21/2020,129,174
hCoV-19/Wales/PHWC-163D03/2020,129,174
hCoV-19/Wales/PHWC-163C8E/2020,129,174
hCoV-19/Wales/PHWC-163C24/2020,129,174
hCoV-19/Wales/PHWC-163BEB/2020,129,174
hCoV-19/Wales/PHWC-163B63/2020,129,174
hCoV-19/Wales/PHWC-163ADF/2020,129,174
hCoV-19/Wales/PHWC-163996/2020,129,174
hCoV-19/Wales/PHWC-163811/2020,129,174
hCoV-19/Wales/PHWC-163802/2020,129,174
hCoV-19/Wales/PHWC-1637AB/2020,129,174
hCoV-19/Wales/PHWC-163644/2020,129,174
hCoV-19/Wales/PHWC-15CDFE/2020,129,174
hCoV-19/Wales/PHWC-15C6B7/2020,129,174
hCoV-19/Scotland/EDB6907/2020,129,244
hCoV-19/Scotland/EDB6576/2020,129,181
hCoV-19/Scotland/EDB6575/2020,129,181
hCoV-19/Scotland/EDB6066/2020,129,181
hCoV-19/Scotland/EDB6064/2020,129,181
hCoV-19/Scotland/EDB6062/2020,129,181
hCoV-19/Scotland/EDB4705/2020,129,139
hCoV-19/Scotland/EDB4698/2020,129,202
hCoV-19/Scotland/EDB4695/2020,129,202
hCoV-19/Scotland/EDB4692/2020,129,202
hCoV-19/Scotland/EDB4682/2020,129,139
hCoV-19/Scotland/EDB4672/2020,129,181
hCoV-19/Scotland/CVR3736/2020,129,174
hCoV-19/Scotland/CVR3733/2020,129,174
hCoV-19/Scotland/CVR3732/2020,129,174
hCoV-19/Scotland/CVR3460/2020,129,181
hCoV-19/Scotland/CVR3454/2020,129,181
hCoV-19/Scotland/CVR3449/2020,129,181
hCoV-19/Scotland/CVR3448/2020,129,153
hCoV-19/Scotland/CVR3447/2020,129,181
hCoV-19/Scotland/CVR3445/2020,129,153
hCoV-19/Scotland/CVR3402/2020,129,153
hCoV-19/Scotland/CVR3400/2020,129,153
hCoV-19/Scotland/CVR3395/2020,129,153
hCoV-19/Scotland/CVR3394/2020,129,153
hCoV-19/Scotland/CVR3392/2020,129,153
hCoV-19/Scotland/CVR3390/2020,129,153
hCoV-19/England/WSFT-25C10C4/2020,129,201
hCoV-19/England/TFCI-26F9A5B/2020,129,379
hCoV-19/England/TFCI-26F9A4C/2020,129,379
hCoV-19/England/PORT-2CF645/2020,129,157
hCoV-19/England/NOTT-1114D2/2020,129,153
hCoV-19/England/NOTT-111144/2020,129,147
hCoV-19/England/NOTT-111135/2020,129,147
hCoV-19/England/NOTT-1110A1/2020,129,147
hCoV-19/England/NORW-EC644/2020,129,153
hCoV-19/England/NORW-EC617/2020,129,153
hCoV-19/England/NORW-EC5ED/2020,129,153
hCoV-19/England/NORW-EAC08/2020,129,153
hCoV-19/England/NORW-EABED/2020,129,153
hCoV-19/England/NORW-EABDE/2020,129,153
hCoV-19/England/NORW-EAB38/2020,129,153
hCoV-19/England/NORW-EAAB3/2020,129,153
hCoV-19/England/NORW-EAA95/2020,129,153
hCoV-19/England/NORW-EA1AF/2020,129,153
hCoV-19/England/NORT-29D798/2020,129,189
hCoV-19/England/NORT-292380/2020,129,195
hCoV-19/England/NORT-292353/2020,129,195
hCoV-19/England/NORT-292317/2020,129,153
hCoV-19/England/LOND-12869B7/2020,129,383
hCoV-19/England/LIVE-AB948/2020,129,307
hCoV-19/England/CAMB-1B1DCA/2020,129,155
hCoV-19/England/CAMB-1B0781/2020,129,147
hCoV-19/England/CAMB-1B0675/2020,129,147
hCoV-19/England/CAMB-1AF58B/2020,129,139
hCoV-19/England/CAMB-1AEDA2/2020,129,147
hCoV-19/England/CAMB-1AED66/2020,129,147
hCoV-19/England/BRIS-12C340/2020,129,169
hCoV-19/England/BRIS-12C0A3/2020,129,169
hCoV-19/England/BRIS-12C094/2020,129,169
hCoV-19/England/BRIS-12C085/2020,129,169
hCoV-19/England/BRIS-12C076/2020,129,169
hCoV-19/England/BRIS-12C01C/2020,129,169
hCoV-19/England/BRIS-12BF89/2020,129,169
hCoV-19/England/BRIS-12BF3E/2020,129,169
hCoV-19/England/BRIS-12BF2F/2020,129,169
hCoV-19/England/BRIS-12BF10/2020,129,169
hCoV-19/England/BRIS-12BF01/2020,129,169
hCoV-19/England/BRIS-12BEF5/2020,129,169
hCoV-19/England/BRIS-12BE04/2020,129,169
hCoV-19/England/BRIS-12BD9E/2020,129,169
hCoV-19/England/BRIS-12BD8F/2020,129,169
hCoV-19/England/BRIS-12BD43/2020,129,169
hCoV-19/England/BIRM-5FA40/2020,129,174
hCoV-19/England/BIRM-5FA31/2020,129,174
hCoV-19/England/BIRM-5FA22/2020,129,174
hCoV-19/England/BIRM-5F785/2020,129,174
hCoV-19/England/BHRT-24B354F/2020,129,252
hCoV-19/England/BHRT-24B3521/2020,129,252
hCoV-19/England/ALDP-9EDDAF/2020,129,287
hCoV-19/England/ALDP-9EDD63/2020,129,293
hCoV-19/England/ALDP-9EDD54/2020,129,287
hCoV-19/England/ALDP-9EDC75/2020,129,287
hCoV-19/England/ALDP-9EDC48/2020,129,287
hCoV-19/England/ALDP-9EDC39/2020,129,287
hCoV-19/England/ALDP-9EDC2A/2020,129,287
hCoV-19/England/ALDP-9EDC1B/2020,129,287
hCoV-19/England/ALDP-9EDC0C/2020,129,287
hCoV-19/England/ALDP-9EDBD2/2020,129,287
hCoV-19/England/ALDP-9EDBC3/2020,129,287
hCoV-19/England/ALDP-9EDBB4/2020,129,287
hCoV-19/England/ALDP-9EDB5A/2020,129,287
hCoV-19/England/ALDP-9EDB3C/2020,129,287
hCoV-19/England/ALDP-9EDB2D/2020,129,287
hCoV-19/England/ALDP-9EDB1E/2020,129,287
hCoV-19/England/ALDP-9EDB0F/2020,129,287
hCoV-19/England/ALDP-9EDAF3/2020,129,287
hCoV-19/England/ALDP-9EDAE4/2020,129,287
hCoV-19/England/ALDP-9EDA8A/2020,129,287
hCoV-19/England/ALDP-9EDA7B/2020,129,287
hCoV-19/England/ALDP-9EDA6C/2020,129,287
hCoV-19/England/ALDP-9ED923/2020,129,287
hCoV-19/England/ALDP-9ED871/2020,129,287
hCoV-19/England/ALDP-9ED862/2020,129,287
hCoV-19/England/ALDP-9ED792/2020,129,287
hCoV-19/England/ALDP-9ED783/2020,129,293
hCoV-19/England/ALDP-9ED738/2020,129,287
hCoV-19/England/ALDP-9ED729/2020,129,287
hCoV-19/England/ALDP-9ED70B/2020,129,287
hCoV-19/England/ALDP-9ED6E0/2020,129,287
hCoV-19/England/ALDP-9ED47D/2020,129,293
hCoV-19/England/ALDP-9ED46E/2020,129,293
hCoV-19/England/ALDP-9ED45F/2020,129,293
hCoV-19/England/ALDP-9ED440/2020,129,293
