hCoV-19/Wales/PHWC-16957E/2020,172,209
hCoV-19/Wales/PHWC-167042/2020,172,202
hCoV-19/Wales/PHWC-166E85/2020,172,202
hCoV-19/Wales/PHWC-166D00/2020,172,202
hCoV-19/Wales/PHWC-166C12/2020,172,202
hCoV-19/Wales/PHWC-166BAC/2020,172,202
hCoV-19/Wales/PHWC-166B7F/2020,172,202
hCoV-19/Wales/PHWC-166B51/2020,172,202
hCoV-19/Wales/PHWC-166A81/2020,172,202
hCoV-19/Wales/PHWC-166A63/2020,172,202
hCoV-19/Wales/PHWC-166A18/2020,172,202
hCoV-19/Wales/PHWC-1669EE/2020,172,202
hCoV-19/Wales/PHWC-1668C3/2020,172,202
hCoV-19/Wales/PHWC-1667D5/2020,172,202
hCoV-19/Wales/PHWC-1666BA/2020,172,202
hCoV-19/Wales/PHWC-166632/2020,172,202
hCoV-19/Wales/PHWC-166447/2020,172,202
hCoV-19/Wales/PHWC-166377/2020,172,202
hCoV-19/Wales/MILK-93AF16/2020,172,271
hCoV-19/Wales/ALDP-9362B7/2020,172,271
hCoV-19/Wales/ALDP-919C9E/2020,172,271
hCoV-19/Wales/ALDP-90B0A2/2020,172,271
hCoV-19/Wales/ALDP-5AED35/2020,172,271
hCoV-19/Scotland/CVR3919/2020,172,223
hCoV-19/England/SHEF-CD069/2020,172,202
hCoV-19/England/SHEF-CA9F8/2020,172,202
hCoV-19/England/MILK-95D988/2020,172,271
hCoV-19/England/MILK-95D8F4/2020,172,271
hCoV-19/England/MILK-95D8E5/2020,172,271
hCoV-19/England/MILK-95D8A9/2020,172,271
hCoV-19/England/MILK-95D89A/2020,172,271
hCoV-19/England/MILK-95D86D/2020,172,271
hCoV-19/England/MILK-95D85E/2020,172,271
hCoV-19/England/MILK-95D830/2020,172,271
hCoV-19/England/MILK-95D7D9/2020,172,271
hCoV-19/England/MILK-95D7CA/2020,172,271
hCoV-19/England/MILK-93F5C4/2020,172,271
hCoV-19/England/MILK-93F2BE/2020,172,271
hCoV-19/England/MILK-93EBD2/2020,172,271
hCoV-19/England/MILK-93E8F9/2020,172,271
hCoV-19/England/MILK-93E413/2020,172,271
hCoV-19/England/MILK-93E0A6/2020,172,271
hCoV-19/England/MILK-93DE34/2020,172,271
hCoV-19/England/MILK-93D8FA/2020,172,271
hCoV-19/England/MILK-93D678/2020,172,271
hCoV-19/England/MILK-93D502/2020,172,271
hCoV-19/England/MILK-93D3EA/2020,172,271
hCoV-19/England/MILK-93D3BD/2020,172,271
hCoV-19/England/MILK-93D13B/2020,172,271
hCoV-19/England/MILK-93D11D/2020,172,271
hCoV-19/England/MILK-93D10E/2020,172,271
hCoV-19/England/MILK-93CFE7/2020,172,271
hCoV-19/England/MILK-93CAC8/2020,172,271
hCoV-19/England/MILK-93C9F8/2020,172,271
hCoV-19/England/MILK-93C9BC/2020,172,271
hCoV-19/England/MILK-93C873/2020,172,271
hCoV-19/England/MILK-93C828/2020,172,271
hCoV-19/England/MILK-93C0B7/2020,172,271
hCoV-19/England/MILK-93BB8A/2020,172,271
hCoV-19/England/MILK-93BA32/2020,172,271
hCoV-19/England/MILK-93B73B/2020,172,271
hCoV-19/England/MILK-93A462/2020,172,271
hCoV-19/England/MILK-93A1E3/2020,172,271
hCoV-19/England/MILK-93A0E6/2020,172,271
hCoV-19/England/MILK-938EDF/2020,172,271
hCoV-19/England/MILK-93873E/2020,172,271
hCoV-19/England/MILK-938561/2020,172,271
hCoV-19/England/KGHT-2684527/2020,172,225
hCoV-19/England/KGHT-26844FD/2020,172,225
hCoV-19/England/CAMB-1B5036/2020,172,181
hCoV-19/England/CAMB-1B5027/2020,172,181
hCoV-19/England/CAMB-1B5018/2020,172,181
hCoV-19/England/ALDP-95CAC2/2020,172,271
hCoV-19/England/ALDP-95CAA4/2020,172,271
hCoV-19/England/ALDP-95CA95/2020,172,271
hCoV-19/England/ALDP-95CA86/2020,172,271
hCoV-19/England/ALDP-95C8B9/2020,172,271
hCoV-19/England/ALDP-95C8AA/2020,172,271
hCoV-19/England/ALDP-95C840/2020,172,271
hCoV-19/England/ALDP-95C831/2020,172,271
hCoV-19/England/ALDP-95C813/2020,172,271
hCoV-19/England/ALDP-95C7E9/2020,172,271
hCoV-19/England/ALDP-95C7DA/2020,172,271
hCoV-19/England/ALDP-95C585/2020,172,271
hCoV-19/England/ALDP-95C1EB/2020,172,271
hCoV-19/England/ALDP-954B6D/2020,172,271
hCoV-19/England/ALDP-952A44/2020,172,271
hCoV-19/England/ALDP-94E155/2020,172,271
hCoV-19/England/ALDP-93AA24/2020,172,271
hCoV-19/England/ALDP-93A875/2020,172,271
hCoV-19/England/ALDP-939ECF/2020,172,271
hCoV-19/England/ALDP-939CC5/2020,172,271
hCoV-19/England/ALDP-938BF6/2020,172,271
hCoV-19/England/ALDP-938BC9/2020,172,271
hCoV-19/England/ALDP-938B32/2020,172,271
hCoV-19/England/ALDP-938A80/2020,172,271
hCoV-19/England/ALDP-9389FC/2020,172,271
hCoV-19/England/ALDP-93890B/2020,172,271
hCoV-19/England/ALDP-9387F2/2020,172,271
hCoV-19/England/ALDP-9387E3/2020,172,271
hCoV-19/England/ALDP-938789/2020,172,271
hCoV-19/England/ALDP-937C7C/2020,172,271
hCoV-19/England/ALDP-937B60/2020,172,271
hCoV-19/England/ALDP-9378E1/2020,172,271
hCoV-19/England/ALDP-93732C/2020,172,271
hCoV-19/England/ALDP-93719B/2020,172,271
hCoV-19/England/ALDP-937016/2020,172,271
hCoV-19/England/ALDP-936FFC/2020,172,271
hCoV-19/England/ALDP-936FDE/2020,172,271
hCoV-19/England/ALDP-936E2C/2020,172,271
hCoV-19/England/ALDP-936BE9/2020,172,271
hCoV-19/England/ALDP-936B07/2020,172,271
hCoV-19/England/ALDP-936985/2020,172,271
hCoV-19/England/ALDP-93679A/2020,172,271
hCoV-19/England/ALDP-936615/2020,172,271
hCoV-19/England/ALDP-9364FD/2020,172,271
hCoV-19/England/ALDP-935E4B/2020,172,271
hCoV-19/England/ALDP-935E2D/2020,172,271
hCoV-19/England/ALDP-935D8A/2020,172,271
hCoV-19/England/ALDP-935C6F/2020,172,271
hCoV-19/England/ALDP-935BBD/2020,172,271
hCoV-19/England/ALDP-935B08/2020,172,271
hCoV-19/England/ALDP-935ACF/2020,172,271
hCoV-19/England/ALDP-935AA1/2020,172,271
hCoV-19/England/ALDP-935959/2020,172,271
hCoV-19/England/ALDP-9358E3/2020,172,271
hCoV-19/England/ALDP-9358C5/2020,172,271
hCoV-19/England/ALDP-93578C/2020,172,271
hCoV-19/England/ALDP-935625/2020,172,271
hCoV-19/England/ALDP-9355A0/2020,172,271
hCoV-19/England/ALDP-935564/2020,172,271
hCoV-19/England/ALDP-935555/2020,172,271
hCoV-19/England/ALDP-9353B5/2020,172,271
hCoV-19/England/ALDP-934A48/2020,172,271
hCoV-19/England/ALDP-9348B7/2020,172,271
hCoV-19/England/ALDP-934802/2020,172,271
hCoV-19/England/ALDP-9342AA/2020,172,271
hCoV-19/England/ALDP-933D40/2020,172,271
hCoV-19/England/ALDP-933BBF/2020,172,271
hCoV-19/England/ALDP-933A76/2020,172,271
hCoV-19/England/ALDP-933830/2020,172,271
hCoV-19/England/ALDP-9336BE/2020,172,271
hCoV-19/England/ALDP-9317F9/2020,172,271
hCoV-19/England/ALDP-931735/2020,172,271
hCoV-19/England/ALDP-931674/2020,172,271
hCoV-19/England/ALDP-93153B/2020,172,271
hCoV-19/England/ALDP-93138C/2020,172,271
hCoV-19/England/ALDP-931270/2020,172,271
hCoV-19/England/ALDP-92D392/2020,172,271
hCoV-19/England/ALDP-92D2E0/2020,172,271
hCoV-19/England/ALDP-92D1F2/2020,172,271
hCoV-19/England/ALDP-92D17A/2020,172,271
hCoV-19/England/ALDP-92D14D/2020,172,271
hCoV-19/England/ALDP-92D0AA/2020,172,271
hCoV-19/England/ALDP-92CFAE/2020,172,271
hCoV-19/England/ALDP-92CAF8/2020,172,271
hCoV-19/England/ALDP-92CAE9/2020,172,271
hCoV-19/England/ALDP-5D58DA/2020,172,271
hCoV-19/England/ALDP-5BD42F/2020,172,271
hCoV-19/Wales/PHWC-166ED0/2020,173,202
hCoV-19/Wales/PHWC-166CE5/2020,173,202
hCoV-19/Wales/PHWC-166BBB/2020,173,202
hCoV-19/Wales/PHWC-166ADC/2020,173,202
hCoV-19/Wales/PHWC-16673F/2020,173,202
hCoV-19/Wales/PHWC-16659F/2020,173,202
hCoV-19/Wales/ALDP-90E2A9/2020,173,271
hCoV-19/Wales/ALDP-90A79F/2020,173,394
hCoV-19/Scotland/EDB6609/2020,173,189
hCoV-19/Scotland/EDB6608/2020,173,189
hCoV-19/England/MILK-938640/2020,173,271
hCoV-19/England/LOND-D9923/2020,173,285
hCoV-19/England/LIVE-A1793/2020,173,196
hCoV-19/England/LIVE-A1784/2020,173,196
hCoV-19/England/LCST-24D71D8/2020,173,209
hCoV-19/England/LCST-24D71C9/2020,173,209
hCoV-19/England/CAMB-1B5124/2020,173,189
hCoV-19/England/BRIS-133012/2020,173,222
hCoV-19/England/ALDP-94FB0B/2020,173,271
hCoV-19/England/ALDP-94F497/2020,173,271
hCoV-19/England/ALDP-94F330/2020,173,271
hCoV-19/England/ALDP-94F066/2020,173,271
hCoV-19/England/ALDP-94E6A1/2020,173,271
hCoV-19/England/ALDP-92EA50/2020,173,271
hCoV-19/England/ALDP-92E8FC/2020,173,271
hCoV-19/England/ALDP-92DD49/2020,173,271
hCoV-19/England/ALDP-92D787/2020,173,271
hCoV-19/England/ALDP-92D532/2020,173,271
hCoV-19/England/ALDP-92C560/2020,173,271
hCoV-19/England/ALDP-92C2B4/2020,173,271
hCoV-19/England/ALDP-92C102/2020,173,271
hCoV-19/England/ALDP-92BD2D/2020,173,271
hCoV-19/England/ALDP-92BBBA/2020,173,271
hCoV-19/England/ALDP-92BB50/2020,173,271
hCoV-19/England/ALDP-92B5F8/2020,173,271
hCoV-19/England/ALDP-92B570/2020,173,271
hCoV-19/England/ALDP-92B3C1/2020,173,271
hCoV-19/England/ALDP-92B112/2020,173,271
hCoV-19/England/ALDP-92B0E8/2020,173,271
hCoV-19/England/ALDP-92AF37/2020,173,271
hCoV-19/England/ALDP-92AEFE/2020,173,271
hCoV-19/England/ALDP-92AE3A/2020,173,271
hCoV-19/England/ALDP-92ACB8/2020,173,271
hCoV-19/England/ALDP-92ACA9/2020,173,271
hCoV-19/England/ALDP-92AACD/2020,173,271
hCoV-19/England/ALDP-92A966/2020,173,271
hCoV-19/England/ALDP-92A3FF/2020,173,271
hCoV-19/England/ALDP-92A0CB/2020,173,271
hCoV-19/England/ALDP-929FB0/2020,173,271
hCoV-19/England/ALDP-929DF2/2020,173,271
hCoV-19/England/ALDP-929D4D/2020,173,271
hCoV-19/England/ALDP-929CC8/2020,173,271
hCoV-19/England/ALDP-92992B/2020,173,271
hCoV-19/England/ALDP-929448/2020,173,271
hCoV-19/England/ALDP-929369/2020,173,271
hCoV-19/England/ALDP-92933C/2020,173,271
hCoV-19/England/ALDP-92926C/2020,173,271
hCoV-19/England/ALDP-929220/2020,173,271
hCoV-19/England/ALDP-929080/2020,173,271
hCoV-19/England/ALDP-929026/2020,173,271
hCoV-19/England/ALDP-928FEE/2020,173,271
hCoV-19/England/ALDP-928E87/2020,173,271
hCoV-19/England/ALDP-928DC6/2020,173,271
hCoV-19/England/ALDP-928C6F/2020,173,271
hCoV-19/England/ALDP-928B71/2020,173,271
hCoV-19/England/ALDP-928AED/2020,173,271
hCoV-19/England/ALDP-928977/2020,173,271
hCoV-19/England/ALDP-92887A/2020,173,271
hCoV-19/England/ALDP-92841C/2020,173,271
hCoV-19/England/ALDP-927FFE/2020,173,271
hCoV-19/England/ALDP-9279E1/2020,173,271
hCoV-19/England/ALDP-926F1D/2020,173,271
hCoV-19/England/ALDP-926D22/2020,173,271
hCoV-19/England/ALDP-91BACF/2020,173,271
hCoV-19/England/ALDP-91B607/2020,173,271
hCoV-19/England/ALDP-91A811/2020,173,271
hCoV-19/England/ALDP-918EE4/2020,173,271
hCoV-19/England/ALDP-917A78/2020,173,271
hCoV-19/England/ALDP-917A5A/2020,173,271
hCoV-19/England/ALDP-916DDA/2020,173,271
hCoV-19/England/ALDP-916C46/2020,173,271
hCoV-19/England/ALDP-916AD3/2020,173,271
hCoV-19/England/ALDP-91629F/2020,173,271
hCoV-19/England/ALDP-913809/2020,173,271
hCoV-19/England/ALDP-912F14/2020,173,271
hCoV-19/England/ALDP-910B7C/2020,173,271
hCoV-19/England/ALDP-9101A7/2020,173,271
hCoV-19/England/ALDP-91012F/2020,173,271
hCoV-19/England/ALDP-90F624/2020,173,271
hCoV-19/England/ALDP-90F3B4/2020,173,271
hCoV-19/England/ALDP-90F211/2020,173,271
hCoV-19/England/ALDP-90E607/2020,173,271
hCoV-19/England/ALDP-90DAA2/2020,173,271
hCoV-19/England/ALDP-90D389/2020,173,271
hCoV-19/England/ALDP-90CF86/2020,173,271
hCoV-19/England/ALDP-90CEB6/2020,173,271
hCoV-19/England/ALDP-90CAB2/2020,173,271
hCoV-19/England/ALDP-90CA0D/2020,173,271
hCoV-19/England/ALDP-90C7AC/2020,173,271
hCoV-19/England/ALDP-90C79D/2020,173,271
hCoV-19/England/ALDP-90C78E/2020,173,271
hCoV-19/England/ALDP-90C6CD/2020,173,271
hCoV-19/England/ALDP-90BBFC/2020,173,271
hCoV-19/England/ALDP-90B8D7/2020,173,271
hCoV-19/England/ALDP-90B488/2020,173,271
hCoV-19/England/ALDP-90A8AB/2020,173,271
hCoV-19/England/ALDP-90A4E3/2020,173,271
hCoV-19/England/ALDP-90A234/2020,173,271
hCoV-19/England/ALDP-90A164/2020,173,271
hCoV-19/England/ALDP-909420/2020,173,271
hCoV-19/England/ALDP-908CA1/2020,173,271
hCoV-19/England/ALDP-9081DF/2020,173,271
hCoV-19/England/ALDP-90812A/2020,173,271
hCoV-19/England/ALDP-907D09/2020,173,271
hCoV-19/England/ALDP-907343/2020,173,271
hCoV-19/England/ALDP-9072FB/2020,173,271
hCoV-19/England/ALDP-907264/2020,173,271
hCoV-19/England/ALDP-9067DF/2020,173,271
hCoV-19/England/ALDP-9065A8/2020,173,271
hCoV-19/England/ALDP-90655D/2020,173,271
hCoV-19/England/ALDP-905442/2020,173,271
hCoV-19/England/ALDP-9050C6/2020,173,271
hCoV-19/England/ALDP-904BD5/2020,173,271
hCoV-19/England/ALDP-903505/2020,173,271
hCoV-19/England/ALDP-5D92AB/2020,173,271
hCoV-19/England/ALDP-5C7E9D/2020,173,271
hCoV-19/England/202881382/2020,173,198
hCoV-19/England/202881380/2020,173,198
hCoV-19/England/202620695/2020,173,274
hCoV-19/Wales/PHWC-169769/2020,174,223
hCoV-19/Wales/PHWC-169550/2020,174,209
hCoV-19/Wales/PHWC-169383/2020,174,209
hCoV-19/Wales/PHWC-16931A/2020,174,209
hCoV-19/Wales/PHWC-1692A4/2020,174,209
hCoV-19/Wales/PHWC-169277/2020,174,209
hCoV-19/Wales/PHWC-16924A/2020,174,209
hCoV-19/Wales/PHWC-16920E/2020,174,209
hCoV-19/Wales/PHWC-1691D4/2020,174,209
hCoV-19/Wales/PHWC-1691C5/2020,174,209
hCoV-19/Wales/PHWC-16909B/2020,174,209
hCoV-19/Wales/PHWC-168FBD/2020,174,209
hCoV-19/Wales/PHWC-168F17/2020,174,209
hCoV-19/Wales/PHWC-167006/2020,174,202
hCoV-19/Wales/PHWC-166F55/2020,174,202
hCoV-19/Wales/PHWC-166EC1/2020,174,202
hCoV-19/Wales/PHWC-166E67/2020,174,202
hCoV-19/Wales/PHWC-166D3D/2020,174,202
hCoV-19/Wales/PHWC-166A36/2020,174,202
hCoV-19/Wales/PHWC-1669B1/2020,174,202
hCoV-19/Wales/PHWC-16685A/2020,174,202
hCoV-19/Wales/PHWC-166799/2020,174,202
hCoV-19/Wales/PHWC-166711/2020,174,202
hCoV-19/Wales/PHWC-16667E/2020,174,202
hCoV-19/Wales/PHWC-166544/2020,174,202
hCoV-19/Wales/PHWC-1664CF/2020,174,202
hCoV-19/Wales/ALDP-920C2B/2020,174,271
hCoV-19/Scotland/CVR3902/2020,174,196
hCoV-19/Scotland/ALDP-9128CE/2020,174,274
hCoV-19/England/NOTT-11237A/2020,174,189
hCoV-19/England/NOTT-1121CB/2020,174,189
hCoV-19/England/MILK-95DAD0/2020,174,271
hCoV-19/England/MILK-95DA67/2020,174,271
hCoV-19/England/CAMB-1B51F7/2020,174,189
hCoV-19/England/CAMB-1B51D9/2020,174,189
hCoV-19/England/ALDP-95C51C/2020,174,271
hCoV-19/England/ALDP-930217/2020,174,271
hCoV-19/England/ALDP-926C07/2020,174,271
hCoV-19/England/ALDP-926AA3/2020,174,271
hCoV-19/England/ALDP-926A94/2020,174,271
hCoV-19/England/ALDP-92693D/2020,174,271
hCoV-19/England/ALDP-92686D/2020,174,271
hCoV-19/England/ALDP-92677F/2020,174,271
hCoV-19/England/ALDP-92650C/2020,174,271
hCoV-19/England/ALDP-925FD2/2020,174,271
hCoV-19/England/ALDP-925FC3/2020,174,271
hCoV-19/England/ALDP-925DAB/2020,174,271
hCoV-19/England/ALDP-925A2C/2020,174,271
hCoV-19/England/ALDP-925840/2020,174,271
hCoV-19/England/ALDP-925813/2020,174,271
hCoV-19/England/ALDP-9257F8/2020,174,271
hCoV-19/England/ALDP-925761/2020,174,271
hCoV-19/England/ALDP-925725/2020,174,271
hCoV-19/England/ALDP-9256A0/2020,174,271
hCoV-19/England/ALDP-9255A3/2020,174,271
hCoV-19/England/ALDP-925567/2020,174,271
hCoV-19/England/ALDP-925479/2020,174,271
hCoV-19/England/ALDP-92542E/2020,174,271
hCoV-19/England/ALDP-924EC7/2020,174,271
hCoV-19/England/ALDP-924E8B/2020,174,271
hCoV-19/England/ALDP-924E12/2020,174,271
hCoV-19/England/ALDP-924D60/2020,174,271
hCoV-19/England/ALDP-924CBE/2020,174,271
hCoV-19/England/ALDP-924BDF/2020,174,271
hCoV-19/England/ALDP-924A78/2020,174,271
hCoV-19/England/ALDP-924A2D/2020,174,271
hCoV-19/England/ALDP-924A1E/2020,174,271
hCoV-19/England/ALDP-924735/2020,174,271
hCoV-19/England/ALDP-924692/2020,174,271
hCoV-19/England/ALDP-92460B/2020,174,271
hCoV-19/England/ALDP-9241CE/2020,174,271
hCoV-19/England/ALDP-9241BF/2020,174,271
hCoV-19/England/ALDP-924191/2020,174,271
hCoV-19/England/ALDP-9240D0/2020,174,271
hCoV-19/England/ALDP-92400D/2020,174,271
hCoV-19/England/ALDP-923FF2/2020,174,271
hCoV-19/England/ALDP-923F4D/2020,174,271
hCoV-19/England/ALDP-923F3E/2020,174,271
hCoV-19/England/ALDP-923E9B/2020,174,271
hCoV-19/England/ALDP-923E8C/2020,174,271
hCoV-19/England/ALDP-923DBC/2020,174,271
hCoV-19/England/ALDP-923D16/2020,174,271
hCoV-19/England/ALDP-923B3A/2020,174,271
hCoV-19/England/ALDP-923772/2020,174,271
hCoV-19/England/ALDP-9230A4/2020,174,271
hCoV-19/England/ALDP-923095/2020,174,271
hCoV-19/England/ALDP-922FA8/2020,174,271
hCoV-19/England/ALDP-922CFC/2020,174,271
hCoV-19/England/ALDP-9229AA/2020,174,271
hCoV-19/England/ALDP-922500/2020,174,271
hCoV-19/England/ALDP-92248B/2020,174,271
hCoV-19/England/ALDP-92239D/2020,174,271
hCoV-19/England/ALDP-922360/2020,174,271
hCoV-19/England/ALDP-9221DF/2020,174,271
hCoV-19/England/ALDP-922193/2020,174,271
hCoV-19/England/ALDP-921EF7/2020,174,271
hCoV-19/England/ALDP-921E7F/2020,174,271
hCoV-19/England/ALDP-921E33/2020,174,271
hCoV-19/England/ALDP-921D72/2020,174,271
hCoV-19/England/ALDP-921D45/2020,174,271
hCoV-19/England/ALDP-921D09/2020,174,271
hCoV-19/England/ALDP-921C93/2020,174,271
hCoV-19/England/ALDP-9214C8/2020,174,271
hCoV-19/England/ALDP-92138F/2020,174,271
hCoV-19/England/ALDP-920E70/2020,174,271
hCoV-19/England/ALDP-920E16/2020,174,271
hCoV-19/England/ALDP-920DCE/2020,174,271
hCoV-19/England/ALDP-920D28/2020,174,271
hCoV-19/England/ALDP-920D19/2020,174,271
hCoV-19/England/ALDP-920C85/2020,174,271
hCoV-19/England/ALDP-920C67/2020,174,271
hCoV-19/England/ALDP-920BB5/2020,174,271
hCoV-19/England/ALDP-920B2E/2020,174,271
hCoV-19/England/ALDP-920B1F/2020,174,271
hCoV-19/England/ALDP-920AF4/2020,174,271
hCoV-19/England/ALDP-920AE5/2020,174,271
hCoV-19/England/ALDP-920A6D/2020,174,271
hCoV-19/England/ALDP-920A5E/2020,174,271
hCoV-19/England/ALDP-920A30/2020,174,271
hCoV-19/England/ALDP-920A12/2020,174,271
hCoV-19/England/ALDP-92099D/2020,174,271
hCoV-19/England/ALDP-920960/2020,174,271
hCoV-19/England/ALDP-92065A/2020,174,271
hCoV-19/England/ALDP-9205A8/2020,174,271
hCoV-19/England/ALDP-920450/2020,174,271
hCoV-19/England/ALDP-91FF62/2020,174,271
hCoV-19/England/ALDP-91FF44/2020,174,271
hCoV-19/England/ALDP-91F919/2020,174,271
hCoV-19/England/ALDP-91F8EF/2020,174,271
hCoV-19/England/ALDP-91F885/2020,174,271
hCoV-19/England/ALDP-91F7C4/2020,174,271
hCoV-19/England/ALDP-91F76A/2020,174,271
hCoV-19/England/ALDP-91F72E/2020,174,271
hCoV-19/England/ALDP-91F700/2020,174,271
hCoV-19/England/ALDP-91F64F/2020,174,271
hCoV-19/England/ALDP-91F621/2020,174,271
hCoV-19/England/ALDP-91F603/2020,174,271
hCoV-19/England/ALDP-91F542/2020,174,271
hCoV-19/England/ALDP-91F278/2020,174,271
hCoV-19/England/ALDP-91E859/2020,174,271
hCoV-19/England/ALDP-91E82C/2020,174,271
hCoV-19/England/ALDP-91E7D4/2020,174,271
hCoV-19/England/ALDP-91E7C5/2020,174,271
hCoV-19/England/ALDP-91E65F/2020,174,271
hCoV-19/England/ALDP-91E4A0/2020,174,271
hCoV-19/England/ALDP-91E0E8/2020,174,271
hCoV-19/England/ALDP-91DA72/2020,174,271
hCoV-19/England/ALDP-91D720/2020,174,271
hCoV-19/England/ALDP-91D68D/2020,174,271
hCoV-19/England/ALDP-91D650/2020,174,271
hCoV-19/England/ALDP-91D22F/2020,174,271
hCoV-19/England/ALDP-91CF92/2020,174,271
hCoV-19/England/ALDP-91CF29/2020,174,271
hCoV-19/England/ALDP-91C90D/2020,174,271
hCoV-19/England/ALDP-91C6E8/2020,174,271
hCoV-19/England/ALDP-91B106/2020,174,271
hCoV-19/England/ALDP-91AF94/2020,174,271
hCoV-19/England/ALDP-91A1CB/2020,174,271
hCoV-19/England/ALDP-91A18F/2020,174,271
hCoV-19/England/ALDP-919F4A/2020,174,271
hCoV-19/England/ALDP-9151DF/2020,174,271
hCoV-19/England/ALDP-915184/2020,174,271
hCoV-19/England/ALDP-915139/2020,174,271
hCoV-19/England/ALDP-9150C3/2020,174,271
hCoV-19/England/ALDP-9149E7/2020,174,271
hCoV-19/England/ALDP-913E43/2020,174,271
hCoV-19/England/ALDP-913CFE/2020,174,271
hCoV-19/England/ALDP-90F0EA/2020,174,271
hCoV-19/England/ALDP-90EC14/2020,174,271
hCoV-19/England/ALDP-90E573/2020,174,271
hCoV-19/England/ALDP-90C86D/2020,174,271
hCoV-19/England/ALDP-90C7BB/2020,174,271
hCoV-19/England/ALDP-90C5EE/2020,174,271
hCoV-19/England/ALDP-8FB53E/2020,174,271
hCoV-19/England/ALDP-8F2670/2020,174,271
hCoV-19/England/ALDP-8F1CBB/2020,174,271
hCoV-19/England/ALDP-8E036F/2020,174,271
hCoV-19/England/ALDP-507A60/2020,174,271
hCoV-19/England/ALDP-5074AE/2020,174,271
hCoV-19/England/ALDP-5048F0/2020,174,271
hCoV-19/England/ALDP-50341B/2020,174,271
hCoV-19/England/ALDP-501538/2020,174,271
hCoV-19/England/ALDP-4FF97E/2020,174,271
hCoV-19/England/ALDP-4FF8CC/2020,174,271
hCoV-19/England/ALDP-4FF8BD/2020,174,271
hCoV-19/England/ALDP-4FF808/2020,174,271
hCoV-19/England/ALDP-4FF659/2020,174,271
hCoV-19/England/ALDP-4FF10D/2020,174,271
hCoV-19/England/ALDP-4FEEBC/2020,174,271
hCoV-19/England/ALDP-4FE678/2020,174,271
hCoV-19/England/ALDP-4FD776/2020,174,271
hCoV-19/England/ALDP-4FC786/2020,174,271
hCoV-19/England/ALDP-4FC1E2/2020,174,271
hCoV-19/England/ALDP-4FC1C4/2020,174,271
hCoV-19/England/ALDP-4FBE19/2020,174,271
hCoV-19/England/ALDP-4FBAAC/2020,174,271
hCoV-19/England/ALDP-4FB4F9/2020,174,271
hCoV-19/England/ALDP-4FB1B6/2020,174,271
hCoV-19/England/ALDP-4F9482/2020,174,271
hCoV-19/England/ALDP-4F9200/2020,174,271
hCoV-19/England/20284212204/2020,174,201
hCoV-19/England/202640035/2020,174,274
hCoV-19/Wales/PHWC-1694EA/2020,175,209
hCoV-19/Wales/PHWC-168EED/2020,175,209
hCoV-19/Wales/PHWC-168ECF/2020,175,209
hCoV-19/Wales/PHWC-168EA1/2020,175,209
hCoV-19/Wales/PHWC-168E47/2020,175,209
hCoV-19/Wales/ALDP-8D984C/2020,175,271
hCoV-19/Wales/ALDP-8D8D3F/2020,175,271
hCoV-19/Wales/ALDP-4F500A/2020,175,271
hCoV-19/Scotland/QEUH-5F41DA/2020,175,254
hCoV-19/Scotland/CVR3933/2020,175,223
hCoV-19/England/QEUH-5F5625/2020,175,254
hCoV-19/England/QEUH-5F5616/2020,175,254
hCoV-19/England/QEUH-5F4E4C/2020,175,254
hCoV-19/England/QEUH-5F4C15/2020,175,254
hCoV-19/England/NORT-29C2F2/2020,175,209
hCoV-19/England/NORT-29352F/2020,175,209
hCoV-19/England/NORT-2934D7/2020,175,209
hCoV-19/England/LCST-24D725D/2020,175,209
hCoV-19/England/ALDP-95CAD1/2020,175,271
hCoV-19/England/ALDP-95074F/2020,175,287
hCoV-19/England/ALDP-94F34F/2020,175,271
hCoV-19/England/ALDP-94E708/2020,175,271
hCoV-19/England/ALDP-9231B0/2020,175,271
hCoV-19/England/ALDP-91073C/2020,175,271
hCoV-19/England/ALDP-90FCE6/2020,175,271
hCoV-19/England/ALDP-90FB70/2020,175,271
hCoV-19/England/ALDP-90DB90/2020,175,271
hCoV-19/England/ALDP-90DA39/2020,175,271
hCoV-19/England/ALDP-90D6AE/2020,175,271
hCoV-19/England/ALDP-90CDD7/2020,175,271
hCoV-19/England/ALDP-909AF1/2020,175,271
hCoV-19/England/ALDP-908834/2020,175,271
hCoV-19/England/ALDP-9087DD/2020,175,271
hCoV-19/England/ALDP-908658/2020,175,271
hCoV-19/England/ALDP-907765/2020,175,271
hCoV-19/England/ALDP-906186/2020,175,271
hCoV-19/England/ALDP-9060F2/2020,175,271
hCoV-19/England/ALDP-9060D4/2020,175,271
hCoV-19/England/ALDP-90606B/2020,175,271
hCoV-19/England/ALDP-90604D/2020,175,271
hCoV-19/England/ALDP-905E26/2020,175,271
hCoV-19/England/ALDP-905DCF/2020,175,271
hCoV-19/England/ALDP-905A6E/2020,175,271
hCoV-19/England/ALDP-905970/2020,175,271
hCoV-19/England/ALDP-9058A0/2020,175,271
hCoV-19/England/ALDP-9057FE/2020,175,271
hCoV-19/England/ALDP-9055F4/2020,175,271
hCoV-19/England/ALDP-9055C7/2020,175,271
hCoV-19/England/ALDP-904B4E/2020,175,271
hCoV-19/England/ALDP-904856/2020,175,271
hCoV-19/England/ALDP-9047B3/2020,175,271
hCoV-19/England/ALDP-904795/2020,175,271
hCoV-19/England/ALDP-90456E/2020,175,271
hCoV-19/England/ALDP-9044BC/2020,175,271
hCoV-19/England/ALDP-904391/2020,175,271
hCoV-19/England/ALDP-9042D0/2020,175,271
hCoV-19/England/ALDP-9038DF/2020,175,271
hCoV-19/England/ALDP-903875/2020,175,271
hCoV-19/England/ALDP-903356/2020,175,271
hCoV-19/England/ALDP-9032A4/2020,175,271
hCoV-19/England/ALDP-903286/2020,175,271
hCoV-19/England/ALDP-90321D/2020,175,271
hCoV-19/England/ALDP-90320E/2020,175,271
hCoV-19/England/ALDP-9031E3/2020,175,271
hCoV-19/England/ALDP-902A70/2020,175,271
hCoV-19/England/ALDP-90222D/2020,175,271
hCoV-19/England/ALDP-90218A/2020,175,271
hCoV-19/England/ALDP-901965/2020,175,271
hCoV-19/England/ALDP-9018C2/2020,175,271
hCoV-19/England/ALDP-9015E9/2020,175,271
hCoV-19/England/ALDP-9015CB/2020,175,271
hCoV-19/England/ALDP-9014EC/2020,175,271
hCoV-19/England/ALDP-901437/2020,175,271
hCoV-19/England/ALDP-9011F4/2020,175,271
hCoV-19/England/ALDP-9011E5/2020,175,271
hCoV-19/England/ALDP-900F55/2020,175,271
hCoV-19/England/ALDP-900C4F/2020,175,271
hCoV-19/England/ALDP-900A90/2020,175,271
hCoV-19/England/ALDP-9009B1/2020,175,271
hCoV-19/England/ALDP-90080F/2020,175,271
hCoV-19/England/ALDP-900702/2020,175,271
hCoV-19/England/ALDP-90069C/2020,175,271
hCoV-19/England/ALDP-9002A7/2020,175,271
hCoV-19/England/ALDP-8FFEF3/2020,175,271
hCoV-19/England/ALDP-8FFDBA/2020,175,271
hCoV-19/England/ALDP-8FFCF9/2020,175,271
hCoV-19/England/ALDP-8FF9A7/2020,175,271
hCoV-19/England/ALDP-8FF8C8/2020,175,271
hCoV-19/England/ALDP-8FF87D/2020,175,271
hCoV-19/England/ALDP-8FF2E8/2020,175,271
hCoV-19/England/ALDP-8FF163/2020,175,271
hCoV-19/England/ALDP-8FEFF1/2020,175,271
hCoV-19/England/ALDP-8FEF3D/2020,175,271
hCoV-19/England/ALDP-8FEF00/2020,175,271
hCoV-19/England/ALDP-8FEDAC/2020,175,271
hCoV-19/England/ALDP-8FEC72/2020,175,271
hCoV-19/England/ALDP-8FE1DD/2020,175,271
hCoV-19/England/ALDP-8FE067/2020,175,271
hCoV-19/England/ALDP-8FDEF5/2020,175,271
hCoV-19/England/ALDP-8FDE22/2020,175,271
hCoV-19/England/ALDP-8FDC64/2020,175,271
hCoV-19/England/ALDP-8FD930/2020,175,271
hCoV-19/England/ALDP-8FD8F7/2020,175,271
hCoV-19/England/ALDP-8FD8D9/2020,175,271
hCoV-19/England/ALDP-8FD87F/2020,175,271
hCoV-19/England/ALDP-8FD38D/2020,175,271
hCoV-19/England/ALDP-8FCF99/2020,175,271
hCoV-19/England/ALDP-8FCDEA/2020,175,271
hCoV-19/England/ALDP-8FCD53/2020,175,271
hCoV-19/England/ALDP-8FCCDE/2020,175,271
hCoV-19/England/ALDP-8FCC0B/2020,175,271
hCoV-19/England/ALDP-8FCA7A/2020,175,271
hCoV-19/England/ALDP-8FC8CB/2020,175,271
hCoV-19/England/ALDP-8FC852/2020,175,271
hCoV-19/England/ALDP-8FC7A0/2020,175,271
hCoV-19/England/ALDP-8FC272/2020,175,271
hCoV-19/England/ALDP-8FC1EE/2020,175,271
hCoV-19/England/ALDP-8FBEE8/2020,175,271
hCoV-19/England/ALDP-8FBE60/2020,175,271
hCoV-19/England/ALDP-8FBB69/2020,175,271
hCoV-19/England/ALDP-8FB3DA/2020,175,271
hCoV-19/England/ALDP-8FB2BF/2020,175,271
hCoV-19/England/ALDP-8F79EB/2020,175,271
hCoV-19/England/ALDP-8F7918/2020,175,271
hCoV-19/England/ALDP-8F766C/2020,175,271
hCoV-19/England/ALDP-8F7602/2020,175,271
hCoV-19/England/ALDP-8F6D95/2020,175,271
hCoV-19/England/ALDP-8F6928/2020,175,271
hCoV-19/England/ALDP-8E02DB/2020,175,271
hCoV-19/England/ALDP-8DBA9F/2020,175,271
hCoV-19/England/ALDP-8D9DB6/2020,175,271
hCoV-19/England/ALDP-8D9C8C/2020,175,271
hCoV-19/England/ALDP-8D8379/2020,175,271
hCoV-19/England/ALDP-8D7592/2020,175,271
hCoV-19/England/ALDP-8D741D/2020,175,271
hCoV-19/England/ALDP-8D736B/2020,175,271
hCoV-19/England/ALDP-8D728C/2020,175,271
hCoV-19/England/ALDP-8D71CB/2020,175,271
hCoV-19/England/ALDP-8D7125/2020,175,271
hCoV-19/England/ALDP-8D64D2/2020,175,271
hCoV-19/England/ALDP-8D634E/2020,175,271
hCoV-19/England/ALDP-8D6205/2020,175,271
hCoV-19/England/ALDP-8D5549/2020,175,271
hCoV-19/England/ALDP-8D4771/2020,175,271
hCoV-19/England/ALDP-8D453B/2020,175,271
hCoV-19/England/ALDP-8D41CE/2020,175,271
hCoV-19/England/ALDP-8D4173/2020,175,271
hCoV-19/England/ALDP-8D40C1/2020,175,271
hCoV-19/England/ALDP-8D3244/2020,175,271
hCoV-19/England/ALDP-8D1774/2020,175,271
hCoV-19/England/ALDP-8D1255/2020,175,271
hCoV-19/England/ALDP-8CF849/2020,175,271
hCoV-19/England/ALDP-8CF83A/2020,175,271
hCoV-19/England/ALDP-5C664B/2020,175,271
hCoV-19/England/ALDP-5C6599/2020,175,271
hCoV-19/England/ALDP-507435/2020,175,271
hCoV-19/England/ALDP-505482/2020,175,271
hCoV-19/England/ALDP-4FFC66/2020,175,271
hCoV-19/England/ALDP-4FEB1F/2020,175,271
hCoV-19/England/ALDP-4FA6F4/2020,175,271
hCoV-19/England/ALDP-4FA4BE/2020,175,271
hCoV-19/England/ALDP-4FA4AF/2020,175,271
hCoV-19/England/ALDP-4FA490/2020,175,271
hCoV-19/England/ALDP-4FA375/2020,175,271
hCoV-19/England/ALDP-4F909D/2020,175,271
hCoV-19/England/ALDP-4F8F55/2020,175,271
hCoV-19/England/ALDP-4F8D2E/2020,175,271
hCoV-19/England/ALDP-4F8C6D/2020,175,271
hCoV-19/England/ALDP-4F8061/2020,175,271
hCoV-19/England/ALDP-4F7F0B/2020,175,271
hCoV-19/England/ALDP-4F7EE0/2020,175,271
hCoV-19/England/ALDP-4F7D89/2020,175,271
hCoV-19/England/ALDP-4F7CAA/2020,175,271
hCoV-19/England/ALDP-4F7C9B/2020,175,271
hCoV-19/England/ALDP-4F7B52/2020,175,271
hCoV-19/England/ALDP-4F7105/2020,175,271
hCoV-19/England/ALDP-4F7044/2020,175,271
hCoV-19/England/ALDP-4F7035/2020,175,271
hCoV-19/England/ALDP-4F6A56/2020,175,271
hCoV-19/England/ALDP-4F5D03/2020,175,271
hCoV-19/England/ALDP-4F5CF7/2020,175,271
hCoV-19/England/ALDP-4F5B45/2020,175,271
hCoV-19/England/ALDP-4F5A0C/2020,175,271
hCoV-19/England/ALDP-4F587B/2020,175,271
hCoV-19/England/ALDP-4F551A/2020,175,271
hCoV-19/England/ALDP-4F536B/2020,175,271
hCoV-19/England/ALDP-4F50DD/2020,175,271
hCoV-19/England/ALDP-4F4F0E/2020,175,271
hCoV-19/England/ALDP-4F4C25/2020,175,271
hCoV-19/England/ALDP-4F48F4/2020,175,271
hCoV-19/England/ALDP-4F43A8/2020,175,271
hCoV-19/England/ALDP-4F40DE/2020,175,271
hCoV-19/England/ALDP-4F4092/2020,175,271
hCoV-19/England/ALDP-4F3F2D/2020,175,271
hCoV-19/England/ALDP-4F393E/2020,175,287
hCoV-19/England/ALDP-4F3619/2020,175,287
hCoV-19/England/202660056/2020,175,274
hCoV-19/Wales/PHWC-1695AB/2020,176,209
hCoV-19/Wales/PHWC-1694CC/2020,176,209
hCoV-19/Wales/PHWC-16949F/2020,176,209
hCoV-19/Wales/PHWC-1693DE/2020,176,209
hCoV-19/Wales/PHWC-1693B0/2020,176,209
hCoV-19/Wales/PHWC-169295/2020,176,209
hCoV-19/Wales/PHWC-1691F2/2020,176,209
hCoV-19/Wales/PHWC-1691E3/2020,176,209
hCoV-19/Wales/PHWC-16914D/2020,176,209
hCoV-19/Wales/PHWC-169110/2020,176,209
hCoV-19/Wales/PHWC-168FF9/2020,176,209
hCoV-19/Wales/PHWC-168F26/2020,176,209
hCoV-19/Scotland/QEUH-5F8CB7/2020,176,254
hCoV-19/Scotland/QEUH-5F6624/2020,176,254
hCoV-19/Scotland/QEUH-5F6466/2020,176,254
hCoV-19/Scotland/EDB6718/2020,176,202
hCoV-19/England/LIVE-A404A/2020,176,292
hCoV-19/England/LCST-24D72B7/2020,176,209
hCoV-19/England/LCST-24D727B/2020,176,209
hCoV-19/England/HECH-259A48C/2020,176,189
hCoV-19/England/BRIS-13308B/2020,176,222
hCoV-19/England/BIRM-6189C/2020,176,253
hCoV-19/England/ALDP-94F43D/2020,176,271
hCoV-19/England/ALDP-91BD11/2020,176,271
hCoV-19/England/ALDP-9025BB/2020,176,271
hCoV-19/England/ALDP-8EB522/2020,176,271
hCoV-19/England/ALDP-8E8EB1/2020,176,271
hCoV-19/England/ALDP-8E68B5/2020,176,271
hCoV-19/England/ALDP-8E63A5/2020,176,271
hCoV-19/England/ALDP-8E623F/2020,176,271
hCoV-19/England/ALDP-8E617E/2020,176,271
hCoV-19/England/ALDP-8E5F48/2020,176,271
hCoV-19/England/ALDP-8E5397/2020,176,271
hCoV-19/England/ALDP-8E4B45/2020,176,271
hCoV-19/England/ALDP-8E49F0/2020,176,271
hCoV-19/England/ALDP-8E39F1/2020,176,271
hCoV-19/England/ALDP-8E3988/2020,176,271
hCoV-19/England/ALDP-8E388B/2020,176,271
hCoV-19/England/ALDP-8E328D/2020,176,271
hCoV-19/England/ALDP-8E2FF0/2020,176,271
hCoV-19/England/ALDP-8E2F2D/2020,176,271
hCoV-19/England/ALDP-8E2E8A/2020,176,271
hCoV-19/England/ALDP-8E2C53/2020,176,271
hCoV-19/England/ALDP-8E2C26/2020,176,271
hCoV-19/England/ALDP-8E2C17/2020,176,271
hCoV-19/England/ALDP-8E2B65/2020,176,271
hCoV-19/England/ALDP-8E2B29/2020,176,271
hCoV-19/England/ALDP-8E25EF/2020,176,271
hCoV-19/England/ALDP-8E2567/2020,176,271
hCoV-19/England/ALDP-8E1814/2020,176,271
hCoV-19/England/ALDP-8E1762/2020,176,271
hCoV-19/England/ALDP-8E153B/2020,176,271
hCoV-19/England/ALDP-8E0E9B/2020,176,271
hCoV-19/England/ALDP-8E0095/2020,176,300
hCoV-19/England/ALDP-8DFFD8/2020,176,271
hCoV-19/England/ALDP-8DF873/2020,176,271
hCoV-19/England/ALDP-8DF7D0/2020,176,271
hCoV-19/England/ALDP-8DF7B2/2020,176,271
hCoV-19/England/ALDP-8DF6F1/2020,176,271
hCoV-19/England/ALDP-8DF4E8/2020,176,271
hCoV-19/England/ALDP-8DEDFD/2020,176,271
hCoV-19/England/ALDP-8DEC69/2020,176,271
hCoV-19/England/ALDP-8DE30A/2020,176,271
hCoV-19/England/ALDP-8DE249/2020,176,271
hCoV-19/England/ALDP-8DE1C4/2020,176,271
hCoV-19/England/ALDP-8DE100/2020,176,271
hCoV-19/England/ALDP-8DE08B/2020,176,271
hCoV-19/England/ALDP-8DDFBC/2020,176,271
hCoV-19/England/ALDP-8DDEFB/2020,176,271
hCoV-19/England/ALDP-8DD1F2/2020,176,271
hCoV-19/England/ALDP-8DD09B/2020,176,271
hCoV-19/England/ALDP-8DCF17/2020,176,271
hCoV-19/England/ALDP-8DCD0E/2020,176,271
hCoV-19/England/ALDP-8DB75C/2020,176,271
hCoV-19/England/ALDP-8DA650/2020,176,271
hCoV-19/England/ALDP-8D640F/2020,176,271
hCoV-19/England/ALDP-8D5646/2020,176,271
hCoV-19/England/ALDP-8D5619/2020,176,271
hCoV-19/England/ALDP-8D5190/2020,176,271
hCoV-19/England/ALDP-8D3CA0/2020,176,271
hCoV-19/England/ALDP-8C3E70/2020,176,271
hCoV-19/England/ALDP-8C12B2/2020,176,271
hCoV-19/England/ALDP-8B9402/2020,176,271
hCoV-19/England/ALDP-5092FD/2020,176,271
hCoV-19/England/ALDP-508F33/2020,176,271
hCoV-19/England/ALDP-508E81/2020,176,271
hCoV-19/England/ALDP-508DC0/2020,176,271
hCoV-19/England/ALDP-5089EA/2020,176,271
hCoV-19/England/ALDP-508935/2020,176,271
hCoV-19/England/ALDP-5087B3/2020,176,271
hCoV-19/England/ALDP-50859B/2020,176,271
hCoV-19/England/ALDP-508179/2020,176,271
hCoV-19/England/ALDP-507DC1/2020,176,271
hCoV-19/England/ALDP-506409/2020,176,271
hCoV-19/England/ALDP-50631B/2020,176,271
hCoV-19/England/ALDP-505DF0/2020,176,271
hCoV-19/England/ALDP-503F0B/2020,176,271
hCoV-19/England/ALDP-503ED1/2020,176,271
hCoV-19/England/ALDP-503E2C/2020,176,271
hCoV-19/England/ALDP-503D7A/2020,176,271
hCoV-19/England/ALDP-503CB9/2020,176,271
hCoV-19/England/ALDP-503BF8/2020,176,271
hCoV-19/England/ALDP-503B34/2020,176,271
hCoV-19/England/ALDP-503396/2020,176,271
hCoV-19/England/ALDP-50335A/2020,176,271
hCoV-19/England/ALDP-5031D8/2020,176,271
hCoV-19/England/ALDP-50316F/2020,176,271
hCoV-19/England/ALDP-502F48/2020,176,271
hCoV-19/England/ALDP-502F39/2020,176,271
hCoV-19/England/ALDP-502EF0/2020,176,271
hCoV-19/England/ALDP-502E2D/2020,176,271
hCoV-19/England/ALDP-502BDB/2020,176,271
hCoV-19/England/ALDP-50287A/2020,176,271
hCoV-19/England/ALDP-5026F8/2020,176,271
hCoV-19/England/ALDP-502652/2020,176,271
hCoV-19/England/ALDP-50229A/2020,176,271
hCoV-19/England/ALDP-501ED3/2020,176,271
hCoV-19/England/ALDP-500469/2020,176,271
hCoV-19/England/ALDP-50040F/2020,176,271
hCoV-19/England/ALDP-500144/2020,176,271
hCoV-19/England/ALDP-5000B0/2020,176,271
hCoV-19/England/ALDP-4FFF30/2020,176,271
hCoV-19/England/ALDP-4FE0B6/2020,176,271
hCoV-19/Wales/PHWC-16D56B/2020,177,278
hCoV-19/Wales/PHWC-16CA03/2020,177,278
hCoV-19/Wales/PHWC-1655EB/2020,177,189
hCoV-19/Wales/ALDP-90C77F/2020,177,271
hCoV-19/Scotland/QEUH-5FC442/2020,177,254
hCoV-19/Scotland/QEUH-5FBFF7/2020,177,254
hCoV-19/Scotland/QEUH-5FBE36/2020,177,254
hCoV-19/Scotland/CVR3936/2020,177,196
hCoV-19/England/TFCI-26F9D70/2020,177,379
hCoV-19/England/QEUH-5FD0C5/2020,177,254
hCoV-19/England/QEUH-5F9885/2020,177,254
hCoV-19/England/LIVE-A983E/2020,177,257
hCoV-19/England/BRIS-13314C/2020,177,222
hCoV-19/England/BRIS-13312E/2020,177,222
hCoV-19/England/ALDP-91AC51/2020,177,271
hCoV-19/England/ALDP-909F3E/2020,177,271
hCoV-19/England/ALDP-8D2290/2020,177,271
hCoV-19/England/ALDP-8D1E9D/2020,177,271
hCoV-19/England/ALDP-8D1B96/2020,177,287
hCoV-19/England/ALDP-8D19D8/2020,177,271
hCoV-19/England/ALDP-8CF454/2020,177,271
hCoV-19/England/ALDP-8CF1A8/2020,177,271
hCoV-19/England/ALDP-8CF09C/2020,177,271
hCoV-19/England/ALDP-8CEE75/2020,177,271
hCoV-19/England/ALDP-8CED1E/2020,177,271
hCoV-19/England/ALDP-4F7C31/2020,177,271
hCoV-19/England/ALDP-4F486D/2020,177,271
hCoV-19/Wales/PHWC-16CA30/2020,178,278
hCoV-19/Wales/PHWC-168FCC/2020,178,209
hCoV-19/Wales/PHWC-167060/2020,178,202
hCoV-19/Wales/PHWC-166F64/2020,178,202
hCoV-19/Wales/PHWC-166F0A/2020,178,202
hCoV-19/Wales/PHWC-166E58/2020,178,202
hCoV-19/Wales/PHWC-166E1C/2020,178,202
hCoV-19/Wales/PHWC-166DD3/2020,178,202
hCoV-19/Wales/PHWC-166D6A/2020,178,202
hCoV-19/Wales/PHWC-166D2E/2020,178,202
hCoV-19/Wales/PHWC-166C8B/2020,178,202
hCoV-19/Wales/PHWC-166C30/2020,178,202
hCoV-19/Wales/PHWC-166C03/2020,178,202
hCoV-19/Wales/PHWC-166BCA/2020,178,202
hCoV-19/Wales/PHWC-166B8E/2020,178,202
hCoV-19/Wales/PHWC-166AEB/2020,178,202
hCoV-19/Wales/PHWC-166ACD/2020,178,202
hCoV-19/Wales/PHWC-166ABE/2020,178,202
hCoV-19/Wales/PHWC-166A72/2020,178,202
hCoV-19/Wales/PHWC-166957/2020,178,202
hCoV-19/Wales/PHWC-16691B/2020,178,202
hCoV-19/Wales/PHWC-16690C/2020,178,202
hCoV-19/Wales/PHWC-1668F0/2020,178,202
hCoV-19/Wales/PHWC-1668E1/2020,178,202
hCoV-19/Wales/PHWC-166896/2020,178,202
hCoV-19/Wales/PHWC-166869/2020,178,202
hCoV-19/Wales/PHWC-16683C/2020,178,202
hCoV-19/Wales/PHWC-16680F/2020,178,202
hCoV-19/Wales/PHWC-1667F3/2020,178,202
hCoV-19/Wales/PHWC-16676C/2020,178,202
hCoV-19/Wales/PHWC-16668D/2020,178,202
hCoV-19/Wales/PHWC-16666F/2020,178,202
hCoV-19/Wales/PHWC-1665CC/2020,178,202
hCoV-19/Wales/PHWC-166517/2020,178,202
hCoV-19/Wales/PHWC-1664FC/2020,178,202
hCoV-19/Wales/PHWC-166474/2020,178,202
hCoV-19/Wales/PHWC-1663D1/2020,178,202
hCoV-19/Wales/PHWC-1663C2/2020,178,202
hCoV-19/Wales/PHWC-1663A4/2020,178,202
hCoV-19/Wales/PHWC-166359/2020,178,202
hCoV-19/Wales/PHWC-165ACE/2020,178,196
hCoV-19/Wales/PHWC-165633/2020,178,189
hCoV-19/Scotland/QEUH-5FE932/2020,178,254
hCoV-19/Scotland/QEUH-5FDA9A/2020,178,254
hCoV-19/Scotland/CVR3938/2020,178,196
hCoV-19/England/QEUH-5FE64A/2020,178,254
hCoV-19/England/QEUH-5FE000/2020,178,254
hCoV-19/England/NORT-29361D/2020,178,209
hCoV-19/England/LIVE-A3F20/2020,178,292
hCoV-19/England/ALDP-9051F0/2020,178,271
hCoV-19/England/ALDP-8CABBE/2020,178,271
hCoV-19/England/ALDP-8C95B1/2020,178,271
hCoV-19/England/ALDP-8C9232/2020,178,271
hCoV-19/England/ALDP-8C8E8A/2020,178,271
hCoV-19/England/ALDP-8BE379/2020,178,271
hCoV-19/England/ALDP-8BD240/2020,178,271
hCoV-19/England/ALDP-8BAD33/2020,178,271
hCoV-19/England/ALDP-6FF806/2020,178,271
hCoV-19/England/ALDP-50085E/2020,178,271
hCoV-19/England/ALDP-4F4F3B/2020,178,271
