hCoV-19/Wales/PHWC-169FCB/2020,242,253
hCoV-19/Wales/PHWC-169F25/2020,242,253
hCoV-19/Wales/PHWC-169EDD/2020,242,253
hCoV-19/Wales/PHWC-169EBF/2020,242,253
hCoV-19/Wales/PHWC-169E91/2020,242,253
hCoV-19/Wales/MILK-9AA6C1/2020,242,271
hCoV-19/Wales/MILK-9AA6B2/2020,242,271
hCoV-19/Wales/MILK-9AA658/2020,242,271
hCoV-19/Wales/MILK-9AA61C/2020,242,271
hCoV-19/Wales/MILK-9A8E43/2020,242,271
hCoV-19/Wales/MILK-99DE8D/2020,242,271
hCoV-19/Wales/MILK-99DD9F/2020,242,300
hCoV-19/Wales/MILK-99DAE3/2020,242,271
hCoV-19/Wales/MILK-99DA7A/2020,242,271
hCoV-19/Wales/MILK-99DA6B/2020,242,271
hCoV-19/Wales/MILK-99DA5C/2020,242,271
hCoV-19/Wales/MILK-99D04B/2020,242,271
hCoV-19/Wales/MILK-99D01E/2020,242,271
hCoV-19/Wales/MILK-99CDDC/2020,242,271
hCoV-19/Wales/MILK-99C7DE/2020,242,271
hCoV-19/Wales/MILK-99C5B6/2020,242,271
hCoV-19/Wales/MILK-99C55C/2020,242,271
hCoV-19/Wales/MILK-99C54D/2020,242,271
hCoV-19/Wales/MILK-99C53E/2020,242,271
hCoV-19/Wales/MILK-99C52F/2020,242,271
hCoV-19/Wales/MILK-99C4AA/2020,242,271
hCoV-19/Scotland/QEUH-99BF9B/2020,242,271
hCoV-19/Scotland/QEUH-99BF6E/2020,242,271
hCoV-19/Scotland/QEUH-99BF5F/2020,242,271
hCoV-19/Scotland/QEUH-99BE07/2020,242,271
hCoV-19/Scotland/QEUH-99B62D/2020,242,271
hCoV-19/Scotland/QEUH-99B4D8/2020,242,271
hCoV-19/Scotland/QEUH-99B4C9/2020,242,271
hCoV-19/Scotland/QEUH-990673/2020,242,274
hCoV-19/Scotland/QEUH-990637/2020,242,274
hCoV-19/Scotland/QEUH-99043D/2020,242,274
hCoV-19/Scotland/QEUH-99042E/2020,242,274
hCoV-19/Scotland/QEUH-9901AF/2020,242,264
hCoV-19/Scotland/QEUH-990190/2020,242,264
hCoV-19/Scotland/QEUH-9900B1/2020,242,264
hCoV-19/Scotland/QEUH-98FAB7/2020,242,257
hCoV-19/Scotland/CVR4192/2020,242,264
hCoV-19/Scotland/CVR4191/2020,242,264
hCoV-19/Scotland/CVR4183/2020,242,264
hCoV-19/Scotland/CVR4182/2020,242,264
hCoV-19/Scotland/CVR4162/2020,242,264
hCoV-19/Scotland/CVR4142/2020,242,264
hCoV-19/Scotland/CVR4141/2020,242,264
hCoV-19/Scotland/CVR4062/2020,242,257
hCoV-19/Scotland/CVR4059/2020,242,257
hCoV-19/Scotland/CVR4058/2020,242,257
hCoV-19/Scotland/CVR4056/2020,242,257
hCoV-19/Scotland/CVR4055/2020,242,257
hCoV-19/Scotland/CVR4053/2020,242,257
hCoV-19/Scotland/CVR4052/2020,242,257
hCoV-19/Scotland/CVR4051/2020,242,257
hCoV-19/Scotland/CVR4050/2020,242,257
hCoV-19/Scotland/CVR4046/2020,242,257
hCoV-19/Scotland/CVR4041/2020,242,257
hCoV-19/Scotland/CVR4040/2020,242,257
hCoV-19/Scotland/CVR4039/2020,242,257
hCoV-19/Scotland/CVR4038/2020,242,257
hCoV-19/Scotland/CVR4037/2020,242,257
hCoV-19/Scotland/CVR4034/2020,242,257
hCoV-19/Scotland/CVR3982/2020,242,264
hCoV-19/England/SHEF-CE8BB/2020,242,264
hCoV-19/England/SHEF-C7111/2020,242,264
hCoV-19/England/SHEF-C6E75/2020,242,264
hCoV-19/England/SHEF-C5D5B/2020,242,264
hCoV-19/England/QEUH-9AF2E6/2020,242,271
hCoV-19/England/QEUH-99C0A6/2020,242,271
hCoV-19/England/QEUH-99C097/2020,242,271
hCoV-19/England/QEUH-99C02E/2020,242,271
hCoV-19/England/QEUH-99C01F/2020,242,271
hCoV-19/England/QEUH-99BFE6/2020,242,271
hCoV-19/England/QEUH-99BFD7/2020,242,271
hCoV-19/England/QEUH-99BFB9/2020,242,271
hCoV-19/England/QEUH-99BFAA/2020,242,271
hCoV-19/England/QEUH-99BE34/2020,242,271
hCoV-19/England/QEUH-99BE16/2020,242,271
hCoV-19/England/QEUH-99BC49/2020,242,271
hCoV-19/England/QEUH-99BC3A/2020,242,271
hCoV-19/England/QEUH-99BC1C/2020,242,271
hCoV-19/England/QEUH-99B933/2020,242,271
hCoV-19/England/QEUH-99B8AF/2020,242,271
hCoV-19/England/QEUH-99B168/2020,242,271
hCoV-19/England/QEUH-99B159/2020,242,271
hCoV-19/England/QEUH-99B14A/2020,242,271
hCoV-19/England/QEUH-990628/2020,242,264
hCoV-19/England/QEUH-990206/2020,242,264
hCoV-19/England/QEUH-9901FA/2020,242,264
hCoV-19/England/QEUH-98FF9A/2020,242,254
hCoV-19/England/QEUH-98FE7F/2020,242,264
hCoV-19/England/NORT-2A450D/2020,242,278
hCoV-19/England/MILK-9AA755/2020,242,271
hCoV-19/England/MILK-9AA746/2020,242,271
hCoV-19/England/MILK-9AA719/2020,242,271
hCoV-19/England/MILK-9AA70A/2020,242,271
hCoV-19/England/MILK-9AA6FE/2020,242,271
hCoV-19/England/MILK-9AA6EF/2020,242,271
hCoV-19/England/MILK-9AA6A3/2020,242,271
hCoV-19/England/MILK-9AA667/2020,242,271
hCoV-19/England/MILK-9AA60D/2020,242,271
hCoV-19/England/MILK-9AA5E2/2020,242,271
hCoV-19/England/MILK-9AA5C4/2020,242,271
hCoV-19/England/MILK-9AA5B5/2020,242,271
hCoV-19/England/MILK-9AA5A6/2020,242,271
hCoV-19/England/MILK-9AA588/2020,242,271
hCoV-19/England/MILK-9AA579/2020,242,271
hCoV-19/England/MILK-9A989F/2020,242,271
hCoV-19/England/MILK-9A9871/2020,242,271
hCoV-19/England/MILK-9A9862/2020,242,271
hCoV-19/England/MILK-9A9844/2020,242,271
hCoV-19/England/MILK-9A9598/2020,242,271
hCoV-19/England/MILK-9A91A3/2020,242,271
hCoV-19/England/MILK-9A8E52/2020,242,271
hCoV-19/England/MILK-9A8E34/2020,242,271
hCoV-19/England/MILK-9A8E25/2020,242,271
hCoV-19/England/MILK-9A8DFB/2020,242,271
hCoV-19/England/MILK-9A67FF/2020,242,281
hCoV-19/England/MILK-99E47B/2020,242,271
hCoV-19/England/MILK-99E46C/2020,242,271
hCoV-19/England/MILK-99E45D/2020,242,271
hCoV-19/England/MILK-99E44E/2020,242,271
hCoV-19/England/MILK-99E43F/2020,242,271
hCoV-19/England/MILK-99E147/2020,242,271
hCoV-19/England/MILK-99E129/2020,242,271
hCoV-19/England/MILK-99E11A/2020,242,271
hCoV-19/England/MILK-99E10B/2020,242,271
hCoV-19/England/MILK-99E077/2020,242,271
hCoV-19/England/MILK-99E068/2020,242,271
hCoV-19/England/MILK-99E059/2020,242,271
hCoV-19/England/MILK-99E04A/2020,242,271
hCoV-19/England/MILK-99E02C/2020,242,271
hCoV-19/England/MILK-99DFF3/2020,242,271
hCoV-19/England/MILK-99DFA8/2020,242,271
hCoV-19/England/MILK-99DF5D/2020,242,271
hCoV-19/England/MILK-99DF4E/2020,242,271
hCoV-19/England/MILK-99DF3F/2020,242,271
hCoV-19/England/MILK-99DF11/2020,242,274
hCoV-19/England/MILK-99DE9C/2020,242,287
hCoV-19/England/MILK-99DE7E/2020,242,271
hCoV-19/England/MILK-99DD44/2020,242,271
hCoV-19/England/MILK-99DD17/2020,242,271
hCoV-19/England/MILK-99DD08/2020,242,271
hCoV-19/England/MILK-99DCFC/2020,242,271
hCoV-19/England/MILK-99DCED/2020,242,300
hCoV-19/England/MILK-99DCA1/2020,242,300
hCoV-19/England/MILK-99DC83/2020,242,271
hCoV-19/England/MILK-99DC74/2020,242,271
hCoV-19/England/MILK-99DC65/2020,242,271
hCoV-19/England/MILK-99DC56/2020,242,271
hCoV-19/England/MILK-99DC47/2020,242,271
hCoV-19/England/MILK-99DC38/2020,242,271
hCoV-19/England/MILK-99DC0B/2020,242,271
hCoV-19/England/MILK-99DBFF/2020,242,271
hCoV-19/England/MILK-99DBE0/2020,242,271
hCoV-19/England/MILK-99DBA4/2020,242,271
hCoV-19/England/MILK-99DB86/2020,242,271
hCoV-19/England/MILK-99DB59/2020,242,271
hCoV-19/England/MILK-99DB2C/2020,242,271
hCoV-19/England/MILK-99DB1D/2020,242,271
hCoV-19/England/MILK-99DB0E/2020,242,271
hCoV-19/England/MILK-99DAA7/2020,242,271
hCoV-19/England/MILK-99DA3E/2020,242,271
hCoV-19/England/MILK-99DA2F/2020,242,271
hCoV-19/England/MILK-99DA10/2020,242,271
hCoV-19/England/MILK-99D9F5/2020,242,271
hCoV-19/England/MILK-99D9E6/2020,242,271
hCoV-19/England/MILK-99D99B/2020,242,271
hCoV-19/England/MILK-99D98C/2020,242,271
hCoV-19/England/MILK-99D95F/2020,242,271
hCoV-19/England/MILK-99D913/2020,242,271
hCoV-19/England/MILK-99D8F8/2020,242,271
hCoV-19/England/MILK-99D8BC/2020,242,271
hCoV-19/England/MILK-99D8AD/2020,242,271
hCoV-19/England/MILK-99D89E/2020,242,271
hCoV-19/England/MILK-99D88F/2020,242,271
hCoV-19/England/MILK-99D852/2020,242,271
hCoV-19/England/MILK-99D834/2020,242,271
hCoV-19/England/MILK-99D807/2020,242,271
hCoV-19/England/MILK-99D7FB/2020,242,271
hCoV-19/England/MILK-99D7EC/2020,242,271
hCoV-19/England/MILK-99D7DD/2020,242,271
hCoV-19/England/MILK-99D7CE/2020,242,271
hCoV-19/England/MILK-99D7BF/2020,242,271
hCoV-19/England/MILK-99D7A0/2020,242,271
hCoV-19/England/MILK-99D782/2020,242,271
hCoV-19/England/MILK-99D685/2020,242,271
hCoV-19/England/MILK-99D667/2020,242,271
hCoV-19/England/MILK-99D597/2020,242,271
hCoV-19/England/MILK-99D588/2020,242,271
hCoV-19/England/MILK-99D56A/2020,242,271
hCoV-19/England/MILK-99D500/2020,242,271
hCoV-19/England/MILK-99D46D/2020,242,271
hCoV-19/England/MILK-99D45E/2020,242,271
hCoV-19/England/MILK-99D44F/2020,242,271
hCoV-19/England/MILK-99D38E/2020,242,271
hCoV-19/England/MILK-99D37F/2020,242,271
hCoV-19/England/MILK-99D360/2020,242,271
hCoV-19/England/MILK-99D342/2020,242,271
hCoV-19/England/MILK-99D324/2020,242,271
hCoV-19/England/MILK-99D306/2020,242,271
hCoV-19/England/MILK-99D2FA/2020,242,271
hCoV-19/England/MILK-99D2EB/2020,242,271
hCoV-19/England/MILK-99D281/2020,242,271
hCoV-19/England/MILK-99D272/2020,242,271
hCoV-19/England/MILK-99D245/2020,242,271
hCoV-19/England/MILK-99D236/2020,242,271
hCoV-19/England/MILK-99D209/2020,242,271
hCoV-19/England/MILK-99D1FD/2020,242,271
hCoV-19/England/MILK-99D1EE/2020,242,271
hCoV-19/England/MILK-99D1DF/2020,242,271
hCoV-19/England/MILK-99D157/2020,242,271
hCoV-19/England/MILK-99D148/2020,242,271
hCoV-19/England/MILK-99D139/2020,242,271
hCoV-19/England/MILK-99D12A/2020,242,271
hCoV-19/England/MILK-99D11B/2020,242,271
hCoV-19/England/MILK-99D10C/2020,242,271
hCoV-19/England/MILK-99D0F0/2020,242,271
hCoV-19/England/MILK-99D0E1/2020,242,271
hCoV-19/England/MILK-99D0C3/2020,242,271
hCoV-19/England/MILK-99D0B4/2020,242,271
hCoV-19/England/MILK-99D0A5/2020,242,271
hCoV-19/England/MILK-99D078/2020,242,271
hCoV-19/England/MILK-99D069/2020,242,271
hCoV-19/England/MILK-99D05A/2020,242,271
hCoV-19/England/MILK-99D03C/2020,242,271
hCoV-19/England/MILK-99D02D/2020,242,271
hCoV-19/England/MILK-99D00F/2020,242,271
hCoV-19/England/MILK-99CFF4/2020,242,271
hCoV-19/England/MILK-99CFE5/2020,242,271
hCoV-19/England/MILK-99CFD6/2020,242,271
hCoV-19/England/MILK-99CF9A/2020,242,271
hCoV-19/England/MILK-99CF8B/2020,242,271
hCoV-19/England/MILK-99CF7C/2020,242,271
hCoV-19/England/MILK-99CF6D/2020,242,271
hCoV-19/England/MILK-99CF5E/2020,242,271
hCoV-19/England/MILK-99CF30/2020,242,271
hCoV-19/England/MILK-99CF21/2020,242,271
hCoV-19/England/MILK-99CF03/2020,242,271
hCoV-19/England/MILK-99CEF7/2020,242,271
hCoV-19/England/MILK-99CEE8/2020,242,271
hCoV-19/England/MILK-99CE60/2020,242,271
hCoV-19/England/MILK-99CE51/2020,242,271
hCoV-19/England/MILK-99CE42/2020,242,271
hCoV-19/England/MILK-99CE33/2020,242,271
hCoV-19/England/MILK-99CE24/2020,242,271
hCoV-19/England/MILK-99CE15/2020,242,271
hCoV-19/England/MILK-99CE06/2020,242,271
hCoV-19/England/MILK-99CDFA/2020,242,271
hCoV-19/England/MILK-99CDCD/2020,242,271
hCoV-19/England/MILK-99CDBE/2020,242,271
hCoV-19/England/MILK-99CDAF/2020,242,271
hCoV-19/England/MILK-99CD90/2020,242,271
hCoV-19/England/MILK-99CD81/2020,242,271
hCoV-19/England/MILK-99CD72/2020,242,271
hCoV-19/England/MILK-99CD63/2020,242,271
hCoV-19/England/MILK-99CD54/2020,242,271
hCoV-19/England/MILK-99CD45/2020,242,271
hCoV-19/England/MILK-99CD36/2020,242,271
hCoV-19/England/MILK-99CD27/2020,242,271
hCoV-19/England/MILK-99CD09/2020,242,271
hCoV-19/England/MILK-99CCFD/2020,242,271
hCoV-19/England/MILK-99CCEE/2020,242,271
hCoV-19/England/MILK-99CCDF/2020,242,271
hCoV-19/England/MILK-99CCC0/2020,242,271
hCoV-19/England/MILK-99CCA2/2020,242,271
hCoV-19/England/MILK-99CC93/2020,242,271
hCoV-19/England/MILK-99CC75/2020,242,271
hCoV-19/England/MILK-99CC66/2020,242,271
hCoV-19/England/MILK-99CC57/2020,242,271
hCoV-19/England/MILK-99CC0C/2020,242,271
hCoV-19/England/MILK-99CBF0/2020,242,271
hCoV-19/England/MILK-99CBE1/2020,242,271
hCoV-19/England/MILK-99CBC3/2020,242,271
hCoV-19/England/MILK-99CBB4/2020,242,271
hCoV-19/England/MILK-99CB96/2020,242,271
hCoV-19/England/MILK-99CB87/2020,242,271
hCoV-19/England/MILK-99CB78/2020,242,271
hCoV-19/England/MILK-99CB69/2020,242,271
hCoV-19/England/MILK-99CB5A/2020,242,271
hCoV-19/England/MILK-99C8EA/2020,242,271
hCoV-19/England/MILK-99C8DB/2020,242,271
hCoV-19/England/MILK-99C8CC/2020,242,271
hCoV-19/England/MILK-99C8BD/2020,242,271
hCoV-19/England/MILK-99C8AE/2020,242,271
hCoV-19/England/MILK-99C826/2020,242,271
hCoV-19/England/MILK-99C817/2020,242,271
hCoV-19/England/MILK-99C7ED/2020,242,271
hCoV-19/England/MILK-99C7CF/2020,242,271
hCoV-19/England/MILK-99C7A1/2020,242,271
hCoV-19/England/MILK-99C792/2020,242,271
hCoV-19/England/MILK-99C783/2020,242,271
hCoV-19/England/MILK-99C765/2020,242,271
hCoV-19/England/MILK-99C747/2020,242,271
hCoV-19/England/MILK-99C729/2020,242,271
hCoV-19/England/MILK-99C71A/2020,242,271
hCoV-19/England/MILK-99C70B/2020,242,271
hCoV-19/England/MILK-99C6FF/2020,242,271
hCoV-19/England/MILK-99C6E0/2020,242,271
hCoV-19/England/MILK-99C6D1/2020,242,271
hCoV-19/England/MILK-99C6C2/2020,242,271
hCoV-19/England/MILK-99C6B3/2020,242,271
hCoV-19/England/MILK-99C6A4/2020,242,271
hCoV-19/England/MILK-99C695/2020,242,271
hCoV-19/England/MILK-99C668/2020,242,271
hCoV-19/England/MILK-99C659/2020,242,271
hCoV-19/England/MILK-99C64A/2020,242,271
hCoV-19/England/MILK-99C62C/2020,242,271
hCoV-19/England/MILK-99C61D/2020,242,271
hCoV-19/England/MILK-99C5F2/2020,242,271
hCoV-19/England/MILK-99C5E3/2020,242,271
hCoV-19/England/MILK-99C5D4/2020,242,271
hCoV-19/England/MILK-99C5C5/2020,242,271
hCoV-19/England/MILK-99C5A7/2020,242,271
hCoV-19/England/MILK-99C57A/2020,242,271
hCoV-19/England/MILK-99C56B/2020,242,271
hCoV-19/England/MILK-99C501/2020,242,271
hCoV-19/England/MILK-99C4F5/2020,242,271
hCoV-19/England/MILK-99C4E6/2020,242,271
hCoV-19/England/MILK-99C4D7/2020,242,271
hCoV-19/England/MILK-99C4C8/2020,242,271
hCoV-19/England/MILK-99C4B9/2020,242,271
hCoV-19/England/MILK-99C45F/2020,242,271
hCoV-19/England/MILK-99C440/2020,242,271
hCoV-19/England/MILK-99BB1F/2020,242,271
hCoV-19/England/MILK-99BAE5/2020,242,271
hCoV-19/England/MILK-99B942/2020,242,271
hCoV-19/England/MILK-99B56C/2020,242,271
hCoV-19/England/MILK-99B55D/2020,242,271
hCoV-19/England/MILK-99B4F6/2020,242,271
hCoV-19/England/MILK-99B414/2020,242,271
hCoV-19/England/MILK-99A9DA/2020,242,271
hCoV-19/England/MILK-99A327/2020,242,271
hCoV-19/England/MILK-99A318/2020,242,271
hCoV-19/England/MILK-99A2EE/2020,242,271
hCoV-19/England/MILK-99A2B1/2020,242,271
hCoV-19/England/MILK-99A266/2020,242,271
hCoV-19/England/MILK-99A1E1/2020,242,271
hCoV-19/England/MILK-99A187/2020,242,271
hCoV-19/England/MILK-99A15A/2020,242,271
hCoV-19/England/MILK-99A13C/2020,242,271
hCoV-19/England/MILK-99A12D/2020,242,271
hCoV-19/England/MILK-99A11E/2020,242,271
hCoV-19/England/MILK-99A0E4/2020,242,271
hCoV-19/England/MILK-99A0D5/2020,242,271
hCoV-19/England/MILK-99A0C6/2020,242,271
hCoV-19/England/MILK-99A03F/2020,242,271
hCoV-19/England/MILK-99A020/2020,242,271
hCoV-19/England/MILK-99A002/2020,242,271
hCoV-19/England/MILK-999FF7/2020,242,271
hCoV-19/England/MILK-999FE8/2020,242,271
hCoV-19/England/MILK-999FD9/2020,242,271
hCoV-19/England/MILK-999FCA/2020,242,271
hCoV-19/England/MILK-999FBB/2020,242,271
hCoV-19/England/MILK-999F8E/2020,242,271
hCoV-19/England/MILK-999F7F/2020,242,271
hCoV-19/England/MILK-999F33/2020,242,271
hCoV-19/England/MILK-999F24/2020,242,271
hCoV-19/England/MILK-999F15/2020,242,271
hCoV-19/England/MILK-999E36/2020,242,271
hCoV-19/England/MILK-9941C9/2020,242,271
hCoV-19/England/LOND-DC36E/2020,242,313
hCoV-19/England/LOND-DC322/2020,242,313
hCoV-19/England/BIRM-63D31/2020,242,285
hCoV-19/Wales/PHWC-16A1B5/2020,243,257
hCoV-19/Wales/PHWC-16A07C/2020,243,257
hCoV-19/Wales/PHWC-16A04F/2020,243,257
hCoV-19/Wales/MILK-9AB51E/2020,243,300
hCoV-19/Wales/MILK-9AAD62/2020,243,271
hCoV-19/Wales/MILK-9AA7EC/2020,243,271
hCoV-19/Wales/MILK-9AA7DD/2020,243,271
hCoV-19/Wales/MILK-9A9D90/2020,243,271
hCoV-19/Wales/MILK-99DED8/2020,243,271
hCoV-19/Wales/MILK-99CA8A/2020,243,271
hCoV-19/Wales/MILK-99CA7B/2020,243,271
hCoV-19/Wales/MILK-99C9E7/2020,243,271
hCoV-19/Wales/MILK-99C9D8/2020,243,271
hCoV-19/Wales/MILK-99C9C9/2020,243,271
hCoV-19/Wales/MILK-99C9BA/2020,243,271
hCoV-19/Scotland/QEUH-9967F2/2020,243,271
hCoV-19/Scotland/QEUH-996798/2020,243,271
hCoV-19/Scotland/EDB7381/2020,243,264
hCoV-19/Scotland/EDB7378/2020,243,253
hCoV-19/Scotland/CVR4322/2020,243,278
hCoV-19/Scotland/CVR4205/2020,243,264
hCoV-19/Scotland/CVR4196/2020,243,264
hCoV-19/Scotland/CVR4188/2020,243,264
hCoV-19/Scotland/CVR4178/2020,243,264
hCoV-19/Scotland/CVR4176/2020,243,264
hCoV-19/Scotland/CVR4175/2020,243,264
hCoV-19/Scotland/CVR4174/2020,243,264
hCoV-19/Scotland/CVR4166/2020,243,264
hCoV-19/Scotland/CVR4165/2020,243,264
hCoV-19/Scotland/CVR4163/2020,243,264
hCoV-19/Scotland/CVR4156/2020,243,264
hCoV-19/Scotland/CVR4155/2020,243,264
hCoV-19/Scotland/CVR4154/2020,243,264
hCoV-19/Scotland/CVR4146/2020,243,264
hCoV-19/Scotland/CVR4144/2020,243,264
hCoV-19/Scotland/CVR4143/2020,243,264
hCoV-19/Scotland/CVR4136/2020,243,264
hCoV-19/Scotland/CVR4135/2020,243,264
hCoV-19/Scotland/CVR4133/2020,243,264
hCoV-19/Scotland/CVR4092/2020,243,257
hCoV-19/Scotland/CVR4090/2020,243,257
hCoV-19/Scotland/CVR4088/2020,243,257
hCoV-19/Scotland/CVR4087/2020,243,257
hCoV-19/Scotland/CVR4086/2020,243,257
hCoV-19/Scotland/CVR4085/2020,243,257
hCoV-19/Scotland/CVR4083/2020,243,257
hCoV-19/Scotland/CVR4082/2020,243,257
hCoV-19/Scotland/CVR4081/2020,243,257
hCoV-19/Scotland/CVR4079/2020,243,257
hCoV-19/Scotland/CVR4077/2020,243,257
hCoV-19/Scotland/CVR4075/2020,243,257
hCoV-19/Scotland/CVR4073/2020,243,257
hCoV-19/Scotland/CVR4071/2020,243,257
hCoV-19/Scotland/CVR4069/2020,243,257
hCoV-19/Scotland/CVR4068/2020,243,257
hCoV-19/Scotland/CVR4065/2020,243,257
hCoV-19/Scotland/CVR4064/2020,243,257
hCoV-19/Scotland/CVR3988/2020,243,264
hCoV-19/Scotland/CVR3987/2020,243,264
hCoV-19/England/SHEF-C96D4/2020,243,264
hCoV-19/England/SHEF-C184F/2020,243,264
hCoV-19/England/QEUH-9AF5DE/2020,243,271
hCoV-19/England/QEUH-9AF44A/2020,243,271
hCoV-19/England/QEUH-9AEE7A/2020,243,278
hCoV-19/England/QEUH-9AECBC/2020,243,278
hCoV-19/England/QEUH-99683B/2020,243,271
hCoV-19/England/MILK-9AB781/2020,243,271
hCoV-19/England/MILK-9AB772/2020,243,271
hCoV-19/England/MILK-9AB745/2020,243,271
hCoV-19/England/MILK-9AB727/2020,243,271
hCoV-19/England/MILK-9AB718/2020,243,271
hCoV-19/England/MILK-9AB709/2020,243,271
hCoV-19/England/MILK-9AB6FD/2020,243,271
hCoV-19/England/MILK-9AB6DF/2020,243,271
hCoV-19/England/MILK-9AB675/2020,243,271
hCoV-19/England/MILK-9AB666/2020,243,271
hCoV-19/England/MILK-9AB657/2020,243,271
hCoV-19/England/MILK-9AB648/2020,243,271
hCoV-19/England/MILK-9AB61B/2020,243,271
hCoV-19/England/MILK-9AB60C/2020,243,271
hCoV-19/England/MILK-9AB5C3/2020,243,271
hCoV-19/England/MILK-9AB5B4/2020,243,271
hCoV-19/England/MILK-9AB5A5/2020,243,271
hCoV-19/England/MILK-9AB596/2020,243,271
hCoV-19/England/MILK-9AB578/2020,243,271
hCoV-19/England/MILK-9AB569/2020,243,271
hCoV-19/England/MILK-9AB55A/2020,243,271
hCoV-19/England/MILK-9AB52D/2020,243,271
hCoV-19/England/MILK-9AB50F/2020,243,271
hCoV-19/England/MILK-9AB4F3/2020,243,271
hCoV-19/England/MILK-9AB4D5/2020,243,271
hCoV-19/England/MILK-9AB4C6/2020,243,271
hCoV-19/England/MILK-9AB4B7/2020,243,271
hCoV-19/England/MILK-9AB4A8/2020,243,271
hCoV-19/England/MILK-9AB499/2020,243,271
hCoV-19/England/MILK-9AB48A/2020,243,271
hCoV-19/England/MILK-9AB47B/2020,243,271
hCoV-19/England/MILK-9AB46C/2020,243,271
hCoV-19/England/MILK-9AB45D/2020,243,271
hCoV-19/England/MILK-9AB44E/2020,243,271
hCoV-19/England/MILK-9AB43F/2020,243,271
hCoV-19/England/MILK-9AB411/2020,243,271
hCoV-19/England/MILK-9AB402/2020,243,271
hCoV-19/England/MILK-9AB3C9/2020,243,271
hCoV-19/England/MILK-9AB3BA/2020,243,271
hCoV-19/England/MILK-9AB39C/2020,243,271
hCoV-19/England/MILK-9AB38D/2020,243,271
hCoV-19/England/MILK-9AB37E/2020,243,271
hCoV-19/England/MILK-9AB341/2020,243,271
hCoV-19/England/MILK-9AB332/2020,243,271
hCoV-19/England/MILK-9AB323/2020,243,271
hCoV-19/England/MILK-9AB314/2020,243,271
hCoV-19/England/MILK-9AB305/2020,243,271
hCoV-19/England/MILK-9AB2EA/2020,243,271
hCoV-19/England/MILK-9AB2DB/2020,243,271
hCoV-19/England/MILK-9AB2CC/2020,243,271
hCoV-19/England/MILK-9AB2BD/2020,243,271
hCoV-19/England/MILK-9AB29F/2020,243,271
hCoV-19/England/MILK-9AB280/2020,243,271
hCoV-19/England/MILK-9AB271/2020,243,271
hCoV-19/England/MILK-9AB262/2020,243,271
hCoV-19/England/MILK-9AB253/2020,243,271
hCoV-19/England/MILK-9AB244/2020,243,271
hCoV-19/England/MILK-9AB235/2020,243,271
hCoV-19/England/MILK-9AB226/2020,243,271
hCoV-19/England/MILK-9AB208/2020,243,271
hCoV-19/England/MILK-9AB1FC/2020,243,271
hCoV-19/England/MILK-9AB1A1/2020,243,271
hCoV-19/England/MILK-9AB192/2020,243,271
hCoV-19/England/MILK-9AB183/2020,243,271
hCoV-19/England/MILK-9AB165/2020,243,271
hCoV-19/England/MILK-9AB156/2020,243,271
hCoV-19/England/MILK-9AB138/2020,243,271
hCoV-19/England/MILK-9AB129/2020,243,271
hCoV-19/England/MILK-9AB11A/2020,243,271
hCoV-19/England/MILK-9AB10B/2020,243,271
hCoV-19/England/MILK-9AB0FF/2020,243,271
hCoV-19/England/MILK-9AB0D1/2020,243,271
hCoV-19/England/MILK-9AB0C2/2020,243,271
hCoV-19/England/MILK-9AB095/2020,243,271
hCoV-19/England/MILK-9AB059/2020,243,271
hCoV-19/England/MILK-9AB03B/2020,243,271
hCoV-19/England/MILK-9AB01D/2020,243,271
hCoV-19/England/MILK-9AAFE4/2020,243,271
hCoV-19/England/MILK-9AAF8A/2020,243,271
hCoV-19/England/MILK-9AAF7B/2020,243,271
hCoV-19/England/MILK-9AAF6C/2020,243,271
hCoV-19/England/MILK-9AAF3F/2020,243,271
hCoV-19/England/MILK-9AAF20/2020,243,271
hCoV-19/England/MILK-9AAEC9/2020,243,271
hCoV-19/England/MILK-9AAC92/2020,243,271
hCoV-19/England/MILK-9AABC2/2020,243,271
hCoV-19/England/MILK-9AAB2C/2020,243,271
hCoV-19/England/MILK-9AAB1D/2020,243,271
hCoV-19/England/MILK-9AAB0E/2020,243,271
hCoV-19/England/MILK-9AAAE3/2020,243,271
hCoV-19/England/MILK-9AAA89/2020,243,271
hCoV-19/England/MILK-9AAA7A/2020,243,271
hCoV-19/England/MILK-9AAA6B/2020,243,271
hCoV-19/England/MILK-9AAA5C/2020,243,271
hCoV-19/England/MILK-9AAA3E/2020,243,271
hCoV-19/England/MILK-9AA9AA/2020,243,271
hCoV-19/England/MILK-9AA99B/2020,243,271
hCoV-19/England/MILK-9AA98C/2020,243,271
hCoV-19/England/MILK-9AA97D/2020,243,271
hCoV-19/England/MILK-9AA96E/2020,243,271
hCoV-19/England/MILK-9AA931/2020,243,271
hCoV-19/England/MILK-9AA922/2020,243,271
hCoV-19/England/MILK-9AA913/2020,243,271
hCoV-19/England/MILK-9AA904/2020,243,271
hCoV-19/England/MILK-9AA8F8/2020,243,271
hCoV-19/England/MILK-9AA8DA/2020,243,271
hCoV-19/England/MILK-9AA8CB/2020,243,271
hCoV-19/England/MILK-9AA8BC/2020,243,271
hCoV-19/England/MILK-9AA8AD/2020,243,271
hCoV-19/England/MILK-9AA89E/2020,243,271
hCoV-19/England/MILK-9AA88F/2020,243,271
hCoV-19/England/MILK-9AA870/2020,243,271
hCoV-19/England/MILK-9AA852/2020,243,271
hCoV-19/England/MILK-9AA843/2020,243,271
hCoV-19/England/MILK-9AA834/2020,243,271
hCoV-19/England/MILK-9AA825/2020,243,271
hCoV-19/England/MILK-9AA816/2020,243,271
hCoV-19/England/MILK-9AA7CE/2020,243,271
hCoV-19/England/MILK-9AA7A0/2020,243,271
hCoV-19/England/MILK-9AA782/2020,243,271
hCoV-19/England/MILK-9AA773/2020,243,271
hCoV-19/England/MILK-9AA764/2020,243,271
hCoV-19/England/MILK-9AA5F1/2020,243,271
hCoV-19/England/MILK-9AA0A5/2020,243,271
hCoV-19/England/MILK-9AA03C/2020,243,271
hCoV-19/England/MILK-9AA02D/2020,243,271
hCoV-19/England/MILK-9AA01E/2020,243,271
hCoV-19/England/MILK-9AA00F/2020,243,271
hCoV-19/England/MILK-9A9FF4/2020,243,271
hCoV-19/England/MILK-9A9F8B/2020,243,271
hCoV-19/England/MILK-9A9F7C/2020,243,271
hCoV-19/England/MILK-9A9F6D/2020,243,271
hCoV-19/England/MILK-9A9F5E/2020,243,271
hCoV-19/England/MILK-9A9F30/2020,243,271
hCoV-19/England/MILK-9A9BA5/2020,243,271
hCoV-19/England/MILK-9A9B96/2020,243,271
hCoV-19/England/MILK-9A9A20/2020,243,271
hCoV-19/England/MILK-9A9A11/2020,243,271
hCoV-19/England/MILK-9A99C9/2020,243,271
hCoV-19/England/MILK-9A99BA/2020,243,271
hCoV-19/England/MILK-9A9914/2020,243,271
hCoV-19/England/MILK-9A98CC/2020,243,271
hCoV-19/England/MILK-9A98BD/2020,243,271
hCoV-19/England/MILK-9A97CF/2020,243,271
hCoV-19/England/MILK-9A97A1/2020,243,271
hCoV-19/England/MILK-9A9765/2020,243,271
hCoV-19/England/MILK-9A9738/2020,243,271
hCoV-19/England/MILK-9A971A/2020,243,271
hCoV-19/England/MILK-9A96FF/2020,243,271
hCoV-19/England/MILK-9A96E0/2020,243,271
hCoV-19/England/MILK-9A963B/2020,243,271
hCoV-19/England/MILK-9A962C/2020,243,271
hCoV-19/England/MILK-9A961D/2020,243,271
hCoV-19/England/MILK-9A957A/2020,243,271
hCoV-19/England/MILK-9A9237/2020,243,271
hCoV-19/England/MILK-9A9228/2020,243,271
hCoV-19/England/MILK-9A9219/2020,243,271
hCoV-19/England/MILK-9A920A/2020,243,271
hCoV-19/England/MILK-9A91FE/2020,243,271
hCoV-19/England/MILK-9A91EF/2020,243,271
hCoV-19/England/MILK-9A91D0/2020,243,271
hCoV-19/England/MILK-9A91C1/2020,243,271
hCoV-19/England/MILK-9A91B2/2020,243,271
hCoV-19/England/MILK-9A9194/2020,243,271
hCoV-19/England/MILK-9A9185/2020,243,271
hCoV-19/England/MILK-9A9176/2020,243,271
hCoV-19/England/MILK-9A9167/2020,243,271
hCoV-19/England/MILK-9A9158/2020,243,271
hCoV-19/England/MILK-9A9149/2020,243,271
hCoV-19/England/MILK-9A912B/2020,243,271
hCoV-19/England/MILK-9A90F1/2020,243,271
hCoV-19/England/MILK-9A90E2/2020,243,271
hCoV-19/England/MILK-9A90C4/2020,243,271
hCoV-19/England/MILK-9A90B5/2020,243,271
hCoV-19/England/MILK-9A90A6/2020,243,271
hCoV-19/England/MILK-9A904C/2020,243,271
hCoV-19/England/MILK-9A903D/2020,243,271
hCoV-19/England/MILK-9A9000/2020,243,271
hCoV-19/England/MILK-9A8FAA/2020,243,271
hCoV-19/England/MILK-9A8C94/2020,243,271
hCoV-19/England/MILK-9A8C67/2020,243,271
hCoV-19/England/MILK-9A8C0D/2020,243,271
hCoV-19/England/MILK-9A8B3D/2020,243,271
hCoV-19/England/MILK-9A8B2E/2020,243,271
hCoV-19/England/MILK-9A8AF4/2020,243,271
hCoV-19/England/MILK-9A8AE5/2020,243,271
hCoV-19/England/MILK-9A8AD6/2020,243,271
hCoV-19/England/MILK-9A8AB8/2020,243,271
hCoV-19/England/MILK-9A8A6D/2020,243,271
hCoV-19/England/MILK-9A8A5E/2020,243,271
hCoV-19/England/MILK-9A8854/2020,243,271
hCoV-19/England/MILK-9A8845/2020,243,271
hCoV-19/England/MILK-9A8818/2020,243,271
hCoV-19/England/MILK-9A8809/2020,243,271
hCoV-19/England/MILK-9A87FD/2020,243,271
hCoV-19/England/MILK-9A87EE/2020,243,271
hCoV-19/England/MILK-9A87DF/2020,243,271
hCoV-19/England/MILK-9A87C0/2020,243,271
hCoV-19/England/MILK-9A87A2/2020,243,271
hCoV-19/England/MILK-9A8793/2020,243,271
hCoV-19/England/MILK-9A8784/2020,243,271
hCoV-19/England/MILK-9A8775/2020,243,271
hCoV-19/England/MILK-9A8766/2020,243,271
hCoV-19/England/MILK-9A8757/2020,243,271
hCoV-19/England/MILK-9A8739/2020,243,271
hCoV-19/England/MILK-9A871B/2020,243,271
hCoV-19/England/MILK-9A86C3/2020,243,271
hCoV-19/England/MILK-9A6E09/2020,243,271
hCoV-19/England/MILK-9A6874/2020,243,271
hCoV-19/England/MILK-9A6865/2020,243,271
hCoV-19/England/MILK-9A6856/2020,243,271
hCoV-19/England/MILK-9A6847/2020,243,271
hCoV-19/England/MILK-9A6838/2020,243,271
hCoV-19/England/MILK-9A6829/2020,243,271
hCoV-19/England/MILK-9A681A/2020,243,271
hCoV-19/England/MILK-9A67E0/2020,243,271
hCoV-19/England/MILK-9A67D1/2020,243,271
hCoV-19/England/MILK-9A67C2/2020,243,271
hCoV-19/England/MILK-9A67B3/2020,243,271
hCoV-19/England/MILK-99E5E1/2020,243,271
hCoV-19/England/MILK-99E5D2/2020,243,271
hCoV-19/England/MILK-99E5C3/2020,243,271
hCoV-19/England/MILK-99E5A5/2020,243,271
hCoV-19/England/MILK-99E587/2020,243,271
hCoV-19/England/MILK-99E578/2020,243,271
hCoV-19/England/MILK-99E55A/2020,243,271
hCoV-19/England/MILK-99E54B/2020,243,271
hCoV-19/England/MILK-99E53C/2020,243,271
hCoV-19/England/MILK-99E52D/2020,243,271
hCoV-19/England/MILK-99E4F3/2020,243,271
hCoV-19/England/MILK-99E4C6/2020,243,271
hCoV-19/England/MILK-99E411/2020,243,271
hCoV-19/England/MILK-99E402/2020,243,271
hCoV-19/England/MILK-99E3E7/2020,243,271
hCoV-19/England/MILK-99E3D8/2020,243,271
hCoV-19/England/MILK-99E3C9/2020,243,271
hCoV-19/England/MILK-99E3BA/2020,243,271
hCoV-19/England/MILK-99E3AB/2020,243,271
hCoV-19/England/MILK-99E39C/2020,243,271
hCoV-19/England/MILK-99E38D/2020,243,271
hCoV-19/England/MILK-99E37E/2020,243,271
hCoV-19/England/MILK-99E36F/2020,243,271
hCoV-19/England/MILK-99E350/2020,243,271
hCoV-19/England/MILK-99E341/2020,243,271
hCoV-19/England/MILK-99E332/2020,243,271
hCoV-19/England/MILK-99E323/2020,243,271
hCoV-19/England/MILK-99E314/2020,243,271
hCoV-19/England/MILK-99E305/2020,243,271
hCoV-19/England/MILK-99E2F9/2020,243,271
hCoV-19/England/MILK-99E2CC/2020,243,271
hCoV-19/England/MILK-99E2BD/2020,243,271
hCoV-19/England/MILK-99E2AE/2020,243,271
hCoV-19/England/MILK-99E29F/2020,243,271
hCoV-19/England/MILK-99E280/2020,243,271
hCoV-19/England/MILK-99E271/2020,243,271
hCoV-19/England/MILK-99E235/2020,243,271
hCoV-19/England/MILK-99E226/2020,243,271
hCoV-19/England/MILK-99E208/2020,243,271
hCoV-19/England/MILK-99E1FC/2020,243,271
hCoV-19/England/MILK-99E1ED/2020,243,271
hCoV-19/England/MILK-99E1DE/2020,243,271
hCoV-19/England/MILK-99E1B0/2020,243,271
hCoV-19/England/MILK-99E192/2020,243,271
hCoV-19/England/MILK-99E183/2020,243,271
hCoV-19/England/MILK-99E174/2020,243,271
hCoV-19/England/MILK-99E165/2020,243,271
hCoV-19/England/MILK-99E138/2020,243,271
hCoV-19/England/MILK-99E0FF/2020,243,271
hCoV-19/England/MILK-99E0E0/2020,243,271
hCoV-19/England/MILK-99E0D1/2020,243,271
hCoV-19/England/MILK-99E0B3/2020,243,271
hCoV-19/England/MILK-99E0A4/2020,243,271
hCoV-19/England/MILK-99E095/2020,243,271
hCoV-19/England/MILK-99DFB7/2020,243,271
hCoV-19/England/MILK-99DF99/2020,243,271
hCoV-19/England/MILK-99DF7B/2020,243,271
hCoV-19/England/MILK-99DF6C/2020,243,271
hCoV-19/England/MILK-99DF02/2020,243,271
hCoV-19/England/MILK-99DEC9/2020,243,271
hCoV-19/England/MILK-99DEBA/2020,243,271
hCoV-19/England/MILK-99DE6F/2020,243,271
hCoV-19/England/MILK-99DE50/2020,243,271
hCoV-19/England/MILK-99DE41/2020,243,271
hCoV-19/England/MILK-99DE32/2020,243,271
hCoV-19/England/MILK-99DE14/2020,243,271
hCoV-19/England/MILK-99DE05/2020,243,271
hCoV-19/England/MILK-99DDF9/2020,243,271
hCoV-19/England/MILK-99DDEA/2020,243,271
hCoV-19/England/MILK-99DDDB/2020,243,271
hCoV-19/England/MILK-99DDCC/2020,243,271
hCoV-19/England/MILK-99DDBD/2020,243,271
hCoV-19/England/MILK-99DDAE/2020,243,271
hCoV-19/England/MILK-99DD62/2020,243,271
hCoV-19/England/MILK-99DD53/2020,243,271
hCoV-19/England/MILK-99DCDE/2020,243,271
hCoV-19/England/MILK-99DCCF/2020,243,271
hCoV-19/England/MILK-99DCB0/2020,243,271
hCoV-19/England/MILK-99DC92/2020,243,271
hCoV-19/England/MILK-99DC1A/2020,243,271
hCoV-19/England/MILK-99DBD1/2020,243,271
hCoV-19/England/MILK-99DBC2/2020,243,271
hCoV-19/England/MILK-99DB3B/2020,243,271
hCoV-19/England/MILK-99D773/2020,243,271
hCoV-19/England/MILK-99D764/2020,243,271
hCoV-19/England/MILK-99D755/2020,243,271
hCoV-19/England/MILK-99D746/2020,243,271
hCoV-19/England/MILK-99D719/2020,243,271
hCoV-19/England/MILK-99D6FE/2020,243,271
hCoV-19/England/MILK-99D6EF/2020,243,271
hCoV-19/England/MILK-99D6D0/2020,243,271
hCoV-19/England/MILK-99D6A3/2020,243,271
hCoV-19/England/MILK-99D649/2020,243,271
hCoV-19/England/MILK-99D63A/2020,243,271
hCoV-19/England/MILK-99D62B/2020,243,271
hCoV-19/England/MILK-99D61C/2020,243,271
hCoV-19/England/MILK-99D60D/2020,243,271
hCoV-19/England/MILK-99D5F1/2020,243,271
hCoV-19/England/MILK-99D5E2/2020,243,271
hCoV-19/England/MILK-99D5D3/2020,243,271
hCoV-19/England/MILK-99D5C4/2020,243,271
hCoV-19/England/MILK-99D5B5/2020,243,271
hCoV-19/England/MILK-99D4E5/2020,243,271
hCoV-19/England/MILK-99D4D6/2020,243,271
hCoV-19/England/MILK-99D4B8/2020,243,271
hCoV-19/England/MILK-99D49A/2020,243,271
hCoV-19/England/MILK-99D48B/2020,243,271
hCoV-19/England/MILK-99D47C/2020,243,271
hCoV-19/England/MILK-99D430/2020,243,271
hCoV-19/England/MILK-99D421/2020,243,271
hCoV-19/England/MILK-99D403/2020,243,271
hCoV-19/England/MILK-99D3CA/2020,243,271
hCoV-19/England/MILK-99D3BB/2020,243,271
hCoV-19/England/MILK-99D3AC/2020,243,271
hCoV-19/England/MILK-99CECA/2020,243,271
hCoV-19/England/MILK-99CEBB/2020,243,271
hCoV-19/England/MILK-99CEAC/2020,243,271
hCoV-19/England/MILK-99CE9D/2020,243,271
hCoV-19/England/MILK-99CE8E/2020,243,271
hCoV-19/England/MILK-99CC48/2020,243,271
hCoV-19/England/MILK-99CC2A/2020,243,271
hCoV-19/England/MILK-99CC1B/2020,243,271
hCoV-19/England/MILK-99CB4B/2020,243,271
hCoV-19/England/MILK-99CB3C/2020,243,271
hCoV-19/England/MILK-99CB2D/2020,243,271
hCoV-19/England/MILK-99CB1E/2020,243,271
hCoV-19/England/MILK-99CB0F/2020,243,271
hCoV-19/England/MILK-99CAF3/2020,243,271
hCoV-19/England/MILK-99CAE4/2020,243,271
hCoV-19/England/MILK-99CAC6/2020,243,271
hCoV-19/England/MILK-99CAB7/2020,243,271
hCoV-19/England/MILK-99CA5D/2020,243,271
hCoV-19/England/MILK-99CA3F/2020,243,271
hCoV-19/England/MILK-99CA20/2020,243,271
hCoV-19/England/MILK-99CA11/2020,243,271
hCoV-19/England/MILK-99CA02/2020,243,271
hCoV-19/England/MILK-99C97E/2020,243,271
hCoV-19/England/MILK-99C950/2020,243,271
hCoV-19/England/MILK-99C941/2020,243,271
hCoV-19/England/MILK-99C923/2020,243,271
hCoV-19/England/MILK-99C905/2020,243,271
hCoV-19/England/MILK-99C89F/2020,243,271
hCoV-19/England/MILK-99C844/2020,243,271
hCoV-19/England/CAMC-9B1CC5/2020,243,274
hCoV-19/Wales/QEUH-9AE00B/2020,244,320
hCoV-19/Wales/PHWC-16A15B/2020,244,264
hCoV-19/Wales/MILK-9AADCC/2020,244,271
hCoV-19/Wales/MILK-9AA1EE/2020,244,271
hCoV-19/Wales/MILK-9AA1DF/2020,244,271
hCoV-19/Wales/MILK-9AA1C0/2020,244,271
hCoV-19/Wales/MILK-9AA0E1/2020,244,271
hCoV-19/Wales/MILK-9A9C1B/2020,244,271
hCoV-19/Wales/MILK-9A970B/2020,244,271
hCoV-19/Wales/MILK-9A94AA/2020,244,271
hCoV-19/Wales/MILK-9A9255/2020,244,271
hCoV-19/Wales/MILK-9A913A/2020,244,271
hCoV-19/Wales/MILK-9A8A30/2020,244,271
hCoV-19/Wales/MILK-9A89CA/2020,244,271
hCoV-19/Wales/MILK-9A89BB/2020,244,271
hCoV-19/Wales/MILK-9A88FA/2020,244,271
hCoV-19/Wales/MILK-9A6908/2020,244,300
hCoV-19/Wales/MILK-9A67A4/2020,244,271
hCoV-19/Scotland/QEUH-9AEAC1/2020,244,278
hCoV-19/Scotland/QEUH-9AE724/2020,244,285
hCoV-19/Scotland/QEUH-9AE5B1/2020,244,285
hCoV-19/Scotland/QEUH-9A4779/2020,244,274
hCoV-19/Scotland/QEUH-9A476A/2020,244,274
hCoV-19/Scotland/QEUH-9A474C/2020,244,274
hCoV-19/Scotland/QEUH-9A472E/2020,244,274
hCoV-19/Scotland/QEUH-9A46D6/2020,244,274
hCoV-19/Scotland/QEUH-9A46B8/2020,244,274
hCoV-19/Scotland/QEUH-9A45F7/2020,244,274
hCoV-19/Scotland/QEUH-9A44CD/2020,244,274
hCoV-19/Scotland/QEUH-9A4366/2020,244,274
hCoV-19/Scotland/QEUH-9A41F3/2020,244,274
hCoV-19/Scotland/QEUH-9A41D5/2020,244,274
hCoV-19/Scotland/QEUH-9A409C/2020,244,274
hCoV-19/Scotland/QEUH-9A4050/2020,244,274
hCoV-19/Scotland/QEUH-9A4041/2020,244,274
hCoV-19/Scotland/QEUH-9A3FCD/2020,244,274
hCoV-19/Scotland/CVR4321/2020,244,278
hCoV-19/Scotland/CVR3994/2020,244,264
hCoV-19/Scotland/CVR3990/2020,244,264
hCoV-19/Scotland/CVR3989/2020,244,264
hCoV-19/England/SHEF-CB03E/2020,244,264
hCoV-19/England/QEUH-9D1A5C/2020,244,285
hCoV-19/England/QEUH-9AF7BA/2020,244,546
hCoV-19/England/QEUH-9AF723/2020,244,546
hCoV-19/England/QEUH-9AF69F/2020,244,546
hCoV-19/England/QEUH-9AF644/2020,244,271
hCoV-19/England/QEUH-9AF617/2020,244,271
hCoV-19/England/QEUH-9AF608/2020,244,271
hCoV-19/England/QEUH-9AF592/2020,244,271
hCoV-19/England/QEUH-9AF529/2020,244,271
hCoV-19/England/QEUH-9AF4C2/2020,244,271
hCoV-19/England/QEUH-9AF4B3/2020,244,271
hCoV-19/England/QEUH-9AF495/2020,244,271
hCoV-19/England/QEUH-9AF459/2020,244,271
hCoV-19/England/QEUH-9AF36B/2020,244,271
hCoV-19/England/QEUH-9AECCB/2020,244,278
hCoV-19/England/QEUH-9AE812/2020,244,285
hCoV-19/England/QEUH-9AE5FD/2020,244,285
hCoV-19/England/QEUH-9AE4E1/2020,244,285
hCoV-19/England/QEUH-9AE117/2020,244,320
hCoV-19/England/QEUH-9ADF3C/2020,244,320
hCoV-19/England/QEUH-9ACF79/2020,244,271
hCoV-19/England/QEUH-9ACE8B/2020,244,271
hCoV-19/England/QEUH-9A475B/2020,244,264
hCoV-19/England/QEUH-9A473D/2020,244,274
hCoV-19/England/QEUH-9A46C7/2020,244,264
hCoV-19/England/QEUH-9A46A9/2020,244,264
hCoV-19/England/QEUH-9A469A/2020,244,264
hCoV-19/England/QEUH-9A468B/2020,244,264
hCoV-19/England/QEUH-9A467C/2020,244,264
hCoV-19/England/QEUH-9A466D/2020,244,264
hCoV-19/England/QEUH-9A4630/2020,244,264
hCoV-19/England/QEUH-9A4621/2020,244,264
hCoV-19/England/QEUH-9A4612/2020,244,264
hCoV-19/England/QEUH-9A4603/2020,244,264
hCoV-19/England/QEUH-9A45E8/2020,244,264
hCoV-19/England/QEUH-9A45D9/2020,244,264
hCoV-19/England/QEUH-9A45CA/2020,244,264
hCoV-19/England/QEUH-9A459D/2020,244,264
hCoV-19/England/QEUH-9A458E/2020,244,264
hCoV-19/England/QEUH-9A457F/2020,244,264
hCoV-19/England/QEUH-9A4560/2020,244,264
hCoV-19/England/QEUH-9A4551/2020,244,264
hCoV-19/England/QEUH-9A4542/2020,244,264
hCoV-19/England/QEUH-9A4533/2020,244,264
hCoV-19/England/QEUH-9A4524/2020,244,264
hCoV-19/England/QEUH-9A4515/2020,244,264
hCoV-19/England/QEUH-9A44FA/2020,244,264
hCoV-19/England/QEUH-9A44EB/2020,244,264
hCoV-19/England/QEUH-9A44DC/2020,244,264
hCoV-19/England/QEUH-9A44BE/2020,244,264
hCoV-19/England/QEUH-9A44AF/2020,244,264
hCoV-19/England/QEUH-9A4490/2020,244,264
hCoV-19/England/QEUH-9A4481/2020,244,264
hCoV-19/England/QEUH-9A4472/2020,244,264
hCoV-19/England/QEUH-9A4463/2020,244,264
hCoV-19/England/QEUH-9A4454/2020,244,264
hCoV-19/England/QEUH-9A4445/2020,244,264
hCoV-19/England/QEUH-9A4436/2020,244,264
hCoV-19/England/QEUH-9A4427/2020,244,264
hCoV-19/England/QEUH-9A4418/2020,244,264
hCoV-19/England/QEUH-9A4409/2020,244,264
hCoV-19/England/QEUH-9A43FD/2020,244,264
hCoV-19/England/QEUH-9A43EE/2020,244,264
hCoV-19/England/QEUH-9A43DF/2020,244,264
hCoV-19/England/QEUH-9A43C0/2020,244,264
hCoV-19/England/QEUH-9A43B1/2020,244,264
hCoV-19/England/QEUH-9A4357/2020,244,264
hCoV-19/England/QEUH-9A4348/2020,244,264
hCoV-19/England/QEUH-9A42F0/2020,244,264
hCoV-19/England/QEUH-9A42E1/2020,244,264
hCoV-19/England/QEUH-9A42D2/2020,244,264
hCoV-19/England/QEUH-9A42C3/2020,244,264
hCoV-19/England/QEUH-9A42B4/2020,244,264
hCoV-19/England/QEUH-9A42A5/2020,244,264
hCoV-19/England/QEUH-9A4296/2020,244,264
hCoV-19/England/QEUH-9A4287/2020,244,264
hCoV-19/England/QEUH-9A4278/2020,244,264
hCoV-19/England/QEUH-9A425A/2020,244,264
hCoV-19/England/QEUH-9A422D/2020,244,264
hCoV-19/England/QEUH-9A41E4/2020,244,264
hCoV-19/England/QEUH-9A41C6/2020,244,264
hCoV-19/England/QEUH-9A41B7/2020,244,264
hCoV-19/England/QEUH-9A41A8/2020,244,264
hCoV-19/England/QEUH-9A4199/2020,244,264
hCoV-19/England/QEUH-9A418A/2020,244,264
hCoV-19/England/QEUH-9A416C/2020,244,264
hCoV-19/England/QEUH-9A414E/2020,244,264
hCoV-19/England/QEUH-9A413F/2020,244,264
hCoV-19/England/QEUH-9A4111/2020,244,264
hCoV-19/England/QEUH-9A4102/2020,244,264
hCoV-19/England/QEUH-9A40F6/2020,244,264
hCoV-19/England/QEUH-9A40E7/2020,244,264
hCoV-19/England/QEUH-9A40D8/2020,244,264
hCoV-19/England/QEUH-9A40C9/2020,244,264
hCoV-19/England/QEUH-9A40BA/2020,244,264
hCoV-19/England/QEUH-9A408D/2020,244,264
hCoV-19/England/QEUH-9A407E/2020,244,264
hCoV-19/England/QEUH-9A406F/2020,244,264
hCoV-19/England/QEUH-9A4032/2020,244,264
hCoV-19/England/QEUH-9A4023/2020,244,264
hCoV-19/England/QEUH-9A4005/2020,244,264
hCoV-19/England/QEUH-9A3FFA/2020,244,264
hCoV-19/England/QEUH-9A3FEB/2020,244,264
hCoV-19/England/QEUH-9A3FDC/2020,244,264
hCoV-19/England/QEUH-9A3FAF/2020,244,264
hCoV-19/England/QEUH-9A3F54/2020,244,264
hCoV-19/England/NOTT-1135A0/2020,244,271
hCoV-19/England/MILK-9AADF9/2020,244,271
hCoV-19/England/MILK-9AADEA/2020,244,271
hCoV-19/England/MILK-9AADDB/2020,244,271
hCoV-19/England/MILK-9AADBD/2020,244,271
hCoV-19/England/MILK-9AADAE/2020,244,271
hCoV-19/England/MILK-9AAD9F/2020,244,271
hCoV-19/England/MILK-9AAD80/2020,244,271
hCoV-19/England/MILK-9AAD71/2020,244,271
hCoV-19/England/MILK-9AAD44/2020,244,271
hCoV-19/England/MILK-9AAD26/2020,244,271
hCoV-19/England/MILK-9AAD08/2020,244,271
hCoV-19/England/MILK-9AACED/2020,244,271
hCoV-19/England/MILK-9AACDE/2020,244,271
hCoV-19/England/MILK-9AACCF/2020,244,271
hCoV-19/England/MILK-9AACB0/2020,244,271
hCoV-19/England/MILK-9AACA1/2020,244,271
hCoV-19/England/MILK-9AAC83/2020,244,271
hCoV-19/England/MILK-9AAC74/2020,244,271
hCoV-19/England/MILK-9AAC65/2020,244,271
hCoV-19/England/MILK-9AAC38/2020,244,271
hCoV-19/England/MILK-9AAC29/2020,244,271
hCoV-19/England/MILK-9AAC1A/2020,244,271
hCoV-19/England/MILK-9AAC0B/2020,244,271
hCoV-19/England/MILK-9AABFF/2020,244,271
hCoV-19/England/MILK-9AABE0/2020,244,271
hCoV-19/England/MILK-9AAB86/2020,244,271
hCoV-19/England/MILK-9AAB77/2020,244,271
hCoV-19/England/MILK-9AAB68/2020,244,271
hCoV-19/England/MILK-9AAAC5/2020,244,271
hCoV-19/England/MILK-9AAAB6/2020,244,271
hCoV-19/England/MILK-9AA9E6/2020,244,271
hCoV-19/England/MILK-9AA9D7/2020,244,271
hCoV-19/England/MILK-9AA9B9/2020,244,271
hCoV-19/England/MILK-9AA54C/2020,244,271
hCoV-19/England/MILK-9AA53D/2020,244,271
hCoV-19/England/MILK-9AA51F/2020,244,271
hCoV-19/England/MILK-9AA500/2020,244,271
hCoV-19/England/MILK-9AA4F4/2020,244,271
hCoV-19/England/MILK-9AA4C7/2020,244,271
hCoV-19/England/MILK-9AA4B8/2020,244,271
hCoV-19/England/MILK-9AA49A/2020,244,271
hCoV-19/England/MILK-9AA48B/2020,244,271
hCoV-19/England/MILK-9AA46D/2020,244,271
hCoV-19/England/MILK-9AA45E/2020,244,271
hCoV-19/England/MILK-9AA44F/2020,244,271
hCoV-19/England/MILK-9AA430/2020,244,271
hCoV-19/England/MILK-9AA421/2020,244,271
hCoV-19/England/MILK-9AA403/2020,244,271
hCoV-19/England/MILK-9AA3F7/2020,244,271
hCoV-19/England/MILK-9AA3E8/2020,244,271
hCoV-19/England/MILK-9AA3CA/2020,244,271
hCoV-19/England/MILK-9AA3BB/2020,244,271
hCoV-19/England/MILK-9AA3AC/2020,244,271
hCoV-19/England/MILK-9AA39D/2020,244,271
hCoV-19/England/MILK-9AA38E/2020,244,271
hCoV-19/England/MILK-9AA37F/2020,244,271
hCoV-19/England/MILK-9AA333/2020,244,271
hCoV-19/England/MILK-9AA324/2020,244,271
hCoV-19/England/MILK-9AA315/2020,244,271
hCoV-19/England/MILK-9AA306/2020,244,271
hCoV-19/England/MILK-9AA2FA/2020,244,271
hCoV-19/England/MILK-9AA2EB/2020,244,271
hCoV-19/England/MILK-9AA281/2020,244,271
hCoV-19/England/MILK-9AA272/2020,244,271
hCoV-19/England/MILK-9AA263/2020,244,271
hCoV-19/England/MILK-9AA254/2020,244,271
hCoV-19/England/MILK-9AA245/2020,244,271
hCoV-19/England/MILK-9AA236/2020,244,271
hCoV-19/England/MILK-9AA218/2020,244,271
hCoV-19/England/MILK-9AA209/2020,244,271
hCoV-19/England/MILK-9AA1FD/2020,244,271
hCoV-19/England/MILK-9AA1B1/2020,244,271
hCoV-19/England/MILK-9AA193/2020,244,271
hCoV-19/England/MILK-9AA184/2020,244,271
hCoV-19/England/MILK-9AA175/2020,244,271
hCoV-19/England/MILK-9AA166/2020,244,271
hCoV-19/England/MILK-9AA157/2020,244,271
hCoV-19/England/MILK-9AA148/2020,244,271
hCoV-19/England/MILK-9AA139/2020,244,271
hCoV-19/England/MILK-9AA12A/2020,244,271
hCoV-19/England/MILK-9AA0F0/2020,244,271
hCoV-19/England/MILK-9AA0D2/2020,244,271
hCoV-19/England/MILK-9AA0C3/2020,244,271
hCoV-19/England/MILK-9AA0B4/2020,244,271
hCoV-19/England/MILK-9AA096/2020,244,271
hCoV-19/England/MILK-9AA087/2020,244,271
hCoV-19/England/MILK-9AA078/2020,244,271
hCoV-19/England/MILK-9A9FE5/2020,244,271
hCoV-19/England/MILK-9A9FD6/2020,244,271
hCoV-19/England/MILK-9A9FC7/2020,244,271
hCoV-19/England/MILK-9A9FB8/2020,244,271
hCoV-19/England/MILK-9A9FA9/2020,244,271
hCoV-19/England/MILK-9A9F9A/2020,244,271
hCoV-19/England/MILK-9A9EF7/2020,244,271
hCoV-19/England/MILK-9A9EE8/2020,244,271
hCoV-19/England/MILK-9A9ED9/2020,244,271
hCoV-19/England/MILK-9A9ECA/2020,244,271
hCoV-19/England/MILK-9A9EBB/2020,244,271
hCoV-19/England/MILK-9A9E9D/2020,244,271
hCoV-19/England/MILK-9A9E8E/2020,244,271
hCoV-19/England/MILK-9A9E60/2020,244,271
hCoV-19/England/MILK-9A9E51/2020,244,271
hCoV-19/England/MILK-9A9E42/2020,244,271
hCoV-19/England/MILK-9A9E33/2020,244,271
hCoV-19/England/MILK-9A9E24/2020,244,271
hCoV-19/England/MILK-9A9E06/2020,244,271
hCoV-19/England/MILK-9A9DDC/2020,244,271
hCoV-19/England/MILK-9A9DBE/2020,244,271
hCoV-19/England/MILK-9A9D81/2020,244,271
hCoV-19/England/MILK-9A9D63/2020,244,271
hCoV-19/England/MILK-9A9D27/2020,244,271
hCoV-19/England/MILK-9A9D18/2020,244,271
hCoV-19/England/MILK-9A9D09/2020,244,271
hCoV-19/England/MILK-9A9CFD/2020,244,271
hCoV-19/England/MILK-9A9CDF/2020,244,271
hCoV-19/England/MILK-9A9CC0/2020,244,271
hCoV-19/England/MILK-9A9CA2/2020,244,271
hCoV-19/England/MILK-9A9C84/2020,244,271
hCoV-19/England/MILK-9A9C75/2020,244,271
hCoV-19/England/MILK-9A9C66/2020,244,271
hCoV-19/England/MILK-9A9C48/2020,244,271
hCoV-19/England/MILK-9A9C39/2020,244,271
hCoV-19/England/MILK-9A9C2A/2020,244,271
hCoV-19/England/MILK-9A9C0C/2020,244,271
hCoV-19/England/MILK-9A9B87/2020,244,271
hCoV-19/England/MILK-9A9B78/2020,244,271
hCoV-19/England/MILK-9A9B5A/2020,244,271
hCoV-19/England/MILK-9A9B3C/2020,244,271
hCoV-19/England/MILK-9A9B2D/2020,244,271
hCoV-19/England/MILK-9A9B1E/2020,244,271
hCoV-19/England/MILK-9A9B0F/2020,244,271
hCoV-19/England/MILK-9A9AF3/2020,244,271
hCoV-19/England/MILK-9A9AE4/2020,244,271
hCoV-19/England/MILK-9A9AD5/2020,244,271
hCoV-19/England/MILK-9A9AB7/2020,244,271
hCoV-19/England/MILK-9A9A8A/2020,244,271
hCoV-19/England/MILK-9A9A7B/2020,244,271
hCoV-19/England/MILK-9A9A5D/2020,244,271
hCoV-19/England/MILK-9A97DE/2020,244,271
hCoV-19/England/MILK-9A97B0/2020,244,271
hCoV-19/England/MILK-9A9792/2020,244,271
hCoV-19/England/MILK-9A9783/2020,244,271
hCoV-19/England/MILK-9A9774/2020,244,271
hCoV-19/England/MILK-9A9756/2020,244,271
hCoV-19/England/MILK-9A9747/2020,244,271
hCoV-19/England/MILK-9A96D1/2020,244,271
hCoV-19/England/MILK-9A96C2/2020,244,271
hCoV-19/England/MILK-9A96A4/2020,244,271
hCoV-19/England/MILK-9A9695/2020,244,271
hCoV-19/England/MILK-9A9686/2020,244,271
hCoV-19/England/MILK-9A9677/2020,244,271
hCoV-19/England/MILK-9A95F2/2020,244,271
hCoV-19/England/MILK-9A95E3/2020,244,271
hCoV-19/England/MILK-9A95D4/2020,244,271
hCoV-19/England/MILK-9A95C5/2020,244,271
hCoV-19/England/MILK-9A956B/2020,244,271
hCoV-19/England/MILK-9A955C/2020,244,271
hCoV-19/England/MILK-9A954D/2020,244,271
hCoV-19/England/MILK-9A952F/2020,244,271
hCoV-19/England/MILK-9A9501/2020,244,271
hCoV-19/England/MILK-9A94F5/2020,244,271
hCoV-19/England/MILK-9A94E6/2020,244,271
hCoV-19/England/MILK-9A94D7/2020,244,271
hCoV-19/England/MILK-9A949B/2020,244,271
hCoV-19/England/MILK-9A948C/2020,244,271
hCoV-19/England/MILK-9A946E/2020,244,271
hCoV-19/England/MILK-9A945F/2020,244,271
hCoV-19/England/MILK-9A9440/2020,244,271
hCoV-19/England/MILK-9A9431/2020,244,271
hCoV-19/England/MILK-9A9422/2020,244,271
hCoV-19/England/MILK-9A9413/2020,244,271
hCoV-19/England/MILK-9A9404/2020,244,271
hCoV-19/England/MILK-9A93F8/2020,244,271
hCoV-19/England/MILK-9A93E9/2020,244,271
hCoV-19/England/MILK-9A93DA/2020,244,271
hCoV-19/England/MILK-9A93CB/2020,244,271
hCoV-19/England/MILK-9A93AD/2020,244,271
hCoV-19/England/MILK-9A938F/2020,244,271
hCoV-19/England/MILK-9A9370/2020,244,271
hCoV-19/England/MILK-9A9361/2020,244,271
hCoV-19/England/MILK-9A9352/2020,244,271
hCoV-19/England/MILK-9A9343/2020,244,271
hCoV-19/England/MILK-9A9334/2020,244,271
hCoV-19/England/MILK-9A92EC/2020,244,271
hCoV-19/England/MILK-9A9264/2020,244,271
hCoV-19/England/MILK-9A9079/2020,244,271
hCoV-19/England/MILK-9A906A/2020,244,271
hCoV-19/England/MILK-9A905B/2020,244,271
hCoV-19/England/MILK-9A8FD7/2020,244,271
hCoV-19/England/MILK-9A8FC8/2020,244,271
hCoV-19/England/MILK-9A8FB9/2020,244,271
hCoV-19/England/MILK-9A8F7D/2020,244,271
hCoV-19/England/MILK-9A8F6E/2020,244,271
hCoV-19/England/MILK-9A8F40/2020,244,271
hCoV-19/England/MILK-9A8F31/2020,244,271
hCoV-19/England/MILK-9A8F22/2020,244,271
hCoV-19/England/MILK-9A8EF8/2020,244,271
hCoV-19/England/MILK-9A8EDA/2020,244,271
hCoV-19/England/MILK-9A8ECB/2020,244,271
hCoV-19/England/MILK-9A8D64/2020,244,271
hCoV-19/England/MILK-9A8D55/2020,244,271
hCoV-19/England/MILK-9A8D46/2020,244,271
hCoV-19/England/MILK-9A8D37/2020,244,271
hCoV-19/England/MILK-9A8CFE/2020,244,271
hCoV-19/England/MILK-9A8CA3/2020,244,271
hCoV-19/England/MILK-9A8C85/2020,244,271
hCoV-19/England/MILK-9A8C76/2020,244,271
hCoV-19/England/MILK-9A8C49/2020,244,271
hCoV-19/England/MILK-9A8C3A/2020,244,271
hCoV-19/England/MILK-9A8BD3/2020,244,271
hCoV-19/England/MILK-9A8BB5/2020,244,271
hCoV-19/England/MILK-9A8BA6/2020,244,271
hCoV-19/England/MILK-9A8B97/2020,244,271
hCoV-19/England/MILK-9A8B88/2020,244,271
hCoV-19/England/MILK-9A8B79/2020,244,271
hCoV-19/England/MILK-9A8B6A/2020,244,271
hCoV-19/England/MILK-9A8B1F/2020,244,271
hCoV-19/England/MILK-9A8AA9/2020,244,271
hCoV-19/England/MILK-9A8A12/2020,244,271
hCoV-19/England/MILK-9A8A03/2020,244,271
hCoV-19/England/MILK-9A899D/2020,244,271
hCoV-19/England/MILK-9A8960/2020,244,271
hCoV-19/England/MILK-9A8951/2020,244,271
hCoV-19/England/MILK-9A8942/2020,244,271
hCoV-19/England/MILK-9A8933/2020,244,271
hCoV-19/England/MILK-9A8915/2020,244,271
hCoV-19/England/MILK-9A8906/2020,244,271
hCoV-19/England/MILK-9A88EB/2020,244,271
hCoV-19/England/MILK-9A88DC/2020,244,271
hCoV-19/England/MILK-9A8872/2020,244,271
hCoV-19/England/MILK-9A8432/2020,244,271
hCoV-19/England/MILK-9A8371/2020,244,271
hCoV-19/England/MILK-9A8353/2020,244,271
hCoV-19/England/MILK-9A6E81/2020,244,271
hCoV-19/England/MILK-9A6E72/2020,244,271
hCoV-19/England/MILK-9A6E63/2020,244,271
hCoV-19/England/MILK-9A6E45/2020,244,271
hCoV-19/England/MILK-9A6E36/2020,244,271
hCoV-19/England/MILK-9A6E27/2020,244,271
hCoV-19/England/MILK-9A69BD/2020,244,271
hCoV-19/England/MILK-9A69AE/2020,244,271
hCoV-19/England/MILK-9A6980/2020,244,271
hCoV-19/England/MILK-9A6971/2020,244,271
hCoV-19/England/MILK-9A6962/2020,244,271
hCoV-19/England/MILK-9A6953/2020,244,271
hCoV-19/England/MILK-9A6944/2020,244,271
hCoV-19/England/MILK-9A6935/2020,244,271
hCoV-19/England/MILK-9A6926/2020,244,271
hCoV-19/England/MILK-9A6917/2020,244,271
hCoV-19/England/MILK-9A68FC/2020,244,271
hCoV-19/England/MILK-9A68ED/2020,244,271
hCoV-19/England/MILK-9A68DE/2020,244,271
hCoV-19/England/MILK-9A68CF/2020,244,271
hCoV-19/England/MILK-9A68A1/2020,244,271
hCoV-19/England/MILK-9A6883/2020,244,271
hCoV-19/England/MILK-9A6795/2020,244,271
hCoV-19/England/MILK-9A6777/2020,244,271
hCoV-19/England/MILK-9A6768/2020,244,271
hCoV-19/England/MILK-9A6759/2020,244,271
hCoV-19/England/MILK-9A674A/2020,244,271
hCoV-19/England/MILK-9A673B/2020,244,271
hCoV-19/England/MILK-9A671D/2020,244,271
hCoV-19/England/MILK-9A670E/2020,244,271
hCoV-19/England/MILK-9A66F2/2020,244,271
hCoV-19/England/MILK-9A66E3/2020,244,271
hCoV-19/England/MILK-9A66C5/2020,244,271
hCoV-19/England/MILK-9A66A7/2020,244,271
hCoV-19/England/MILK-9A6698/2020,244,271
hCoV-19/England/MILK-9A6689/2020,244,271
hCoV-19/England/MILK-9A5392/2020,244,271
hCoV-19/England/CAMC-991487/2020,244,271
hCoV-19/England/CAMB-1B5D8A/2020,244,271
hCoV-19/England/BIRM-62AB3/2020,244,253
hCoV-19/England/BIRM-62AA4/2020,244,253
hCoV-19/England/BIRM-62A86/2020,244,253
hCoV-19/Wales/QEUH-9B756A/2020,245,293
hCoV-19/Wales/QEUH-9AE065/2020,245,320
hCoV-19/Wales/PHWC-16A21C/2020,245,257
hCoV-19/Wales/MILK-9A8CB2/2020,245,271
hCoV-19/Wales/MILK-9A8696/2020,245,271
hCoV-19/Wales/MILK-9A8687/2020,245,271
hCoV-19/Wales/MILK-9A8678/2020,245,271
hCoV-19/Wales/MILK-9A7FC9/2020,245,278
hCoV-19/Wales/MILK-9A6B3F/2020,245,271
hCoV-19/Wales/MILK-9A6AE7/2020,245,271
hCoV-19/Wales/MILK-9A6A8D/2020,245,271
hCoV-19/Wales/MILK-9A5338/2020,245,271
hCoV-19/Wales/MILK-9A51C5/2020,245,271
hCoV-19/Wales/MILK-9A50AA/2020,245,271
hCoV-19/Scotland/QEUH-9B52CF/2020,245,300
hCoV-19/Scotland/QEUH-9B513B/2020,245,300
hCoV-19/Scotland/QEUH-9B44CA/2020,245,278
hCoV-19/Scotland/QEUH-9AE900/2020,245,285
hCoV-19/Scotland/QEUH-9AE87C/2020,245,285
hCoV-19/Scotland/QEUH-9AE77F/2020,245,285
hCoV-19/Scotland/QEUH-9AE751/2020,245,285
hCoV-19/Scotland/QEUH-9AE5DF/2020,245,285
hCoV-19/Scotland/QEUH-9AE557/2020,245,285
hCoV-19/Scotland/QEUH-9AE047/2020,245,320
hCoV-19/Scotland/QEUH-9ACEF4/2020,245,271
hCoV-19/Scotland/QEUH-9ACEE5/2020,245,271
hCoV-19/Scotland/QEUH-9ACED6/2020,245,271
hCoV-19/Scotland/QEUH-9ACDAC/2020,245,271
hCoV-19/Scotland/CVR3992/2020,245,264
hCoV-19/England/QEUH-9B7B1D/2020,245,293
hCoV-19/England/QEUH-9B7746/2020,245,293
hCoV-19/England/QEUH-9B6FC7/2020,245,293
hCoV-19/England/QEUH-9B55F3/2020,245,293
hCoV-19/England/QEUH-9B5344/2020,245,293
hCoV-19/England/QEUH-9B5326/2020,245,293
hCoV-19/England/QEUH-9B4EBD/2020,245,293
hCoV-19/England/QEUH-9B4C86/2020,245,293
hCoV-19/England/QEUH-9B4BE3/2020,245,293
hCoV-19/England/QEUH-9B4A04/2020,245,293
hCoV-19/England/QEUH-9B498F/2020,245,293
hCoV-19/England/QEUH-9B4907/2020,245,293
hCoV-19/England/QEUH-9B4828/2020,245,293
hCoV-19/England/QEUH-9B47D0/2020,245,293
hCoV-19/England/QEUH-9B47C1/2020,245,293
hCoV-19/England/QEUH-9B44D9/2020,245,278
hCoV-19/England/QEUH-9B3A6F/2020,245,278
hCoV-19/England/QEUH-9AE92E/2020,245,285
hCoV-19/England/QEUH-9AE8C7/2020,245,285
hCoV-19/England/QEUH-9AE8B8/2020,245,285
hCoV-19/England/QEUH-9AE7E8/2020,245,285
hCoV-19/England/QEUH-9AE7AC/2020,245,285
hCoV-19/England/QEUH-9AE79D/2020,245,285
hCoV-19/England/QEUH-9AE742/2020,245,285
hCoV-19/England/QEUH-9AE733/2020,245,285
hCoV-19/England/QEUH-9AE6EB/2020,245,285
hCoV-19/England/QEUH-9AE4D2/2020,245,320
hCoV-19/England/QEUH-9AE496/2020,245,320
hCoV-19/England/QEUH-9AE3E4/2020,245,320
hCoV-19/England/QEUH-9AE37B/2020,245,320
hCoV-19/England/QEUH-9AE36C/2020,245,320
hCoV-19/England/QEUH-9AE35D/2020,245,320
hCoV-19/England/QEUH-9AE33F/2020,245,320
hCoV-19/England/QEUH-9AE2BA/2020,245,320
hCoV-19/England/QEUH-9AE27E/2020,245,320
hCoV-19/England/QEUH-9AE232/2020,245,320
hCoV-19/England/QEUH-9ADFF0/2020,245,320
hCoV-19/England/QEUH-9ADFE1/2020,245,320
hCoV-19/England/QEUH-9ADFD2/2020,245,320
hCoV-19/England/QEUH-9ADFC3/2020,245,320
hCoV-19/England/QEUH-9ADFA5/2020,245,320
hCoV-19/England/QEUH-9AD093/2020,245,271
hCoV-19/England/QEUH-9ACF00/2020,245,271
hCoV-19/England/QEUH-9ACE9A/2020,245,271
hCoV-19/England/QEUH-9ACE7C/2020,245,271
hCoV-19/England/QEUH-9ACE5E/2020,245,271
hCoV-19/England/QEUH-9ACE21/2020,245,271
hCoV-19/England/QEUH-9ACE03/2020,245,271
hCoV-19/England/QEUH-9ACD60/2020,245,271
hCoV-19/England/QEUH-9ACD24/2020,245,271
hCoV-19/England/QEUH-9ACD06/2020,245,271
hCoV-19/England/QEUH-9ACCFA/2020,245,271
hCoV-19/England/QEUH-9ACCCD/2020,245,271
hCoV-19/England/QEUH-9ACCAF/2020,245,271
hCoV-19/England/QEUH-9ACC81/2020,245,271
hCoV-19/England/NORW-EE5BE/2020,245,264
hCoV-19/England/NORT-286273/2020,245,278
hCoV-19/England/MILK-9A97FC/2020,245,271
hCoV-19/England/MILK-9A97ED/2020,245,271
hCoV-19/England/MILK-9A9668/2020,245,271
hCoV-19/England/MILK-9A9659/2020,245,271
hCoV-19/England/MILK-9A964A/2020,245,271
hCoV-19/England/MILK-9A92A0/2020,245,271
hCoV-19/England/MILK-9A9291/2020,245,271
hCoV-19/England/MILK-9A9282/2020,245,271
hCoV-19/England/MILK-9A9273/2020,245,271
hCoV-19/England/MILK-9A9246/2020,245,271
hCoV-19/England/MILK-9A902E/2020,245,271
hCoV-19/England/MILK-9A901F/2020,245,271
hCoV-19/England/MILK-9A8DEC/2020,245,271
hCoV-19/England/MILK-9A8DDD/2020,245,271
hCoV-19/England/MILK-9A8DCE/2020,245,271
hCoV-19/England/MILK-9A8DBF/2020,245,271
hCoV-19/England/MILK-9A8DA0/2020,245,271
hCoV-19/England/MILK-9A8D73/2020,245,271
hCoV-19/England/MILK-9A8D28/2020,245,271
hCoV-19/England/MILK-9A8D19/2020,245,271
hCoV-19/England/MILK-9A8D0A/2020,245,271
hCoV-19/England/MILK-9A8CEF/2020,245,271
hCoV-19/England/MILK-9A8CD0/2020,245,271
hCoV-19/England/MILK-9A8CC1/2020,245,271
hCoV-19/England/MILK-9A86B4/2020,245,271
hCoV-19/England/MILK-9A8669/2020,245,271
hCoV-19/England/MILK-9A865A/2020,245,271
hCoV-19/England/MILK-9A864B/2020,245,271
hCoV-19/England/MILK-9A862D/2020,245,271
hCoV-19/England/MILK-9A861E/2020,245,271
hCoV-19/England/MILK-9A860F/2020,245,271
hCoV-19/England/MILK-9A85F3/2020,245,271
hCoV-19/England/MILK-9A85E4/2020,245,271
hCoV-19/England/MILK-9A85D5/2020,245,271
hCoV-19/England/MILK-9A85C6/2020,245,271
hCoV-19/England/MILK-9A85B7/2020,245,271
hCoV-19/England/MILK-9A85A8/2020,245,271
hCoV-19/England/MILK-9A8599/2020,245,271
hCoV-19/England/MILK-9A857B/2020,245,271
hCoV-19/England/MILK-9A856C/2020,245,271
hCoV-19/England/MILK-9A855D/2020,245,271
hCoV-19/England/MILK-9A854E/2020,245,271
hCoV-19/England/MILK-9A853F/2020,245,271
hCoV-19/England/MILK-9A8511/2020,245,271
hCoV-19/England/MILK-9A8502/2020,245,271
hCoV-19/England/MILK-9A84F6/2020,245,271
hCoV-19/England/MILK-9A84E7/2020,245,271
hCoV-19/England/MILK-9A84D8/2020,245,271
hCoV-19/England/MILK-9A84C9/2020,245,271
hCoV-19/England/MILK-9A84AB/2020,245,271
hCoV-19/England/MILK-9A848D/2020,245,271
hCoV-19/England/MILK-9A847E/2020,245,271
hCoV-19/England/MILK-9A846F/2020,245,271
hCoV-19/England/MILK-9A8450/2020,245,271
hCoV-19/England/MILK-9A8405/2020,245,271
hCoV-19/England/MILK-9A83BD/2020,245,271
hCoV-19/England/MILK-9A83AE/2020,245,271
hCoV-19/England/MILK-9A8380/2020,245,271
hCoV-19/England/MILK-9A8362/2020,245,271
hCoV-19/England/MILK-9A7FF6/2020,245,278
hCoV-19/England/MILK-9A7FE7/2020,245,278
hCoV-19/England/MILK-9A7FBA/2020,245,278
hCoV-19/England/MILK-9A7FAB/2020,245,278
hCoV-19/England/MILK-9A7F6F/2020,245,278
hCoV-19/England/MILK-9A7F50/2020,245,278
hCoV-19/England/MILK-9A7F41/2020,245,278
hCoV-19/England/MILK-9A6F24/2020,245,271
hCoV-19/England/MILK-9A6F15/2020,245,271
hCoV-19/England/MILK-9A6F06/2020,245,271
hCoV-19/England/MILK-9A6EFA/2020,245,271
hCoV-19/England/MILK-9A6EDC/2020,245,271
hCoV-19/England/MILK-9A6ECD/2020,245,271
hCoV-19/England/MILK-9A6EBE/2020,245,271
hCoV-19/England/MILK-9A6EAF/2020,245,271
hCoV-19/England/MILK-9A6E90/2020,245,271
hCoV-19/England/MILK-9A6BF3/2020,245,271
hCoV-19/England/MILK-9A6BB7/2020,245,274
hCoV-19/England/MILK-9A6B7B/2020,245,271
hCoV-19/England/MILK-9A6B5D/2020,245,271
hCoV-19/England/MILK-9A6B4E/2020,245,271
hCoV-19/England/MILK-9A6B20/2020,245,271
hCoV-19/England/MILK-9A6AD8/2020,245,271
hCoV-19/England/MILK-9A6AC9/2020,245,271
hCoV-19/England/MILK-9A6ABA/2020,245,271
hCoV-19/England/MILK-9A6A9C/2020,245,271
hCoV-19/England/MILK-9A6A6F/2020,245,271
hCoV-19/England/MILK-9A6A50/2020,245,271
hCoV-19/England/MILK-9A6A14/2020,245,271
hCoV-19/England/MILK-9A6A05/2020,245,271
hCoV-19/England/MILK-9A531A/2020,245,271
hCoV-19/England/MILK-9A530B/2020,245,271
hCoV-19/England/MILK-9A52E0/2020,245,271
hCoV-19/England/MILK-9A52C2/2020,245,271
hCoV-19/England/MILK-9A52B3/2020,245,271
hCoV-19/England/MILK-9A5295/2020,245,271
hCoV-19/England/MILK-9A5286/2020,245,271
hCoV-19/England/MILK-9A5259/2020,245,271
hCoV-19/England/MILK-9A524A/2020,245,271
hCoV-19/England/MILK-9A523B/2020,245,271
hCoV-19/England/MILK-9A521D/2020,245,271
hCoV-19/England/MILK-9A51F2/2020,245,271
hCoV-19/England/MILK-9A51E3/2020,245,271
hCoV-19/England/MILK-9A51D4/2020,245,271
hCoV-19/England/MILK-9A5189/2020,245,271
hCoV-19/England/MILK-9A515C/2020,245,271
hCoV-19/England/MILK-9A513E/2020,245,271
hCoV-19/England/MILK-9A512F/2020,245,271
hCoV-19/England/MILK-9A5101/2020,245,271
hCoV-19/England/MILK-9A50F5/2020,245,271
hCoV-19/England/MILK-9A50E6/2020,245,271
hCoV-19/England/MILK-9A50C8/2020,245,271
hCoV-19/England/MILK-9A50B9/2020,245,271
hCoV-19/England/MILK-9A509B/2020,245,271
hCoV-19/England/MILK-9A508C/2020,245,271
hCoV-19/England/MILK-9A507D/2020,245,271
hCoV-19/England/MILK-9A505F/2020,245,271
hCoV-19/England/MILK-9A5031/2020,245,271
hCoV-19/England/MILK-9A5013/2020,245,271
hCoV-19/England/BIRM-62AE0/2020,245,253
hCoV-19/England/BIRM-62AD1/2020,245,253
hCoV-19/England/BIRM-62AC2/2020,245,253
hCoV-19/England/203660640/2020,245,274
hCoV-19/Wales/QEUH-9B49BC/2020,246,293
hCoV-19/Wales/PHWC-16DFF4/2020,246,292
hCoV-19/Wales/PHWC-16AA05/2020,246,271
hCoV-19/Wales/PHWC-16A1E2/2020,246,257
hCoV-19/Wales/MILK-9A6CD2/2020,246,271
hCoV-19/Wales/MILK-9A6CC3/2020,246,271
hCoV-19/Wales/MILK-9A6CB4/2020,246,271
hCoV-19/Wales/MILK-9A6CA5/2020,246,271
hCoV-19/Wales/MILK-9A6C69/2020,246,271
hCoV-19/Wales/MILK-9A572D/2020,246,271
hCoV-19/Wales/MILK-9A5532/2020,246,271
hCoV-19/Wales/MILK-9A53ED/2020,246,271
hCoV-19/Wales/MILK-9A53DE/2020,246,271
hCoV-19/Wales/MILK-9A53CF/2020,246,271
hCoV-19/Wales/MILK-9A5347/2020,246,271
hCoV-19/Scotland/QEUH-9B52ED/2020,246,300
hCoV-19/Scotland/QEUH-9B5177/2020,246,300
hCoV-19/Scotland/QEUH-9B4CA4/2020,246,300
hCoV-19/Scotland/QEUH-9B4BD4/2020,246,300
hCoV-19/Scotland/QEUH-9B4BB6/2020,246,300
hCoV-19/Scotland/QEUH-9B4A7D/2020,246,300
hCoV-19/Scotland/QEUH-9B4925/2020,246,300
hCoV-19/Scotland/QEUH-9B4020/2020,246,271
hCoV-19/Scotland/QEUH-9B3F7F/2020,246,278
hCoV-19/Scotland/QEUH-9B3E27/2020,246,278
hCoV-19/Scotland/QEUH-9B3D75/2020,246,271
hCoV-19/Scotland/QEUH-9B0F72/2020,246,271
hCoV-19/Scotland/QEUH-9B0F27/2020,246,271
hCoV-19/Scotland/QEUH-9B0F18/2020,246,271
hCoV-19/Scotland/QEUH-9B0EC0/2020,246,271
hCoV-19/Scotland/QEUH-9B0EA2/2020,246,271
hCoV-19/Scotland/QEUH-9B0E75/2020,246,271
hCoV-19/Scotland/QEUH-9B0E57/2020,246,271
hCoV-19/Scotland/QEUH-9B0E48/2020,246,271
hCoV-19/Scotland/QEUH-9B0DE1/2020,246,271
hCoV-19/Scotland/QEUH-9B0DD2/2020,246,271
hCoV-19/Scotland/QEUH-9B0DC3/2020,246,271
hCoV-19/Scotland/QEUH-9B0D87/2020,246,271
hCoV-19/Scotland/QEUH-9B0D78/2020,246,271
hCoV-19/Scotland/QEUH-9B0D4B/2020,246,271
hCoV-19/Scotland/QEUH-9B0C02/2020,246,271
hCoV-19/Scotland/QEUH-9B0BF6/2020,246,271
hCoV-19/Scotland/QEUH-9B0BE7/2020,246,271
hCoV-19/Scotland/QEUH-9B0BD8/2020,246,271
hCoV-19/Scotland/QEUH-9AF5CF/2020,246,271
hCoV-19/Scotland/QEUH-9AF3C5/2020,246,271
hCoV-19/Scotland/QEUH-9AF1CB/2020,246,271
hCoV-19/Scotland/QEUH-9AF19E/2020,246,271
hCoV-19/Scotland/QEUH-9AF18F/2020,246,271
hCoV-19/Scotland/QEUH-9AF143/2020,246,271
hCoV-19/Scotland/QEUH-9AF116/2020,246,271
hCoV-19/Scotland/QEUH-9AF107/2020,246,271
hCoV-19/Scotland/QEUH-9AF0FB/2020,246,271
hCoV-19/Scotland/QEUH-9AF0EC/2020,246,271
hCoV-19/Scotland/QEUH-9AF0CE/2020,246,271
hCoV-19/Scotland/QEUH-9AF064/2020,246,278
hCoV-19/Scotland/QEUH-9AEC34/2020,246,278
hCoV-19/Scotland/QEUH-9AEAFE/2020,246,278
hCoV-19/Scotland/QEUH-9AEAEF/2020,246,278
hCoV-19/Scotland/QEUH-9AEAD0/2020,246,278
hCoV-19/Scotland/EDB7736/2020,246,264
hCoV-19/Scotland/CAMC-9B2CF1/2020,246,546
hCoV-19/Scotland/CAMC-9B2CE2/2020,246,546
hCoV-19/England/SHEF-C7DB3/2020,246,271
hCoV-19/England/SHEF-C69B0/2020,246,271
hCoV-19/England/SHEF-C290F/2020,246,271
hCoV-19/England/QEUH-9C81CC/2020,246,274
hCoV-19/England/QEUH-9C81BD/2020,246,274
hCoV-19/England/QEUH-9C81AE/2020,246,274
hCoV-19/England/QEUH-9C819F/2020,246,274
hCoV-19/England/QEUH-9C8180/2020,246,274
hCoV-19/England/QEUH-9B900D/2020,246,271
hCoV-19/England/QEUH-9B81DE/2020,246,293
hCoV-19/England/QEUH-9B81A1/2020,246,293
hCoV-19/England/QEUH-9B801D/2020,246,293
hCoV-19/England/QEUH-9B7D08/2020,246,293
hCoV-19/England/QEUH-9B7CFC/2020,246,293
hCoV-19/England/QEUH-9B7C0B/2020,246,293
hCoV-19/England/QEUH-9B7BFF/2020,246,293
hCoV-19/England/QEUH-9B7BD1/2020,246,293
hCoV-19/England/QEUH-9B7579/2020,246,293
hCoV-19/England/QEUH-9B7218/2020,246,293
hCoV-19/England/QEUH-9B6FA9/2020,246,293
hCoV-19/England/QEUH-9B56D2/2020,246,293
hCoV-19/England/QEUH-9B56C3/2020,246,293
hCoV-19/England/QEUH-9B56B4/2020,246,293
hCoV-19/England/QEUH-9B56A5/2020,246,293
hCoV-19/England/QEUH-9B5696/2020,246,293
hCoV-19/England/QEUH-9B5687/2020,246,293
hCoV-19/England/QEUH-9B5669/2020,246,293
hCoV-19/England/QEUH-9B565A/2020,246,293
hCoV-19/England/QEUH-9B564B/2020,246,293
hCoV-19/England/QEUH-9B563C/2020,246,293
hCoV-19/England/QEUH-9B562D/2020,246,293
hCoV-19/England/QEUH-9B561E/2020,246,293
hCoV-19/England/QEUH-9B55D5/2020,246,293
hCoV-19/England/QEUH-9B55B7/2020,246,293
hCoV-19/England/QEUH-9B55A8/2020,246,293
hCoV-19/England/QEUH-9B5599/2020,246,293
hCoV-19/England/QEUH-9B558A/2020,246,293
hCoV-19/England/QEUH-9B557B/2020,246,293
hCoV-19/England/QEUH-9B556C/2020,246,293
hCoV-19/England/QEUH-9B555D/2020,246,293
hCoV-19/England/QEUH-9B554E/2020,246,293
hCoV-19/England/QEUH-9B553F/2020,246,293
hCoV-19/England/QEUH-9B5520/2020,246,293
hCoV-19/England/QEUH-9B5511/2020,246,293
hCoV-19/England/QEUH-9B5502/2020,246,293
hCoV-19/England/QEUH-9B54E7/2020,246,293
hCoV-19/England/QEUH-9B54AB/2020,246,293
hCoV-19/England/QEUH-9B5432/2020,246,293
hCoV-19/England/QEUH-9B5423/2020,246,293
hCoV-19/England/QEUH-9B5414/2020,246,293
hCoV-19/England/QEUH-9B5405/2020,246,293
hCoV-19/England/QEUH-9B53F9/2020,246,293
hCoV-19/England/QEUH-9B53EA/2020,246,293
hCoV-19/England/QEUH-9B53BD/2020,246,293
hCoV-19/England/QEUH-9B53AE/2020,246,293
hCoV-19/England/QEUH-9B539F/2020,246,293
hCoV-19/England/QEUH-9B5371/2020,246,293
hCoV-19/England/QEUH-9B5362/2020,246,293
hCoV-19/England/QEUH-9B5353/2020,246,293
hCoV-19/England/QEUH-9B5317/2020,246,293
hCoV-19/England/QEUH-9B5308/2020,246,293
hCoV-19/England/QEUH-9B52FC/2020,246,293
hCoV-19/England/QEUH-9B52B0/2020,246,293
hCoV-19/England/QEUH-9B52A1/2020,246,293
hCoV-19/England/QEUH-9B5283/2020,246,293
hCoV-19/England/QEUH-9B5274/2020,246,293
hCoV-19/England/QEUH-9B5265/2020,246,293
hCoV-19/England/QEUH-9B5247/2020,246,293
hCoV-19/England/QEUH-9B5238/2020,246,293
hCoV-19/England/QEUH-9B5229/2020,246,293
hCoV-19/England/QEUH-9B51FF/2020,246,293
hCoV-19/England/QEUH-9B51E0/2020,246,293
hCoV-19/England/QEUH-9B51D1/2020,246,293
hCoV-19/England/QEUH-9B51C2/2020,246,293
hCoV-19/England/QEUH-9B51B3/2020,246,293
hCoV-19/England/QEUH-9B51A4/2020,246,293
hCoV-19/England/QEUH-9B5186/2020,246,293
hCoV-19/England/QEUH-9B512C/2020,246,293
hCoV-19/England/QEUH-9B50A7/2020,246,293
hCoV-19/England/QEUH-9B507A/2020,246,293
hCoV-19/England/QEUH-9B4E9F/2020,246,293
hCoV-19/England/QEUH-9B4E35/2020,246,293
hCoV-19/England/QEUH-9B4DCF/2020,246,293
hCoV-19/England/QEUH-9B4DB0/2020,246,293
hCoV-19/England/QEUH-9B4CB3/2020,246,293
hCoV-19/England/QEUH-9B4C95/2020,246,293
hCoV-19/England/QEUH-9B4C77/2020,246,293
hCoV-19/England/QEUH-9B4C68/2020,246,293
hCoV-19/England/QEUH-9B4C59/2020,246,293
hCoV-19/England/QEUH-9B4C4A/2020,246,293
hCoV-19/England/QEUH-9B4C2C/2020,246,293
hCoV-19/England/QEUH-9B4C1D/2020,246,293
hCoV-19/England/QEUH-9B4C0E/2020,246,293
hCoV-19/England/QEUH-9B4BC5/2020,246,293
hCoV-19/England/QEUH-9B4BA7/2020,246,293
hCoV-19/England/QEUH-9B4B98/2020,246,293
hCoV-19/England/QEUH-9B4B89/2020,246,293
hCoV-19/England/QEUH-9B4B5C/2020,246,293
hCoV-19/England/QEUH-9B4B4D/2020,246,293
hCoV-19/England/QEUH-9B4B3E/2020,246,293
hCoV-19/England/QEUH-9B4B10/2020,246,293
hCoV-19/England/QEUH-9B4AAA/2020,246,293
hCoV-19/England/QEUH-9B4A9B/2020,246,293
hCoV-19/England/QEUH-9B4A8C/2020,246,293
hCoV-19/England/QEUH-9B4A40/2020,246,293
hCoV-19/England/QEUH-9B4A31/2020,246,293
hCoV-19/England/QEUH-9B49F8/2020,246,293
hCoV-19/England/QEUH-9B49E9/2020,246,293
hCoV-19/England/QEUH-9B49DA/2020,246,293
hCoV-19/England/QEUH-9B49CB/2020,246,293
hCoV-19/England/QEUH-9B4970/2020,246,293
hCoV-19/England/QEUH-9B4961/2020,246,293
hCoV-19/England/QEUH-9B4952/2020,246,293
hCoV-19/England/QEUH-9B4943/2020,246,293
hCoV-19/England/QEUH-9B4934/2020,246,293
hCoV-19/England/QEUH-9B4916/2020,246,293
hCoV-19/England/QEUH-9B48EC/2020,246,293
hCoV-19/England/QEUH-9B48DD/2020,246,293
hCoV-19/England/QEUH-9B48BF/2020,246,293
hCoV-19/England/QEUH-9B48A0/2020,246,293
hCoV-19/England/QEUH-9B4891/2020,246,293
hCoV-19/England/QEUH-9B4882/2020,246,293
hCoV-19/England/QEUH-9B4873/2020,246,293
hCoV-19/England/QEUH-9B4864/2020,246,293
hCoV-19/England/QEUH-9B4855/2020,246,293
hCoV-19/England/QEUH-9B4846/2020,246,293
hCoV-19/England/QEUH-9B4837/2020,246,293
hCoV-19/England/QEUH-9B4794/2020,246,271
hCoV-19/England/QEUH-9B4776/2020,246,293
hCoV-19/England/QEUH-9B4679/2020,246,293
hCoV-19/England/QEUH-9B464C/2020,246,293
hCoV-19/England/QEUH-9B44E8/2020,246,278
hCoV-19/England/QEUH-9B44AC/2020,246,271
hCoV-19/England/QEUH-9B42DF/2020,246,271
hCoV-19/England/QEUH-9B42C0/2020,246,271
hCoV-19/England/QEUH-9B4284/2020,246,271
hCoV-19/England/QEUH-9B41E1/2020,246,271
hCoV-19/England/QEUH-9B405D/2020,246,271
hCoV-19/England/QEUH-9B4011/2020,246,271
hCoV-19/England/QEUH-9B4002/2020,246,278
hCoV-19/England/QEUH-9B3FF7/2020,246,278
hCoV-19/England/QEUH-9B3FE8/2020,246,278
hCoV-19/England/QEUH-9B3FD9/2020,246,271
hCoV-19/England/QEUH-9B3FCA/2020,246,271
hCoV-19/England/QEUH-9B3FBB/2020,246,271
hCoV-19/England/QEUH-9B3F9D/2020,246,278
hCoV-19/England/QEUH-9B3F8E/2020,246,278
hCoV-19/England/QEUH-9B3E45/2020,246,278
hCoV-19/England/QEUH-9B3D84/2020,246,278
hCoV-19/England/QEUH-9B3D57/2020,246,278
hCoV-19/England/QEUH-9B0F81/2020,246,271
hCoV-19/England/QEUH-9B0F63/2020,246,271
hCoV-19/England/QEUH-9B0F54/2020,246,271
hCoV-19/England/QEUH-9B0F45/2020,246,271
hCoV-19/England/QEUH-9B0F36/2020,246,271
hCoV-19/England/QEUH-9B0E39/2020,246,271
hCoV-19/England/QEUH-9B0DF0/2020,246,271
hCoV-19/England/QEUH-9B0D5A/2020,246,271
hCoV-19/England/QEUH-9B0D3C/2020,246,271
hCoV-19/England/QEUH-9B0D2D/2020,246,271
hCoV-19/England/QEUH-9B0D1E/2020,246,271
hCoV-19/England/QEUH-9B0D0F/2020,246,271
hCoV-19/England/QEUH-9B0CD5/2020,246,271
hCoV-19/England/QEUH-9B0CA8/2020,246,271
hCoV-19/England/QEUH-9B0C7B/2020,246,271
hCoV-19/England/QEUH-9B0C6C/2020,246,271
hCoV-19/England/QEUH-9B0C5D/2020,246,271
hCoV-19/England/QEUH-9B0BAB/2020,246,271
hCoV-19/England/QEUH-9AF3B6/2020,246,271
hCoV-19/England/QEUH-9AF33E/2020,246,271
hCoV-19/England/QEUH-9AF2B9/2020,246,271
hCoV-19/England/QEUH-9AF2AA/2020,246,271
hCoV-19/England/QEUH-9AF29B/2020,246,271
hCoV-19/England/QEUH-9AF222/2020,246,271
hCoV-19/England/QEUH-9AF204/2020,246,271
hCoV-19/England/QEUH-9AF1F8/2020,246,271
hCoV-19/England/QEUH-9AF1DA/2020,246,271
hCoV-19/England/QEUH-9AEFFF/2020,246,278
hCoV-19/England/QEUH-9AEFE0/2020,246,278
hCoV-19/England/QEUH-9AEFD1/2020,246,278
hCoV-19/England/QEUH-9AEFC2/2020,246,278
hCoV-19/England/QEUH-9AEFB3/2020,246,278
hCoV-19/England/QEUH-9AEF95/2020,246,278
hCoV-19/England/QEUH-9AEF86/2020,246,278
hCoV-19/England/QEUH-9AEF77/2020,246,278
hCoV-19/England/QEUH-9AEF68/2020,246,278
hCoV-19/England/QEUH-9AEF4A/2020,246,278
hCoV-19/England/QEUH-9AEF3B/2020,246,278
hCoV-19/England/QEUH-9AEF2C/2020,246,278
hCoV-19/England/QEUH-9AEEF2/2020,246,278
hCoV-19/England/QEUH-9AEE4D/2020,246,278
hCoV-19/England/QEUH-9AEE3E/2020,246,278
hCoV-19/England/QEUH-9AEE2F/2020,246,278
hCoV-19/England/QEUH-9AEE10/2020,246,278
hCoV-19/England/QEUH-9AEE01/2020,246,278
hCoV-19/England/QEUH-9AEDD7/2020,246,278
hCoV-19/England/QEUH-9AEDC8/2020,246,278
hCoV-19/England/QEUH-9AEDB9/2020,246,278
hCoV-19/England/QEUH-9AEDAA/2020,246,278
hCoV-19/England/QEUH-9AED9B/2020,246,278
hCoV-19/England/QEUH-9AED6E/2020,246,278
hCoV-19/England/QEUH-9AED40/2020,246,278
hCoV-19/England/QEUH-9AED22/2020,246,278
hCoV-19/England/QEUH-9AED04/2020,246,278
hCoV-19/England/QEUH-9AECF8/2020,246,278
hCoV-19/England/QEUH-9AECE9/2020,246,278
hCoV-19/England/QEUH-9AECAD/2020,246,278
hCoV-19/England/QEUH-9AEC9E/2020,246,278
hCoV-19/England/QEUH-9AEC8F/2020,246,278
hCoV-19/England/QEUH-9AEC70/2020,246,278
hCoV-19/England/QEUH-9AEC43/2020,246,278
hCoV-19/England/QEUH-9AEC07/2020,246,278
hCoV-19/England/QEUH-9AEBFB/2020,246,278
hCoV-19/England/QEUH-9AEBEC/2020,246,278
hCoV-19/England/QEUH-9AEBDD/2020,246,278
hCoV-19/England/QEUH-9AEBBF/2020,246,278
hCoV-19/England/QEUH-9AEB73/2020,246,278
hCoV-19/England/QEUH-9AEB64/2020,246,278
hCoV-19/England/QEUH-9AEB46/2020,246,278
hCoV-19/England/QEUH-9AEB37/2020,246,278
hCoV-19/England/QEUH-9AEB28/2020,246,278
hCoV-19/England/NORT-2A45C1/2020,246,278
hCoV-19/England/MILK-9A6DDF/2020,246,271
hCoV-19/England/MILK-9A6DC0/2020,246,271
hCoV-19/England/MILK-9A6DB1/2020,246,271
hCoV-19/England/MILK-9A6DA2/2020,246,271
hCoV-19/England/MILK-9A6D93/2020,246,271
hCoV-19/England/MILK-9A6D84/2020,246,271
hCoV-19/England/MILK-9A6D75/2020,246,271
hCoV-19/England/MILK-9A6D66/2020,246,271
hCoV-19/England/MILK-9A6D57/2020,246,271
hCoV-19/England/MILK-9A6D48/2020,246,271
hCoV-19/England/MILK-9A6D39/2020,246,271
hCoV-19/England/MILK-9A6D1B/2020,246,271
hCoV-19/England/MILK-9A6CE1/2020,246,271
hCoV-19/England/MILK-9A6C96/2020,246,271
hCoV-19/England/MILK-9A6C87/2020,246,271
hCoV-19/England/MILK-9A6C78/2020,246,271
hCoV-19/England/MILK-9A6C5A/2020,246,271
hCoV-19/England/MILK-9A6C4B/2020,246,271
hCoV-19/England/MILK-9A6C3C/2020,246,271
hCoV-19/England/MILK-9A6C2D/2020,246,271
hCoV-19/England/MILK-9A6C1E/2020,246,271
hCoV-19/England/MILK-9A6BE4/2020,246,271
hCoV-19/England/MILK-9A571E/2020,246,271
hCoV-19/England/MILK-9A56C6/2020,246,271
hCoV-19/England/MILK-9A56A8/2020,246,271
hCoV-19/England/MILK-9A5699/2020,246,271
hCoV-19/England/MILK-9A567B/2020,246,271
hCoV-19/England/MILK-9A566C/2020,246,271
hCoV-19/England/MILK-9A565D/2020,246,271
hCoV-19/England/MILK-9A564E/2020,246,271
hCoV-19/England/MILK-9A563F/2020,246,271
hCoV-19/England/MILK-9A5620/2020,246,271
hCoV-19/England/MILK-9A5611/2020,246,271
hCoV-19/England/MILK-9A5602/2020,246,271
hCoV-19/England/MILK-9A55F6/2020,246,271
hCoV-19/England/MILK-9A55E7/2020,246,271
hCoV-19/England/MILK-9A55D8/2020,246,271
hCoV-19/England/MILK-9A55C9/2020,246,271
hCoV-19/England/MILK-9A55BA/2020,246,271
hCoV-19/England/MILK-9A559C/2020,246,271
hCoV-19/England/MILK-9A558D/2020,246,271
hCoV-19/England/MILK-9A557E/2020,246,271
hCoV-19/England/MILK-9A5550/2020,246,271
hCoV-19/England/MILK-9A5541/2020,246,271
hCoV-19/England/MILK-9A5523/2020,246,271
hCoV-19/England/MILK-9A5514/2020,246,271
hCoV-19/England/MILK-9A5505/2020,246,271
hCoV-19/England/MILK-9A54F9/2020,246,271
hCoV-19/England/MILK-9A54EA/2020,246,271
hCoV-19/England/MILK-9A54BD/2020,246,271
hCoV-19/England/MILK-9A54AE/2020,246,271
hCoV-19/England/MILK-9A5480/2020,246,271
hCoV-19/England/MILK-9A5471/2020,246,271
hCoV-19/England/MILK-9A5462/2020,246,271
hCoV-19/England/MILK-9A5435/2020,246,271
hCoV-19/England/MILK-9A5426/2020,246,271
hCoV-19/England/MILK-9A5417/2020,246,271
hCoV-19/England/MILK-9A5408/2020,246,271
hCoV-19/England/MILK-9A53FC/2020,246,271
hCoV-19/England/MILK-9A5383/2020,246,271
hCoV-19/England/MILK-9A5365/2020,246,271
hCoV-19/England/MILK-9A5356/2020,246,271
hCoV-19/England/CAMC-9B2F16/2020,246,546
hCoV-19/England/CAMC-9B2E55/2020,246,546
hCoV-19/England/CAMC-9B2444/2020,246,271
hCoV-19/England/CAMC-9B2417/2020,246,274
hCoV-19/England/CAMC-9B1F26/2020,246,271
hCoV-19/England/CAMC-9B1BD7/2020,246,274
hCoV-19/England/CAMC-9B1B8C/2020,246,274
hCoV-19/England/CAMC-9B1B5F/2020,246,274
hCoV-19/England/CAMC-9B1A8F/2020,246,274
hCoV-19/England/CAMB-1B5DC6/2020,246,271
hCoV-19/Wales/QEUH-9B7D17/2020,247,293
hCoV-19/Wales/QEUH-9B70D2/2020,247,293
hCoV-19/Wales/PHWC-16A434/2020,247,257
hCoV-19/Wales/PHWC-16A407/2020,247,257
hCoV-19/Wales/PHWC-16A373/2020,247,257
hCoV-19/Wales/PHWC-16A2EF/2020,247,257
hCoV-19/Wales/PHWC-16A2C1/2020,247,257
hCoV-19/Wales/PHWC-16A23A/2020,247,257
hCoV-19/Wales/PHWC-16A12E/2020,247,257
hCoV-19/Wales/PHWC-16A11F/2020,247,257
hCoV-19/Wales/PHWC-16A09A/2020,247,257
hCoV-19/Wales/MILK-9A574B/2020,247,271
hCoV-19/Wales/MILK-9A56D5/2020,247,271
hCoV-19/Wales/CAMC-9B1E1A/2020,247,278
hCoV-19/Wales/CAMC-9B1CB6/2020,247,274
hCoV-19/Wales/CAMC-9B1BB9/2020,247,274
hCoV-19/Wales/CAMC-9B1AAD/2020,247,293
hCoV-19/Scotland/QEUH-9B7BE0/2020,247,300
hCoV-19/Scotland/QEUH-9B7AE3/2020,247,300
hCoV-19/Scotland/QEUH-9B75D3/2020,247,300
hCoV-19/Scotland/QEUH-9B45D6/2020,247,300
hCoV-19/Scotland/QEUH-9B45B8/2020,247,300
hCoV-19/Scotland/QEUH-9B4187/2020,247,271
hCoV-19/Scotland/QEUH-9B3CA5/2020,247,278
hCoV-19/Scotland/QEUH-9AF7AB/2020,247,546
hCoV-19/Scotland/QEUH-9AF750/2020,247,546
hCoV-19/Scotland/QEUH-9AF741/2020,247,546
hCoV-19/Scotland/QEUH-9AF732/2020,247,546
hCoV-19/Scotland/QEUH-9AF705/2020,247,546
hCoV-19/Scotland/QEUH-9AF6F9/2020,247,546
hCoV-19/Scotland/QEUH-9AF6EA/2020,247,546
hCoV-19/Scotland/QEUH-9AE0ED/2020,247,320
hCoV-19/Scotland/EDB7739/2020,247,264
hCoV-19/Scotland/CVR4326/2020,247,278
hCoV-19/Scotland/CVR3999/2020,247,264
hCoV-19/Scotland/CAMC-9B2C88/2020,247,546
hCoV-19/England/TFCI-270A652/2020,247,502
hCoV-19/England/QEUH-9BA242/2020,247,278
hCoV-19/England/QEUH-9B9CDC/2020,247,271
hCoV-19/England/QEUH-9B92E9/2020,247,271
hCoV-19/England/QEUH-9B9049/2020,247,271
hCoV-19/England/QEUH-9B8174/2020,247,293
hCoV-19/England/QEUH-9B8165/2020,247,293
hCoV-19/England/QEUH-9B8156/2020,247,293
hCoV-19/England/QEUH-9B8147/2020,247,293
hCoV-19/England/QEUH-9B8138/2020,247,293
hCoV-19/England/QEUH-9B8129/2020,247,293
hCoV-19/England/QEUH-9B811A/2020,247,293
hCoV-19/England/QEUH-9B810B/2020,247,293
hCoV-19/England/QEUH-9B80C2/2020,247,293
hCoV-19/England/QEUH-9B80B3/2020,247,293
hCoV-19/England/QEUH-9B8086/2020,247,293
hCoV-19/England/QEUH-9B8077/2020,247,293
hCoV-19/England/QEUH-9B8068/2020,247,293
hCoV-19/England/QEUH-9B804A/2020,247,293
hCoV-19/England/QEUH-9B803B/2020,247,293
hCoV-19/England/QEUH-9B7FB7/2020,247,293
hCoV-19/England/QEUH-9B7FA8/2020,247,293
hCoV-19/England/QEUH-9B7DF9/2020,247,293
hCoV-19/England/QEUH-9B7DEA/2020,247,293
hCoV-19/England/QEUH-9B7DDB/2020,247,293
hCoV-19/England/QEUH-9B7DBD/2020,247,293
hCoV-19/England/QEUH-9B7DAE/2020,247,293
hCoV-19/England/QEUH-9B7D9F/2020,247,293
hCoV-19/England/QEUH-9B7D71/2020,247,293
hCoV-19/England/QEUH-9B7D53/2020,247,293
hCoV-19/England/QEUH-9B7D35/2020,247,293
hCoV-19/England/QEUH-9B7D26/2020,247,293
hCoV-19/England/QEUH-9B7CED/2020,247,293
hCoV-19/England/QEUH-9B7C74/2020,247,293
hCoV-19/England/QEUH-9B7C65/2020,247,293
hCoV-19/England/QEUH-9B7C56/2020,247,293
hCoV-19/England/QEUH-9B7C47/2020,247,293
hCoV-19/England/QEUH-9B7C38/2020,247,293
hCoV-19/England/QEUH-9B7C1A/2020,247,293
hCoV-19/England/QEUH-9B7BC2/2020,247,293
hCoV-19/England/QEUH-9B7BB3/2020,247,293
hCoV-19/England/QEUH-9B7B95/2020,247,293
hCoV-19/England/QEUH-9B7B86/2020,247,293
hCoV-19/England/QEUH-9B7B77/2020,247,293
hCoV-19/England/QEUH-9B7B3B/2020,247,293
hCoV-19/England/QEUH-9B7AF2/2020,247,293
hCoV-19/England/QEUH-9B7AD4/2020,247,293
hCoV-19/England/QEUH-9B7AC5/2020,247,293
hCoV-19/England/QEUH-9B7AB6/2020,247,293
hCoV-19/England/QEUH-9B7AA7/2020,247,293
hCoV-19/England/QEUH-9B7A98/2020,247,293
hCoV-19/England/QEUH-9B7A89/2020,247,293
hCoV-19/England/QEUH-9B7A7A/2020,247,293
hCoV-19/England/QEUH-9B7A5C/2020,247,293
hCoV-19/England/QEUH-9B7A4D/2020,247,293
hCoV-19/England/QEUH-9B7A3E/2020,247,293
hCoV-19/England/QEUH-9B7A2F/2020,247,293
hCoV-19/England/QEUH-9B79F5/2020,247,293
hCoV-19/England/QEUH-9B79E6/2020,247,293
hCoV-19/England/QEUH-9B79D7/2020,247,293
hCoV-19/England/QEUH-9B762B/2020,247,293
hCoV-19/England/QEUH-9B761C/2020,247,293
hCoV-19/England/QEUH-9B75F1/2020,247,293
hCoV-19/England/QEUH-9B75E2/2020,247,293
hCoV-19/England/QEUH-9B7597/2020,247,293
hCoV-19/England/QEUH-9B71A2/2020,247,293
hCoV-19/England/QEUH-9B7193/2020,247,293
hCoV-19/England/QEUH-9B7175/2020,247,293
hCoV-19/England/QEUH-9B7166/2020,247,293
hCoV-19/England/QEUH-9B7157/2020,247,293
hCoV-19/England/QEUH-9B7148/2020,247,293
hCoV-19/England/QEUH-9B7139/2020,247,293
hCoV-19/England/QEUH-9B712A/2020,247,293
hCoV-19/England/QEUH-9B70B4/2020,247,293
hCoV-19/England/QEUH-9B7096/2020,247,293
hCoV-19/England/QEUH-9B700F/2020,247,293
hCoV-19/England/QEUH-9B6FB8/2020,247,293
hCoV-19/England/QEUH-9B6F6D/2020,247,293
hCoV-19/England/QEUH-9B6F5E/2020,247,293
hCoV-19/England/QEUH-9B6F4F/2020,247,293
hCoV-19/England/QEUH-9B6F30/2020,247,293
hCoV-19/England/QEUH-9B560F/2020,247,293
hCoV-19/England/QEUH-9B50B6/2020,247,293
hCoV-19/England/QEUH-9B5098/2020,247,293
hCoV-19/England/QEUH-9B506B/2020,247,293
hCoV-19/England/QEUH-9B4EAE/2020,247,293
hCoV-19/England/QEUH-9B4E62/2020,247,293
hCoV-19/England/QEUH-9B4E53/2020,247,293
hCoV-19/England/QEUH-9B4E26/2020,247,293
hCoV-19/England/QEUH-9B4D29/2020,247,293
hCoV-19/England/QEUH-9B4D1A/2020,247,293
hCoV-19/England/QEUH-9B4D0B/2020,247,293
hCoV-19/England/QEUH-9B4AB9/2020,247,293
hCoV-19/England/QEUH-9B47A3/2020,247,293
hCoV-19/England/QEUH-9B4785/2020,247,293
hCoV-19/England/QEUH-9B4767/2020,247,293
hCoV-19/England/QEUH-9B46F1/2020,247,293
hCoV-19/England/QEUH-9B46C4/2020,247,293
hCoV-19/England/QEUH-9B46B5/2020,247,293
hCoV-19/England/QEUH-9B4688/2020,247,293
hCoV-19/England/QEUH-9B466A/2020,247,293
hCoV-19/England/QEUH-9B465B/2020,247,293
hCoV-19/England/QEUH-9B463D/2020,247,293
hCoV-19/England/QEUH-9B462E/2020,247,293
hCoV-19/England/QEUH-9B457C/2020,247,271
hCoV-19/England/QEUH-9B456D/2020,247,293
hCoV-19/England/QEUH-9B448E/2020,247,271
hCoV-19/England/QEUH-9B447F/2020,247,271
hCoV-19/England/QEUH-9B4433/2020,247,271
hCoV-19/England/QEUH-9B4406/2020,247,271
hCoV-19/England/QEUH-9B43CD/2020,247,271
hCoV-19/England/QEUH-9B43AF/2020,247,271
hCoV-19/England/QEUH-9B4275/2020,247,271
hCoV-19/England/QEUH-9B4266/2020,247,271
hCoV-19/England/QEUH-9B4196/2020,247,271
hCoV-19/England/QEUH-9B3F06/2020,247,278
hCoV-19/England/QEUH-9B3EEB/2020,247,278
hCoV-19/England/QEUH-9B3EDC/2020,247,278
hCoV-19/England/QEUH-9B3E18/2020,247,278
hCoV-19/England/QEUH-9B3D48/2020,247,278
hCoV-19/England/QEUH-9B3CB4/2020,247,278
hCoV-19/England/QEUH-9B3C0F/2020,247,278
hCoV-19/England/QEUH-9B3B4E/2020,247,278
hCoV-19/England/QEUH-9B3B3F/2020,247,278
hCoV-19/England/QEUH-9B3B20/2020,247,278
hCoV-19/England/QEUH-9B3B11/2020,247,278
hCoV-19/England/QEUH-9B3B02/2020,247,278
hCoV-19/England/QEUH-9B3AF6/2020,247,278
hCoV-19/England/QEUH-9B3AD8/2020,247,278
hCoV-19/England/QEUH-9B3A7E/2020,247,278
hCoV-19/England/QEUH-9AF77E/2020,247,546
hCoV-19/England/QEUH-9AF76F/2020,247,546
hCoV-19/England/QEUH-9AE566/2020,247,334
hCoV-19/England/QEUH-9AE1DB/2020,247,320
hCoV-19/England/QEUH-9AE1CC/2020,247,320
hCoV-19/England/QEUH-9AE0FC/2020,247,320
hCoV-19/England/MILK-9C4825/2020,247,271
hCoV-19/England/MILK-9C3D72/2020,247,274
hCoV-19/England/MILK-9A5787/2020,247,271
hCoV-19/England/MILK-9A5778/2020,247,271
hCoV-19/England/MILK-9A5769/2020,247,271
hCoV-19/England/MILK-9A56F3/2020,247,271
hCoV-19/England/MILK-9A52A4/2020,247,271
hCoV-19/England/CAMC-9B2EFB/2020,247,546
hCoV-19/England/CAMC-9B2EEC/2020,247,546
hCoV-19/England/CAMC-9B2EDD/2020,247,546
hCoV-19/England/CAMC-9B2D58/2020,247,546
hCoV-19/England/CAMC-9B2D2B/2020,247,546
hCoV-19/England/CAMC-9B2C5B/2020,247,546
hCoV-19/England/CAMC-9B2C4C/2020,247,546
hCoV-19/England/CAMC-9B2BF4/2020,247,546
hCoV-19/England/CAMC-9B2BC7/2020,247,546
hCoV-19/England/CAMC-9B29EB/2020,247,271
hCoV-19/England/CAMC-9B25C9/2020,247,274
hCoV-19/England/CAMC-9B25AB/2020,247,274
hCoV-19/England/CAMC-9B2514/2020,247,271
hCoV-19/England/CAMC-9B24F9/2020,247,271
hCoV-19/England/CAMC-9B2462/2020,247,271
hCoV-19/England/CAMC-9B2365/2020,247,271
hCoV-19/England/CAMC-9B2338/2020,247,271
hCoV-19/England/CAMC-9B22FF/2020,247,271
hCoV-19/England/CAMC-9B22D1/2020,247,271
hCoV-19/England/CAMC-9B22C2/2020,247,274
hCoV-19/England/CAMC-9B22A4/2020,247,274
hCoV-19/England/CAMC-9B21E3/2020,247,274
hCoV-19/England/CAMC-9B2004/2020,247,271
hCoV-19/England/CAMC-9B1FF9/2020,247,271
hCoV-19/England/CAMC-9B1FEA/2020,247,271
hCoV-19/England/CAMC-9B1F08/2020,247,271
hCoV-19/England/CAMC-9B1EFC/2020,247,271
hCoV-19/England/CAMC-9B1EB0/2020,247,271
hCoV-19/England/CAMC-9B1EA1/2020,247,271
hCoV-19/England/CAMC-9B1E92/2020,247,271
hCoV-19/England/CAMC-9B1E65/2020,247,271
hCoV-19/England/CAMC-9B1E38/2020,247,271
hCoV-19/England/CAMC-9B1D95/2020,247,274
hCoV-19/England/CAMC-9B1D77/2020,247,274
hCoV-19/England/CAMC-9B1D2C/2020,247,274
hCoV-19/England/CAMC-9B1D1D/2020,247,274
hCoV-19/England/CAMC-9B1D0E/2020,247,274
hCoV-19/England/CAMC-9B1CA7/2020,247,274
hCoV-19/England/CAMC-9B1C6B/2020,247,274
hCoV-19/England/CAMC-9B1C4D/2020,247,274
hCoV-19/England/CAMC-9B1C3E/2020,247,274
hCoV-19/England/CAMC-9B1C10/2020,247,274
hCoV-19/England/CAMC-9B1BF5/2020,247,274
hCoV-19/England/CAMC-9B1B31/2020,247,274
hCoV-19/England/CAMC-9B1B22/2020,247,274
hCoV-19/England/CAMC-9B1B13/2020,247,274
hCoV-19/England/CAMC-9B1AF8/2020,247,274
hCoV-19/England/CAMC-9B1AE9/2020,247,274
hCoV-19/England/CAMC-9B1ADA/2020,247,274
hCoV-19/England/CAMB-1B5DA8/2020,247,271
hCoV-19/England/BIRM-63EA7/2020,247,285
hCoV-19/England/BIRM-63E98/2020,247,285
hCoV-19/England/BIRM-63E89/2020,247,285
hCoV-19/England/BIRM-63E3E/2020,247,285
hCoV-19/England/BIRM-63E2F/2020,247,285
hCoV-19/England/BIRM-63E10/2020,247,285
hCoV-19/England/BIRM-63DD7/2020,247,285
hCoV-19/England/BIRM-63DAA/2020,247,285
hCoV-19/England/BIRM-63D9B/2020,247,285
hCoV-19/England/BIRM-63D7D/2020,247,285
hCoV-19/Wales/PHWC-16C4BA/2020,248,278
hCoV-19/Wales/PHWC-16A3FB/2020,248,257
hCoV-19/Wales/PHWC-16A319/2020,248,257
hCoV-19/Wales/PHWC-16A22B/2020,248,257
hCoV-19/Wales/PHWC-16A1F1/2020,248,257
hCoV-19/Wales/PHWC-16A197/2020,248,257
hCoV-19/Wales/PHWC-16A188/2020,248,257
hCoV-19/Wales/PHWC-16A16A/2020,248,257
hCoV-19/Wales/PHWC-16A14C/2020,248,257
hCoV-19/Wales/PHWC-16A0D6/2020,248,257
hCoV-19/Wales/PHWC-16A0B8/2020,248,257
hCoV-19/Wales/PHWC-16A0A9/2020,248,257
hCoV-19/Wales/PHWC-16A08B/2020,248,257
hCoV-19/Wales/PHWC-16A05E/2020,248,257
hCoV-19/Wales/PHWC-16A030/2020,248,257
hCoV-19/Wales/PHWC-16A021/2020,248,257
hCoV-19/Wales/PHWC-16A012/2020,248,257
hCoV-19/Wales/PHWC-169FDA/2020,248,257
hCoV-19/Scotland/QEUH-9BA181/2020,248,278
hCoV-19/Scotland/QEUH-9B9E5E/2020,248,274
hCoV-19/Scotland/QEUH-9AE706/2020,248,285
hCoV-19/Scotland/QEUH-9AE6BE/2020,248,285
hCoV-19/Scotland/QEUH-9AE681/2020,248,285
hCoV-19/Scotland/QEUH-9AE672/2020,248,285
hCoV-19/Scotland/QEUH-9AE654/2020,248,285
hCoV-19/Scotland/QEUH-9AE478/2020,248,320
hCoV-19/Scotland/QEUH-9AE45A/2020,248,320
hCoV-19/Scotland/QEUH-9AE44B/2020,248,320
hCoV-19/Scotland/QEUH-9AE43C/2020,248,320
hCoV-19/Scotland/QEUH-9AE42D/2020,248,320
hCoV-19/Scotland/QEUH-9AE41E/2020,248,320
hCoV-19/Scotland/QEUH-9AE3D5/2020,248,320
hCoV-19/Scotland/QEUH-9AE3C6/2020,248,320
hCoV-19/Scotland/QEUH-9AE3B7/2020,248,320
hCoV-19/Scotland/QEUH-9ADF96/2020,248,320
hCoV-19/Scotland/QEUH-9ADF87/2020,248,320
hCoV-19/Scotland/QEUH-9ADF5A/2020,248,320
hCoV-19/Scotland/QEUH-9ADF1E/2020,248,320
hCoV-19/Scotland/QEUH-9ADED5/2020,248,320
hCoV-19/Scotland/QEUH-9AD2CA/2020,248,271
hCoV-19/Scotland/QEUH-9AD29D/2020,248,271
hCoV-19/Scotland/QEUH-9AD1DC/2020,248,271
hCoV-19/Scotland/QEUH-9AD1CD/2020,248,271
hCoV-19/Scotland/QEUH-9AD118/2020,248,271
hCoV-19/Scotland/QEUH-9AD0C0/2020,248,271
hCoV-19/Scotland/QEUH-9AD075/2020,248,271
hCoV-19/Scotland/QEUH-9AD066/2020,248,271
hCoV-19/Scotland/QEUH-9AD039/2020,248,271
hCoV-19/Scotland/QEUH-9AD02A/2020,248,271
hCoV-19/Scotland/QEUH-9AD01B/2020,248,271
hCoV-19/Scotland/QEUH-9AD00C/2020,248,271
hCoV-19/Scotland/QEUH-9ACF97/2020,248,271
hCoV-19/Scotland/QEUH-9ACF5B/2020,248,271
hCoV-19/Scotland/QEUH-9ACF2E/2020,248,271
hCoV-19/Scotland/QEUH-9ACC45/2020,248,271
hCoV-19/Scotland/CVR4623/2020,248,292
hCoV-19/Scotland/CVR4621/2020,248,292
hCoV-19/England/TFCI-270A607/2020,248,502
hCoV-19/England/SHEF-CC1EF/2020,248,271
hCoV-19/England/SHEF-C683B/2020,248,271
hCoV-19/England/QEUH-A4C0C2/2020,248,313
hCoV-19/England/QEUH-9BAB65/2020,248,278
hCoV-19/England/QEUH-9BA093/2020,248,278
hCoV-19/England/QEUH-9BA048/2020,248,278
hCoV-19/England/QEUH-9B9C18/2020,248,271
hCoV-19/England/QEUH-9B9B1B/2020,248,271
hCoV-19/England/QEUH-9B9313/2020,248,271
hCoV-19/England/QEUH-9B929E/2020,248,271
hCoV-19/England/QEUH-9B90FE/2020,248,271
hCoV-19/England/QEUH-9B9067/2020,248,271
hCoV-19/England/QEUH-9B8EF5/2020,248,271
hCoV-19/England/QEUH-9B8B94/2020,248,271
hCoV-19/England/QEUH-9B8B85/2020,248,271
hCoV-19/England/QEUH-9B889D/2020,248,271
hCoV-19/England/QEUH-9B8815/2020,248,271
hCoV-19/England/QEUH-9B87FA/2020,248,271
hCoV-19/England/QEUH-9B87EB/2020,248,271
hCoV-19/England/QEUH-9B855A/2020,248,271
hCoV-19/England/QEUH-9B847B/2020,248,271
hCoV-19/England/QEUH-9B83E7/2020,248,271
hCoV-19/England/QEUH-9B74C7/2020,248,293
hCoV-19/England/QEUH-9B7315/2020,248,293
hCoV-19/England/QEUH-9B7263/2020,248,293
hCoV-19/England/QEUH-9AEAA3/2020,248,285
hCoV-19/England/QEUH-9AEA85/2020,248,285
hCoV-19/England/QEUH-9AEA76/2020,248,278
hCoV-19/England/QEUH-9AEA67/2020,248,285
hCoV-19/England/QEUH-9AEA3A/2020,248,285
hCoV-19/England/QEUH-9AEA2B/2020,248,285
hCoV-19/England/QEUH-9AEA0D/2020,248,285
hCoV-19/England/QEUH-9AE9E2/2020,248,285
hCoV-19/England/QEUH-9AE9D3/2020,248,285
hCoV-19/England/QEUH-9AE9C4/2020,248,285
hCoV-19/England/QEUH-9AE9B5/2020,248,285
hCoV-19/England/QEUH-9AE997/2020,248,285
hCoV-19/England/QEUH-9AE663/2020,248,285
hCoV-19/England/QEUH-9AE645/2020,248,285
hCoV-19/England/QEUH-9AE539/2020,248,285
hCoV-19/England/QEUH-9AE51B/2020,248,285
hCoV-19/England/QEUH-9AE40F/2020,248,320
hCoV-19/England/QEUH-9AE3F3/2020,248,320
hCoV-19/England/QEUH-9AE0DE/2020,248,320
hCoV-19/England/QEUH-9AE0CF/2020,248,320
hCoV-19/England/QEUH-9AE0B0/2020,248,320
hCoV-19/England/QEUH-9AE0A1/2020,248,320
hCoV-19/England/QEUH-9ADF2D/2020,248,320
hCoV-19/England/QEUH-9ADEE4/2020,248,320
hCoV-19/England/QEUH-9AD2E8/2020,248,271
hCoV-19/England/QEUH-9AD27F/2020,248,271
hCoV-19/England/QEUH-9AD242/2020,248,271
hCoV-19/England/QEUH-9AD224/2020,248,271
hCoV-19/England/QEUH-9AD1BE/2020,248,271
hCoV-19/England/QEUH-9AD172/2020,248,271
hCoV-19/England/QEUH-9AD0DF/2020,248,271
hCoV-19/England/QEUH-9ACBEE/2020,248,271
hCoV-19/England/QEUH-9ACBC0/2020,248,271
hCoV-19/England/QEUH-9ACB93/2020,248,271
hCoV-19/England/NORW-EF9FD/2020,248,264
hCoV-19/England/NORT-2A4682/2020,248,278
hCoV-19/England/MILK-9C47BF/2020,248,271
hCoV-19/England/MILK-9C33CB/2020,248,274
hCoV-19/England/MILK-9C311C/2020,248,274
hCoV-19/England/MILK-9C26F0/2020,248,274
hCoV-19/England/CAMC-9B2CA6/2020,248,546
hCoV-19/England/CAMC-9B2839/2020,248,274
hCoV-19/England/CAMB-1B5DE4/2020,248,271
hCoV-19/England/CAMB-1B5DD5/2020,248,271
hCoV-19/England/BIRM-640A0/2020,248,327
hCoV-19/England/BIRM-63E4D/2020,248,285
hCoV-19/England/ALDP-B3E45D/2020,248,324
hCoV-19/England/203690368/2020,248,257
hCoV-19/England/203690361/2020,248,257
hCoV-19/England/203690360/2020,248,257
hCoV-19/England/203690358/2020,248,257
hCoV-19/England/203690354/2020,248,257
hCoV-19/England/203690351/2020,248,257
hCoV-19/England/203690348/2020,248,257
