hCoV-19/Wales/QEUH-94129B/2020,207,254
hCoV-19/Wales/QEUH-941161/2020,207,254
hCoV-19/Wales/PHWC-1697C3/2020,207,223
hCoV-19/Scotland/QEUH-887DB7/2020,207,254
hCoV-19/Scotland/QEUH-87E8EF/2020,207,254
hCoV-19/England/QEUH-943EE0/2020,207,254
hCoV-19/England/QEUH-943466/2020,207,254
hCoV-19/England/QEUH-8B3909/2020,207,254
hCoV-19/England/QEUH-8B3471/2020,207,254
hCoV-19/England/QEUH-89AF24/2020,207,254
hCoV-19/England/QEUH-89971E/2020,207,254
hCoV-19/England/QEUH-896210/2020,207,254
hCoV-19/England/QEUH-8845FE/2020,207,254
hCoV-19/England/QEUH-8845D0/2020,207,254
hCoV-19/England/QEUH-883CCD/2020,207,254
hCoV-19/England/QEUH-881EC9/2020,207,254
hCoV-19/England/QEUH-880149/2020,207,254
hCoV-19/England/QEUH-87FC6A/2020,207,254
hCoV-19/England/QEUH-87DD1E/2020,207,254
hCoV-19/England/QEUH-87DB41/2020,207,254
hCoV-19/England/QEUH-87DA9F/2020,207,254
hCoV-19/England/NORT-294157/2020,207,278
hCoV-19/England/MILK-97786D/2020,207,287
hCoV-19/England/LIVE-AAA37/2020,207,264
hCoV-19/England/LIVE-A979B/2020,207,244
hCoV-19/England/LIVE-A9643/2020,207,244
hCoV-19/England/LIVE-A9519/2020,207,292
hCoV-19/England/LIVE-A93E2/2020,207,244
hCoV-19/England/CAMC-94B853/2020,207,271
hCoV-19/England/CAMC-94B70B/2020,207,271
hCoV-19/England/CAMC-94AAD6/2020,207,271
hCoV-19/England/CAMC-949F9C/2020,207,271
hCoV-19/England/CAMC-949BD4/2020,207,271
hCoV-19/England/CAMC-94908A/2020,207,271
hCoV-19/England/CAMC-9484AD/2020,207,271
hCoV-19/England/CAMC-946F35/2020,207,271
hCoV-19/England/BIRM-62691/2020,207,253
hCoV-19/England/BIRM-62682/2020,207,253
hCoV-19/Wales/PHWC-169AD9/2020,208,229
hCoV-19/Scotland/QEUH-9410FB/2020,208,254
hCoV-19/Scotland/QEUH-89B864/2020,208,254
hCoV-19/Scotland/QEUH-88E415/2020,208,254
hCoV-19/Scotland/QEUH-88C08C/2020,208,254
hCoV-19/England/TFCI-26F9EAA/2020,208,379
hCoV-19/England/QEUH-943ED1/2020,208,254
hCoV-19/England/QEUH-943EB3/2020,208,254
hCoV-19/England/QEUH-94379A/2020,208,254
hCoV-19/England/QEUH-94377C/2020,208,254
hCoV-19/England/QEUH-941125/2020,208,254
hCoV-19/England/QEUH-8A0AB1/2020,208,254
hCoV-19/England/QEUH-8A02AA/2020,208,254
hCoV-19/England/QEUH-8A00BF/2020,208,254
hCoV-19/England/QEUH-89C2DE/2020,208,254
hCoV-19/England/QEUH-89A66B/2020,208,254
hCoV-19/England/QEUH-89A601/2020,208,254
hCoV-19/England/QEUH-8997A5/2020,208,254
hCoV-19/England/QEUH-89966C/2020,208,254
hCoV-19/England/QEUH-89873D/2020,208,254
hCoV-19/England/QEUH-898560/2020,208,254
hCoV-19/England/QEUH-897A35/2020,208,254
hCoV-19/England/QEUH-8970BB/2020,208,254
hCoV-19/England/QEUH-8953B4/2020,208,254
hCoV-19/England/QEUH-894C9C/2020,208,254
hCoV-19/England/QEUH-894AED/2020,208,254
hCoV-19/England/QEUH-894133/2020,208,254
hCoV-19/England/QEUH-8930A0/2020,208,254
hCoV-19/England/QEUH-8928F4/2020,208,254
hCoV-19/England/QEUH-88DA9C/2020,208,254
hCoV-19/England/QEUH-88D3CE/2020,208,254
hCoV-19/England/QEUH-88D382/2020,208,254
hCoV-19/England/QEUH-88CEFB/2020,208,254
hCoV-19/England/QEUH-88CEDD/2020,208,254
hCoV-19/England/QEUH-88C8C0/2020,208,254
hCoV-19/England/QEUH-88C7A5/2020,208,254
hCoV-19/England/NORT-2941A2/2020,208,278
hCoV-19/England/NORT-294193/2020,208,278
hCoV-19/England/MILK-977DE6/2020,208,271
hCoV-19/England/MILK-977DC8/2020,208,244
hCoV-19/England/MILK-977DAA/2020,208,244
hCoV-19/England/MILK-977D40/2020,208,271
hCoV-19/England/MILK-977D22/2020,208,271
hCoV-19/England/MILK-977D04/2020,208,271
hCoV-19/England/MILK-977CE9/2020,208,271
hCoV-19/England/MILK-977C34/2020,208,271
hCoV-19/England/MILK-977B64/2020,208,244
hCoV-19/England/LIVE-AAE95/2020,208,264
hCoV-19/England/LIVE-AAE2C/2020,208,264
hCoV-19/England/LIVE-AAA28/2020,208,264
hCoV-19/England/CAMC-94C1FD/2020,208,271
hCoV-19/England/CAMC-94B5E3/2020,208,271
hCoV-19/England/CAMC-94B5D4/2020,208,271
hCoV-19/England/CAMC-94ACD0/2020,208,271
hCoV-19/England/CAMC-94AA4F/2020,208,271
hCoV-19/England/CAMC-94A7A2/2020,208,271
hCoV-19/England/CAMC-94A326/2020,208,271
hCoV-19/England/CAMC-94A308/2020,208,271
hCoV-19/England/CAMC-94A2ED/2020,208,271
hCoV-19/England/CAMC-94A1FF/2020,208,271
hCoV-19/England/CAMC-949828/2020,208,271
hCoV-19/England/CAMC-9496A6/2020,208,271
hCoV-19/England/CAMC-949688/2020,208,271
hCoV-19/England/CAMC-9493FA/2020,208,271
hCoV-19/England/CAMC-9490B7/2020,208,271
hCoV-19/England/CAMC-948F06/2020,208,271
hCoV-19/England/CAMC-948883/2020,208,271
hCoV-19/England/CAMC-9427C8/2020,208,271
hCoV-19/England/CAMB-1B592C/2020,208,229
hCoV-19/England/BIRM-62707/2020,208,253
hCoV-19/England/ALDP-987E86/2020,208,253
hCoV-19/Wales/PHWC-169B30/2020,209,236
hCoV-19/Wales/PHWC-169A9D/2020,209,229
hCoV-19/Wales/PHWC-169A8E/2020,209,229
hCoV-19/Wales/PHWC-169A60/2020,209,229
hCoV-19/Wales/PHWC-169A51/2020,209,229
hCoV-19/Scotland/QEUH-9437B8/2020,209,254
hCoV-19/Scotland/QEUH-89E6D0/2020,209,254
hCoV-19/Scotland/QEUH-89E46D/2020,209,254
hCoV-19/Scotland/QEUH-89DD18/2020,209,254
hCoV-19/Scotland/QEUH-89DB2D/2020,209,254
hCoV-19/Scotland/QEUH-89C0D4/2020,209,254
hCoV-19/Scotland/QEUH-899FDA/2020,209,254
hCoV-19/Scotland/QEUH-895967/2020,209,254
hCoV-19/Scotland/QEUH-8937D8/2020,209,254
hCoV-19/England/QEUH-961DC1/2020,209,259
hCoV-19/England/QEUH-943E68/2020,209,254
hCoV-19/England/QEUH-943E59/2020,209,254
hCoV-19/England/QEUH-943E2C/2020,209,254
hCoV-19/England/QEUH-943E1D/2020,209,254
hCoV-19/England/QEUH-943ADD/2020,209,254
hCoV-19/England/QEUH-943A19/2020,209,254
hCoV-19/England/QEUH-943518/2020,209,254
hCoV-19/England/QEUH-897622/2020,209,254
hCoV-19/England/QEUH-8865ED/2020,209,254
hCoV-19/England/NORT-294254/2020,209,278
hCoV-19/England/MILK-975BA2/2020,209,271
hCoV-19/England/LIVE-AAF47/2020,209,264
hCoV-19/England/LIVE-AAEA4/2020,209,264
hCoV-19/England/LIVE-AAE1D/2020,209,264
hCoV-19/England/LIVE-AAE0E/2020,209,264
hCoV-19/England/LIVE-A9810/2020,209,474
hCoV-19/England/LIVE-A97B9/2020,209,474
hCoV-19/England/EKHU-260F7C4/2020,209,546
hCoV-19/England/EKHU-260F7B5/2020,209,546
hCoV-19/England/ALDP-987ED1/2020,209,253
hCoV-19/England/ALDP-987EB3/2020,209,253
hCoV-19/England/ALDP-987E3B/2020,209,253
hCoV-19/England/ALDP-987E2C/2020,209,253
hCoV-19/England/ALDP-9846FA/2020,209,253
hCoV-19/England/ALDP-9846EB/2020,209,253
hCoV-19/England/ALDP-9846DC/2020,209,253
hCoV-19/England/ALDP-9846CD/2020,209,253
hCoV-19/England/ALDP-9846BE/2020,209,253
hCoV-19/England/ALDP-9846AF/2020,209,253
hCoV-19/England/ALDP-9842D8/2020,209,253
hCoV-19/England/203290059/2020,209,229
hCoV-19/Wales/PHWC-169BA9/2020,210,236
hCoV-19/Wales/PHWC-169B8B/2020,210,236
hCoV-19/Wales/PHWC-169B7C/2020,210,236
hCoV-19/Wales/PHWC-169B5E/2020,210,236
hCoV-19/Wales/PHWC-169ABB/2020,210,229
hCoV-19/Wales/PHWC-169A7F/2020,210,229
hCoV-19/Wales/PHWC-169A42/2020,210,229
hCoV-19/Wales/PHWC-169A33/2020,210,229
hCoV-19/Wales/PHWC-169A06/2020,210,229
hCoV-19/Wales/PHWC-1699FA/2020,210,229
hCoV-19/Wales/PHWC-1699EB/2020,210,229
hCoV-19/Scotland/CVR3961/2020,210,223
hCoV-19/Scotland/CVR3960/2020,210,223
hCoV-19/Scotland/CVR3959/2020,210,223
hCoV-19/England/QEUH-9613CF/2020,210,259
hCoV-19/England/QEUH-943AEC/2020,210,254
hCoV-19/England/QEUH-94367F/2020,210,254
hCoV-19/England/QEUH-943633/2020,210,254
hCoV-19/England/QEUH-943606/2020,210,254
hCoV-19/England/QEUH-9435BE/2020,210,254
hCoV-19/England/QEUH-943484/2020,210,254
hCoV-19/England/QEUH-94342A/2020,210,254
hCoV-19/England/QEUH-943387/2020,210,254
hCoV-19/England/QEUH-94128C/2020,210,254
hCoV-19/England/QEUH-94127D/2020,210,254
hCoV-19/England/QEUH-94126E/2020,210,254
hCoV-19/England/QEUH-941170/2020,210,254
hCoV-19/England/QEUH-88A80E/2020,210,254
hCoV-19/England/QEUH-882A88/2020,210,254
hCoV-19/England/MILK-978486/2020,210,244
hCoV-19/England/MILK-9781E9/2020,210,244
hCoV-19/England/MILK-978134/2020,210,271
hCoV-19/England/MILK-978073/2020,210,271
hCoV-19/England/MILK-978046/2020,210,271
hCoV-19/England/MILK-977FA4/2020,210,271
hCoV-19/England/MILK-977F77/2020,210,271
hCoV-19/England/MILK-977F59/2020,210,271
hCoV-19/England/LIVE-AAFA1/2020,210,264
hCoV-19/England/EKHU-260F7A6/2020,210,546
hCoV-19/England/EKHU-260F797/2020,210,546
hCoV-19/England/EKHU-260F779/2020,210,546
hCoV-19/England/EKHU-260F76A/2020,210,546
hCoV-19/England/EKHU-260F75B/2020,210,546
hCoV-19/England/CAMC-942CAB/2020,210,271
hCoV-19/England/203180881/2020,210,274
hCoV-19/Wales/PHWC-169C79/2020,211,253
hCoV-19/Wales/PHWC-169AAC/2020,211,229
hCoV-19/Wales/PHWC-169A24/2020,211,229
hCoV-19/England/TFCI-26F9EB9/2020,211,379
hCoV-19/England/SHEF-C71F3/2020,211,236
hCoV-19/England/SHEF-C3AED/2020,211,236
hCoV-19/England/SHEF-C0D41/2020,211,236
hCoV-19/England/QEUH-961E73/2020,211,259
hCoV-19/England/QEUH-961DD0/2020,211,259
hCoV-19/England/QEUH-961D85/2020,211,259
hCoV-19/England/QEUH-961D1C/2020,211,259
hCoV-19/England/QEUH-961C79/2020,211,259
hCoV-19/England/QEUH-961BA9/2020,211,259
hCoV-19/England/QEUH-961B9A/2020,211,259
hCoV-19/England/QEUH-961936/2020,211,259
hCoV-19/England/QEUH-960490/2020,211,254
hCoV-19/England/QEUH-943976/2020,211,254
hCoV-19/England/QEUH-943949/2020,211,254
hCoV-19/England/QEUH-9436D9/2020,211,254
hCoV-19/England/QEUH-9436BB/2020,211,254
hCoV-19/England/QEUH-94368E/2020,211,254
hCoV-19/England/QEUH-943651/2020,211,254
hCoV-19/England/QEUH-943642/2020,211,254
hCoV-19/England/QEUH-943615/2020,211,254
hCoV-19/England/QEUH-9435EB/2020,211,254
hCoV-19/England/QEUH-943545/2020,211,254
hCoV-19/England/QEUH-9433E1/2020,211,254
hCoV-19/England/QEUH-94335A/2020,211,254
hCoV-19/England/NOTT-112E5B/2020,211,223
hCoV-19/England/MILK-978626/2020,211,271
hCoV-19/England/MILK-978583/2020,211,244
hCoV-19/England/MILK-978495/2020,211,244
hCoV-19/England/MILK-978477/2020,211,244
hCoV-19/England/MILK-978389/2020,211,244
hCoV-19/England/MILK-97833E/2020,211,244
hCoV-19/England/MILK-97832F/2020,211,244
hCoV-19/England/MILK-9782F5/2020,211,244
hCoV-19/England/MILK-9782E6/2020,211,244
hCoV-19/England/MILK-9782D7/2020,211,244
hCoV-19/England/MILK-97828C/2020,211,244
hCoV-19/England/MILK-9781AD/2020,211,271
hCoV-19/England/MILK-978152/2020,211,271
hCoV-19/England/MILK-978107/2020,211,271
hCoV-19/England/MILK-9780FB/2020,211,271
hCoV-19/England/MILK-9780DD/2020,211,271
hCoV-19/England/MILK-9780CE/2020,211,271
hCoV-19/England/EKHU-260F71F/2020,211,546
hCoV-19/England/EKHU-260F6F4/2020,211,546
hCoV-19/England/CAMC-94AC49/2020,211,271
hCoV-19/England/CAMC-949819/2020,211,271
hCoV-19/England/CAMC-948CF0/2020,211,271
hCoV-19/England/BRIS-13380B/2020,211,240
hCoV-19/England/BIRM-62743/2020,211,572
hCoV-19/England/BIRM-626CE/2020,211,253
hCoV-19/England/ALDP-97F2B2/2020,211,253
hCoV-19/England/ALDP-97F20D/2020,211,253
hCoV-19/England/ALDP-97F1C4/2020,211,253
hCoV-19/England/202740182/2020,211,274
hCoV-19/Wales/PHWC-169C1F/2020,212,236
hCoV-19/Scotland/QEUH-9439C1/2020,212,254
hCoV-19/England/TFCI-26F9EC8/2020,212,379
hCoV-19/England/QEUH-961E64/2020,212,259
hCoV-19/England/QEUH-961DB2/2020,212,259
hCoV-19/England/QEUH-961D2B/2020,212,259
hCoV-19/England/QEUH-961C3D/2020,212,259
hCoV-19/England/QEUH-961B4F/2020,212,259
hCoV-19/England/QEUH-961990/2020,212,259
hCoV-19/England/QEUH-961972/2020,212,259
hCoV-19/England/QEUH-961918/2020,212,259
hCoV-19/England/QEUH-9618FD/2020,212,259
hCoV-19/England/QEUH-9618B1/2020,212,259
hCoV-19/England/QEUH-961848/2020,212,259
hCoV-19/England/QEUH-96174B/2020,212,259
hCoV-19/England/QEUH-96171E/2020,212,259
hCoV-19/England/QEUH-961620/2020,212,259
hCoV-19/England/QEUH-96159C/2020,212,259
hCoV-19/England/QEUH-96158D/2020,212,259
hCoV-19/England/QEUH-961462/2020,212,259
hCoV-19/England/QEUH-9609EC/2020,212,254
hCoV-19/England/QEUH-96082B/2020,212,254
hCoV-19/England/QEUH-9439FE/2020,212,254
hCoV-19/England/QEUH-94393A/2020,212,254
hCoV-19/England/QEUH-9435FA/2020,212,254
hCoV-19/England/QEUH-9435CD/2020,212,254
hCoV-19/England/QEUH-943581/2020,212,254
hCoV-19/England/QEUH-943509/2020,212,254
hCoV-19/England/QEUH-9434DF/2020,212,254
hCoV-19/England/QEUH-94340C/2020,212,254
hCoV-19/England/QEUH-9433F0/2020,212,254
hCoV-19/England/QEUH-9433D2/2020,212,254
hCoV-19/England/NOTT-112E79/2020,212,223
hCoV-19/England/NORT-294421/2020,212,278
hCoV-19/England/NORT-2943D9/2020,212,278
hCoV-19/England/MILK-978811/2020,212,271
hCoV-19/England/MILK-9787C9/2020,212,271
hCoV-19/England/MILK-97877E/2020,212,271
hCoV-19/England/MILK-97876F/2020,212,271
hCoV-19/England/MILK-978750/2020,212,271
hCoV-19/England/MILK-978741/2020,212,271
hCoV-19/England/MILK-978705/2020,212,271
hCoV-19/England/MILK-97869F/2020,212,271
hCoV-19/England/MILK-978671/2020,212,271
hCoV-19/England/MILK-978662/2020,212,271
hCoV-19/England/MILK-978653/2020,212,271
hCoV-19/England/MILK-978644/2020,212,271
hCoV-19/England/MILK-978608/2020,212,271
hCoV-19/England/MILK-9785ED/2020,212,271
hCoV-19/England/MILK-9785DE/2020,212,244
hCoV-19/England/MILK-9785CF/2020,212,244
hCoV-19/England/MILK-9785B0/2020,212,244
hCoV-19/England/MILK-9785A1/2020,212,244
hCoV-19/England/LIVE-AAD4D/2020,212,264
hCoV-19/England/LIVE-AAD01/2020,212,264
hCoV-19/England/LIVE-AACF5/2020,212,264
hCoV-19/England/LIVE-AABE9/2020,212,264
hCoV-19/England/EKHU-260F6D6/2020,212,546
hCoV-19/England/EKHU-260F6C7/2020,212,546
hCoV-19/England/EKHU-260F6B8/2020,212,546
hCoV-19/England/BRIS-1337A4/2020,212,240
hCoV-19/England/BIRM-627AD/2020,212,572
hCoV-19/England/BIRM-62761/2020,212,572
hCoV-19/England/ALDP-984FA4/2020,212,253
hCoV-19/England/203290067/2020,212,229
hCoV-19/England/203290060/2020,212,229
hCoV-19/Wales/QEUH-961E55/2020,213,259
hCoV-19/Wales/PHWC-169BD6/2020,213,236
hCoV-19/Wales/PHWC-169ACA/2020,213,229
hCoV-19/Wales/MILK-9789C3/2020,213,271
hCoV-19/Scotland/QEUH-943ABF/2020,213,254
hCoV-19/Scotland/QEUH-9439B2/2020,213,254
hCoV-19/Scotland/QEUH-9439A3/2020,213,254
hCoV-19/Scotland/QEUH-9435AF/2020,213,254
hCoV-19/Scotland/QEUH-943439/2020,213,254
hCoV-19/Scotland/EDB7118/2020,213,229
hCoV-19/England/TFCI-26F9ED7/2020,213,379
hCoV-19/England/QEUH-961DEF/2020,213,259
hCoV-19/England/QEUH-961D0D/2020,213,259
hCoV-19/England/QEUH-961C5B/2020,213,259
hCoV-19/England/QEUH-961C00/2020,213,259
hCoV-19/England/QEUH-9619FA/2020,213,259
hCoV-19/England/QEUH-9619DC/2020,213,259
hCoV-19/England/QEUH-961954/2020,213,259
hCoV-19/England/QEUH-961945/2020,213,259
hCoV-19/England/QEUH-9617F0/2020,213,259
hCoV-19/England/QEUH-9617E1/2020,213,259
hCoV-19/England/QEUH-9617D2/2020,213,259
hCoV-19/England/QEUH-961796/2020,213,259
hCoV-19/England/QEUH-961787/2020,213,259
hCoV-19/England/QEUH-96173C/2020,213,259
hCoV-19/England/QEUH-9616E4/2020,213,259
hCoV-19/England/QEUH-961611/2020,213,259
hCoV-19/England/QEUH-961541/2020,213,259
hCoV-19/England/QEUH-961523/2020,213,259
hCoV-19/England/QEUH-961408/2020,213,259
hCoV-19/England/QEUH-943A73/2020,213,254
hCoV-19/England/NORT-29448B/2020,213,278
hCoV-19/England/NORT-29447C/2020,213,278
hCoV-19/England/MILK-978AFD/2020,213,271
hCoV-19/England/MILK-978AEE/2020,213,271
hCoV-19/England/MILK-978AC0/2020,213,244
hCoV-19/England/MILK-978AB1/2020,213,244
hCoV-19/England/MILK-978A93/2020,213,271
hCoV-19/England/MILK-978A84/2020,213,271
hCoV-19/England/MILK-978A66/2020,213,271
hCoV-19/England/MILK-978A0C/2020,213,271
hCoV-19/England/MILK-9789A5/2020,213,271
hCoV-19/England/MILK-978987/2020,213,271
hCoV-19/England/MILK-97894B/2020,213,271
hCoV-19/England/MILK-97893C/2020,213,271
hCoV-19/England/MILK-97892D/2020,213,271
hCoV-19/England/LIVE-AAC22/2020,213,264
hCoV-19/England/LIVE-AABF8/2020,213,264
hCoV-19/England/EKHU-260F6A9/2020,213,546
hCoV-19/England/EKHU-260F69A/2020,213,546
hCoV-19/England/EKHU-260F67C/2020,213,546
hCoV-19/England/ALDP-984D04/2020,213,253
hCoV-19/England/ALDP-984C43/2020,213,253
hCoV-19/England/203290069/2020,213,229
hCoV-19/England/203290063/2020,213,229
