hCoV-19/Scotland/SCOT-12677/2022,858,880
hCoV-19/England/PHEC-YYFMSIR/2022,858,880
hCoV-19/England/PHEC-YYFKYS4/2022,858,876
hCoV-19/England/PHEC-YYFKYQM/2022,858,876
hCoV-19/England/PHEC-YYFKYPP/2022,858,876
hCoV-19/England/PHEC-YYFKYOG/2022,858,876
hCoV-19/England/PHEC-YYFKYAS/2022,858,876
hCoV-19/England/PHEC-YYFKY3W/2022,858,876
hCoV-19/England/PHEC-YYFKNF5/2022,858,876
hCoV-19/England/PHEC-YYFKNBD/2022,858,876
hCoV-19/England/PHEC-YYFKN8Z/2022,858,876
hCoV-19/England/PHEC-YYFKJY6/2022,858,876
hCoV-19/England/PHEC-YYFKJDA/2022,858,876
hCoV-19/England/PHEC-YYFKJBH/2022,858,876
hCoV-19/England/PHEC-YYFKEHG/2022,858,876
hCoV-19/England/PHEC-YYFKE9Y/2022,858,876
hCoV-19/England/PHEC-YYFKE6N/2022,858,876
hCoV-19/England/PHEC-YYFKE5E/2022,858,876
hCoV-19/England/PHEC-YYFKBHP/2022,858,876
hCoV-19/England/PHEC-YYFJZI8/2022,858,875
hCoV-19/England/PHEC-YYFJRD9/2022,858,875
hCoV-19/England/PHEC-YYFJN9E/2022,858,876
hCoV-19/England/PHEC-YYFJMQN/2022,858,875
hCoV-19/England/PHEC-YYFJKMJ/2022,858,875
hCoV-19/England/PHEC-YYFJHOC/2022,858,876
hCoV-19/England/PHEC-YYFJHMZ/2022,858,876
hCoV-19/England/PHEC-YYFJ9Z5/2022,858,876
hCoV-19/England/PHEC-YYFJ8R4/2022,858,875
hCoV-19/England/PHEC-YYFJ8E1/2022,858,875
hCoV-19/England/PHEC-YYFJ8AT/2022,858,875
hCoV-19/England/PHEC-YYFJ6UR/2022,858,876
hCoV-19/England/PHEC-YYFJ6E5/2022,858,876
hCoV-19/England/PHEC-YYFJ6CU/2022,858,876
hCoV-19/England/PHEC-YYF8ZOI/2022,858,870
hCoV-19/England/PHEC-YYF8WOA/2022,858,870
hCoV-19/England/PHEC-YYF8UJE/2022,858,870
hCoV-19/England/PHEC-YYF8UAJ/2022,858,870
hCoV-19/England/PHEC-YYF8U95/2022,858,870
hCoV-19/England/PHEC-YYF8TZP/2022,858,870
hCoV-19/England/PHEC-YYF8TQY/2022,858,870
hCoV-19/England/PHEC-YYF8TMG/2022,858,870
hCoV-19/England/PHEC-YYF8TCR/2022,858,870
hCoV-19/England/PHEC-YYF8TAM/2022,858,870
hCoV-19/England/PHEC-YYF8T3J/2022,858,870
hCoV-19/England/PHEC-YYFMJYH/2022,859,880
hCoV-19/England/PHEC-YYFMJNA/2022,859,880
hCoV-19/England/PHEC-YYFKYUY/2022,859,876
hCoV-19/England/PHEC-YYFKWK9/2022,859,880
hCoV-19/England/PHEC-YYFKRJT/2022,859,876
hCoV-19/England/PHEC-YYFKNOR/2022,859,876
hCoV-19/England/PHEC-YYFKNKT/2022,859,876
hCoV-19/England/PHEC-YYFKNJU/2022,859,876
hCoV-19/England/PHEC-YYFKIH3/2022,859,880
hCoV-19/England/PHEC-YYFKH87/2022,859,880
hCoV-19/England/PHEC-YYFKCRU/2022,859,877
hCoV-19/England/PHEC-YYFK7PO/2022,859,880
hCoV-19/England/PHEC-YYFK7C1/2022,859,880
hCoV-19/England/PHEC-YYFK64W/2022,859,880
hCoV-19/England/PHEC-YYFJZUM/2022,859,875
hCoV-19/England/PHEC-YYFJXWT/2022,859,875
hCoV-19/England/PHEC-YYFJXIX/2022,859,875
hCoV-19/England/PHEC-YYFJXAJ/2022,859,875
hCoV-19/England/PHEC-YYFJTOZ/2022,859,875
hCoV-19/England/PHEC-YYFJSXI/2022,859,875
hCoV-19/England/PHEC-YYFJSK9/2022,859,875
hCoV-19/England/PHEC-YYFJQCD/2022,859,875
hCoV-19/England/PHEC-YYFJQ5R/2022,859,875
hCoV-19/England/PHEC-YYFJHUG/2022,859,876
hCoV-19/England/PHEC-YYFJHSY/2022,859,876
hCoV-19/England/PHEC-YYFJHQT/2022,859,876
hCoV-19/England/PHEC-YYFJHE7/2022,859,876
hCoV-19/England/PHEC-YYFJH9Q/2022,859,876
hCoV-19/England/PHEC-YYFJH1E/2022,859,876
hCoV-19/England/PHEC-YYFJF5P/2022,859,875
hCoV-19/England/PHEC-YYFJCZQ/2022,859,875
hCoV-19/England/PHEC-YYFJARJ/2022,859,875
hCoV-19/England/PHEC-YYFJ7YC/2022,859,876
hCoV-19/England/PHEC-YYFJ7MS/2022,859,876
hCoV-19/England/PHEC-YYFJ7KA/2022,859,876
hCoV-19/England/PHEC-YYFJ7J4/2022,859,876
hCoV-19/England/PHEC-YYFJ7EH/2022,859,876
hCoV-19/England/PHEC-YYFJ3X1/2022,859,875
hCoV-19/England/PHEC-YYFJ3KH/2022,859,875
hCoV-19/England/PHEC-YYFJ3CA/2022,859,875
hCoV-19/England/PHEC-YYF81X7/2022,859,870
hCoV-19/Scotland/LSPA-3E108A4/2022,860,868
hCoV-19/Scotland/LSPA-3E10464/2022,860,868
hCoV-19/England/PHEC-YYFOTJZ/2022,860,905
hCoV-19/England/PHEC-YYFMOHH/2022,860,880
hCoV-19/England/PHEC-YYFMK8P/2022,860,880
hCoV-19/England/PHEC-YYFKWXI/2022,860,880
hCoV-19/England/PHEC-YYFKWP3/2022,860,880
hCoV-19/England/PHEC-YYFKWO1/2022,860,880
hCoV-19/England/PHEC-YYFKWC5/2022,860,880
hCoV-19/England/PHEC-YYFKWAN/2022,860,880
hCoV-19/England/PHEC-YYFKW9W/2022,860,880
hCoV-19/England/PHEC-YYFKSYT/2022,860,880
hCoV-19/England/PHEC-YYFKRYD/2022,860,876
hCoV-19/England/PHEC-YYFKR3O/2022,860,876
hCoV-19/England/PHEC-YYFKISF/2022,860,880
hCoV-19/England/PHEC-YYFKINQ/2022,860,880
hCoV-19/England/PHEC-YYFKIBO/2022,860,880
hCoV-19/England/PHEC-YYFKI9U/2022,860,880
hCoV-19/England/PHEC-YYFKI6I/2022,860,880
hCoV-19/England/PHEC-YYFKGWA/2022,860,876
hCoV-19/England/PHEC-YYFKFW3/2022,860,876
hCoV-19/England/PHEC-YYFKDW5/2022,860,876
hCoV-19/England/PHEC-YYFKDTB/2022,860,876
hCoV-19/England/PHEC-YYFKDPK/2022,860,876
hCoV-19/England/PHEC-YYFKDI3/2022,860,876
hCoV-19/England/PHEC-YYFKD19/2022,860,876
hCoV-19/England/PHEC-YYFKCNZ/2022,860,877
hCoV-19/England/PHEC-YYFK8JQ/2022,860,876
hCoV-19/England/PHEC-YYFJZ8R/2022,860,875
hCoV-19/England/PHEC-YYFJXFO/2022,860,875
hCoV-19/England/PHEC-YYFJX95/2022,860,875
hCoV-19/England/PHEC-YYFJSC5/2022,860,875
hCoV-19/England/PHEC-YYFJS1Q/2022,860,875
hCoV-19/England/PHEC-YYFJQ66/2022,860,875
hCoV-19/England/PHEC-YYFJOY3/2022,860,875
hCoV-19/England/PHEC-YYFJORT/2022,860,875
hCoV-19/England/PHEC-YYFJOKF/2022,860,875
hCoV-19/England/PHEC-YYFJOAE/2022,860,875
hCoV-19/England/PHEC-YYFJMHF/2022,860,875
hCoV-19/England/PHEC-YYFJHYP/2022,860,876
hCoV-19/England/PHEC-YYFJHD8/2022,860,876
hCoV-19/England/PHEC-YYFJHBM/2022,860,876
hCoV-19/England/PHEC-YYFJGF3/2022,860,875
hCoV-19/England/PHEC-YYFJCAC/2022,860,875
hCoV-19/England/PHEC-YYFJAIG/2022,860,875
hCoV-19/England/PHEC-YYFJ59X/2022,860,876
hCoV-19/England/PHEC-YYFJ51J/2022,860,875
hCoV-19/England/PHEC-YYFJ3OX/2022,860,875
hCoV-19/England/PHEC-YYFJ3J6/2022,860,875
hCoV-19/England/PHEC-YYFJ3FG/2022,860,875
hCoV-19/England/PHEC-YYFJ31M/2022,860,875
hCoV-19/England/PHEC-YYFCRC8/2022,860,883
hCoV-19/Scotland/QEUH-3E102C4/2022,861,868
hCoV-19/Scotland/LSPA-3E136B6/2022,861,869
hCoV-19/Scotland/LSPA-3E1356E/2022,861,869
hCoV-19/England/PHEC-YYFPYAO/2022,861,887
hCoV-19/England/PHEC-YYFPXDC/2022,861,889
hCoV-19/England/PHEC-YYFMYBD/2022,861,880
hCoV-19/England/PHEC-YYFMSFF/2022,861,880
hCoV-19/England/PHEC-YYFMS61/2022,861,880
hCoV-19/England/PHEC-YYFMJWU/2022,861,880
hCoV-19/England/PHEC-YYFMGHG/2022,861,880
hCoV-19/England/PHEC-YYFMBI3/2022,861,880
hCoV-19/England/PHEC-YYFKWZR/2022,861,880
hCoV-19/England/PHEC-YYFKWSG/2022,861,880
hCoV-19/England/PHEC-YYFKWH4/2022,861,880
hCoV-19/England/PHEC-YYFKW7A/2022,861,880
hCoV-19/England/PHEC-YYFKW5H/2022,861,880
hCoV-19/England/PHEC-YYFKUXS/2022,861,880
hCoV-19/England/PHEC-YYFKSGF/2022,861,880
hCoV-19/England/PHEC-YYFKPKG/2022,861,877
hCoV-19/England/PHEC-YYFKPJE/2022,861,877
hCoV-19/England/PHEC-YYFKNZS/2022,861,876
hCoV-19/England/PHEC-YYFKNI4/2022,861,876
hCoV-19/England/PHEC-YYFKN7K/2022,861,876
hCoV-19/England/PHEC-YYFKMHD/2022,861,877
hCoV-19/England/PHEC-YYFKMAM/2022,861,877
hCoV-19/England/PHEC-YYFKM7B/2022,861,877
hCoV-19/England/PHEC-YYFKM69/2022,861,877
hCoV-19/England/PHEC-YYFKM48/2022,861,877
hCoV-19/England/PHEC-YYFKM3J/2022,861,877
hCoV-19/England/PHEC-YYFKIWJ/2022,861,880
hCoV-19/England/PHEC-YYFKIUM/2022,861,880
hCoV-19/England/PHEC-YYFKIC4/2022,861,880
hCoV-19/England/PHEC-YYFKI47/2022,861,880
hCoV-19/England/PHEC-YYFKGKP/2022,861,876
hCoV-19/England/PHEC-YYFKGD5/2022,861,876
hCoV-19/England/PHEC-YYFKCK8/2022,861,877
hCoV-19/England/PHEC-YYFK9O8/2022,861,880
hCoV-19/England/PHEC-YYFK9I7/2022,861,880
hCoV-19/England/PHEC-YYFK9CO/2022,861,880
hCoV-19/England/PHEC-YYFK97P/2022,861,880
hCoV-19/England/PHEC-YYFK8YY/2022,861,876
hCoV-19/England/PHEC-YYFK8D4/2022,861,876
hCoV-19/England/PHEC-YYFK6TG/2022,861,880
hCoV-19/England/PHEC-YYFK6OE/2022,861,880
hCoV-19/England/PHEC-YYFJZQS/2022,861,875
hCoV-19/England/PHEC-YYFJZOT/2022,861,875
hCoV-19/England/PHEC-YYFJZK6/2022,861,875
hCoV-19/England/PHEC-YYFJZJY/2022,861,875
hCoV-19/England/PHEC-YYFJZAB/2022,861,875
hCoV-19/England/PHEC-YYFJZ47/2022,861,875
hCoV-19/England/PHEC-YYFJXBA/2022,861,875
hCoV-19/England/PHEC-YYFJSYU/2022,861,875
hCoV-19/England/PHEC-YYFJSNX/2022,861,875
hCoV-19/England/PHEC-YYFJS3Y/2022,861,875
hCoV-19/England/PHEC-YYFJOTS/2022,861,875
hCoV-19/England/PHEC-YYFJOP9/2022,861,875
hCoV-19/England/PHEC-YYFJI9I/2022,861,875
hCoV-19/England/PHEC-YYFJI6Z/2022,861,875
hCoV-19/England/PHEC-YYFJAQI/2022,861,875
hCoV-19/England/PHEC-YYFJAC3/2022,861,875
hCoV-19/England/PHEC-YYFJA91/2022,861,875
hCoV-19/England/PHEC-YYFJA54/2022,861,875
hCoV-19/England/PHEC-YYFJA4H/2022,861,875
hCoV-19/England/PHEC-YYFJA36/2022,861,875
hCoV-19/England/PHEC-YYFJ543/2022,861,875
hCoV-19/England/PHEC-YYFJ4M3/2022,861,875
hCoV-19/England/PHEC-YYFJ3UJ/2022,861,875
hCoV-19/England/PHEC-YYFJ3NC/2022,861,875
hCoV-19/England/PHEC-YYFJ3GR/2022,861,875
hCoV-19/England/PHEC-YYFJ3EY/2022,861,875
hCoV-19/England/PHEC-YYFJ3DK/2022,861,875
hCoV-19/England/PHEC-YYFJ3BQ/2022,861,875
hCoV-19/England/PHEC-YYFCRMJ/2022,861,883
hCoV-19/England/PHEC-YYF4BU6/2022,861,926
hCoV-19/England/PHEC-YYFMYPM/2022,862,880
hCoV-19/England/PHEC-YYFMYD9/2022,862,880
hCoV-19/England/PHEC-YYFMSA6/2022,862,880
hCoV-19/England/PHEC-YYFMEJM/2022,862,880
hCoV-19/England/PHEC-YYFMDYN/2022,862,880
hCoV-19/England/PHEC-YYFMBJ1/2022,862,880
hCoV-19/England/PHEC-YYFMBGA/2022,862,880
hCoV-19/England/PHEC-YYFMBF4/2022,862,880
hCoV-19/England/PHEC-YYFM8G1/2022,862,880
hCoV-19/England/PHEC-YYFKX1U/2022,862,877
hCoV-19/England/PHEC-YYFKWNX/2022,862,880
hCoV-19/England/PHEC-YYFKU6Z/2022,862,880
hCoV-19/England/PHEC-YYFKU3B/2022,862,880
hCoV-19/England/PHEC-YYFKQ5N/2022,862,877
hCoV-19/England/PHEC-YYFKM5F/2022,862,877
hCoV-19/England/PHEC-YYFKIZD/2022,862,880
hCoV-19/England/PHEC-YYFKIOT/2022,862,880
hCoV-19/England/PHEC-YYFKC4G/2022,862,877
hCoV-19/England/PHEC-YYFKC3E/2022,862,877
hCoV-19/England/PHEC-YYFK9PQ/2022,862,880
hCoV-19/England/PHEC-YYFJZ6I/2022,862,875
hCoV-19/England/PHEC-YYFJAUK/2022,862,875
hCoV-19/England/PHEC-YYFJATQ/2022,862,875
hCoV-19/England/PHEC-YYFJAPZ/2022,862,875
hCoV-19/England/PHEC-YYFJAOO/2022,862,875
hCoV-19/England/PHEC-YYFJAJ9/2022,862,875
hCoV-19/England/PHEC-YYFJAHA/2022,862,875
hCoV-19/England/PHEC-YYFJA1C/2022,862,875
hCoV-19/Scotland/SCOT-12762/2022,863,883
hCoV-19/England/PHEC-YYFMZGN/2022,863,880
hCoV-19/England/PHEC-YYFMZ8Y/2022,863,880
hCoV-19/England/PHEC-YYFMYHC/2022,863,880
hCoV-19/England/PHEC-YYFMY9G/2022,863,880
hCoV-19/England/PHEC-YYFMY31/2022,863,880
hCoV-19/England/PHEC-YYFMRIS/2022,863,880
hCoV-19/England/PHEC-YYFMRET/2022,863,880
hCoV-19/England/PHEC-YYFMRAO/2022,863,880
hCoV-19/England/PHEC-YYFMR9N/2022,863,880
hCoV-19/England/PHEC-YYFMR7G/2022,863,880
hCoV-19/England/PHEC-YYFMOZG/2022,863,880
hCoV-19/England/PHEC-YYFMO3N/2022,863,880
hCoV-19/England/PHEC-YYFMFNH/2022,863,880
hCoV-19/England/PHEC-YYFMFD4/2022,863,880
hCoV-19/England/PHEC-YYFMDT9/2022,863,880
hCoV-19/England/PHEC-YYFMDJO/2022,863,880
hCoV-19/England/PHEC-YYFMDHJ/2022,863,880
hCoV-19/England/PHEC-YYFMDCK/2022,863,880
hCoV-19/England/PHEC-YYFMD6F/2022,863,880
hCoV-19/England/PHEC-YYFMB3T/2022,863,880
hCoV-19/England/PHEC-YYFMB19/2022,863,880
hCoV-19/England/PHEC-YYFM813/2022,863,880
hCoV-19/England/PHEC-YYFKQHY/2022,863,877
hCoV-19/England/PHEC-YYFKOH6/2022,863,880
hCoV-19/England/PHEC-YYFK9QC/2022,863,880
hCoV-19/England/PHEC-YYFJ5RG/2022,863,875
hCoV-19/England/LSPA-3E148EC/2022,863,869
hCoV-19/Scotland/SCOT-12791/2022,864,883
hCoV-19/England/QEUH-3E16A3F/2022,864,872
hCoV-19/England/PHEC-YYFUZOH/2022,864,915
hCoV-19/England/PHEC-YYFMZNK/2022,864,880
hCoV-19/England/PHEC-YYFMYAW/2022,864,880
hCoV-19/England/PHEC-YYFMY6E/2022,864,880
hCoV-19/England/PHEC-YYFMS44/2022,864,880
hCoV-19/England/PHEC-YYFMR5K/2022,864,880
hCoV-19/England/PHEC-YYFMR3Q/2022,864,880
hCoV-19/England/PHEC-YYFMJMG/2022,864,880
hCoV-19/England/PHEC-YYFMJHD/2022,864,880
hCoV-19/England/PHEC-YYFMJ3J/2022,864,880
hCoV-19/England/PHEC-YYFMFPG/2022,864,880
hCoV-19/England/PHEC-YYFMEUS/2022,864,880
hCoV-19/England/PHEC-YYFMEI1/2022,864,880
hCoV-19/England/PHEC-YYFMDKQ/2022,864,880
hCoV-19/England/PHEC-YYFMDBY/2022,864,880
hCoV-19/England/PHEC-YYFMCMD/2022,864,880
hCoV-19/England/PHEC-YYFMBSZ/2022,864,880
hCoV-19/England/PHEC-YYFMBAU/2022,864,880
hCoV-19/England/PHEC-YYFKX8K/2022,864,877
hCoV-19/England/PHEC-YYFKTRQ/2022,864,880
hCoV-19/England/PHEC-YYFKTKN/2022,864,880
hCoV-19/England/PHEC-YYFKQZK/2022,864,877
hCoV-19/England/PHEC-YYFKO11/2022,864,880
