hCoV-19/England/PHEC-YYFZU6H/2022,907,922
hCoV-19/England/PHEC-YYFZU3G/2022,907,922
hCoV-19/England/PHEC-YYFZTEM/2022,907,922
hCoV-19/England/PHEC-YYFZRZ3/2022,907,922
hCoV-19/England/PHEC-YYFZRTF/2022,907,922
hCoV-19/England/PHEC-YYFZRKW/2022,907,922
hCoV-19/England/PHEC-YYFZREA/2022,907,922
hCoV-19/England/PHEC-YYFZRCO/2022,907,922
hCoV-19/England/PHEC-YYFZR1D/2022,907,922
hCoV-19/England/PHEC-YYFZN3Z/2022,907,922
hCoV-19/England/PHEC-YYFZDUN/2022,907,922
hCoV-19/England/PHEC-YYFZDSH/2022,907,922
hCoV-19/England/PHEC-YYFZDRB/2022,907,922
hCoV-19/England/PHEC-YYFZDPX/2022,907,922
hCoV-19/England/PHEC-YYFZDKI/2022,907,922
hCoV-19/England/PHEC-YYFZDI6/2022,907,922
hCoV-19/England/PHEC-YYFZ1NS/2022,907,922
hCoV-19/England/PHEC-YYFZ1JE/2022,907,922
hCoV-19/England/PHEC-YYFZ1BA/2022,907,922
hCoV-19/England/PHEC-YYFZ1AJ/2022,907,922
hCoV-19/England/PHEC-YYFZ195/2022,907,922
hCoV-19/England/PHEC-YYFZ18C/2022,907,922
hCoV-19/England/PHEC-YYFSZQ5/2022,907,922
hCoV-19/England/PHEC-YYFSZOS/2022,907,922
hCoV-19/England/PHEC-YYFSZMB/2022,907,922
hCoV-19/England/PHEC-YYFSZKD/2022,907,922
hCoV-19/England/PHEC-YYFSZE8/2022,907,922
hCoV-19/England/PHEC-YYFSZC9/2022,907,922
hCoV-19/England/PHEC-YYFSZAG/2022,907,922
hCoV-19/England/PHEC-YYFSZ4N/2022,907,922
hCoV-19/England/PHEC-YYFSZ11/2022,907,922
hCoV-19/England/PHEC-YYFSWXH/2022,907,922
hCoV-19/England/PHEC-YYFSWUU/2022,907,922
hCoV-19/England/PHEC-YYFSIWO/2022,907,922
hCoV-19/England/PHEC-YYFSIMD/2022,907,922
hCoV-19/England/PHEC-YYFSIKF/2022,907,922
hCoV-19/England/PHEC-YYFSICB/2022,907,922
hCoV-19/England/PHEC-YYFSI4R/2022,907,922
hCoV-19/England/PHEC-YYFSHJY/2022,907,922
hCoV-19/England/PHEC-YYFSAXA/2022,907,922
hCoV-19/England/PHEC-YYFSAOI/2022,907,922
hCoV-19/England/PHEC-YYFSAC6/2022,907,922
hCoV-19/England/PHEC-YYFSABW/2022,907,922
hCoV-19/England/PHEC-YYFSA63/2022,907,922
hCoV-19/England/PHEC-YYFSA59/2022,907,922
hCoV-19/England/PHEC-YYFS4B1/2022,907,922
hCoV-19/England/PHEC-YYFS374/2022,907,922
hCoV-19/England/PHEC-YYFIHDQ/2022,907,919
hCoV-19/England/PHEC-YYFIH9I/2022,907,919
hCoV-19/England/PHEC-YYFIH73/2022,907,919
hCoV-19/England/PHEC-YYFIH6Z/2022,907,919
hCoV-19/England/PHEC-YYFI7YU/2022,907,919
hCoV-19/England/PHEC-YYFI7RM/2022,907,919
hCoV-19/England/PHEC-YYFI7NX/2022,907,919
hCoV-19/England/PHEC-YYFI7M7/2022,907,919
hCoV-19/England/PHEC-YYFI7G8/2022,907,919
hCoV-19/England/PHEC-YYFI7DP/2022,907,919
hCoV-19/England/PHEC-YYFI7BT/2022,907,919
hCoV-19/England/PHEC-YYFHDEX/2022,907,929
hCoV-19/England/PHEC-YYFHD8T/2022,907,929
hCoV-19/England/PHEC-YYFAGD6/2022,907,922
hCoV-19/England/PHEC-YYFAGBN/2022,907,922
hCoV-19/England/PHEC-YYFAFQJ/2022,907,922
hCoV-19/England/PHEC-YYFAFOR/2022,907,922
hCoV-19/England/PHEC-YYFAF9G/2022,907,922
hCoV-19/England/PHEC-YYFA8R5/2022,907,922
hCoV-19/England/PHEC-YYFA7J5/2022,907,924
hCoV-19/England/PHEC-YYF4NYR/2022,907,926
hCoV-19/England/PHEC-YYF4NRH/2022,907,926
hCoV-19/England/PHEC-YYF4B9G/2022,907,926
hCoV-19/England/PHEC-YYF31Q4/2022,907,924
hCoV-19/England/PHEC-YYFZTW1/2022,908,922
hCoV-19/England/PHEC-YYFZTO4/2022,908,922
hCoV-19/England/PHEC-YYFZTMF/2022,908,922
hCoV-19/England/PHEC-YYFZTJJ/2022,908,922
hCoV-19/England/PHEC-YYFZT9H/2022,908,922
hCoV-19/England/PHEC-YYFZRXK/2022,908,922
hCoV-19/England/PHEC-YYFZRQC/2022,908,922
hCoV-19/England/PHEC-YYFZ1ZM/2022,908,922
hCoV-19/England/PHEC-YYFZ1Y4/2022,908,922
hCoV-19/England/PHEC-YYFZ1PY/2022,908,922
hCoV-19/England/PHEC-YYFSWAJ/2022,908,922
hCoV-19/England/PHEC-YYFSINI/2022,908,922
hCoV-19/England/PHEC-YYFSIGP/2022,908,922
hCoV-19/England/PHEC-YYFSIDU/2022,908,922
hCoV-19/England/PHEC-YYFSIBZ/2022,908,922
hCoV-19/England/PHEC-YYFAFJU/2022,908,922
hCoV-19/England/PHEC-YYF4N5P/2022,908,926
hCoV-19/England/PHEC-YYF4N3T/2022,908,926
hCoV-19/England/PHEC-YYF4FCJ/2022,908,926
hCoV-19/England/PHEC-YYF4DZW/2022,908,926
hCoV-19/England/PHEC-YYF4DIA/2022,908,926
hCoV-19/England/PHEC-YYF4BZS/2022,908,926
hCoV-19/England/PHEC-YYF3WGE/2022,908,924
hCoV-19/England/PHEC-YYF3UP5/2022,908,924
hCoV-19/England/PHEC-YYF3UNT/2022,908,924
hCoV-19/England/PHEC-YYF3UM9/2022,908,924
hCoV-19/England/PHEC-YYF3UKB/2022,908,924
hCoV-19/England/PHEC-YYF3U1O/2022,908,924
hCoV-19/England/PHEC-YYF3T9A/2022,908,924
hCoV-19/England/PHEC-YYF31Z8/2022,908,924
hCoV-19/England/PHEC-YYF31OI/2022,908,924
hCoV-19/England/PHEC-YYF31EG/2022,908,924
hCoV-19/England/PHEC-YYF31AF/2022,908,924
hCoV-19/England/PHEC-YYF314B/2022,908,924
hCoV-19/England/PHEC-YYF313D/2022,908,924
hCoV-19/Scotland/SCOT-14991/2022,909,929
hCoV-19/England/PHEC-YYFZTK8/2022,909,922
hCoV-19/England/PHEC-YYFZTHN/2022,909,922
hCoV-19/England/PHEC-YYFHRG1/2022,909,929
hCoV-19/England/PHEC-YYFHD9Y/2022,909,929
hCoV-19/England/PHEC-YYFAIGJ/2022,909,923
hCoV-19/England/PHEC-YYF57ND/2022,909,929
hCoV-19/England/PHEC-YYF4YI5/2022,909,925
hCoV-19/England/PHEC-YYF4Y1B/2022,909,925
hCoV-19/England/PHEC-YYF4R9D/2022,909,926
hCoV-19/England/PHEC-YYF4NZI/2022,909,926
hCoV-19/England/PHEC-YYF4NXG/2022,909,926
hCoV-19/England/PHEC-YYF4NW5/2022,909,926
hCoV-19/England/PHEC-YYF4NTB/2022,909,926
hCoV-19/England/PHEC-YYF4NKO/2022,909,926
hCoV-19/England/PHEC-YYF4NI3/2022,909,926
hCoV-19/England/PHEC-YYF4NHM/2022,909,926
hCoV-19/England/PHEC-YYF4N4X/2022,909,926
hCoV-19/England/PHEC-YYF4N19/2022,909,926
hCoV-19/England/PHEC-YYF4E13/2022,909,926
hCoV-19/England/PHEC-YYF4DW4/2022,909,926
hCoV-19/England/PHEC-YYF4D16/2022,909,926
hCoV-19/England/PHEC-YYF3UFM/2022,909,924
hCoV-19/England/PHEC-YYF361F/2022,909,925
hCoV-19/England/PHEC-YYGDQDY/2022,910,938
hCoV-19/England/PHEC-YYFHRN4/2022,910,929
hCoV-19/England/PHEC-YYFHRDA/2022,910,929
hCoV-19/England/PHEC-YYFHDS1/2022,910,929
hCoV-19/England/PHEC-YYFHDRZ/2022,910,929
hCoV-19/England/PHEC-YYFHDN5/2022,910,929
hCoV-19/England/PHEC-YYFHDIW/2022,910,929
hCoV-19/England/PHEC-YYFHDHG/2022,910,929
hCoV-19/England/PHEC-YYFHDB7/2022,910,929
hCoV-19/England/PHEC-YYFHDAQ/2022,910,929
hCoV-19/England/PHEC-YYFHD3C/2022,910,929
hCoV-19/England/PHEC-YYFAUE8/2022,910,923
hCoV-19/England/PHEC-YYF57MT/2022,910,929
hCoV-19/England/PHEC-YYF4ET5/2022,910,926
hCoV-19/England/PHEC-YYF4BR7/2022,910,925
hCoV-19/England/PHEC-YYF4BNB/2022,910,925
hCoV-19/England/PHEC-YYF48PF/2022,910,926
hCoV-19/England/PHEC-YYF37A4/2022,910,925
hCoV-19/England/PHEC-YYF36YK/2022,910,925
hCoV-19/England/PHEC-YYF36JA/2022,910,925
hCoV-19/England/PHEC-YYF36I9/2022,910,925
hCoV-19/England/PHEC-YYF36FY/2022,910,925
hCoV-19/England/PHEC-YYF36BE/2022,910,925
hCoV-19/England/LSPA-3EA68C1/2022,910,917
hCoV-19/England/PHEC-YYF9XJ5/2022,911,932
hCoV-19/England/PHEC-YYF9XCI/2022,911,932
hCoV-19/England/PHEC-YYF9QK4/2022,911,932
hCoV-19/England/PHEC-YYF631Y/2022,911,930
hCoV-19/England/PHEC-YYF4YW7/2022,911,925
hCoV-19/England/PHEC-YYF4YOF/2022,911,925
hCoV-19/England/PHEC-YYF4Y98/2022,911,925
hCoV-19/England/PHEC-YYF4Y6J/2022,911,925
hCoV-19/England/PHEC-YYF4Y3U/2022,911,925
hCoV-19/England/PHEC-YYF4BYF/2022,911,925
hCoV-19/England/PHEC-YYF4BG3/2022,911,925
hCoV-19/England/PHEC-YYF376Q/2022,911,925
hCoV-19/England/PHEC-YYF373A/2022,911,925
hCoV-19/England/PHEC-YYF36WB/2022,911,925
hCoV-19/England/PHEC-YYF36RN/2022,911,925
hCoV-19/England/PHEC-YYF36NG/2022,911,925
hCoV-19/England/PHEC-YYF36KS/2022,911,925
hCoV-19/England/QEUH-3EBC303/2022,912,923
hCoV-19/England/PHEC-YYGN3PD/2022,912,936
hCoV-19/England/PHEC-YYFHFDZ/2022,912,929
hCoV-19/England/PHEC-YYFH9SS/2022,912,929
hCoV-19/England/PHEC-YYFH9IA/2022,912,929
hCoV-19/England/PHEC-YYFH9HK/2022,912,929
hCoV-19/England/PHEC-YYFH9A1/2022,912,929
hCoV-19/England/PHEC-YYFH95C/2022,912,929
hCoV-19/England/PHEC-YYF9XWR/2022,912,932
hCoV-19/England/PHEC-YYF9XSY/2022,912,932
hCoV-19/England/PHEC-YYF9XMZ/2022,912,932
hCoV-19/England/PHEC-YYF9X89/2022,912,932
hCoV-19/England/PHEC-YYF9X6O/2022,912,932
hCoV-19/England/PHEC-YYF9QRG/2022,912,932
hCoV-19/England/PHEC-YYF9QMA/2022,912,932
hCoV-19/England/PHEC-YYF9QJH/2022,912,932
hCoV-19/England/PHEC-YYF9QBC/2022,912,932
hCoV-19/England/PHEC-YYF9Q9X/2022,912,932
hCoV-19/England/PHEC-YYF9Q43/2022,912,932
hCoV-19/England/PHEC-YYF9Q1J/2022,912,932
hCoV-19/England/PHEC-YYF9PR8/2022,912,932
hCoV-19/England/PHEC-YYF9POQ/2022,912,932
hCoV-19/England/PHEC-YYF9PM3/2022,912,932
hCoV-19/England/PHEC-YYF9PIR/2022,912,932
hCoV-19/England/PHEC-YYF9PHS/2022,912,932
hCoV-19/England/PHEC-YYF9P9O/2022,912,932
hCoV-19/England/PHEC-YYF9P7W/2022,912,932
hCoV-19/England/PHEC-YYF9P3H/2022,912,932
hCoV-19/England/PHEC-YYF9P1K/2022,912,932
hCoV-19/England/PHEC-YYF6YRS/2022,912,929
hCoV-19/England/PHEC-YYF6YN4/2022,912,929
hCoV-19/England/PHEC-YYF6YFW/2022,912,929
hCoV-19/England/PHEC-YYF6YDA/2022,912,929
hCoV-19/England/PHEC-YYF6YBH/2022,912,929
hCoV-19/England/PHEC-YYF6PK7/2022,912,929
hCoV-19/England/PHEC-YYF6PF8/2022,912,929
hCoV-19/England/PHEC-YYF6PDM/2022,912,929
hCoV-19/England/PHEC-YYF6CSF/2022,912,930
hCoV-19/England/PHEC-YYF4YMO/2022,912,925
hCoV-19/England/PHEC-YYF4YJW/2022,912,925
hCoV-19/England/PHEC-YYF4YES/2022,912,925
hCoV-19/England/PHEC-YYF4YBR/2022,912,925
hCoV-19/England/PHEC-YYF4HJA/2022,912,929
hCoV-19/England/PHEC-YYF4GH8/2022,912,926
hCoV-19/England/PHEC-YYF4G5J/2022,912,926
hCoV-19/England/PHEC-YYF4G4M/2022,912,926
hCoV-19/England/PHEC-YYF4BEI/2022,912,925
hCoV-19/England/PHEC-YYF474W/2022,912,929
hCoV-19/England/PHEC-YYF36Z5/2022,912,925
hCoV-19/England/PHEC-YYF36XC/2022,912,925
hCoV-19/England/PHEC-YYF36MW/2022,912,925
hCoV-19/England/PHEC-YYF36HT/2022,912,925
hCoV-19/England/PHEC-YYF36A3/2022,912,925
hCoV-19/England/PHEC-YYF365U/2022,912,925
hCoV-19/England/PHEC-YYF364I/2022,912,925
hCoV-19/England/PHEC-YYGN3T4/2022,913,936
hCoV-19/England/PHEC-YYGN3EP/2022,913,936
hCoV-19/England/PHEC-YYF9Q8Y/2022,913,932
hCoV-19/England/PHEC-YYF9PDJ/2022,913,932
hCoV-19/England/PHEC-YYF6RZM/2022,913,929
hCoV-19/England/PHEC-YYF6RWT/2022,913,929
hCoV-19/England/PHEC-YYF6RIX/2022,913,929
hCoV-19/England/PHEC-YYF6R67/2022,913,929
hCoV-19/England/PHEC-YYF6PEB/2022,913,929
hCoV-19/England/PHEC-YYF6P8D/2022,913,929
hCoV-19/England/PHEC-YYF6CH3/2022,913,930
hCoV-19/England/PHEC-YYF6C47/2022,913,930
hCoV-19/England/PHEC-YYF65N9/2022,913,930
hCoV-19/England/PHEC-YYF64HM/2022,913,930
hCoV-19/England/PHEC-YYF645P/2022,913,930
hCoV-19/England/PHEC-YYF63MX/2022,913,930
hCoV-19/England/PHEC-YYF4HYK/2022,913,929
hCoV-19/England/PHEC-YYF4GYY/2022,913,926
hCoV-19/England/PHEC-YYF4GRA/2022,913,926
hCoV-19/England/PHEC-YYF4GNH/2022,913,926
hCoV-19/England/PHEC-YYF4GFS/2022,913,926
hCoV-19/England/PHEC-YYF4GD4/2022,913,926
hCoV-19/England/PHEC-YYF4F9N/2022,913,926
hCoV-19/England/PHEC-YYF48RZ/2022,913,926
hCoV-19/England/PHEC-YYF48EX/2022,913,926
hCoV-19/England/PHEC-YYF48C8/2022,913,926
hCoV-19/England/PHEC-YYF47TG/2022,913,929
hCoV-19/England/PHEC-YYF47SH/2022,913,929
hCoV-19/England/PHEC-YYF47I6/2022,913,929
hCoV-19/England/PHEC-YYF47AA/2022,913,929
hCoV-19/England/PHEC-YYF46TF/2022,913,929
hCoV-19/England/PHEC-YYF46O8/2022,913,929
hCoV-19/England/PHEC-YYF456Q/2022,913,929
hCoV-19/England/PHEC-YYF454S/2022,913,929
