hCoV-19/Wales/PHWC-PJ1T5O/2022,809,831
hCoV-19/Wales/LSPA-3B8B713/2022,809,820
hCoV-19/Scotland/QEUH-3BBCA7A/2022,809,819
hCoV-19/Scotland/QEUH-3BAFF11/2022,809,819
hCoV-19/Scotland/QEUH-3BAAE64/2022,809,819
hCoV-19/Scotland/CVR15896/2022,809,848
hCoV-19/Scotland/CVR15369/2022,809,831
hCoV-19/Scotland/CVR15350/2022,809,831
hCoV-19/Scotland/CVR15349/2022,809,831
hCoV-19/Scotland/CVR15248/2022,809,831
hCoV-19/Scotland/CVR15245/2022,809,831
hCoV-19/Scotland/CVR15242/2022,809,831
hCoV-19/Scotland/CVR15241/2022,809,831
hCoV-19/Scotland/CVR15233/2022,809,831
hCoV-19/Scotland/CVR15231/2022,809,831
hCoV-19/Scotland/CVR15223/2022,809,831
hCoV-19/Scotland/CVR15222/2022,809,831
hCoV-19/Scotland/CVR15220/2022,809,831
hCoV-19/Scotland/CVR15205/2022,809,831
hCoV-19/Scotland/CVR15186/2022,809,831
hCoV-19/Scotland/CVR15173/2022,809,831
hCoV-19/Scotland/CVR15164/2022,809,831
hCoV-19/Scotland/CVR15153/2022,809,831
hCoV-19/Scotland/CVR15145/2022,809,831
hCoV-19/Scotland/CVR15125/2022,809,831
hCoV-19/Scotland/CVR15106/2022,809,831
hCoV-19/Scotland/CVR15104/2022,809,831
hCoV-19/Scotland/CVR15102/2022,809,831
hCoV-19/Scotland/CVR15101/2022,809,831
hCoV-19/Scotland/CVR15100/2022,809,831
hCoV-19/England/PHEC-YYRNSKQ/2022,809,834
hCoV-19/England/PHEC-YYRNIR5/2022,809,834
hCoV-19/England/PHEC-YYRNAQR/2022,809,834
hCoV-19/England/PHEC-YYRN3HG/2022,809,834
hCoV-19/England/PHEC-YYRJRU9/2022,809,838
hCoV-19/England/PHEC-YYRJDIH/2022,809,838
hCoV-19/England/PHEC-YYRJD6K/2022,809,838
hCoV-19/England/PHEC-YYRGK8A/2022,809,835
hCoV-19/England/PHEC-YYRGJY8/2022,809,835
hCoV-19/England/PHEC-YYRGENR/2022,809,835
hCoV-19/England/PHEC-YYRGE7P/2022,809,835
hCoV-19/England/PHEC-YYRGE5T/2022,809,835
hCoV-19/England/PHEC-YYRDQXK/2022,809,835
hCoV-19/England/PHEC-YYRBZIA/2022,809,834
hCoV-19/England/PHEC-YYRBZA1/2022,809,834
hCoV-19/England/PHEC-YYRBZ9R/2022,809,834
hCoV-19/England/PHEC-YYRBAR4/2022,809,834
hCoV-19/England/PHEC-YYRBAPE/2022,809,834
hCoV-19/England/PHEC-YYRBAKQ/2022,809,834
hCoV-19/England/PHEC-YYRBAJO/2022,809,834
hCoV-19/England/PHEC-YYRBAGS/2022,809,834
hCoV-19/England/PHEC-YYRBACK/2022,809,834
hCoV-19/England/PHEC-YYRBA9D/2022,809,834
hCoV-19/England/PHEC-YYRB3SW/2022,809,834
hCoV-19/England/PHEC-YYRB3R3/2022,809,834
hCoV-19/England/PHEC-YYRB3QF/2022,809,834
hCoV-19/England/PHEC-YYRB3OY/2022,809,834
hCoV-19/England/PHEC-YYRB3N7/2022,809,834
hCoV-19/England/PHEC-YYRB3HE/2022,809,834
hCoV-19/England/PHEC-YYRB3ET/2022,809,834
hCoV-19/England/PHEC-YYRB3AO/2022,809,834
hCoV-19/England/PHEC-YYR8KJ1/2022,809,835
hCoV-19/England/PHEC-YYDZR1F/2022,809,824
hCoV-19/England/PHEC-YYDZNRR/2022,809,824
hCoV-19/England/PHEC-YYDZNFN/2022,809,824
hCoV-19/England/PHEC-YYDZNEH/2022,809,824
hCoV-19/England/PHEC-YYDZHWJ/2022,809,824
hCoV-19/England/PHEC-YYDZHUM/2022,809,824
hCoV-19/England/PHEC-YYDZHSF/2022,809,824
hCoV-19/England/PHEC-YYDZH55/2022,809,824
hCoV-19/England/PHEC-YYDZH47/2022,809,824
hCoV-19/England/PHEC-YYDZH1P/2022,809,824
hCoV-19/England/PHEC-YYDZFZ4/2022,809,824
hCoV-19/England/PHEC-YYDZF3S/2022,809,824
hCoV-19/England/PHEC-YYDZEQK/2022,809,824
hCoV-19/England/PHEC-YYDZEI5/2022,809,824
hCoV-19/England/PHEC-YYDZBMZ/2022,809,824
hCoV-19/England/PHEC-YYDZ91K/2022,809,825
hCoV-19/England/PHEC-YYDZ6RE/2022,809,824
hCoV-19/England/PHEC-YYDUFYT/2022,809,821
hCoV-19/England/PHEC-YYDUF8D/2022,809,821
hCoV-19/England/PHEC-YYDSKG4/2022,809,824
hCoV-19/England/PHEC-YYDSKDY/2022,809,824
hCoV-19/England/PHEC-YYDSKBR/2022,809,824
hCoV-19/England/PHEC-YYDSJUY/2022,809,824
hCoV-19/England/PHEC-YYDSJIH/2022,809,824
hCoV-19/England/PHEC-YYDSJHQ/2022,809,824
hCoV-19/England/PHEC-YYDSJCX/2022,809,824
hCoV-19/England/PHEC-YYDSJAS/2022,809,824
hCoV-19/England/PHEC-YYDSJ9E/2022,809,824
hCoV-19/England/PHEC-YYDSJ7C/2022,809,824
hCoV-19/England/PHEC-YYDSHP4/2022,809,824
hCoV-19/England/PHEC-YYDSEZ3/2022,809,824
hCoV-19/England/PHEC-YYDSETF/2022,809,824
hCoV-19/England/PHEC-YYDSEI7/2022,809,824
hCoV-19/England/PHEC-YYDSEHX/2022,809,824
hCoV-19/England/PHEC-YYDSE3I/2022,809,824
hCoV-19/England/PHEC-YYDSE1D/2022,809,824
hCoV-19/England/PHEC-YYDS9BX/2022,809,824
hCoV-19/England/PHEC-YYDS7SG/2022,809,824
hCoV-19/England/PHEC-YYDS7AN/2022,809,824
hCoV-19/England/PHEC-YYDS6MH/2022,809,824
hCoV-19/England/PHEC-YYDS6JY/2022,809,824
hCoV-19/England/PHEC-YYDS3WQ/2022,809,824
hCoV-19/England/PHEC-YYDS3OS/2022,809,824
hCoV-19/England/PHEC-YYDH4JA/2022,809,828
hCoV-19/England/PHEC-YYDAWD1/2022,809,826
hCoV-19/England/PHEC-YYDAMWA/2022,809,826
hCoV-19/England/PHEC-YYDAM9N/2022,809,826
hCoV-19/England/PHEC-YYDAKN6/2022,809,826
hCoV-19/England/PHEC-YYDAKHJ/2022,809,826
hCoV-19/England/PHEC-YYDAK78/2022,809,826
hCoV-19/England/PHEC-YYDABA4/2022,809,825
hCoV-19/England/PHEC-YYD9NHD/2022,809,831
hCoV-19/England/PHEC-YYD9N7B/2022,809,831
hCoV-19/England/PHEC-YYD9KZF/2022,809,831
hCoV-19/England/PHEC-YYD9KNO/2022,809,831
hCoV-19/England/PHEC-YYD9DRU/2022,809,831
hCoV-19/England/PHEC-YYD9D8P/2022,809,831
hCoV-19/England/PHEC-YYD7E79/2022,809,831
hCoV-19/England/PHEC-YYD73OE/2022,809,831
hCoV-19/England/PHEC-YYD6HQE/2022,809,831
hCoV-19/England/PHEC-YYD657K/2022,809,831
hCoV-19/England/PHEC-YYD651Y/2022,809,831
hCoV-19/England/PHEC-YYD5WZD/2022,809,828
hCoV-19/England/PHEC-YYD4WP4/2022,809,827
hCoV-19/England/PHEC-YYD4ADK/2022,809,828
hCoV-19/England/PHEC-YYD48YB/2022,809,827
hCoV-19/England/PHEC-YYD48MM/2022,809,827
hCoV-19/England/PHEC-YYD48GI/2022,809,827
hCoV-19/England/PHEC-YYD48FZ/2022,809,827
hCoV-19/England/PHEC-YYD3RYG/2022,809,827
hCoV-19/England/PHEC-YYD3RK1/2022,809,827
hCoV-19/England/PHEC-YYD3RBR/2022,809,827
hCoV-19/England/PHEC-YYD3HQ1/2022,809,827
hCoV-19/England/PHEC-YYD3HOP/2022,809,827
hCoV-19/England/PHEC-YYD3HK4/2022,809,827
hCoV-19/England/PHEC-YYD3H7U/2022,809,827
hCoV-19/England/PHEC-YYD3H43/2022,809,827
hCoV-19/England/PHEC-YYD37K3/2022,809,827
hCoV-19/England/PHEC-YYD37GB/2022,809,827
hCoV-19/England/LSPA-3BAE219/2022,809,817
hCoV-19/Wales/PHWC-PJUA8O/2022,810,833
hCoV-19/Wales/PHWC-PJU7EJ/2022,810,833
hCoV-19/Wales/ALDP-3BE9E78/2022,810,820
hCoV-19/Scotland/QEUH-3BC9A7A/2022,810,819
hCoV-19/Scotland/QEUH-3BC8932/2022,810,819
hCoV-19/Scotland/QEUH-3BA7EA3/2022,810,819
hCoV-19/Scotland/CVR16113/2022,810,848
hCoV-19/Scotland/CVR16112/2022,810,848
hCoV-19/Scotland/CVR16104/2022,810,848
hCoV-19/Scotland/CVR15440/2022,810,831
hCoV-19/Scotland/CVR15433/2022,810,831
hCoV-19/Scotland/CVR15426/2022,810,831
hCoV-19/Scotland/CVR15425/2022,810,831
hCoV-19/Scotland/CVR15423/2022,810,831
hCoV-19/Scotland/CVR15403/2022,810,831
hCoV-19/Scotland/CVR15378/2022,810,831
hCoV-19/Scotland/CVR15377/2022,810,831
hCoV-19/Scotland/CVR15376/2022,810,831
hCoV-19/Scotland/CVR15373/2022,810,831
hCoV-19/Scotland/CVR15352/2022,810,831
hCoV-19/Scotland/CVR15351/2022,810,831
hCoV-19/Scotland/CVR15345/2022,810,831
hCoV-19/Scotland/CVR15338/2022,810,831
hCoV-19/Scotland/CVR15336/2022,810,831
hCoV-19/Scotland/CVR15333/2022,810,831
hCoV-19/Scotland/CVR15332/2022,810,831
hCoV-19/Scotland/CVR15331/2022,810,831
hCoV-19/Scotland/CVR15330/2022,810,831
hCoV-19/Scotland/CVR15326/2022,810,831
hCoV-19/Scotland/CVR15321/2022,810,831
hCoV-19/Scotland/CVR15286/2022,810,831
hCoV-19/Scotland/CVR15285/2022,810,831
hCoV-19/Scotland/CVR15283/2022,810,831
hCoV-19/Scotland/CVR15278/2022,810,831
hCoV-19/Scotland/CVR15276/2022,810,831
hCoV-19/Scotland/CVR15275/2022,810,831
hCoV-19/Scotland/CVR15274/2022,810,831
hCoV-19/Scotland/CVR15254/2022,810,831
hCoV-19/Scotland/CVR15253/2022,810,831
hCoV-19/Scotland/CVR15252/2022,810,831
hCoV-19/Scotland/CVR15251/2022,810,831
hCoV-19/Scotland/CVR15249/2022,810,831
hCoV-19/Scotland/CVR15247/2022,810,831
hCoV-19/Scotland/CVR15243/2022,810,831
hCoV-19/Scotland/CVR15225/2022,810,831
hCoV-19/Scotland/CVR15221/2022,810,831
hCoV-19/Scotland/CVR15219/2022,810,831
hCoV-19/Scotland/CVR15218/2022,810,831
hCoV-19/Scotland/CVR15214/2022,810,831
hCoV-19/Scotland/CVR15213/2022,810,831
hCoV-19/Scotland/CVR15206/2022,810,831
hCoV-19/Scotland/CVR15204/2022,810,831
hCoV-19/Scotland/CVR15201/2022,810,831
hCoV-19/Scotland/CVR15200/2022,810,831
hCoV-19/Scotland/CVR15199/2022,810,831
hCoV-19/Scotland/CVR15198/2022,810,831
hCoV-19/Scotland/CVR15197/2022,810,831
hCoV-19/Scotland/CVR15196/2022,810,831
hCoV-19/Scotland/CVR15195/2022,810,831
hCoV-19/Scotland/CVR15194/2022,810,831
hCoV-19/Scotland/CVR15193/2022,810,831
hCoV-19/Scotland/CVR15192/2022,810,831
hCoV-19/Scotland/CVR15191/2022,810,831
hCoV-19/Scotland/CVR15190/2022,810,831
hCoV-19/Scotland/CVR15189/2022,810,831
hCoV-19/Scotland/CVR15185/2022,810,831
hCoV-19/Scotland/CVR15183/2022,810,831
hCoV-19/Scotland/CVR15181/2022,810,831
hCoV-19/Scotland/CVR15180/2022,810,831
hCoV-19/Scotland/CVR15179/2022,810,831
hCoV-19/Scotland/CVR15177/2022,810,831
hCoV-19/Scotland/CVR15175/2022,810,831
hCoV-19/Scotland/CVR15170/2022,810,831
hCoV-19/Scotland/CVR15168/2022,810,831
hCoV-19/Scotland/CVR15166/2022,810,831
hCoV-19/Scotland/CVR15155/2022,810,831
hCoV-19/Scotland/CVR15152/2022,810,831
hCoV-19/Scotland/CVR15144/2022,810,831
hCoV-19/Scotland/CVR15143/2022,810,831
hCoV-19/Scotland/CVR15142/2022,810,831
hCoV-19/Scotland/CVR15139/2022,810,831
hCoV-19/Scotland/CVR15138/2022,810,831
hCoV-19/Scotland/CVR15137/2022,810,831
hCoV-19/Scotland/CVR15133/2022,810,831
hCoV-19/Scotland/CVR15132/2022,810,831
hCoV-19/Scotland/CVR15131/2022,810,831
hCoV-19/Scotland/CVR15130/2022,810,831
hCoV-19/Scotland/CVR15129/2022,810,831
hCoV-19/Scotland/CVR15127/2022,810,831
hCoV-19/Scotland/CVR15126/2022,810,831
hCoV-19/Scotland/CVR15124/2022,810,831
hCoV-19/Scotland/CVR15123/2022,810,831
hCoV-19/Scotland/CVR15122/2022,810,831
hCoV-19/Scotland/CVR15121/2022,810,831
hCoV-19/Scotland/CVR15120/2022,810,831
hCoV-19/Scotland/CVR15119/2022,810,831
hCoV-19/Scotland/CVR15118/2022,810,831
hCoV-19/Scotland/CVR15114/2022,810,831
hCoV-19/Scotland/CVR15113/2022,810,831
hCoV-19/Scotland/CVR15109/2022,810,831
hCoV-19/Scotland/CVR15096/2022,810,831
hCoV-19/Scotland/CVR15095/2022,810,831
hCoV-19/Scotland/CVR15093/2022,810,831
hCoV-19/Scotland/CVR15091/2022,810,831
hCoV-19/Scotland/CVR15089/2022,810,831
hCoV-19/Scotland/CVR15088/2022,810,831
hCoV-19/Scotland/CVR15087/2022,810,831
hCoV-19/Scotland/CVR15085/2022,810,831
hCoV-19/Scotland/CVR15083/2022,810,831
hCoV-19/Scotland/CVR15082/2022,810,831
hCoV-19/Scotland/CVR15079/2022,810,831
hCoV-19/Scotland/CVR15077/2022,810,831
hCoV-19/Scotland/CVR15075/2022,810,831
hCoV-19/Scotland/CVR15074/2022,810,831
hCoV-19/Scotland/CVR15071/2022,810,831
hCoV-19/Scotland/CVR15069/2022,810,831
hCoV-19/England/QEUH-3BDFBE7/2022,810,818
hCoV-19/England/PHEC-YYRYAYR/2022,810,832
hCoV-19/England/PHEC-YYRY4YN/2022,810,832
hCoV-19/England/PHEC-YYRY4OB/2022,810,832
hCoV-19/England/PHEC-YYRY4KQ/2022,810,832
hCoV-19/England/PHEC-YYRY3PJ/2022,810,832
hCoV-19/England/PHEC-YYRPYE1/2022,810,838
hCoV-19/England/PHEC-YYRPY8W/2022,810,838
hCoV-19/England/PHEC-YYRNAO9/2022,810,834
hCoV-19/England/PHEC-YYRMWGG/2022,810,838
hCoV-19/England/PHEC-YYRMWEN/2022,810,838
hCoV-19/England/PHEC-YYRJNZ3/2022,810,838
hCoV-19/England/PHEC-YYRJNXK/2022,810,838
hCoV-19/England/PHEC-YYRJNRY/2022,810,838
hCoV-19/England/PHEC-YYRJNQC/2022,810,838
hCoV-19/England/PHEC-YYRJNKW/2022,810,838
hCoV-19/England/PHEC-YYRJN1D/2022,810,838
hCoV-19/England/PHEC-YYRJDXJ/2022,810,838
hCoV-19/England/PHEC-YYRJDR9/2022,810,838
hCoV-19/England/PHEC-YYRJDND/2022,810,838
hCoV-19/England/PHEC-YYRJDMT/2022,810,838
hCoV-19/England/PHEC-YYRJ9MI/2022,810,838
hCoV-19/England/PHEC-YYRGXZ1/2022,810,835
hCoV-19/England/PHEC-YYRGXKP/2022,810,835
hCoV-19/England/PHEC-YYRGXJX/2022,810,835
hCoV-19/England/PHEC-YYRGXIS/2022,810,835
hCoV-19/England/PHEC-YYRGXHE/2022,810,835
hCoV-19/England/PHEC-YYRGX7G/2022,810,835
hCoV-19/England/PHEC-YYRGTY9/2022,810,835
hCoV-19/England/PHEC-YYRGTMJ/2022,810,835
hCoV-19/England/PHEC-YYRGT8T/2022,810,835
hCoV-19/England/PHEC-YYRGPA1/2022,810,835
hCoV-19/England/PHEC-YYRGOXN/2022,810,835
hCoV-19/England/PHEC-YYRGORA/2022,810,835
hCoV-19/England/PHEC-YYRGOGW/2022,810,835
hCoV-19/England/PHEC-YYRGOFS/2022,810,835
hCoV-19/England/PHEC-YYRGO6D/2022,810,835
hCoV-19/England/PHEC-YYRGO5J/2022,810,835
hCoV-19/England/PHEC-YYRGO4M/2022,810,835
hCoV-19/England/PHEC-YYRGO3P/2022,810,835
hCoV-19/England/PHEC-YYRGMU6/2022,810,835
hCoV-19/England/PHEC-YYRGMQJ/2022,810,835
hCoV-19/England/PHEC-YYRGMOR/2022,810,835
hCoV-19/England/PHEC-YYRGMKT/2022,810,835
hCoV-19/England/PHEC-YYRGKFH/2022,810,835
hCoV-19/England/PHEC-YYRGKES/2022,810,835
hCoV-19/England/PHEC-YYRGK98/2022,810,835
hCoV-19/England/PHEC-YYRGK7M/2022,810,835
hCoV-19/England/PHEC-YYRGK5X/2022,810,835
hCoV-19/England/PHEC-YYRGK4T/2022,810,835
hCoV-19/England/PHEC-YYRGJXJ/2022,810,835
hCoV-19/England/PHEC-YYRGJW6/2022,810,835
hCoV-19/England/PHEC-YYRGJQM/2022,810,835
hCoV-19/England/PHEC-YYRGJIH/2022,810,835
hCoV-19/England/PHEC-YYRGJHQ/2022,810,835
hCoV-19/England/PHEC-YYRGJG5/2022,810,835
hCoV-19/England/PHEC-YYRGJCX/2022,810,835
hCoV-19/England/PHEC-YYRGJ41/2022,810,835
hCoV-19/England/PHEC-YYRGJ3W/2022,810,835
hCoV-19/England/PHEC-YYRGEZ3/2022,810,835
hCoV-19/England/PHEC-YYRGEQC/2022,810,835
hCoV-19/England/PHEC-YYRGEPQ/2022,810,835
hCoV-19/England/PHEC-YYRGEO8/2022,810,835
hCoV-19/England/PHEC-YYRGEKW/2022,810,835
hCoV-19/England/PHEC-YYRG1DA/2022,810,835
hCoV-19/England/PHEC-YYREH45/2022,810,838
hCoV-19/England/PHEC-YYRE6TM/2022,810,838
hCoV-19/England/PHEC-YYRE6Q1/2022,810,838
hCoV-19/England/PHEC-YYRE6DE/2022,810,838
hCoV-19/England/PHEC-YYRE65Z/2022,810,838
hCoV-19/England/PHEC-YYRBZ4Q/2022,810,834
hCoV-19/England/PHEC-YYRBX4S/2022,810,833
hCoV-19/England/PHEC-YYR8PQF/2022,810,835
hCoV-19/England/PHEC-YYDZRYK/2022,810,824
hCoV-19/England/PHEC-YYDZRBE/2022,810,824
hCoV-19/England/PHEC-YYDZJG3/2022,810,824
hCoV-19/England/PHEC-YYDZGZ3/2022,810,824
hCoV-19/England/PHEC-YYDZGI7/2022,810,824
hCoV-19/England/PHEC-YYDZG7P/2022,810,824
hCoV-19/England/PHEC-YYDZG5T/2022,810,824
hCoV-19/England/PHEC-YYDZG3I/2022,810,824
hCoV-19/England/PHEC-YYDZG1D/2022,810,824
hCoV-19/England/PHEC-YYDZEXE/2022,810,824
hCoV-19/England/PHEC-YYDZEW7/2022,810,824
hCoV-19/England/PHEC-YYDZEK1/2022,810,824
hCoV-19/England/PHEC-YYDZEJW/2022,810,824
hCoV-19/England/PHEC-YYDZEAI/2022,810,824
hCoV-19/England/PHEC-YYDZE98/2022,810,824
hCoV-19/England/PHEC-YYDZE5X/2022,810,824
hCoV-19/England/PHEC-YYDZD9C/2022,810,824
hCoV-19/England/PHEC-YYDZBAH/2022,810,824
hCoV-19/England/PHEC-YYDSK8A/2022,810,824
hCoV-19/England/PHEC-YYDSEYE/2022,810,824
hCoV-19/England/PHEC-YYDSERY/2022,810,824
hCoV-19/England/PHEC-YYDSENR/2022,810,824
hCoV-19/England/PHEC-YYDSEKW/2022,810,824
hCoV-19/England/PHEC-YYDSEGH/2022,810,824
hCoV-19/England/PHEC-YYDSEBG/2022,810,824
hCoV-19/England/PHEC-YYDS79W/2022,810,824
hCoV-19/England/PHEC-YYDS6Y1/2022,810,824
hCoV-19/England/PHEC-YYDS6NQ/2022,810,824
hCoV-19/England/PHEC-YYDS6C4/2022,810,824
hCoV-19/England/PHEC-YYDS6BO/2022,810,824
hCoV-19/England/PHEC-YYDHZ4A/2022,810,828
hCoV-19/England/PHEC-YYDHARR/2022,810,828
hCoV-19/England/PHEC-YYDH9I4/2022,810,828
hCoV-19/England/PHEC-YYDH5KI/2022,810,828
hCoV-19/England/PHEC-YYDH4NG/2022,810,828
hCoV-19/England/PHEC-YYDH46P/2022,810,828
hCoV-19/England/PHEC-YYDAXT4/2022,810,826
hCoV-19/England/PHEC-YYDAXRI/2022,810,826
hCoV-19/England/PHEC-YYDAXOH/2022,810,826
hCoV-19/England/PHEC-YYDAXKJ/2022,810,826
hCoV-19/England/PHEC-YYDAXCF/2022,810,826
hCoV-19/England/PHEC-YYDAWYA/2022,810,826
hCoV-19/England/PHEC-YYDAWX4/2022,810,826
hCoV-19/England/PHEC-YYDAWJG/2022,810,826
hCoV-19/England/PHEC-YYDAUZK/2022,810,826
hCoV-19/England/PHEC-YYDAUTS/2022,810,826
hCoV-19/England/PHEC-YYDAU76/2022,810,826
hCoV-19/England/PHEC-YYDAQZX/2022,810,826
hCoV-19/England/PHEC-YYDAQY6/2022,810,826
hCoV-19/England/PHEC-YYDAPY9/2022,810,826
hCoV-19/England/PHEC-YYDAPWS/2022,810,826
hCoV-19/England/PHEC-YYDAPRZ/2022,810,826
hCoV-19/England/PHEC-YYDAPQD/2022,810,826
hCoV-19/England/PHEC-YYDAPMJ/2022,810,826
hCoV-19/England/PHEC-YYDAPJP/2022,810,826
hCoV-19/England/PHEC-YYDAPGU/2022,810,826
hCoV-19/England/PHEC-YYDAPFI/2022,810,826
hCoV-19/England/PHEC-YYDAP8T/2022,810,826
hCoV-19/England/PHEC-YYDAP14/2022,810,826
hCoV-19/England/PHEC-YYDACZT/2022,810,826
hCoV-19/England/PHEC-YYDACXN/2022,810,826
hCoV-19/England/PHEC-YYDACWZ/2022,810,826
hCoV-19/England/PHEC-YYDACU3/2022,810,826
hCoV-19/England/PHEC-YYDACSU/2022,810,826
hCoV-19/England/PHEC-YYDACQR/2022,810,826
hCoV-19/England/PHEC-YYDACO9/2022,810,826
hCoV-19/England/PHEC-YYDACII/2022,810,826
hCoV-19/England/PHEC-YYDACH8/2022,810,826
hCoV-19/England/PHEC-YYDACAX/2022,810,826
hCoV-19/England/PHEC-YYDAC9B/2022,810,826
hCoV-19/England/PHEC-YYDAC6D/2022,810,826
hCoV-19/England/PHEC-YYDAC5J/2022,810,826
hCoV-19/England/PHEC-YYDAC4M/2022,810,826
hCoV-19/England/PHEC-YYDAC3P/2022,810,826
hCoV-19/England/PHEC-YYDAC15/2022,810,826
hCoV-19/England/PHEC-YYDABYM/2022,810,825
hCoV-19/England/PHEC-YYD9N69/2022,810,831
hCoV-19/England/PHEC-YYD7YU5/2022,810,828
hCoV-19/England/PHEC-YYD7YOB/2022,810,828
hCoV-19/England/PHEC-YYD7YCK/2022,810,828
hCoV-19/England/PHEC-YYD7N3P/2022,810,828
hCoV-19/England/PHEC-YYD7JKF/2022,810,831
hCoV-19/England/PHEC-YYD7JDU/2022,810,831
hCoV-19/England/PHEC-YYD7ETZ/2022,810,831
hCoV-19/England/PHEC-YYD7E95/2022,810,831
hCoV-19/England/PHEC-YYD7E67/2022,810,831
hCoV-19/England/PHEC-YYD7E1I/2022,810,831
hCoV-19/England/PHEC-YYD7DRZ/2022,810,828
hCoV-19/England/PHEC-YYD7DFI/2022,810,828
hCoV-19/England/PHEC-YYD7B7G/2022,810,828
hCoV-19/England/PHEC-YYD74PQ/2022,810,831
hCoV-19/England/PHEC-YYD74M1/2022,810,831
hCoV-19/England/PHEC-YYD6WGY/2022,810,831
hCoV-19/England/PHEC-YYD5P76/2022,810,827
hCoV-19/England/PHEC-YYD4ZF8/2022,810,827
hCoV-19/England/PHEC-YYD4WXS/2022,810,827
hCoV-19/England/PHEC-YYD4WQA/2022,810,827
hCoV-19/England/PHEC-YYD4WM6/2022,810,827
hCoV-19/England/PHEC-YYD4W8G/2022,810,827
hCoV-19/England/PHEC-YYD4SY1/2022,810,827
hCoV-19/England/PHEC-YYD4SXW/2022,810,827
hCoV-19/England/PHEC-YYD4SQS/2022,810,827
hCoV-19/England/PHEC-YYD4SOT/2022,810,827
hCoV-19/England/PHEC-YYD4SMH/2022,810,827
hCoV-19/England/PHEC-YYD4RZI/2022,810,827
hCoV-19/England/PHEC-YYD4RXG/2022,810,827
hCoV-19/England/PHEC-YYD4RTB/2022,810,827
hCoV-19/England/PHEC-YYD4RQE/2022,810,827
hCoV-19/England/PHEC-YYD4RI3/2022,810,827
hCoV-19/England/PHEC-YYD4R19/2022,810,828
hCoV-19/England/PHEC-YYD4QKG/2022,810,828
hCoV-19/England/PHEC-YYD4IRM/2022,810,827
hCoV-19/England/PHEC-YYD4IQZ/2022,810,827
hCoV-19/England/PHEC-YYD4IM7/2022,810,827
hCoV-19/England/PHEC-YYD4IG8/2022,810,827
hCoV-19/England/PHEC-YYD4IED/2022,810,827
hCoV-19/England/PHEC-YYD4IDP/2022,810,827
hCoV-19/England/PHEC-YYD4GMC/2022,810,827
hCoV-19/England/PHEC-YYD4G9D/2022,810,827
hCoV-19/England/PHEC-YYD4G8W/2022,810,827
hCoV-19/England/PHEC-YYD4FZW/2022,810,827
hCoV-19/England/PHEC-YYD4FYD/2022,810,827
hCoV-19/England/PHEC-YYD4FXF/2022,810,827
hCoV-19/England/PHEC-YYD4FQ8/2022,810,827
hCoV-19/England/PHEC-YYD4FPJ/2022,810,827
hCoV-19/England/PHEC-YYD4FN9/2022,810,827
hCoV-19/England/PHEC-YYD4FGZ/2022,810,827
hCoV-19/England/PHEC-YYD4FCM/2022,810,827
hCoV-19/England/PHEC-YYD4F9R/2022,810,827
hCoV-19/England/PHEC-YYD4F5C/2022,810,827
hCoV-19/England/PHEC-YYD4F3O/2022,810,827
hCoV-19/England/PHEC-YYD48R3/2022,810,827
hCoV-19/England/PHEC-YYD48N7/2022,810,827
hCoV-19/England/PHEC-YYD41RQ/2022,810,827
hCoV-19/England/PHEC-YYD414B/2022,810,827
hCoV-19/England/PHEC-YYD3RXE/2022,810,827
hCoV-19/England/PHEC-YYD3RW7/2022,810,827
hCoV-19/England/PHEC-YYD3ROF/2022,810,827
hCoV-19/England/PHEC-YYD3RHP/2022,810,827
hCoV-19/England/PHEC-YYD3RG4/2022,810,827
hCoV-19/England/PHEC-YYD3R98/2022,810,827
hCoV-19/England/PHEC-YYD3R4T/2022,810,827
hCoV-19/England/PHEC-YYD3R3U/2022,810,827
hCoV-19/England/PHEC-YYD3R1B/2022,810,827
hCoV-19/England/PHEC-YYD3HYQ/2022,810,827
hCoV-19/England/PHEC-YYD3HXO/2022,810,827
hCoV-19/England/PHEC-YYD3HWF/2022,810,827
hCoV-19/England/PHEC-YYD3HU8/2022,810,827
hCoV-19/England/PHEC-YYD3HTM/2022,810,827
hCoV-19/England/PHEC-YYD3HSB/2022,810,827
hCoV-19/England/PHEC-YYD3HPW/2022,810,827
hCoV-19/England/PHEC-YYD3HMA/2022,810,827
hCoV-19/England/PHEC-YYD3HGN/2022,810,827
hCoV-19/England/PHEC-YYD3H8Y/2022,810,827
hCoV-19/England/PHEC-YYD3H5Z/2022,810,827
hCoV-19/England/PHEC-YYD3FMX/2022,810,827
hCoV-19/England/PHEC-YYD3FD9/2022,810,827
hCoV-19/England/PHEC-YYD3F8Z/2022,810,827
hCoV-19/England/PHEC-YYD37WR/2022,810,827
hCoV-19/England/PHEC-YYD37TK/2022,810,827
hCoV-19/England/PHEC-YYD37SY/2022,810,827
hCoV-19/England/PHEC-YYD37QT/2022,810,827
hCoV-19/England/PHEC-YYD374A/2022,810,827
hCoV-19/England/PHEC-YYD36YC/2022,810,827
hCoV-19/England/PHEC-YYD36J4/2022,810,827
hCoV-19/England/PHEC-YYD36DG/2022,810,827
hCoV-19/England/PHEC-YYD34W8/2022,810,827
hCoV-19/England/PHEC-YYD34SD/2022,810,827
hCoV-19/England/PHEC-YYD34IF/2022,810,827
hCoV-19/England/PHEC-YYD34HZ/2022,810,827
hCoV-19/England/PHEC-YYD347I/2022,810,827
hCoV-19/England/PHEC-YYD346U/2022,810,827
hCoV-19/England/PHEC-YYD3437/2022,810,827
hCoV-19/England/LSPA-3BE560B/2022,810,821
hCoV-19/England/LSPA-3BBCE6F/2022,810,818
hCoV-19/England/LSPA-3BB9B01/2022,810,818
hCoV-19/England/LSPA-3BB386A/2022,810,817
hCoV-19/England/BRBR-3BA669D/2022,810,816
hCoV-19/Wales/PHWC-PJU7DU/2022,811,833
hCoV-19/Scotland/QEUH-3C36145/2022,811,820
hCoV-19/Scotland/QEUH-3C210AA/2022,811,821
hCoV-19/Scotland/QEUH-3C0749F/2022,811,820
hCoV-19/Scotland/QEUH-3BF9112/2022,811,819
hCoV-19/Scotland/QEUH-3BF6A65/2022,811,820
hCoV-19/Scotland/QEUH-3BF1A1F/2022,811,819
hCoV-19/Scotland/CVR16165/2022,811,848
hCoV-19/Scotland/CVR16159/2022,811,848
hCoV-19/Scotland/CVR16121/2022,811,848
hCoV-19/Scotland/CVR16118/2022,811,848
hCoV-19/Scotland/CVR16117/2022,811,848
hCoV-19/Scotland/CVR16115/2022,811,848
hCoV-19/Scotland/CVR16111/2022,811,848
hCoV-19/Scotland/CVR16107/2022,811,848
hCoV-19/Scotland/CVR15712/2022,811,842
hCoV-19/Scotland/CVR15444/2022,811,831
hCoV-19/Scotland/CVR15443/2022,811,831
hCoV-19/Scotland/CVR15442/2022,811,831
hCoV-19/Scotland/CVR15438/2022,811,831
hCoV-19/Scotland/CVR15434/2022,811,831
hCoV-19/Scotland/CVR15431/2022,811,831
hCoV-19/Scotland/CVR15428/2022,811,831
hCoV-19/Scotland/CVR15421/2022,811,831
hCoV-19/Scotland/CVR15416/2022,811,831
hCoV-19/Scotland/CVR15415/2022,811,831
hCoV-19/Scotland/CVR15412/2022,811,831
hCoV-19/Scotland/CVR15411/2022,811,831
hCoV-19/Scotland/CVR15409/2022,811,831
hCoV-19/Scotland/CVR15408/2022,811,831
hCoV-19/Scotland/CVR15407/2022,811,831
hCoV-19/Scotland/CVR15406/2022,811,831
hCoV-19/Scotland/CVR15404/2022,811,831
hCoV-19/Scotland/CVR15402/2022,811,831
hCoV-19/Scotland/CVR15401/2022,811,831
hCoV-19/Scotland/CVR15399/2022,811,831
hCoV-19/Scotland/CVR15397/2022,811,831
hCoV-19/Scotland/CVR15396/2022,811,831
hCoV-19/Scotland/CVR15395/2022,811,831
hCoV-19/Scotland/CVR15389/2022,811,831
hCoV-19/Scotland/CVR15388/2022,811,831
hCoV-19/Scotland/CVR15387/2022,811,831
hCoV-19/Scotland/CVR15383/2022,811,831
hCoV-19/Scotland/CVR15371/2022,811,831
hCoV-19/Scotland/CVR15366/2022,811,831
hCoV-19/Scotland/CVR15364/2022,811,831
hCoV-19/Scotland/CVR15363/2022,811,831
hCoV-19/Scotland/CVR15360/2022,811,831
hCoV-19/Scotland/CVR15358/2022,811,831
hCoV-19/Scotland/CVR15357/2022,811,831
hCoV-19/Scotland/CVR15356/2022,811,831
hCoV-19/Scotland/CVR15355/2022,811,831
hCoV-19/Scotland/CVR15348/2022,811,831
hCoV-19/Scotland/CVR15347/2022,811,831
hCoV-19/Scotland/CVR15346/2022,811,831
hCoV-19/Scotland/CVR15340/2022,811,831
hCoV-19/Scotland/CVR15339/2022,811,831
hCoV-19/Scotland/CVR15337/2022,811,831
hCoV-19/Scotland/CVR15335/2022,811,831
hCoV-19/Scotland/CVR15334/2022,811,831
hCoV-19/Scotland/CVR15329/2022,811,831
hCoV-19/Scotland/CVR15327/2022,811,831
hCoV-19/Scotland/CVR15323/2022,811,831
hCoV-19/Scotland/CVR15322/2022,811,831
hCoV-19/Scotland/CVR15319/2022,811,831
hCoV-19/Scotland/CVR15317/2022,811,831
hCoV-19/Scotland/CVR15316/2022,811,831
hCoV-19/Scotland/CVR15314/2022,811,831
hCoV-19/Scotland/CVR15312/2022,811,831
hCoV-19/Scotland/CVR15310/2022,811,831
hCoV-19/Scotland/CVR15308/2022,811,831
hCoV-19/Scotland/CVR15291/2022,811,831
hCoV-19/Scotland/CVR15290/2022,811,831
hCoV-19/Scotland/CVR15289/2022,811,831
hCoV-19/Scotland/CVR15288/2022,811,831
hCoV-19/Scotland/CVR15280/2022,811,831
hCoV-19/Scotland/CVR15279/2022,811,831
hCoV-19/Scotland/CVR15277/2022,811,831
hCoV-19/Scotland/CVR15272/2022,811,831
hCoV-19/Scotland/CVR15271/2022,811,831
hCoV-19/Scotland/CVR15269/2022,811,831
hCoV-19/Scotland/CVR15263/2022,811,831
hCoV-19/Scotland/CVR15262/2022,811,831
hCoV-19/Scotland/CVR15260/2022,811,831
hCoV-19/Scotland/CVR15258/2022,811,831
hCoV-19/Scotland/CVR15257/2022,811,831
hCoV-19/England/PHEC-YYRYDX5/2022,811,831
hCoV-19/England/PHEC-YYRYDEJ/2022,811,831
hCoV-19/England/PHEC-YYRY48W/2022,811,832
hCoV-19/England/PHEC-YYRY3EU/2022,811,832
hCoV-19/England/PHEC-YYRY3CM/2022,811,832
hCoV-19/England/PHEC-YYRPY9D/2022,811,838
hCoV-19/England/PHEC-YYRNYD1/2022,811,834
hCoV-19/England/PHEC-YYRMWH3/2022,811,838
hCoV-19/England/PHEC-YYRMUSG/2022,811,838
hCoV-19/England/PHEC-YYRMSQW/2022,811,838
hCoV-19/England/PHEC-YYRMSFG/2022,811,838
hCoV-19/England/PHEC-YYRMIEB/2022,811,838
hCoV-19/England/PHEC-YYRMIDM/2022,811,838
hCoV-19/England/PHEC-YYRMIBX/2022,811,838
hCoV-19/England/PHEC-YYRKN6J/2022,811,838
hCoV-19/England/PHEC-YYRKACA/2022,811,838
hCoV-19/England/PHEC-YYRJRHP/2022,811,838
hCoV-19/England/PHEC-YYRJR4T/2022,811,838
hCoV-19/England/PHEC-YYRJR3U/2022,811,838
hCoV-19/England/PHEC-YYRJNYE/2022,811,838
hCoV-19/England/PHEC-YYRJNTF/2022,811,838
hCoV-19/England/PHEC-YYRJN3I/2022,811,838
hCoV-19/England/PHEC-YYRJDG5/2022,811,838
hCoV-19/England/PHEC-YYRJDEZ/2022,811,838
hCoV-19/England/PHEC-YYRJAZD/2022,811,838
hCoV-19/England/PHEC-YYRJ7HW/2022,811,838
hCoV-19/England/PHEC-YYRJ6RR/2022,811,838
hCoV-19/England/PHEC-YYRJ6KA/2022,811,838
hCoV-19/England/PHEC-YYRJ618/2022,811,838
hCoV-19/England/PHEC-YYRJ3OO/2022,811,838
hCoV-19/England/PHEC-YYRGTN5/2022,811,835
hCoV-19/England/PHEC-YYRGTFI/2022,811,835
hCoV-19/England/PHEC-YYRGT5E/2022,811,835
hCoV-19/England/PHEC-YYRGT3C/2022,811,835
hCoV-19/England/PHEC-YYRG1Y6/2022,811,835
hCoV-19/England/PHEC-YYRG1ST/2022,811,835
hCoV-19/England/PHEC-YYRG1G1/2022,811,835
hCoV-19/England/PHEC-YYRG1FW/2022,811,835
hCoV-19/England/PHEC-YYRG1EQ/2022,811,835
hCoV-19/England/PHEC-YYREHSD/2022,811,838
hCoV-19/England/PHEC-YYRE7R8/2022,811,838
hCoV-19/England/PHEC-YYRE6Z9/2022,811,838
hCoV-19/England/PHEC-YYRD1MQ/2022,811,834
hCoV-19/England/PHEC-YYRBXZH/2022,811,833
hCoV-19/England/PHEC-YYRBXWN/2022,811,833
hCoV-19/England/PHEC-YYRBXN8/2022,811,833
hCoV-19/England/PHEC-YYRBXBJ/2022,811,833
hCoV-19/England/PHEC-YYRBUW6/2022,811,833
hCoV-19/England/PHEC-YYRBQP1/2022,811,833
hCoV-19/England/PHEC-YYRBQNE/2022,811,833
hCoV-19/England/PHEC-YYRBQKA/2022,811,833
hCoV-19/England/PHEC-YYRBQEH/2022,811,833
hCoV-19/England/PHEC-YYRBQ18/2022,811,833
hCoV-19/England/PHEC-YYRBCTM/2022,811,833
hCoV-19/England/PHEC-YYRBCHI/2022,811,833
hCoV-19/England/PHEC-YYFYUNR/2022,811,859
hCoV-19/England/PHEC-YYDZSWX/2022,811,824
hCoV-19/England/PHEC-YYDZN6X/2022,811,824
hCoV-19/England/PHEC-YYDZDPT/2022,811,824
hCoV-19/England/PHEC-YYDZDN8/2022,811,824
hCoV-19/England/PHEC-YYDZDG9/2022,811,824
hCoV-19/England/PHEC-YYDZDFB/2022,811,824
hCoV-19/England/PHEC-YYDZD87/2022,811,824
hCoV-19/England/PHEC-YYDZD1G/2022,811,824
hCoV-19/England/PHEC-YYDZ31O/2022,811,824
hCoV-19/England/PHEC-YYDSEXK/2022,811,824
hCoV-19/England/PHEC-YYDSEQC/2022,811,824
hCoV-19/England/PHEC-YYDSEPQ/2022,811,824
hCoV-19/England/PHEC-YYDSEM1/2022,811,824
hCoV-19/England/PHEC-YYDHWCA/2022,811,828
hCoV-19/England/PHEC-YYDHI5A/2022,811,828
hCoV-19/England/PHEC-YYDHFXB/2022,811,828
hCoV-19/England/PHEC-YYDHCIP/2022,811,828
hCoV-19/England/PHEC-YYDH9QJ/2022,811,828
hCoV-19/England/PHEC-YYDH9NB/2022,811,828
hCoV-19/England/PHEC-YYDH65X/2022,811,828
hCoV-19/England/PHEC-YYDH3UR/2022,811,828
hCoV-19/England/PHEC-YYDAXN3/2022,811,826
hCoV-19/England/PHEC-YYDAXJM/2022,811,826
hCoV-19/England/PHEC-YYDAXEP/2022,811,826
hCoV-19/England/PHEC-YYDAXDZ/2022,811,826
hCoV-19/England/PHEC-YYDAXB5/2022,811,826
hCoV-19/England/PHEC-YYDAX8X/2022,811,826
hCoV-19/England/PHEC-YYDAWZJ/2022,811,826
hCoV-19/England/PHEC-YYDAWOZ/2022,811,826
hCoV-19/England/PHEC-YYDAWIP/2022,811,826
hCoV-19/England/PHEC-YYDAW77/2022,811,826
hCoV-19/England/PHEC-YYDAW65/2022,811,826
hCoV-19/England/PHEC-YYDAW5B/2022,811,826
hCoV-19/England/PHEC-YYDAW3F/2022,811,826
hCoV-19/England/PHEC-YYDAUSC/2022,811,826
hCoV-19/England/PHEC-YYDAUHY/2022,811,826
hCoV-19/England/PHEC-YYDAQWI/2022,811,826
hCoV-19/England/PHEC-YYDAQUZ/2022,811,826
hCoV-19/England/PHEC-YYDAQT5/2022,811,826
hCoV-19/England/PHEC-YYDAQRS/2022,811,826
hCoV-19/England/PHEC-YYDAQO7/2022,811,826
hCoV-19/England/PHEC-YYDAQME/2022,811,826
hCoV-19/England/PHEC-YYDAQKK/2022,811,826
hCoV-19/England/PHEC-YYDAQJC/2022,811,826
hCoV-19/England/PHEC-YYDAQFW/2022,811,826
hCoV-19/England/PHEC-YYDAQEQ/2022,811,826
hCoV-19/England/PHEC-YYDAQBH/2022,811,826
hCoV-19/England/PHEC-YYDAQAP/2022,811,826
hCoV-19/England/PHEC-YYDAQ7D/2022,811,826
hCoV-19/England/PHEC-YYDAQ6B/2022,811,826
hCoV-19/England/PHEC-YYDAQ3M/2022,811,826
hCoV-19/England/PHEC-YYDAQ13/2022,811,826
hCoV-19/England/PHEC-YYDAPXB/2022,811,826
hCoV-19/England/PHEC-YYDAPUA/2022,811,826
hCoV-19/England/PHEC-YYDAPAQ/2022,811,826
hCoV-19/England/PHEC-YYDAP6N/2022,811,826
hCoV-19/England/PHEC-YYDAP5E/2022,811,826
hCoV-19/England/PHEC-YYDAIQ5/2022,811,826
hCoV-19/England/PHEC-YYDAIOS/2022,811,826
hCoV-19/England/PHEC-YYDAIBI/2022,811,826
hCoV-19/England/PHEC-YYDAI8J/2022,811,826
hCoV-19/England/PHEC-YYD9WT8/2022,811,831
hCoV-19/England/PHEC-YYD9WQQ/2022,811,831
hCoV-19/England/PHEC-YYD9WJA/2022,811,831
hCoV-19/England/PHEC-YYD9WE4/2022,811,831
hCoV-19/England/PHEC-YYD9W8H/2022,811,831
hCoV-19/England/PHEC-YYD9NUI/2022,811,831
hCoV-19/England/PHEC-YYD9NKE/2022,811,831
hCoV-19/England/PHEC-YYD7YT9/2022,811,828
hCoV-19/England/PHEC-YYD7YN6/2022,811,828
hCoV-19/England/PHEC-YYD7YMC/2022,811,828
hCoV-19/England/PHEC-YYD7YIZ/2022,811,828
hCoV-19/England/PHEC-YYD7YGS/2022,811,828
hCoV-19/England/PHEC-YYD7YFA/2022,811,828
hCoV-19/England/PHEC-YYD7YE1/2022,811,828
hCoV-19/England/PHEC-YYD7Y78/2022,811,828
hCoV-19/England/PHEC-YYD7Y4P/2022,811,828
hCoV-19/England/PHEC-YYD7NZT/2022,811,828
hCoV-19/England/PHEC-YYD7NXN/2022,811,828
hCoV-19/England/PHEC-YYD7NWZ/2022,811,828
hCoV-19/England/PHEC-YYD7NU3/2022,811,828
hCoV-19/England/PHEC-YYD7NSU/2022,811,828
hCoV-19/England/PHEC-YYD7NQR/2022,811,828
hCoV-19/England/PHEC-YYD7NO9/2022,811,828
hCoV-19/England/PHEC-YYD7NKC/2022,811,828
hCoV-19/England/PHEC-YYD7NJQ/2022,811,828
hCoV-19/England/PHEC-YYD7NH8/2022,811,828
hCoV-19/England/PHEC-YYD7NGW/2022,811,828
hCoV-19/England/PHEC-YYD7NEO/2022,811,828
hCoV-19/England/PHEC-YYD7NAX/2022,811,828
hCoV-19/England/PHEC-YYD7N9B/2022,811,828
hCoV-19/England/PHEC-YYD7N81/2022,811,828
hCoV-19/England/PHEC-YYD7N6D/2022,811,828
hCoV-19/England/PHEC-YYD7N5J/2022,811,828
hCoV-19/England/PHEC-YYD7N4M/2022,811,828
hCoV-19/England/PHEC-YYD7MKD/2022,811,831
hCoV-19/England/PHEC-YYD7JOA/2022,811,831
hCoV-19/England/PHEC-YYD7EWT/2022,811,831
hCoV-19/England/PHEC-YYD7DY9/2022,811,828
hCoV-19/England/PHEC-YYD7DQD/2022,811,831
hCoV-19/England/PHEC-YYD7DN5/2022,811,828
hCoV-19/England/PHEC-YYD7DB7/2022,811,828
hCoV-19/England/PHEC-YYD7D8T/2022,811,828
hCoV-19/England/PHEC-YYD7CYS/2022,811,831
hCoV-19/England/PHEC-YYD7BYB/2022,811,828
hCoV-19/England/PHEC-YYD7BN7/2022,811,828
hCoV-19/England/PHEC-YYD7BMM/2022,811,828
hCoV-19/England/PHEC-YYD7BKP/2022,811,828
hCoV-19/England/PHEC-YYD7BIS/2022,811,828
hCoV-19/England/PHEC-YYD7BHE/2022,811,828
hCoV-19/England/PHEC-YYD7BFZ/2022,811,828
hCoV-19/England/PHEC-YYD7BET/2022,811,828
hCoV-19/England/PHEC-YYD7BD5/2022,811,828
hCoV-19/England/PHEC-YYD7BAO/2022,811,828
hCoV-19/England/PHEC-YYD7B6R/2022,811,828
hCoV-19/England/PHEC-YYD7B5K/2022,811,828
hCoV-19/England/PHEC-YYD7B3Q/2022,811,828
hCoV-19/England/PHEC-YYD7B1H/2022,811,828
hCoV-19/England/PHEC-YYD75W6/2022,811,831
hCoV-19/England/PHEC-YYD75UY/2022,811,831
hCoV-19/England/PHEC-YYD75QM/2022,811,831
hCoV-19/England/PHEC-YYD75PP/2022,811,831
hCoV-19/England/PHEC-YYD75ND/2022,811,831
hCoV-19/England/PHEC-YYD75IH/2022,811,831
hCoV-19/England/PHEC-YYD75G5/2022,811,831
hCoV-19/England/PHEC-YYD75DB/2022,811,831
hCoV-19/England/PHEC-YYD75CX/2022,811,831
hCoV-19/England/PHEC-YYD75AS/2022,811,831
hCoV-19/England/PHEC-YYD7541/2022,811,831
hCoV-19/England/PHEC-YYD751N/2022,811,831
hCoV-19/England/PHEC-YYD74XK/2022,811,831
hCoV-19/England/PHEC-YYD74TF/2022,811,831
hCoV-19/England/PHEC-YYD74QC/2022,811,831
hCoV-19/England/PHEC-YYD74O8/2022,811,831
hCoV-19/England/PHEC-YYD74HX/2022,811,831
hCoV-19/England/PHEC-YYD74CO/2022,811,831
hCoV-19/England/PHEC-YYD74AZ/2022,811,831
hCoV-19/England/PHEC-YYD745T/2022,811,831
hCoV-19/England/PHEC-YYD73UN/2022,811,831
hCoV-19/England/PHEC-YYD6ZRB/2022,811,831
hCoV-19/England/PHEC-YYD6YEO/2022,811,831
hCoV-19/England/PHEC-YYD6WNE/2022,811,831
hCoV-19/England/PHEC-YYD6WFN/2022,811,831
hCoV-19/England/PHEC-YYD6WCW/2022,811,831
hCoV-19/England/PHEC-YYD6WBK/2022,811,831
hCoV-19/England/PHEC-YYD6NY6/2022,811,831
hCoV-19/England/PHEC-YYD6NO7/2022,811,831
hCoV-19/England/PHEC-YYD6NEQ/2022,811,831
hCoV-19/England/PHEC-YYD6NAP/2022,811,831
hCoV-19/England/PHEC-YYD6KEG/2022,811,831
hCoV-19/England/PHEC-YYD6H9F/2022,811,831
hCoV-19/England/PHEC-YYD6H3T/2022,811,831
hCoV-19/England/PHEC-YYD67YD/2022,811,831
hCoV-19/England/PHEC-YYD5IRJ/2022,811,828
hCoV-19/England/PHEC-YYD4ZRJ/2022,811,827
hCoV-19/England/PHEC-YYD4ZBX/2022,811,827
hCoV-19/England/PHEC-YYD4XRT/2022,811,827
hCoV-19/England/PHEC-YYD4X5N/2022,811,827
hCoV-19/England/PHEC-YYD4X3G/2022,811,827
hCoV-19/England/PHEC-YYD4WRC/2022,811,827
hCoV-19/England/PHEC-YYD4WGE/2022,811,827
hCoV-19/England/PHEC-YYD4WFK/2022,811,827
hCoV-19/England/PHEC-YYD4TC9/2022,811,827
hCoV-19/England/PHEC-YYD4SZD/2022,811,827
hCoV-19/England/PHEC-YYD4STX/2022,811,827
hCoV-19/England/PHEC-YYD4SK6/2022,811,827
hCoV-19/England/PHEC-YYD4SJY/2022,811,827
hCoV-19/England/PHEC-YYD4SI8/2022,811,827
hCoV-19/England/PHEC-YYD4SH3/2022,811,827
hCoV-19/England/PHEC-YYD4SC4/2022,811,827
hCoV-19/England/PHEC-YYD4SBO/2022,811,827
hCoV-19/England/PHEC-YYD4RAU/2022,811,828
hCoV-19/England/PHEC-YYD4R9F/2022,811,828
hCoV-19/England/PHEC-YYD4R4X/2022,811,828
hCoV-19/England/PHEC-YYD4R3T/2022,811,828
hCoV-19/England/PHEC-YYD4QWT/2022,811,828
hCoV-19/England/PHEC-YYD4QUU/2022,811,828
hCoV-19/England/PHEC-YYD4Q8C/2022,811,828
hCoV-19/England/PHEC-YYD4Q1I/2022,811,828
hCoV-19/England/PHEC-YYD4P66/2022,811,828
hCoV-19/England/PHEC-YYD4IZR/2022,811,827
hCoV-19/England/PHEC-YYD4IUC/2022,811,827
hCoV-19/England/PHEC-YYD4IO1/2022,811,827
hCoV-19/England/PHEC-YYD4IH4/2022,811,827
hCoV-19/England/PHEC-YYD4I7A/2022,811,827
hCoV-19/England/PHEC-YYD4GKQ/2022,811,827
hCoV-19/England/PHEC-YYD4GJO/2022,811,827
hCoV-19/England/PHEC-YYD4GFA/2022,811,827
hCoV-19/England/PHEC-YYD4GE1/2022,811,827
hCoV-19/England/PHEC-YYD4FTY/2022,811,827
hCoV-19/England/PHEC-YYD4FON/2022,811,827
hCoV-19/England/PHEC-YYD4FHK/2022,811,827
hCoV-19/England/PHEC-YYD4F8I/2022,811,827
hCoV-19/England/PHEC-YYD4F4Q/2022,811,827
hCoV-19/England/PHEC-YYD4F16/2022,811,827
hCoV-19/England/PHEC-YYD41H7/2022,811,827
hCoV-19/England/PHEC-YYD3HJH/2022,811,827
hCoV-19/England/PHEC-YYD3HID/2022,811,827
hCoV-19/England/PHEC-YYD3HBC/2022,811,827
hCoV-19/England/PHEC-YYD36FN/2022,811,827
hCoV-19/England/PHEC-YYD34ZB/2022,811,827
hCoV-19/England/PHEC-YYD341M/2022,811,827
hCoV-19/England/LSPA-3C0AC67/2022,811,819
hCoV-19/England/LSPA-3C05AAE/2022,811,819
hCoV-19/England/LSPA-3C018A8/2022,811,819
hCoV-19/England/LSPA-3BE35F1/2022,811,822
hCoV-19/England/ALDP-3C45A93/2022,811,820
hCoV-19/England/ALDP-3C065E8/2022,811,819
hCoV-19/England/ALDP-3C065BB/2022,811,819
hCoV-19/Wales/PHWC-PJWYAD/2022,812,833
hCoV-19/Scotland/QEUH-3C30679/2022,812,820
hCoV-19/Scotland/QEUH-3C299C5/2022,812,821
hCoV-19/Scotland/QEUH-3C21435/2022,812,821
hCoV-19/Scotland/QEUH-3C1EA39/2022,812,821
hCoV-19/Scotland/QEUH-3C1C8B9/2022,812,820
hCoV-19/Scotland/QEUH-3C12BBA/2022,812,819
hCoV-19/Scotland/QEUH-3C0C03C/2022,812,819
hCoV-19/Scotland/QEUH-3C09C59/2022,812,819
hCoV-19/Scotland/QEUH-3BFEAC7/2022,812,819
hCoV-19/Scotland/CVR16191/2022,812,848
hCoV-19/Scotland/CVR16189/2022,812,848
hCoV-19/Scotland/CVR16187/2022,812,848
hCoV-19/Scotland/CVR16185/2022,812,848
hCoV-19/Scotland/CVR16182/2022,812,848
hCoV-19/Scotland/CVR16181/2022,812,848
hCoV-19/Scotland/CVR16179/2022,812,848
hCoV-19/Scotland/CVR16177/2022,812,848
hCoV-19/Scotland/CVR16174/2022,812,848
hCoV-19/Scotland/CVR16173/2022,812,848
hCoV-19/Scotland/CVR16172/2022,812,848
hCoV-19/Scotland/CVR16161/2022,812,848
hCoV-19/Scotland/CVR16160/2022,812,848
hCoV-19/Scotland/CVR16149/2022,812,848
hCoV-19/Scotland/CVR16145/2022,812,848
hCoV-19/Scotland/CVR16144/2022,812,848
hCoV-19/Scotland/CVR16143/2022,812,848
hCoV-19/Scotland/CVR16137/2022,812,848
hCoV-19/Scotland/CVR16130/2022,812,848
hCoV-19/Scotland/CVR16128/2022,812,848
hCoV-19/Scotland/CVR16127/2022,812,848
hCoV-19/Scotland/CVR16122/2022,812,848
hCoV-19/Scotland/CVR16119/2022,812,848
hCoV-19/Scotland/CVR16114/2022,812,848
hCoV-19/Scotland/CVR15980/2022,812,848
hCoV-19/Scotland/CVR15528/2022,812,842
hCoV-19/Scotland/CVR15527/2022,812,842
hCoV-19/Scotland/CVR15526/2022,812,842
hCoV-19/Scotland/CVR15524/2022,812,842
hCoV-19/Scotland/CVR15515/2022,812,842
hCoV-19/Scotland/CVR15514/2022,812,842
hCoV-19/Scotland/CVR15513/2022,812,842
hCoV-19/Scotland/CVR15512/2022,812,842
hCoV-19/Scotland/CVR15511/2022,812,842
hCoV-19/Scotland/CVR15510/2022,812,842
hCoV-19/Scotland/CVR15468/2022,812,842
hCoV-19/Scotland/CVR15368/2022,812,831
hCoV-19/Scotland/CVR15367/2022,812,831
hCoV-19/England/PHEP-YYRIC31/2022,812,831
hCoV-19/England/PHEP-YYRAIQ4/2022,812,840
hCoV-19/England/PHEC-YYRYSZZ/2022,812,832
hCoV-19/England/PHEC-YYRYS6J/2022,812,832
hCoV-19/England/PHEC-YYRYREE/2022,812,831
hCoV-19/England/PHEC-YYRYI6K/2022,812,832
hCoV-19/England/PHEC-YYRYDY3/2022,812,831
hCoV-19/England/PHEC-YYRYDRT/2022,812,831
hCoV-19/England/PHEC-YYRYDJ8/2022,812,831
hCoV-19/England/PHEC-YYRYD5N/2022,812,831
hCoV-19/England/PHEC-YYRYAU7/2022,812,832
hCoV-19/England/PHEC-YYRYASZ/2022,812,832
hCoV-19/England/PHEC-YYRYAQE/2022,812,832
hCoV-19/England/PHEC-YYRYAMQ/2022,812,832
hCoV-19/England/PHEC-YYRYAF4/2022,812,832
hCoV-19/England/PHEC-YYRYAEW/2022,812,832
hCoV-19/England/PHEC-YYRYAD6/2022,812,832
hCoV-19/England/PHEC-YYRYACC/2022,812,832
hCoV-19/England/PHEC-YYRYA19/2022,812,832
hCoV-19/England/PHEC-YYRY3N9/2022,812,832
hCoV-19/England/PHEC-YYRY3F3/2022,812,832
hCoV-19/England/PHEC-YYRY3D7/2022,812,832
hCoV-19/England/PHEC-YYRPYU5/2022,812,838
hCoV-19/England/PHEC-YYRPYT9/2022,812,838
hCoV-19/England/PHEC-YYRPYSI/2022,812,838
hCoV-19/England/PHEC-YYRPYIZ/2022,812,838
hCoV-19/England/PHEC-YYRPY3X/2022,812,838
hCoV-19/England/PHEC-YYRNBSK/2022,812,834
hCoV-19/England/PHEC-YYRNBH6/2022,812,834
hCoV-19/England/PHEC-YYRMZOQ/2022,812,838
hCoV-19/England/PHEC-YYRMZDJ/2022,812,838
hCoV-19/England/PHEC-YYRMZ5A/2022,812,838
hCoV-19/England/PHEC-YYRMW9U/2022,812,838
hCoV-19/England/PHEC-YYRMSKH/2022,812,838
hCoV-19/England/PHEC-YYRMISR/2022,812,838
hCoV-19/England/PHEC-YYRMIJ9/2022,812,838
hCoV-19/England/PHEC-YYRMAZ9/2022,812,839
hCoV-19/England/PHEC-YYRM3NJ/2022,812,839
hCoV-19/England/PHEC-YYRM3GB/2022,812,839
hCoV-19/England/PHEC-YYRM3E7/2022,812,839
hCoV-19/England/PHEC-YYRM3D8/2022,812,839
hCoV-19/England/PHEC-YYRKJQD/2022,812,838
hCoV-19/England/PHEC-YYRK8HE/2022,812,838
hCoV-19/England/PHEC-YYRJQHD/2022,812,838
hCoV-19/England/PHEC-YYRJMQD/2022,812,838
hCoV-19/England/PHEC-YYRJM14/2022,812,838
hCoV-19/England/PHEC-YYRJCZX/2022,812,838
hCoV-19/England/PHEC-YYRJCJC/2022,812,838
hCoV-19/England/PHEC-YYRJC13/2022,812,838
hCoV-19/England/PHEC-YYRGYSD/2022,812,835
hCoV-19/England/PHEC-YYRG9XU/2022,812,835
hCoV-19/England/PHEC-YYREMYB/2022,812,838
hCoV-19/England/PHEC-YYREMD5/2022,812,838
hCoV-19/England/PHEC-YYREHIF/2022,812,838
hCoV-19/England/PHEC-YYRE6XO/2022,812,838
hCoV-19/England/PHEC-YYRE6JH/2022,812,838
hCoV-19/England/PHEC-YYRE67U/2022,812,838
hCoV-19/England/PHEC-YYRBUQM/2022,812,833
hCoV-19/England/PHEC-YYRBU9E/2022,812,833
hCoV-19/England/PHEC-YYRBEJY/2022,812,832
hCoV-19/England/PHEC-YYRB6KE/2022,812,834
hCoV-19/England/PHEC-YYR8YK4/2022,812,835
hCoV-19/England/PHEC-YYR8PIS/2022,812,835
hCoV-19/England/PHEC-YYR8KNY/2022,812,835
hCoV-19/England/PHEC-YYR8HWJ/2022,812,835
hCoV-19/England/PHEC-YYFK9GH/2022,812,880
hCoV-19/England/PHEC-YYDZDYM/2022,812,824
hCoV-19/England/PHEC-YYDZDXP/2022,812,824
hCoV-19/England/PHEC-YYDZDWN/2022,812,824
hCoV-19/England/PHEC-YYDZDUR/2022,812,824
hCoV-19/England/PHEC-YYDZDTE/2022,812,824
hCoV-19/England/PHEC-YYDZDS6/2022,812,824
hCoV-19/England/PHEC-YYDZDKZ/2022,812,824
hCoV-19/England/PHEC-YYDZDJ3/2022,812,824
hCoV-19/England/PHEC-YYDZDIY/2022,812,824
hCoV-19/England/PHEC-YYDHWZB/2022,812,828
hCoV-19/England/PHEC-YYDHW6U/2022,812,828
hCoV-19/England/PHEC-YYDHTRM/2022,812,828
hCoV-19/England/PHEC-YYDHTBT/2022,812,828
hCoV-19/England/PHEC-YYDHT8F/2022,812,828
hCoV-19/England/PHEC-YYDHO6Z/2022,812,828
hCoV-19/England/PHEC-YYDHISN/2022,812,828
hCoV-19/England/PHEC-YYDHIQU/2022,812,828
hCoV-19/England/PHEC-YYDHIM3/2022,812,828
hCoV-19/England/PHEC-YYDH9PM/2022,812,828
hCoV-19/England/PHEC-YYDH9OR/2022,812,828
hCoV-19/England/PHEC-YYDH9CP/2022,812,828
hCoV-19/England/PHEC-YYDH698/2022,812,828
hCoV-19/England/PHEC-YYDH64T/2022,812,828
hCoV-19/England/PHEC-YYDAURT/2022,812,826
hCoV-19/England/PHEC-YYDAUNI/2022,812,826
hCoV-19/England/PHEC-YYDAUGP/2022,812,826
hCoV-19/England/PHEC-YYDAUFX/2022,812,826
hCoV-19/England/PHEC-YYDAUDU/2022,812,826
hCoV-19/England/PHEC-YYDAU8M/2022,812,826
hCoV-19/England/PHEC-YYDAINU/2022,812,826
hCoV-19/England/PHEC-YYDA1ZM/2022,812,826
hCoV-19/England/PHEC-YYDA1IX/2022,812,826
hCoV-19/England/PHEC-YYDA1HB/2022,812,826
hCoV-19/England/PHEC-YYDA1AJ/2022,812,826
hCoV-19/England/PHEC-YYDA195/2022,812,826
hCoV-19/England/PHEC-YYDA14F/2022,812,826
hCoV-19/England/PHEC-YYD9YJC/2022,812,831
hCoV-19/England/PHEC-YYD9YIU/2022,812,831
hCoV-19/England/PHEC-YYD9WS7/2022,812,831
hCoV-19/England/PHEC-YYD9WBE/2022,812,831
hCoV-19/England/PHEC-YYD9WA3/2022,812,831
hCoV-19/England/PHEC-YYD9W7X/2022,812,831
hCoV-19/England/PHEC-YYD9W6P/2022,812,831
hCoV-19/England/PHEC-YYD9W3Z/2022,812,831
hCoV-19/England/PHEC-YYD9IYJ/2022,812,831
hCoV-19/England/PHEC-YYD9INF/2022,812,831
hCoV-19/England/PHEC-YYD9EXA/2022,812,831
hCoV-19/England/PHEC-YYD9EUX/2022,812,831
hCoV-19/England/PHEC-YYD9EOI/2022,812,831
hCoV-19/England/PHEC-YYD9EIM/2022,812,831
hCoV-19/England/PHEC-YYD9E3D/2022,812,831
hCoV-19/England/PHEC-YYD9E1T/2022,812,831
hCoV-19/England/PHEC-YYD916X/2022,812,831
hCoV-19/England/PHEC-YYD7MX3/2022,812,831
hCoV-19/England/PHEC-YYD7MRX/2022,812,831
hCoV-19/England/PHEC-YYD7MQ5/2022,812,831
hCoV-19/England/PHEC-YYD7MOS/2022,812,831
hCoV-19/England/PHEC-YYD7MDT/2022,812,831
hCoV-19/England/PHEC-YYD7MBI/2022,812,831
hCoV-19/England/PHEC-YYD7M64/2022,812,831
hCoV-19/England/PHEC-YYD7KWX/2022,812,831
hCoV-19/England/PHEC-YYD7KD1/2022,812,831
hCoV-19/England/PHEC-YYD7K77/2022,812,831
hCoV-19/England/PHEC-YYD7JX5/2022,812,831
hCoV-19/England/PHEC-YYD7JTS/2022,812,831
hCoV-19/England/PHEC-YYD7JCB/2022,812,831
hCoV-19/England/PHEC-YYD7HQK/2022,812,831
hCoV-19/England/PHEC-YYD7HMO/2022,812,831
hCoV-19/England/PHEC-YYD7EQ6/2022,812,831
hCoV-19/England/PHEC-YYD7DZO/2022,812,831
hCoV-19/England/PHEC-YYD7DTH/2022,812,831
hCoV-19/England/PHEC-YYD7DPF/2022,812,831
hCoV-19/England/PHEC-YYD7D9Y/2022,812,831
hCoV-19/England/PHEC-YYD7CRQ/2022,812,831
hCoV-19/England/PHEC-YYD7CBW/2022,812,831
hCoV-19/England/PHEC-YYD78Q9/2022,812,831
hCoV-19/England/PHEC-YYD78K8/2022,812,831
hCoV-19/England/PHEC-YYD76RH/2022,812,831
hCoV-19/England/PHEC-YYD75HQ/2022,812,831
hCoV-19/England/PHEC-YYD74Z3/2022,812,831
hCoV-19/England/PHEC-YYD6WQO/2022,812,831
hCoV-19/England/PHEC-YYD6W9P/2022,812,831
hCoV-19/England/PHEC-YYD6W6X/2022,812,831
hCoV-19/England/PHEC-YYD6W5I/2022,812,831
hCoV-19/England/PHEC-YYD6UPU/2022,812,831
hCoV-19/England/PHEC-YYD6UCI/2022,812,831
hCoV-19/England/PHEC-YYD6NZX/2022,812,831
hCoV-19/England/PHEC-YYD6NWI/2022,812,831
hCoV-19/England/PHEC-YYD6NRS/2022,812,831
hCoV-19/England/PHEC-YYD6NQN/2022,812,831
hCoV-19/England/PHEC-YYD6NG1/2022,812,831
hCoV-19/England/PHEC-YYD6NBH/2022,812,831
hCoV-19/England/PHEC-YYD6IYM/2022,812,831
hCoV-19/England/PHEC-YYD6IRD/2022,812,831
hCoV-19/England/PHEC-YYD6IFB/2022,812,831
hCoV-19/England/PHEC-YYD6IBJ/2022,812,831
hCoV-19/England/PHEC-YYD6D8X/2022,812,831
hCoV-19/England/PHEC-YYD6BHG/2022,812,831
hCoV-19/England/PHEC-YYD6B6N/2022,812,831
hCoV-19/England/PHEC-YYD69QF/2022,812,831
hCoV-19/England/PHEC-YYD69P8/2022,812,831
hCoV-19/England/PHEC-YYD69N7/2022,812,831
hCoV-19/England/PHEC-YYD67W4/2022,812,831
hCoV-19/England/PHEC-YYD641B/2022,812,831
hCoV-19/England/PHEC-YYD63XJ/2022,812,831
hCoV-19/England/PHEC-YYD4YJS/2022,812,827
hCoV-19/England/PHEC-YYD4RHM/2022,812,827
hCoV-19/England/PHEC-YYD4R5P/2022,812,828
hCoV-19/England/PHEC-YYD4GYN/2022,812,827
hCoV-19/England/PHEC-YYD4GR4/2022,812,827
hCoV-19/England/PHEC-YYD4GBY/2022,812,827
hCoV-19/England/PHEC-YYD36RR/2022,812,827
hCoV-19/England/PHEC-YYD36NE/2022,812,827
hCoV-19/England/PHEC-YYD36MS/2022,812,827
hCoV-19/England/PHEC-YYD36KA/2022,812,827
hCoV-19/England/PHEC-YYD364Z/2022,812,827
hCoV-19/England/LSPA-3C0FA4A/2022,812,819
hCoV-19/England/LSPA-3C06E0B/2022,812,819
hCoV-19/England/LSPA-3C06D77/2022,812,819
hCoV-19/England/LSPA-3C06D1D/2022,812,819
hCoV-19/England/LSPA-3C0582C/2022,812,819
hCoV-19/England/HSLL-3C0FEA8/2022,812,819
hCoV-19/England/ALDP-3C07FE9/2022,812,819
hCoV-19/England/ALDP-3C06991/2022,812,819
hCoV-19/England/ALDP-3C06409/2022,812,819
hCoV-19/Wales/LSPA-3C51D6E/2022,813,825
hCoV-19/Scotland/QEUH-3F722A1/2022,813,1317
hCoV-19/Scotland/QEUH-3C5F401/2022,813,822
hCoV-19/Scotland/QEUH-3C2DC9B/2022,813,821
hCoV-19/Scotland/QEUH-3C2C106/2022,813,821
hCoV-19/Scotland/QEUH-3C25F9A/2022,813,821
hCoV-19/Scotland/QEUH-3C1AB1C/2022,813,820
hCoV-19/Scotland/CVR16193/2022,813,848
hCoV-19/Scotland/CVR16192/2022,813,848
hCoV-19/Scotland/CVR16176/2022,813,848
hCoV-19/Scotland/CVR16148/2022,813,848
hCoV-19/Scotland/CVR16141/2022,813,848
hCoV-19/Scotland/CVR16139/2022,813,848
hCoV-19/Scotland/CVR16136/2022,813,848
hCoV-19/Scotland/CVR16134/2022,813,848
hCoV-19/Scotland/CVR16133/2022,813,848
hCoV-19/Scotland/CVR16124/2022,813,848
hCoV-19/Scotland/CVR15873/2022,813,848
hCoV-19/Scotland/CVR15529/2022,813,842
hCoV-19/Scotland/CVR15520/2022,813,842
hCoV-19/Scotland/CVR15519/2022,813,842
hCoV-19/Scotland/CVR15518/2022,813,842
hCoV-19/Scotland/CVR15517/2022,813,842
hCoV-19/Scotland/CVR15477/2022,813,842
hCoV-19/England/QEUH-3C5E587/2022,813,821
hCoV-19/England/PLYM-3C414B7/2022,813,820
hCoV-19/England/PHEP-YYRIRTK/2022,813,831
hCoV-19/England/PHEC-YYRYW7P/2022,813,832
hCoV-19/England/PHEC-YYRYW5T/2022,813,832
hCoV-19/England/PHEC-YYRYUYJ/2022,813,832
hCoV-19/England/PHEC-YYRYTDF/2022,813,831
hCoV-19/England/PHEC-YYRYROZ/2022,813,831
hCoV-19/England/PHEC-YYRYRJG/2022,813,831
hCoV-19/England/PHEC-YYRYOHU/2022,813,831
hCoV-19/England/PHEC-YYRYO6X/2022,813,831
hCoV-19/England/PHEC-YYRYO4Z/2022,813,831
hCoV-19/England/PHEC-YYRYN79/2022,813,831
hCoV-19/England/PHEC-YYRYDFX/2022,813,831
hCoV-19/England/PHEC-YYRY1T8/2022,813,832
hCoV-19/England/PHEC-YYRY1OJ/2022,813,832
hCoV-19/England/PHEC-YYRPZG9/2022,813,838
hCoV-19/England/PHEC-YYRPYW3/2022,813,838
hCoV-19/England/PHEC-YYRPYN6/2022,813,838
hCoV-19/England/PHEC-YYRPYAT/2022,813,838
hCoV-19/England/PHEC-YYRPS6X/2022,813,838
hCoV-19/England/PHEC-YYRPGT3/2022,813,838
hCoV-19/England/PHEC-YYRPDXB/2022,813,838
hCoV-19/England/PHEC-YYRPC75/2022,813,840
hCoV-19/England/PHEC-YYRPAS7/2022,813,838
hCoV-19/England/PHEC-YYRNRYW/2022,813,834
hCoV-19/England/PHEC-YYRNDZG/2022,813,834
hCoV-19/England/PHEC-YYRNDIK/2022,813,834
hCoV-19/England/PHEC-YYRNDAR/2022,813,834
hCoV-19/England/PHEC-YYRMZPI/2022,813,838
hCoV-19/England/PHEC-YYRMZJ7/2022,813,838
hCoV-19/England/PHEC-YYRMZ9O/2022,813,838
hCoV-19/England/PHEC-YYRMW8R/2022,813,838
hCoV-19/England/PHEC-YYRMW1P/2022,813,838
hCoV-19/England/PHEC-YYRMUED/2022,813,838
hCoV-19/England/PHEC-YYRMS9T/2022,813,838
hCoV-19/England/PHEC-YYRMS1M/2022,813,838
hCoV-19/England/PHEC-YYRMRSI/2022,813,838
hCoV-19/England/PHEC-YYRMRGS/2022,813,838
hCoV-19/England/PHEC-YYRMIXU/2022,813,838
hCoV-19/England/PHEC-YYRMIWE/2022,813,838
hCoV-19/England/PHEC-YYRMIUK/2022,813,838
hCoV-19/England/PHEC-YYRMIRJ/2022,813,838
hCoV-19/England/PHEC-YYRMIOO/2022,813,838
hCoV-19/England/PHEC-YYRMI4H/2022,813,838
hCoV-19/England/PHEC-YYRMGWZ/2022,813,838
hCoV-19/England/PHEC-YYRMG3P/2022,813,838
hCoV-19/England/PHEC-YYRMFWA/2022,813,838
hCoV-19/England/PHEC-YYRMFKP/2022,813,838
hCoV-19/England/PHEC-YYRMEY6/2022,813,838
hCoV-19/England/PHEC-YYRM8EX/2022,813,838
hCoV-19/England/PHEC-YYRM4QO/2022,813,839
hCoV-19/England/PHEC-YYRKNFH/2022,813,838
hCoV-19/England/PHEC-YYRKGYN/2022,813,838
hCoV-19/England/PHEC-YYRKGFA/2022,813,838
hCoV-19/England/PHEC-YYRKG8W/2022,813,838
hCoV-19/England/PHEC-YYRKESU/2022,813,838
hCoV-19/England/PHEC-YYRKERA/2022,813,838
hCoV-19/England/PHEC-YYRKEMK/2022,813,838
hCoV-19/England/PHEC-YYRKEKC/2022,813,838
hCoV-19/England/PHEC-YYRKEJQ/2022,813,838
hCoV-19/England/PHEC-YYRKEII/2022,813,838
hCoV-19/England/PHEC-YYRKEAX/2022,813,838
hCoV-19/England/PHEC-YYRK8AO/2022,813,838
hCoV-19/England/PHEC-YYRK89N/2022,813,838
hCoV-19/England/PHEC-YYRK87G/2022,813,838
hCoV-19/England/PHEC-YYRJRXE/2022,813,838
hCoV-19/England/PHEC-YYRJRG4/2022,813,838
hCoV-19/England/PHEC-YYRJRAI/2022,813,838
hCoV-19/England/PHEC-YYRJPRI/2022,813,838
hCoV-19/England/PHEC-YYRJPKJ/2022,813,838
hCoV-19/England/PHEC-YYRJPGT/2022,813,838
hCoV-19/England/PHEC-YYRJPFU/2022,813,838
hCoV-19/England/PHEC-YYRJMUA/2022,813,838
hCoV-19/England/PHEC-YYRJMO6/2022,813,838
hCoV-19/England/PHEC-YYRJMEX/2022,813,838
hCoV-19/England/PHEC-YYRJMD3/2022,813,838
hCoV-19/England/PHEC-YYRJM3C/2022,813,838
hCoV-19/England/PHEC-YYRJK5J/2022,813,838
hCoV-19/England/PHEC-YYRJDS4/2022,813,838
hCoV-19/England/PHEC-YYRJCQN/2022,813,838
hCoV-19/England/PHEC-YYRJCHF/2022,813,838
hCoV-19/England/PHEC-YYRJCFW/2022,813,838
hCoV-19/England/PHEC-YYRJC7D/2022,813,838
hCoV-19/England/PHEC-YYRGN8Y/2022,813,835
hCoV-19/England/PHEC-YYREN5U/2022,813,835
hCoV-19/England/PHEC-YYREJUH/2022,813,838
hCoV-19/England/PHEC-YYREJTY/2022,813,838
hCoV-19/England/PHEC-YYREJIA/2022,813,838
hCoV-19/England/PHEC-YYREJ5C/2022,813,838
hCoV-19/England/PHEC-YYREDYJ/2022,813,835
hCoV-19/England/PHEC-YYREBYM/2022,813,835
hCoV-19/England/PHEC-YYRE87K/2022,813,838
hCoV-19/England/PHEC-YYRDXCX/2022,813,834
hCoV-19/England/PHEC-YYRDUCM/2022,813,834
hCoV-19/England/PHEC-YYRDTX8/2022,813,834
hCoV-19/England/PHEC-YYRDHEK/2022,813,835
hCoV-19/England/PHEC-YYRD9IC/2022,813,835
hCoV-19/England/PHEC-YYRCX74/2022,813,838
hCoV-19/England/PHEC-YYRCWUJ/2022,813,838
hCoV-19/England/PHEC-YYRCTC5/2022,813,838
hCoV-19/England/PHEC-YYRBWR6/2022,813,833
hCoV-19/England/PHEC-YYRBWDY/2022,813,833
hCoV-19/England/PHEC-YYRBU7C/2022,813,833
hCoV-19/England/PHEC-YYRBTXM/2022,813,833
hCoV-19/England/PHEC-YYRB95R/2022,813,834
hCoV-19/England/PHEC-YYRB7PD/2022,813,834
hCoV-19/England/PHEC-YYRB6WU/2022,813,834
hCoV-19/England/PHEC-YYRB6DS/2022,813,834
hCoV-19/England/PHEC-YYRB63J/2022,813,834
hCoV-19/England/PHEC-YYR8UX7/2022,813,835
hCoV-19/England/PHEC-YYR8KU7/2022,813,835
hCoV-19/England/PHEC-YYR8KTB/2022,813,835
hCoV-19/England/PHEC-YYR8K19/2022,813,835
hCoV-19/England/PHEC-YYR8HSF/2022,813,835
hCoV-19/England/PHEC-YYR8HAB/2022,813,835
hCoV-19/England/PHEC-YYFK8T7/2022,813,876
hCoV-19/England/PHEC-YYDHW45/2022,813,828
hCoV-19/England/PHEC-YYDHTO1/2022,813,828
hCoV-19/England/PHEC-YYDHT6S/2022,813,828
hCoV-19/England/PHEC-YYDHO9I/2022,813,828
hCoV-19/England/PHEC-YYDHKZM/2022,813,828
hCoV-19/England/PHEC-YYDHIGD/2022,813,828
hCoV-19/England/PHEC-YYDHIDJ/2022,813,828
hCoV-19/England/PHEC-YYDHI9O/2022,813,828
hCoV-19/England/PHEC-YYDH6HP/2022,813,828
hCoV-19/England/PHEC-YYDAUMD/2022,813,826
hCoV-19/England/PHEC-YYDAUJ8/2022,813,826
hCoV-19/England/PHEC-YYDAUEJ/2022,813,826
hCoV-19/England/PHEC-YYD9ZR9/2022,813,831
hCoV-19/England/PHEC-YYD9ZEZ/2022,813,831
hCoV-19/England/PHEC-YYD9ZBF/2022,813,831
hCoV-19/England/PHEC-YYD9YRS/2022,813,831
hCoV-19/England/PHEC-YYD9YPR/2022,813,831
hCoV-19/England/PHEC-YYD9YME/2022,813,831
hCoV-19/England/PHEC-YYD9YG1/2022,813,831
hCoV-19/England/PHEC-YYD9RZM/2022,813,831
hCoV-19/England/PHEC-YYD9RWT/2022,813,831
hCoV-19/England/PHEC-YYD9RUU/2022,813,831
hCoV-19/England/PHEC-YYD9RSP/2022,813,831
hCoV-19/England/PHEC-YYD9GEE/2022,813,831
hCoV-19/England/PHEC-YYD9FY3/2022,813,831
hCoV-19/England/PHEC-YYD9FOA/2022,813,831
hCoV-19/England/PHEC-YYD9EH7/2022,813,831
hCoV-19/England/PHEC-YYD96II/2022,813,831
hCoV-19/England/PHEC-YYD7RZX/2022,813,831
hCoV-19/England/PHEC-YYD7RUZ/2022,813,831
hCoV-19/England/PHEC-YYD7RIU/2022,813,831
hCoV-19/England/PHEC-YYD7REQ/2022,813,831
hCoV-19/England/PHEC-YYD7RAP/2022,813,831
hCoV-19/England/PHEC-YYD7R4J/2022,813,831
hCoV-19/England/PHEC-YYD7R3M/2022,813,831
hCoV-19/England/PHEC-YYD7PQ3/2022,813,831
hCoV-19/England/PHEC-YYD7PJD/2022,813,831
hCoV-19/England/PHEC-YYD7KX4/2022,813,831
hCoV-19/England/PHEC-YYD7KSM/2022,813,831
hCoV-19/England/PHEC-YYD7KQH/2022,813,831
hCoV-19/England/PHEC-YYD7KP6/2022,813,831
hCoV-19/England/PHEC-YYD7KOZ/2022,813,831
hCoV-19/England/PHEC-YYD7KIP/2022,813,831
hCoV-19/England/PHEC-YYD7KCY/2022,813,831
hCoV-19/England/PHEC-YYD7KA8/2022,813,831
hCoV-19/England/PHEC-YYD7K65/2022,813,831
hCoV-19/England/PHEC-YYD7K4D/2022,813,831
hCoV-19/England/PHEC-YYD7K1U/2022,813,831
hCoV-19/England/PHEC-YYD7GB4/2022,813,831
hCoV-19/England/PHEC-YYD7EMR/2022,813,831
hCoV-19/England/PHEC-YYD7EKG/2022,813,831
hCoV-19/England/PHEC-YYD7E4F/2022,813,831
hCoV-19/England/PHEC-YYD7CKN/2022,813,831
hCoV-19/England/PHEC-YYD7C75/2022,813,831
hCoV-19/England/PHEC-YYD7C63/2022,813,831
hCoV-19/England/PHEC-YYD78RU/2022,813,831
hCoV-19/England/PHEC-YYD78IO/2022,813,831
hCoV-19/England/PHEC-YYD78FT/2022,813,831
hCoV-19/England/PHEC-YYD78EM/2022,813,831
hCoV-19/England/PHEC-YYD6YKC/2022,813,831
hCoV-19/England/PHEC-YYD6XRJ/2022,813,831
hCoV-19/England/PHEC-YYD6XQI/2022,813,831
hCoV-19/England/PHEC-YYD6XPZ/2022,813,831
hCoV-19/England/PHEC-YYD6XOO/2022,813,831
hCoV-19/England/PHEC-YYD6XK7/2022,813,831
hCoV-19/England/PHEC-YYD6XJ9/2022,813,831
hCoV-19/England/PHEC-YYD6XF8/2022,813,831
hCoV-19/England/PHEC-YYD6XBX/2022,813,831
hCoV-19/England/PHEC-YYD6TSN/2022,813,831
hCoV-19/England/PHEC-YYD6TM3/2022,813,831
hCoV-19/England/PHEC-YYD6T44/2022,813,831
hCoV-19/England/PHEC-YYD6Q9U/2022,813,831
hCoV-19/England/PHEC-YYD6NUZ/2022,813,831
hCoV-19/England/PHEC-YYD6NT5/2022,813,831
hCoV-19/England/PHEC-YYD6NST/2022,813,831
hCoV-19/England/PHEC-YYD6NKK/2022,813,831
hCoV-19/England/PHEC-YYD6NIU/2022,813,831
hCoV-19/England/PHEC-YYD6NDA/2022,813,831
hCoV-19/England/PHEC-YYD6N99/2022,813,831
hCoV-19/England/PHEC-YYD6N8O/2022,813,831
hCoV-19/England/PHEC-YYD6N7D/2022,813,831
hCoV-19/England/PHEC-YYD6N4J/2022,813,831
hCoV-19/England/PHEC-YYD6N3M/2022,813,831
hCoV-19/England/PHEC-YYD6N13/2022,813,831
hCoV-19/England/PHEC-YYD6IQX/2022,813,831
hCoV-19/England/PHEC-YYD6DY7/2022,813,831
hCoV-19/England/PHEC-YYD6DRI/2022,813,831
hCoV-19/England/PHEC-YYD6DN3/2022,813,831
hCoV-19/England/PHEC-YYD6DGT/2022,813,831
hCoV-19/England/PHEC-YYD6DFU/2022,813,831
hCoV-19/England/PHEC-YYD6DEP/2022,813,831
hCoV-19/England/PHEC-YYD6BRZ/2022,813,831
hCoV-19/England/PHEC-YYD6BN5/2022,813,831
hCoV-19/England/PHEC-YYD6BJP/2022,813,831
hCoV-19/England/PHEC-YYD6BFI/2022,813,831
hCoV-19/England/PHEC-YYD6BEX/2022,813,831
hCoV-19/England/PHEC-YYD6B3C/2022,813,831
hCoV-19/England/PHEC-YYD6B14/2022,813,831
hCoV-19/England/PHEC-YYD69Z1/2022,813,831
hCoV-19/England/PHEC-YYD69WA/2022,813,831
hCoV-19/England/PHEC-YYD69OY/2022,813,831
hCoV-19/England/PHEC-YYD69KP/2022,813,831
hCoV-19/England/PHEC-YYD69JX/2022,813,831
hCoV-19/England/PHEC-YYD69ET/2022,813,831
hCoV-19/England/PHEC-YYD67UH/2022,813,831
hCoV-19/England/PHEC-YYD67TY/2022,813,831
hCoV-19/England/PHEC-YYD67R5/2022,813,831
hCoV-19/England/PHEC-YYD67MP/2022,813,831
hCoV-19/England/PHEC-YYD67JT/2022,813,831
hCoV-19/England/PHEC-YYD67D7/2022,813,831
hCoV-19/England/PHEC-YYD674Q/2022,813,831
hCoV-19/England/PHEC-YYD673O/2022,813,831
hCoV-19/England/PHEC-YYD4GZU/2022,813,827
hCoV-19/England/PHEC-YYD4GT9/2022,813,827
hCoV-19/England/PHEC-YYD4GOB/2022,813,827
hCoV-19/England/PHEC-YYD4G3X/2022,813,827
hCoV-19/England/LSPA-3C7ADE7/2022,813,822
hCoV-19/England/LSPA-3C3579F/2022,813,820
hCoV-19/England/LSPA-3C30EEA/2022,813,820
hCoV-19/England/LSPA-3C24D28/2022,813,819
hCoV-19/England/CLIMB-CM7YRGBM/2022,813,1310
hCoV-19/England/CLIMB-CM7YKQ55/2022,813,1310
hCoV-19/England/CLIMB-CM7YKGXT/2022,813,1310
hCoV-19/England/CLIMB-CM7YKGTH/2022,813,1310
hCoV-19/England/CLIMB-CM7YJ44P/2022,813,1310
hCoV-19/England/CLIMB-CM7YFKSM/2022,813,1310
hCoV-19/Scotland/QEUH-3C81B89/2022,814,825
hCoV-19/Scotland/QEUH-3C6259F/2022,814,822
hCoV-19/Scotland/QEUH-3C5FEF4/2022,814,822
hCoV-19/Scotland/QEUH-3C5CB3C/2022,814,822
hCoV-19/Scotland/QEUH-3C5C792/2022,814,822
hCoV-19/Scotland/CVR15981/2022,814,848
hCoV-19/Scotland/CVR15538/2022,814,842
hCoV-19/Scotland/CVR15535/2022,814,842
hCoV-19/Scotland/CVR15534/2022,814,842
hCoV-19/Scotland/CVR15533/2022,814,842
hCoV-19/Scotland/CVR15532/2022,814,842
hCoV-19/Scotland/CVR15531/2022,814,842
hCoV-19/Scotland/CVR15523/2022,814,842
hCoV-19/Scotland/CVR15522/2022,814,842
hCoV-19/Scotland/CVR15498/2022,814,842
hCoV-19/Scotland/CVR15496/2022,814,842
hCoV-19/Scotland/CVR15492/2022,814,842
hCoV-19/Scotland/CVR15491/2022,814,842
hCoV-19/Scotland/CVR15490/2022,814,842
hCoV-19/Scotland/CVR15489/2022,814,842
hCoV-19/Scotland/CVR15479/2022,814,842
hCoV-19/Scotland/CVR15478/2022,814,842
hCoV-19/Scotland/CVR15475/2022,814,842
hCoV-19/Scotland/CVR15474/2022,814,842
hCoV-19/Scotland/CVR15473/2022,814,842
hCoV-19/Scotland/CVR15466/2022,814,842
hCoV-19/Scotland/CVR15464/2022,814,842
hCoV-19/Scotland/CVR15456/2022,814,842
hCoV-19/Scotland/CVR15455/2022,814,842
hCoV-19/Scotland/CVR15454/2022,814,842
hCoV-19/Scotland/CVR15453/2022,814,842
hCoV-19/Scotland/CVR15452/2022,814,842
hCoV-19/Scotland/CVR15451/2022,814,842
hCoV-19/Scotland/CVR15450/2022,814,842
hCoV-19/England/PHEC-YYRYUXM/2022,814,832
hCoV-19/England/PHEC-YYRYUDD/2022,814,832
hCoV-19/England/PHEC-YYRYUAA/2022,814,832
hCoV-19/England/PHEC-YYRYTBJ/2022,814,831
hCoV-19/England/PHEC-YYRYPIR/2022,814,831
hCoV-19/England/PHEC-YYRYO9P/2022,814,831
hCoV-19/England/PHEC-YYRYNUU/2022,814,831
hCoV-19/England/PHEC-YYRYBCD/2022,814,831
hCoV-19/England/PHEC-YYRYB7Y/2022,814,831
hCoV-19/England/PHEC-YYRY1XC/2022,814,832
hCoV-19/England/PHEC-YYRXHDH/2022,814,840
hCoV-19/England/PHEC-YYRPZPT/2022,814,838
hCoV-19/England/PHEC-YYRPZOK/2022,814,838
hCoV-19/England/PHEC-YYRPZMI/2022,814,838
hCoV-19/England/PHEC-YYRPGZP/2022,814,838
hCoV-19/England/PHEC-YYRPGKE/2022,814,838
hCoV-19/England/PHEC-YYRP8K8/2022,814,838
hCoV-19/England/PHEC-YYRNDYI/2022,814,834
hCoV-19/England/PHEC-YYRNDBU/2022,814,834
hCoV-19/England/PHEC-YYRNBZE/2022,814,834
hCoV-19/England/PHEC-YYRNBE8/2022,814,834
hCoV-19/England/PHEC-YYRNBAG/2022,814,834
hCoV-19/England/PHEC-YYRMUC5/2022,814,838
hCoV-19/England/PHEC-YYRMUAN/2022,814,838
hCoV-19/England/PHEC-YYRMRT9/2022,814,838
hCoV-19/England/PHEC-YYRMROB/2022,814,838
hCoV-19/England/PHEC-YYRMRAT/2022,814,838
hCoV-19/England/PHEC-YYRMGNH/2022,814,838
hCoV-19/England/PHEC-YYRMGD4/2022,814,838
hCoV-19/England/PHEC-YYRMG81/2022,814,838
hCoV-19/England/PHEC-YYRMFZ1/2022,814,838
hCoV-19/England/PHEC-YYRMFXD/2022,814,838
hCoV-19/England/PHEC-YYRMF6R/2022,814,838
hCoV-19/England/PHEC-YYRMDJT/2022,814,838
hCoV-19/England/PHEC-YYRMD4Q/2022,814,838
hCoV-19/England/PHEC-YYRKGW3/2022,814,838
hCoV-19/England/PHEC-YYRKGU5/2022,814,838
hCoV-19/England/PHEC-YYRKGT9/2022,814,838
hCoV-19/England/PHEC-YYRKGOB/2022,814,838
hCoV-19/England/PHEC-YYRKGIZ/2022,814,838
hCoV-19/England/PHEC-YYRKGAT/2022,814,838
hCoV-19/England/PHEC-YYRKG78/2022,814,838
hCoV-19/England/PHEC-YYRKG5M/2022,814,838
hCoV-19/England/PHEC-YYRKG3X/2022,814,838
hCoV-19/England/PHEC-YYRK9MU/2022,814,838
hCoV-19/England/PHEC-YYRK8YB/2022,814,838
hCoV-19/England/PHEC-YYRK8WA/2022,814,838
hCoV-19/England/PHEC-YYRK8KP/2022,814,838
hCoV-19/England/PHEC-YYRK8JX/2022,814,838
hCoV-19/England/PHEC-YYRK8GI/2022,814,838
hCoV-19/England/PHEC-YYRK8ET/2022,814,838
hCoV-19/England/PHEC-YYRJUZE/2022,814,838
hCoV-19/England/PHEC-YYRJRI5/2022,814,838
hCoV-19/England/PHEC-YYRJMS1/2022,814,838
hCoV-19/England/PHEC-YYRJM7R/2022,814,838
hCoV-19/England/PHEC-YYRJFWH/2022,814,838
hCoV-19/England/PHEC-YYRJFTN/2022,814,838
hCoV-19/England/PHEC-YYRJFKT/2022,814,838
hCoV-19/England/PHEC-YYRJFJU/2022,814,838
hCoV-19/England/PHEC-YYRJFCP/2022,814,838
hCoV-19/England/PHEC-YYRJDHQ/2022,814,838
hCoV-19/England/PHEC-YYRJCIU/2022,814,838
hCoV-19/England/PHEC-YYRJCDA/2022,814,838
hCoV-19/England/PHEC-YYRENQQ/2022,814,835
hCoV-19/England/PHEC-YYRENA3/2022,814,835
hCoV-19/England/PHEC-YYREJ8I/2022,814,838
hCoV-19/England/PHEC-YYREG7M/2022,814,835
hCoV-19/England/PHEC-YYREBXP/2022,814,835
hCoV-19/England/PHEC-YYRDZUA/2022,814,835
hCoV-19/England/PHEC-YYRDXUY/2022,814,834
hCoV-19/England/PHEC-YYRDXND/2022,814,834
hCoV-19/England/PHEC-YYRDWR4/2022,814,834
hCoV-19/England/PHEC-YYRDUQ8/2022,814,834
hCoV-19/England/PHEC-YYRDIMM/2022,814,834
hCoV-19/England/PHEC-YYRDIB9/2022,814,834
hCoV-19/England/PHEC-YYRDH5D/2022,814,835
hCoV-19/England/PHEC-YYRD7TS/2022,814,835
hCoV-19/England/PHEC-YYRD48Q/2022,814,835
hCoV-19/England/PHEC-YYRCW9T/2022,814,838
hCoV-19/England/PHEC-YYRCTJB/2022,814,838
hCoV-19/England/PHEC-YYRCTFJ/2022,814,838
hCoV-19/England/PHEC-YYRBTZ4/2022,814,833
hCoV-19/England/PHEC-YYRBTUN/2022,814,833
hCoV-19/England/PHEC-YYRBTSH/2022,814,833
hCoV-19/England/PHEC-YYRBTRB/2022,814,833
hCoV-19/England/PHEC-YYRBTG7/2022,814,833
hCoV-19/England/PHEC-YYRBTDD/2022,814,833
hCoV-19/England/PHEC-YYRBT9K/2022,814,833
hCoV-19/England/PHEC-YYRBT7Q/2022,814,833
hCoV-19/England/PHEC-YYRBT6C/2022,814,833
hCoV-19/England/PHEC-YYRBT51/2022,814,833
hCoV-19/England/PHEC-YYRBT3S/2022,814,833
hCoV-19/England/PHEC-YYRBOMW/2022,814,833
hCoV-19/England/PHEC-YYRBOKS/2022,814,833
hCoV-19/England/PHEC-YYRBOJA/2022,814,833
hCoV-19/England/PHEC-YYRBOFY/2022,814,833
hCoV-19/England/PHEC-YYRBOC1/2022,814,833
hCoV-19/England/PHEC-YYRB9RU/2022,814,834
hCoV-19/England/PHEC-YYRB9AK/2022,814,834
hCoV-19/England/PHEC-YYRB7AC/2022,814,834
hCoV-19/England/PHEC-YYRB1RY/2022,814,833
hCoV-19/England/PHEC-YYRB1F6/2022,814,833
hCoV-19/England/PHEC-YYRATAJ/2022,814,848
hCoV-19/England/PHEC-YYR8YU8/2022,814,835
hCoV-19/England/PHEC-YYR8Y9X/2022,814,835
hCoV-19/England/PHEC-YYR8HY1/2022,814,835
hCoV-19/England/PHEC-YYR8HMH/2022,814,835
hCoV-19/England/PHEC-YYR84ZF/2022,814,835
hCoV-19/England/PHEC-YYR84NO/2022,814,835
hCoV-19/England/PHEC-YYR84AD/2022,814,835
hCoV-19/England/PHEC-YYR1YKD/2022,814,842
hCoV-19/England/PHEC-YYFK9F6/2022,814,880
hCoV-19/England/PHEC-YYDHTYU/2022,814,828
hCoV-19/England/PHEC-YYDHTWK/2022,814,828
hCoV-19/England/PHEC-YYDHTK9/2022,814,828
hCoV-19/England/PHEC-YYDHTG8/2022,814,828
hCoV-19/England/PHEC-YYDHTED/2022,814,828
hCoV-19/England/PHEC-YYDHT46/2022,814,828
hCoV-19/England/PHEC-YYDHT1Q/2022,814,828
hCoV-19/England/PHEC-YYDH1WJ/2022,814,828
hCoV-19/England/PHEC-YYDH1UM/2022,814,828
hCoV-19/England/PHEC-YYDH1TX/2022,814,828
hCoV-19/England/PHEC-YYDH1I8/2022,814,828
hCoV-19/England/PHEC-YYDH1AB/2022,814,828
hCoV-19/England/PHEC-YYD9ZXJ/2022,814,831
hCoV-19/England/PHEC-YYD9ZOG/2022,814,831
hCoV-19/England/PHEC-YYD9ZND/2022,814,831
hCoV-19/England/PHEC-YYD9Z1N/2022,814,831
hCoV-19/England/PHEC-YYD9WYK/2022,814,831
hCoV-19/England/PHEC-YYD9UZH/2022,814,831
hCoV-19/England/PHEC-YYD9UTE/2022,814,831
hCoV-19/England/PHEC-YYD9UFB/2022,814,831
hCoV-19/England/PHEC-YYD9UDF/2022,814,831
hCoV-19/England/PHEC-YYD9UA4/2022,814,831
hCoV-19/England/PHEC-YYD9SW9/2022,814,831
hCoV-19/England/PHEC-YYD9SQC/2022,814,831
hCoV-19/England/PHEC-YYD9SF6/2022,814,831
hCoV-19/England/PHEC-YYD9SBG/2022,814,831
hCoV-19/England/PHEC-YYD9S6M/2022,814,831
hCoV-19/England/PHEC-YYD9S3I/2022,814,831
hCoV-19/England/PHEC-YYD9RPY/2022,814,831
hCoV-19/England/PHEC-YYD9RAJ/2022,814,831
hCoV-19/England/PHEC-YYD9IDD/2022,814,831
hCoV-19/England/PHEC-YYD9I6C/2022,814,831
hCoV-19/England/PHEC-YYD9HJO/2022,814,831
hCoV-19/England/PHEC-YYD9HCK/2022,814,831
hCoV-19/England/PHEC-YYD9GRO/2022,814,831
hCoV-19/England/PHEC-YYD9GP6/2022,814,831
hCoV-19/England/PHEC-YYD9FWO/2022,814,831
hCoV-19/England/PHEC-YYD9FU1/2022,814,831
hCoV-19/England/PHEC-YYD9FP9/2022,814,831
hCoV-19/England/PHEC-YYD9FKF/2022,814,831
hCoV-19/England/PHEC-YYD9FGP/2022,814,831
hCoV-19/England/PHEC-YYD9FCB/2022,814,831
hCoV-19/England/PHEC-YYD9FAE/2022,814,831
hCoV-19/England/PHEC-YYD9F8M/2022,814,831
hCoV-19/England/PHEC-YYD9F5N/2022,814,831
hCoV-19/England/PHEC-YYD9DHN/2022,814,831
hCoV-19/England/PHEC-YYD96SU/2022,814,831
hCoV-19/England/PHEC-YYD96H8/2022,814,831
hCoV-19/England/PHEC-YYD95ZW/2022,814,831
hCoV-19/England/PHEC-YYD95R5/2022,814,831
hCoV-19/England/PHEC-YYD95KX/2022,814,831
hCoV-19/England/PHEC-YYD91P1/2022,814,831
hCoV-19/England/PHEC-YYD7SQO/2022,814,831
hCoV-19/England/PHEC-YYD7SA5/2022,814,831
hCoV-19/England/PHEC-YYD7RQN/2022,814,831
hCoV-19/England/PHEC-YYD7PXZ/2022,814,831
hCoV-19/England/PHEC-YYD7PM9/2022,814,831
hCoV-19/England/PHEC-YYD7GX6/2022,814,831
hCoV-19/England/PHEC-YYD7GWU/2022,814,831
hCoV-19/England/PHEC-YYD7GO5/2022,814,831
hCoV-19/England/PHEC-YYD7GMG/2022,814,831
hCoV-19/England/PHEC-YYD7GJK/2022,814,831
hCoV-19/England/PHEC-YYD7G8Q/2022,814,831
hCoV-19/England/PHEC-YYD7G1Z/2022,814,831
hCoV-19/England/PHEC-YYD7EAJ/2022,814,831
hCoV-19/England/PHEC-YYD7CZ8/2022,814,831
hCoV-19/England/PHEC-YYD7CQ4/2022,814,831
hCoV-19/England/PHEC-YYD7CPH/2022,814,831
hCoV-19/England/PHEC-YYD7CJR/2022,814,831
hCoV-19/England/PHEC-YYD7C9Z/2022,814,831
hCoV-19/England/PHEC-YYD7ANG/2022,814,831
hCoV-19/England/PHEC-YYD7A1F/2022,814,831
hCoV-19/England/PHEC-YYD73CT/2022,814,831
hCoV-19/England/PHEC-YYD6YPG/2022,814,831
hCoV-19/England/PHEC-YYD6XSR/2022,814,831
hCoV-19/England/PHEC-YYD6TXT/2022,814,831
hCoV-19/England/PHEC-YYD6TWG/2022,814,831
hCoV-19/England/PHEC-YYD6TUE/2022,814,831
hCoV-19/England/PHEC-YYD6TOQ/2022,814,831
hCoV-19/England/PHEC-YYD6TK5/2022,814,831
hCoV-19/England/PHEC-YYD6TJ7/2022,814,831
hCoV-19/England/PHEC-YYD6TGD/2022,814,831
hCoV-19/England/PHEC-YYD6TCZ/2022,814,831
hCoV-19/England/PHEC-YYD6T3H/2022,814,831
hCoV-19/England/PHEC-YYD6T1K/2022,814,831
hCoV-19/England/PHEC-YYD6QSF/2022,814,831
hCoV-19/England/PHEC-YYD6QAB/2022,814,831
hCoV-19/England/PHEC-YYD6PH4/2022,814,831
hCoV-19/England/PHEC-YYD6PC5/2022,814,831
hCoV-19/England/PHEC-YYD6P8F/2022,814,831
hCoV-19/England/PHEC-YYD6P5H/2022,814,831
hCoV-19/England/PHEC-YYD6P3Y/2022,814,831
hCoV-19/England/PHEC-YYD6O6U/2022,814,831
hCoV-19/England/PHEC-YYD61Z9/2022,814,831
hCoV-19/England/PHEC-YYD61WF/2022,814,831
hCoV-19/England/PHEC-YYD61HI/2022,814,831
hCoV-19/England/LSPA-3C9825D/2022,814,822
hCoV-19/England/LSPA-3C7CB18/2022,814,822
hCoV-19/England/LSPA-3C7217A/2022,814,821
hCoV-19/England/LSPA-3C7091A/2022,814,821
hCoV-19/England/LSPA-3C70640/2022,814,821
hCoV-19/England/LSPA-3C68B88/2022,814,821
hCoV-19/England/LSPA-3C62ADC/2022,814,821
hCoV-19/England/LSPA-3C3FA05/2022,814,821
hCoV-19/England/CLIMB-CM7YR9WW/2022,814,1310
hCoV-19/England/CLIMB-CM7YR3JI/2022,814,1310
hCoV-19/England/CLIMB-CM7YMMAD/2022,814,1310
hCoV-19/England/CLIMB-CM7YMIAT/2022,814,1310
hCoV-19/England/CLIMB-CM7YMI4G/2022,814,1310
hCoV-19/England/CLIMB-CM7YM3FA/2022,814,1310
hCoV-19/England/CLIMB-CM7YKNOE/2022,814,1310
hCoV-19/England/CLIMB-CM7YKA41/2022,814,1310
hCoV-19/England/CLIMB-CM7YJHYI/2022,814,1310
hCoV-19/England/CLIMB-CM7YJH7K/2022,814,1310
hCoV-19/England/CLIMB-CM7YJDF3/2022,814,1310
hCoV-19/England/CLIMB-CM7YJ6TM/2022,814,1310
hCoV-19/England/CLIMB-CM7YJ64E/2022,814,1310
hCoV-19/England/CLIMB-CM7YJ3PC/2022,814,1310
hCoV-19/England/CLIMB-CM7YJ1BN/2022,814,1310
hCoV-19/England/CLIMB-CM7YJ1A1/2022,814,1310
hCoV-19/England/CLIMB-CM7YGWOC/2022,814,1310
hCoV-19/England/CLIMB-CM7YGWEP/2022,814,1310
hCoV-19/England/CLIMB-CM7YGT8Y/2022,814,1310
hCoV-19/England/CLIMB-CM7YGSEG/2022,814,1310
hCoV-19/England/CLIMB-CM7YGRE1/2022,814,1310
hCoV-19/England/CLIMB-CM7YGFFN/2022,814,1310
hCoV-19/England/CLIMB-CM7YGD9E/2022,814,1310
hCoV-19/England/CLIMB-CM7YFMMQ/2022,814,1310
hCoV-19/England/CLIMB-CM7YFMBF/2022,814,1310
hCoV-19/England/CLIMB-CM7YFJOO/2022,814,1310
hCoV-19/England/CLIMB-CM7YFDUR/2022,814,1310
hCoV-19/England/CLIMB-CM7YF4AW/2022,814,1310
hCoV-19/England/CLIMB-CM7YF3ZT/2022,814,1310
hCoV-19/England/CLIMB-CM7YF3DW/2022,814,1310
hCoV-19/England/CLIMB-CM7YETTR/2022,814,1310
hCoV-19/England/CLIMB-CM7Y8ARU/2022,814,1310
hCoV-19/England/CLIMB-CM7Y8AEW/2022,814,1310
hCoV-19/Scotland/QEUH-3C83853/2022,815,825
hCoV-19/Scotland/QEUH-3C80A7E/2022,815,825
hCoV-19/Scotland/QEUH-3C7BAEF/2022,815,822
hCoV-19/Scotland/QEUH-3C74D65/2022,815,822
hCoV-19/Scotland/QEUH-3C7314C/2022,815,822
hCoV-19/Scotland/QEUH-3C65FE9/2022,815,825
hCoV-19/Scotland/QEUH-3C638A4/2022,815,822
hCoV-19/Scotland/CVR15563/2022,815,842
hCoV-19/Scotland/CVR15554/2022,815,842
hCoV-19/Scotland/CVR15553/2022,815,842
hCoV-19/Scotland/CVR15552/2022,815,842
hCoV-19/Scotland/CVR15539/2022,815,842
hCoV-19/Scotland/CVR15487/2022,815,842
hCoV-19/Scotland/CVR15486/2022,815,842
hCoV-19/Scotland/CVR15485/2022,815,842
hCoV-19/Scotland/CVR15484/2022,815,842
hCoV-19/Scotland/CVR15483/2022,815,842
hCoV-19/Scotland/CVR15481/2022,815,842
hCoV-19/Scotland/CVR15465/2022,815,842
hCoV-19/Scotland/CVR15463/2022,815,842
hCoV-19/Scotland/CVR15461/2022,815,842
hCoV-19/Scotland/CVR15460/2022,815,842
hCoV-19/Scotland/CVR15457/2022,815,842
hCoV-19/England/QEUH-3C92657/2022,815,822
hCoV-19/England/PHEC-YYRYURB/2022,815,832
hCoV-19/England/PHEC-YYRYUPX/2022,815,832
hCoV-19/England/PHEC-YYRYUMU/2022,815,832
hCoV-19/England/PHEC-YYRYTUR/2022,815,832
hCoV-19/England/PHEC-YYRYPWG/2022,815,831
hCoV-19/England/PHEC-YYRYPQU/2022,815,831
hCoV-19/England/PHEC-YYRYPK5/2022,815,831
hCoV-19/England/PHEC-YYRYIG5/2022,815,832
hCoV-19/England/PHEC-YYRY1UD/2022,815,832
hCoV-19/England/PHEC-YYRY1S7/2022,815,832
hCoV-19/England/PHEC-YYRY19M/2022,815,832
hCoV-19/England/PHEC-YYRXINF/2022,815,840
hCoV-19/England/PHEC-YYRXAPC/2022,815,840
hCoV-19/England/PHEC-YYRT8OT/2022,815,841
hCoV-19/England/PHEC-YYRPZA4/2022,815,838
hCoV-19/England/PHEC-YYRPGJK/2022,815,838
hCoV-19/England/PHEC-YYRPA9M/2022,815,838
hCoV-19/England/PHEC-YYRNYRO/2022,815,834
hCoV-19/England/PHEC-YYRNRER/2022,815,834
hCoV-19/England/PHEC-YYRNR8G/2022,815,834
hCoV-19/England/PHEC-YYRNHWU/2022,815,834
hCoV-19/England/PHEC-YYRNHUI/2022,815,834
hCoV-19/England/PHEC-YYRNHJK/2022,815,834
hCoV-19/England/PHEC-YYRNHF1/2022,815,834
hCoV-19/England/PHEC-YYRNHCR/2022,815,834
hCoV-19/England/PHEC-YYRNH8Q/2022,815,834
hCoV-19/England/PHEC-YYRNDGJ/2022,815,834
hCoV-19/England/PHEC-YYRNCYC/2022,815,834
hCoV-19/England/PHEC-YYRNB64/2022,815,834
hCoV-19/England/PHEC-YYRMZGD/2022,815,838
hCoV-19/England/PHEC-YYRMUWK/2022,815,838
hCoV-19/England/PHEC-YYRMUP3/2022,815,838
hCoV-19/England/PHEC-YYRMU8F/2022,815,838
hCoV-19/England/PHEC-YYRMSX1/2022,815,838
hCoV-19/England/PHEC-YYRMSOX/2022,815,838
hCoV-19/England/PHEC-YYRMS6U/2022,815,838
hCoV-19/England/PHEC-YYRMRYN/2022,815,838
hCoV-19/England/PHEC-YYRMGMK/2022,815,838
hCoV-19/England/PHEC-YYRMGKC/2022,815,838
hCoV-19/England/PHEC-YYRMDIA/2022,815,838
hCoV-19/England/PHEC-YYRMD3O/2022,815,838
hCoV-19/England/PHEC-YYRMBG3/2022,815,838
hCoV-19/England/PHEC-YYRMAXO/2022,815,839
hCoV-19/England/PHEC-YYRKYBG/2022,815,838
hCoV-19/England/PHEC-YYRKY9J/2022,815,838
hCoV-19/England/PHEC-YYRKN5X/2022,815,838
hCoV-19/England/PHEC-YYRKMEP/2022,815,838
hCoV-19/England/PHEC-YYRK9YJ/2022,815,838
hCoV-19/England/PHEC-YYRK9DD/2022,815,838
hCoV-19/England/PHEC-YYRK63Z/2022,815,838
hCoV-19/England/PHEC-YYRJU7H/2022,815,838
hCoV-19/England/PHEC-YYRJR1B/2022,815,838
hCoV-19/England/PHEC-YYRJPM8/2022,815,838
hCoV-19/England/PHEC-YYRJMY9/2022,815,838
hCoV-19/England/PHEC-YYRJMXB/2022,815,838
hCoV-19/England/PHEC-YYRJMWS/2022,815,838
hCoV-19/England/PHEC-YYRJMFI/2022,815,838
hCoV-19/England/PHEC-YYRJMB7/2022,815,838
hCoV-19/England/PHEC-YYRJM8T/2022,815,838
hCoV-19/England/PHEC-YYRJM4K/2022,815,838
hCoV-19/England/PHEC-YYRJK3P/2022,815,838
hCoV-19/England/PHEC-YYRJF1Y/2022,815,838
hCoV-19/England/PHEC-YYRJCN4/2022,815,838
hCoV-19/England/PHEC-YYRJ1QH/2022,815,838
hCoV-19/England/PHEC-YYRJ1A8/2022,815,838
hCoV-19/England/PHEC-YYRGYTP/2022,815,835
hCoV-19/England/PHEC-YYRGU3K/2022,815,835
hCoV-19/England/PHEC-YYRGDTK/2022,815,835
hCoV-19/England/PHEC-YYRGDQT/2022,815,835
hCoV-19/England/PHEC-YYRGDE7/2022,815,835
hCoV-19/England/PHEC-YYRGDAH/2022,815,835
hCoV-19/England/PHEC-YYRGD34/2022,815,835
hCoV-19/England/PHEC-YYRGBCZ/2022,815,835
hCoV-19/England/PHEC-YYREYRR/2022,815,835
hCoV-19/England/PHEC-YYREYGY/2022,815,835
hCoV-19/England/PHEC-YYREYFN/2022,815,835
hCoV-19/England/PHEC-YYRERTF/2022,815,835
hCoV-19/England/PHEC-YYRER9J/2022,815,835
hCoV-19/England/PHEC-YYRER6M/2022,815,835
hCoV-19/England/PHEC-YYRER5T/2022,815,835
hCoV-19/England/PHEC-YYRENZ5/2022,815,835
hCoV-19/England/PHEC-YYRENI9/2022,815,835
hCoV-19/England/PHEC-YYREN1F/2022,815,835
hCoV-19/England/PHEC-YYREGYG/2022,815,835
hCoV-19/England/PHEC-YYREGW7/2022,815,835
hCoV-19/England/PHEC-YYREGPC/2022,815,835
hCoV-19/England/PHEC-YYREGNN/2022,815,835
hCoV-19/England/PHEC-YYREDCT/2022,815,835
hCoV-19/England/PHEC-YYRE8KT/2022,815,835
hCoV-19/England/PHEC-YYRE8G3/2022,815,835
hCoV-19/England/PHEC-YYRDZWS/2022,815,835
hCoV-19/England/PHEC-YYRDWZU/2022,815,834
hCoV-19/England/PHEC-YYRDWCK/2022,815,834
hCoV-19/England/PHEC-YYRDWAT/2022,815,834
hCoV-19/England/PHEC-YYRDW3X/2022,815,834
hCoV-19/England/PHEC-YYRDTCP/2022,815,834
hCoV-19/England/PHEC-YYRDHAJ/2022,815,835
hCoV-19/England/PHEC-YYRDH4F/2022,815,835
hCoV-19/England/PHEC-YYRD7X5/2022,815,835
hCoV-19/England/PHEC-YYRD7WO/2022,815,835
hCoV-19/England/PHEC-YYRD7J8/2022,815,835
hCoV-19/England/PHEC-YYRD73G/2022,815,835
hCoV-19/England/PHEC-YYRD6D1/2022,815,835
hCoV-19/England/PHEC-YYRD4NA/2022,815,835
hCoV-19/England/PHEC-YYRD4F1/2022,815,835
hCoV-19/England/PHEC-YYRCXZG/2022,815,838
hCoV-19/England/PHEC-YYRCXAR/2022,815,838
hCoV-19/England/PHEC-YYRCX56/2022,815,838
hCoV-19/England/PHEC-YYRCX4Y/2022,815,838
hCoV-19/England/PHEC-YYRCX3N/2022,815,838
hCoV-19/England/PHEC-YYRCUPZ/2022,815,838
hCoV-19/England/PHEC-YYRCUK7/2022,815,838
hCoV-19/England/PHEC-YYRCUJ9/2022,815,838
hCoV-19/England/PHEC-YYRBTYJ/2022,815,833
hCoV-19/England/PHEC-YYRBTNF/2022,815,833
hCoV-19/England/PHEC-YYRBOXC/2022,815,833
hCoV-19/England/PHEC-YYRBOS7/2022,815,833
hCoV-19/England/PHEC-YYRBOI9/2022,815,833
hCoV-19/England/PHEC-YYRBOA3/2022,815,833
hCoV-19/England/PHEC-YYRBO6P/2022,815,833
hCoV-19/England/PHEC-YYRBO1F/2022,815,833
hCoV-19/England/PHEC-YYRBM9O/2022,815,832
hCoV-19/England/PHEC-YYRBJXU/2022,815,832
hCoV-19/England/PHEC-YYRBJUK/2022,815,832
hCoV-19/England/PHEC-YYRBJOO/2022,815,832
hCoV-19/England/PHEC-YYRBJM5/2022,815,832
hCoV-19/England/PHEC-YYRBJK7/2022,815,832
hCoV-19/England/PHEC-YYRBJDM/2022,815,832
hCoV-19/England/PHEC-YYRBJ4H/2022,815,832
hCoV-19/England/PHEC-YYRBJ36/2022,815,832
hCoV-19/England/PHEC-YYRBF56/2022,815,832
hCoV-19/England/PHEC-YYRBEUM/2022,815,832
hCoV-19/England/PHEC-YYRBESF/2022,815,832
hCoV-19/England/PHEC-YYRBENQ/2022,815,832
hCoV-19/England/PHEC-YYRBEK6/2022,815,832
hCoV-19/England/PHEC-YYRBE6I/2022,815,832
hCoV-19/England/PHEC-YYRBCRG/2022,815,832
hCoV-19/England/PHEC-YYRBCNK/2022,815,832
hCoV-19/England/PHEC-YYRBC8Y/2022,815,832
hCoV-19/England/PHEC-YYRB9X7/2022,815,834
hCoV-19/England/PHEC-YYRB9UW/2022,815,834
hCoV-19/England/PHEC-YYRB9MF/2022,815,834
hCoV-19/England/PHEC-YYRB9GX/2022,815,834
hCoV-19/England/PHEC-YYRB9EM/2022,815,834
hCoV-19/England/PHEC-YYRB98P/2022,815,834
hCoV-19/England/PHEC-YYRATZM/2022,815,848
hCoV-19/England/PHEC-YYR8O4J/2022,815,835
hCoV-19/England/PHEC-YYR8HK6/2022,815,835
hCoV-19/England/PHEC-YYR8HJY/2022,815,835
hCoV-19/England/PHEC-YYR8H9U/2022,815,835
hCoV-19/England/PHEC-YYR8ATU/2022,815,835
hCoV-19/England/PHEC-YYDHUGF/2022,815,828
hCoV-19/England/PHEC-YYDH1MH/2022,815,828
hCoV-19/England/PHEC-YYDH1JY/2022,815,828
hCoV-19/England/PHEC-YYD9ZTR/2022,815,831
hCoV-19/England/PHEC-YYD9ZQM/2022,815,831
hCoV-19/England/PHEC-YYD9ZMT/2022,815,831
hCoV-19/England/PHEC-YYD9ZCX/2022,815,831
hCoV-19/England/PHEC-YYD9SUB/2022,815,831
hCoV-19/England/PHEC-YYD9SO8/2022,815,831
hCoV-19/England/PHEC-YYD9SKW/2022,815,831
hCoV-19/England/PHEC-YYD9SJS/2022,815,831
hCoV-19/England/PHEC-YYD9SI7/2022,815,831
hCoV-19/England/PHEC-YYD9SEA/2022,815,831
hCoV-19/England/PHEC-YYD9S9J/2022,815,831
hCoV-19/England/PHEC-YYD9R4F/2022,815,831
hCoV-19/England/PHEC-YYD9IWY/2022,815,831
hCoV-19/England/PHEC-YYD9IUN/2022,815,831
hCoV-19/England/PHEC-YYD9IAA/2022,815,831
hCoV-19/England/PHEC-YYD9FZK/2022,815,831
hCoV-19/England/PHEC-YYD954Q/2022,815,831
hCoV-19/England/PHEC-YYD91XQ/2022,815,831
hCoV-19/England/PHEC-YYD91WD/2022,815,831
hCoV-19/England/PHEC-YYD91UF/2022,815,831
hCoV-19/England/PHEC-YYD91S9/2022,815,831
hCoV-19/England/PHEC-YYD91OM/2022,815,831
hCoV-19/England/PHEC-YYD91MS/2022,815,831
hCoV-19/England/PHEC-YYD91IB/2022,815,831
hCoV-19/England/PHEC-YYD91CW/2022,815,831
hCoV-19/England/PHEC-YYD91A5/2022,815,831
hCoV-19/England/PHEC-YYD9133/2022,815,831
hCoV-19/England/PHEC-YYD7GZP/2022,815,831
hCoV-19/England/PHEC-YYD7GAM/2022,815,831
hCoV-19/England/PHEC-YYD7AQQ/2022,815,831
hCoV-19/England/PHEC-YYD7A8H/2022,815,831
hCoV-19/England/PHEC-YYD6XHA/2022,815,831
hCoV-19/England/PHEC-YYD6XAY/2022,815,831
hCoV-19/England/PHEC-YYD6X7S/2022,815,831
hCoV-19/England/PHEC-YYD6X54/2022,815,831
hCoV-19/England/PHEC-YYD6X36/2022,815,831
hCoV-19/England/PHEC-YYD6UYP/2022,815,831
hCoV-19/England/PHEC-YYD6QTX/2022,815,831
hCoV-19/England/PHEC-YYD6QNQ/2022,815,831
hCoV-19/England/PHEC-YYD6QEN/2022,815,831
hCoV-19/England/PHEC-YYD6Q1P/2022,815,831
hCoV-19/England/PHEC-YYD6PZR/2022,815,831
hCoV-19/England/PHEC-YYD6PXI/2022,815,831
hCoV-19/England/PHEC-YYD6PWK/2022,815,831
hCoV-19/England/PHEC-YYD6PSG/2022,815,831
hCoV-19/England/PHEC-YYD6PRM/2022,815,831
hCoV-19/England/PHEC-YYD6PO1/2022,815,831
hCoV-19/England/PHEC-YYD6PM7/2022,815,831
hCoV-19/England/PHEC-YYD6PK9/2022,815,831
hCoV-19/England/PHEC-YYD6PFJ/2022,815,831
hCoV-19/England/PHEC-YYD6PED/2022,815,831
hCoV-19/England/PHEC-YYD61MA/2022,815,831
hCoV-19/England/PHEC-YYD61A7/2022,815,831
hCoV-19/England/PHEC-YYD616T/2022,815,831
hCoV-19/England/LSPA-3C973C4/2022,815,823
hCoV-19/England/LSPA-3C91EE7/2022,815,822
hCoV-19/England/LSPA-3C78E40/2022,815,822
hCoV-19/England/LSPA-3C653ED/2022,815,821
hCoV-19/England/CLIMB-CM7YRT6U/2022,815,1310
hCoV-19/England/CLIMB-CM7YR6H9/2022,815,1310
hCoV-19/England/CLIMB-CM7YMW98/2022,815,1310
hCoV-19/England/CLIMB-CM7YMUCW/2022,815,1310
hCoV-19/England/CLIMB-CM7YMQDR/2022,815,1310
hCoV-19/England/CLIMB-CM7YMJBK/2022,815,1310
hCoV-19/England/CLIMB-CM7YMJ15/2022,815,1310
hCoV-19/England/CLIMB-CM7YMCAM/2022,815,1310
hCoV-19/England/CLIMB-CM7YMAWH/2022,815,1310
hCoV-19/England/CLIMB-CM7YM1ON/2022,815,1310
hCoV-19/England/CLIMB-CM7YKW3P/2022,815,1310
hCoV-19/England/CLIMB-CM7YKOSK/2022,815,1310
hCoV-19/England/CLIMB-CM7YKJ9I/2022,815,1310
hCoV-19/England/CLIMB-CM7YKDFF/2022,815,1310
hCoV-19/England/CLIMB-CM7YJDNN/2022,815,1310
hCoV-19/England/CLIMB-CM7YJ767/2022,815,1310
hCoV-19/England/CLIMB-CM7YJ1D8/2022,815,1310
hCoV-19/England/CLIMB-CM7YGSU9/2022,815,1310
hCoV-19/England/CLIMB-CM7YGMXO/2022,815,1310
hCoV-19/England/CLIMB-CM7YGAK8/2022,815,1310
hCoV-19/England/CLIMB-CM7YG7DI/2022,815,1310
hCoV-19/England/CLIMB-CM7YF47R/2022,815,1310
hCoV-19/England/CLIMB-CM7YF3PJ/2022,815,1310
hCoV-19/England/CLIMB-CM7YEQPS/2022,815,1310
hCoV-19/England/CLIMB-CM7YEPQP/2022,815,1310
hCoV-19/England/CLIMB-CM7YEGDN/2022,815,1310
hCoV-19/England/CLIMB-CM7Y8JA6/2022,815,1310
hCoV-19/England/CLIMB-CM7Y8IW4/2022,815,1310
hCoV-19/England/CLIMB-CM7Y8IUQ/2022,815,1310
hCoV-19/England/CLIMB-CM7Y8EUJ/2022,815,1310
