hCoV-19/England/PHEC-YY8ZQ97/2022,1082,1108
hCoV-19/England/PHEC-YY8WYOX/2022,1082,1097
hCoV-19/England/PHEC-YY8WYEY/2022,1082,1097
hCoV-19/England/PHEC-YY8WY7I/2022,1082,1097
hCoV-19/England/PHEC-YY8WBJ7/2022,1082,1097
hCoV-19/England/PHEC-YY8UHPH/2022,1082,1097
hCoV-19/England/PHEC-YY8U73N/2022,1082,1097
hCoV-19/England/PHEC-YY8U3U1/2022,1082,1097
hCoV-19/England/PHEC-YY8U3Q7/2022,1082,1097
hCoV-19/England/PHEC-YY8U3MD/2022,1082,1097
hCoV-19/England/PHEC-YY8U36H/2022,1082,1097
hCoV-19/England/PHEC-YY8IQ15/2022,1082,1104
hCoV-19/England/PHEC-YY8INUF/2022,1082,1104
hCoV-19/England/PHEC-YY8IN7T/2022,1082,1104
hCoV-19/England/PHEC-YY8IN5I/2022,1082,1104
hCoV-19/England/PHEC-YY8IMR5/2022,1082,1104
hCoV-19/England/PHEC-YY8IK5P/2022,1082,1104
hCoV-19/England/PHEC-YY8IDYM/2022,1082,1104
hCoV-19/England/PHEC-YY8IBJ5/2022,1082,1104
hCoV-19/England/PHEC-YY8ZXJJ/2022,1083,1108
hCoV-19/England/PHEC-YY8ZKMK/2022,1083,1107
hCoV-19/England/PHEC-YY8U6IJ/2022,1083,1097
hCoV-19/England/PHEC-YY8IZTW/2022,1083,1104
hCoV-19/England/PHEC-YY8IYU8/2022,1083,1104
hCoV-19/England/PHEC-YY8IQWZ/2022,1083,1104
hCoV-19/England/PHEC-YY8IQO9/2022,1083,1104
hCoV-19/England/PHEC-YY8IQII/2022,1083,1104
hCoV-19/England/PHEC-YY8IPQF/2022,1083,1104
hCoV-19/England/PHEC-YY8IPOY/2022,1083,1104
hCoV-19/England/PHEC-YY8IPMM/2022,1083,1104
hCoV-19/England/PHEC-YY8IPJX/2022,1083,1104
hCoV-19/England/PHEC-YY8IPCJ/2022,1083,1104
hCoV-19/England/PHEC-YY8IP1H/2022,1083,1104
hCoV-19/England/PHEC-YY8IMKX/2022,1083,1104
hCoV-19/England/PHEC-YY8IKEW/2022,1083,1104
hCoV-19/England/PHEC-YY8IJSA/2022,1083,1104
hCoV-19/England/PHEC-YY8IEZZ/2022,1083,1104
hCoV-19/England/PHEC-YY8IDTE/2022,1083,1104
hCoV-19/England/PHEC-YY8IDN8/2022,1083,1104
hCoV-19/England/PHEC-YY8ICAT/2022,1083,1104
hCoV-19/England/PHEC-YY8IC78/2022,1083,1104
hCoV-19/England/PHEC-YY8IC6F/2022,1083,1104
hCoV-19/England/PHEC-YY8IC5M/2022,1083,1104
hCoV-19/England/PHEC-YY8IBTK/2022,1083,1104
hCoV-19/England/PHEC-YY8IBNJ/2022,1083,1104
hCoV-19/England/PHEC-YY8ZJIS/2022,1084,1107
hCoV-19/England/PHEC-YY8ZFSA/2022,1084,1104
hCoV-19/England/PHEC-YY8W9SR/2022,1084,1104
hCoV-19/England/PHEC-YY8W9RJ/2022,1084,1104
hCoV-19/England/PHEC-YY8W9BX/2022,1084,1104
hCoV-19/England/PHEC-YY8W97S/2022,1084,1104
hCoV-19/England/PHEC-YY8W954/2022,1084,1104
hCoV-19/England/PHEC-YY8W6XW/2022,1084,1104
hCoV-19/England/PHEC-YY8W6WJ/2022,1084,1104
hCoV-19/England/PHEC-YY8W6UM/2022,1084,1104
hCoV-19/England/PHEC-YY8W6I8/2022,1084,1104
hCoV-19/England/PHEC-YY8W647/2022,1084,1104
hCoV-19/England/PHEC-YY8IZ4N/2022,1084,1104
hCoV-19/England/PHEC-YY8IYPW/2022,1084,1104
hCoV-19/England/PHEC-YY8IYK4/2022,1084,1104
hCoV-19/England/PHEC-YY8IYHI/2022,1084,1104
hCoV-19/England/PHEC-YY8IQMK/2022,1084,1104
hCoV-19/England/PHEC-YY8INHU/2022,1084,1104
hCoV-19/England/PHEC-YY8IN6X/2022,1084,1104
hCoV-19/England/PHEC-YY8IMHK/2022,1084,1104
hCoV-19/England/PHEC-YY8IM9R/2022,1084,1104
hCoV-19/England/PHEC-YY8IM7E/2022,1084,1104
hCoV-19/England/PHEC-YY8IM3O/2022,1084,1104
hCoV-19/England/PHEC-YY8IJX8/2022,1084,1104
hCoV-19/England/PHEC-YY8IJWH/2022,1084,1104
hCoV-19/England/PHEC-YY8IJQJ/2022,1084,1104
hCoV-19/England/PHEC-YY8IJPM/2022,1084,1104
hCoV-19/England/PHEC-YY8IJOR/2022,1084,1104
hCoV-19/England/PHEC-YY8IJKT/2022,1084,1104
hCoV-19/England/PHEC-YY8IJCP/2022,1084,1104
hCoV-19/England/PHEC-YY8IJ9G/2022,1084,1104
hCoV-19/England/PHEC-YY8IJ6E/2022,1084,1104
hCoV-19/England/PHEC-YY8IJ5Q/2022,1084,1104
hCoV-19/England/PHEC-YY8IJ1Y/2022,1084,1104
hCoV-19/England/PHEC-YY8IGKW/2022,1084,1104
hCoV-19/England/PHEC-YY8IFPX/2022,1084,1104
hCoV-19/England/PHEC-YY8IFNF/2022,1084,1104
hCoV-19/England/PHEC-YY8IDG9/2022,1084,1104
hCoV-19/England/PHEC-YY8IDBJ/2022,1084,1104
hCoV-19/England/PHEC-YY8ID87/2022,1084,1104
hCoV-19/England/PHEC-YY8ICN6/2022,1084,1104
hCoV-19/England/PHEC-YY8ICJO/2022,1084,1104
hCoV-19/England/PHEC-YY8ICDH/2022,1084,1104
hCoV-19/England/PHEC-YY8IB6O/2022,1084,1104
hCoV-19/England/PHEC-YY84IE9/2022,1084,1115
hCoV-19/England/PHEC-YY84G7D/2022,1084,1115
hCoV-19/England/PHEC-YY8ZXEM/2022,1085,1108
hCoV-19/England/PHEC-YY8ZT1W/2022,1085,1108
hCoV-19/England/PHEC-YY8ZJGI/2022,1085,1107
hCoV-19/England/PHEC-YY8ZJ8U/2022,1085,1107
hCoV-19/England/PHEC-YY8ZGEW/2022,1085,1104
hCoV-19/England/PHEC-YY8Z1X4/2022,1085,1108
hCoV-19/England/PHEC-YY8W9M5/2022,1085,1104
hCoV-19/England/PHEC-YY8W91C/2022,1085,1104
hCoV-19/England/PHEC-YY8W6H3/2022,1085,1104
hCoV-19/England/PHEC-YY8IZIC/2022,1085,1104
hCoV-19/England/PHEC-YY8IZ11/2022,1085,1104
hCoV-19/England/PHEC-YY8IYJH/2022,1085,1104
hCoV-19/England/PHEC-YY8IN4Z/2022,1085,1104
hCoV-19/England/PHEC-YY8IMSS/2022,1085,1104
hCoV-19/England/PHEC-YY8IMPJ/2022,1085,1104
hCoV-19/England/PHEC-YY8IMON/2022,1085,1104
hCoV-19/England/PHEC-YY8IMIA/2022,1085,1104
hCoV-19/England/PHEC-YY8IMA1/2022,1085,1104
hCoV-19/England/PHEC-YY8IKQE/2022,1085,1104
hCoV-19/England/PHEC-YY8IKBN/2022,1085,1104
hCoV-19/England/PHEC-YY8IJZS/2022,1085,1104
hCoV-19/England/PHEC-YY8IJU6/2022,1085,1104
hCoV-19/England/PHEC-YY8IJNB/2022,1085,1104
hCoV-19/England/PHEC-YY8IGXK/2022,1085,1104
hCoV-19/England/PHEC-YY8IGTF/2022,1085,1104
hCoV-19/England/PHEC-YY8IGO8/2022,1085,1104
hCoV-19/England/PHEC-YY8IGM1/2022,1085,1104
hCoV-19/England/PHEC-YY8IGF6/2022,1085,1104
hCoV-19/England/PHEC-YY8IDS6/2022,1085,1104
hCoV-19/England/PHEC-YY8IDPT/2022,1085,1104
hCoV-19/England/PHEC-YY8ID3A/2022,1085,1104
hCoV-19/England/PHEC-YY8ICU5/2022,1085,1104
hCoV-19/England/PHEC-YY8ICPE/2022,1085,1104
hCoV-19/England/PHEC-YY8ICOB/2022,1085,1104
hCoV-19/England/PHEC-YY8IBGB/2022,1085,1104
hCoV-19/England/PHEC-YY8I8QM/2022,1085,1104
hCoV-19/England/PHEC-YY87MBT/2022,1085,1125
hCoV-19/England/PHEC-YY87KAD/2022,1085,1125
hCoV-19/England/PHEC-YY87AK1/2022,1085,1127
hCoV-19/England/PHEC-YY8ZGF4/2022,1086,1104
hCoV-19/England/PHEC-YY8ZFKT/2022,1086,1104
hCoV-19/England/PHEC-YY8ZEOB/2022,1086,1105
hCoV-19/England/PHEC-YY8Z4QW/2022,1086,1111
hCoV-19/England/PHEC-YY8Z1KR/2022,1086,1108
hCoV-19/England/PHEC-YY8Z1FQ/2022,1086,1108
hCoV-19/England/PHEC-YY8Z1EE/2022,1086,1108
hCoV-19/England/PHEC-YY8Z1BS/2022,1086,1108
hCoV-19/England/PHEC-YY8Z18K/2022,1086,1108
hCoV-19/England/PHEC-YY8W9K7/2022,1086,1104
hCoV-19/England/PHEC-YY8IZX3/2022,1086,1104
hCoV-19/England/PHEC-YY8IZP7/2022,1086,1104
hCoV-19/England/PHEC-YY8IYSB/2022,1086,1104
hCoV-19/England/PHEC-YY8IYCS/2022,1086,1104
hCoV-19/England/PHEC-YY8IY1J/2022,1086,1104
hCoV-19/England/PHEC-YY8IS65/2022,1086,1104
hCoV-19/England/PHEC-YY8IMZW/2022,1086,1104
hCoV-19/England/PHEC-YY8IKF4/2022,1086,1104
hCoV-19/England/PHEC-YY8IGDN/2022,1086,1104
hCoV-19/England/PHEC-YY8IGBG/2022,1086,1104
hCoV-19/England/PHEC-YY8IFUN/2022,1086,1104
hCoV-19/England/PHEC-YY8IF51/2022,1086,1104
hCoV-19/England/PHEC-YY8IETD/2022,1086,1104
hCoV-19/England/PHEC-YY8IEOF/2022,1086,1104
hCoV-19/England/PHEC-YY8IEI5/2022,1086,1104
hCoV-19/England/PHEC-YY8IEDY/2022,1086,1104
hCoV-19/England/PHEC-YY8IBSY/2022,1086,1104
hCoV-19/England/PHEC-YY8I8W6/2022,1086,1104
hCoV-19/England/PHEC-YY8HIS6/2022,1086,1121
hCoV-19/England/PHEC-YY8AET7/2022,1086,1111
hCoV-19/England/PHEC-YY84IQU/2022,1086,1115
hCoV-19/England/PHEC-YY848FU/2022,1086,1115
hCoV-19/England/PHEC-YY8ZT76/2022,1087,1108
hCoV-19/England/PHEC-YY8ZKB6/2022,1087,1107
hCoV-19/England/PHEC-YY8ZJ6R/2022,1087,1107
hCoV-19/England/PHEC-YY8ZGI3/2022,1087,1105
hCoV-19/England/PHEC-YY8ZG9F/2022,1087,1105
hCoV-19/England/PHEC-YY8ZEJO/2022,1087,1105
hCoV-19/England/PHEC-YY8ZEGS/2022,1087,1105
hCoV-19/England/PHEC-YY8ZE4P/2022,1087,1105
hCoV-19/England/PHEC-YY8Z48N/2022,1087,1111
hCoV-19/England/PHEC-YY8Z3YT/2022,1087,1111
hCoV-19/England/PHEC-YY8Z3OO/2022,1087,1111
hCoV-19/England/PHEC-YY8Z3F8/2022,1087,1111
hCoV-19/England/PHEC-YY8Z3EB/2022,1087,1111
hCoV-19/England/PHEC-YY8Z1D1/2022,1087,1108
hCoV-19/England/PHEC-YY8IZKD/2022,1087,1104
hCoV-19/England/PHEC-YY8IZDT/2022,1087,1104
hCoV-19/England/PHEC-YY8IZC9/2022,1087,1104
hCoV-19/England/PHEC-YY8IZ8J/2022,1087,1104
hCoV-19/England/PHEC-YY8IY7U/2022,1087,1104
hCoV-19/England/PHEC-YY8ISZJ/2022,1087,1104
hCoV-19/England/PHEC-YY8IJR7/2022,1087,1104
hCoV-19/England/PHEC-YY8IF6C/2022,1087,1104
hCoV-19/England/PHEC-YY8I8XJ/2022,1087,1104
hCoV-19/England/PHEC-YY8I8PP/2022,1087,1104
hCoV-19/England/PHEC-YY8I8G5/2022,1087,1104
hCoV-19/England/PHEC-YY8I841/2022,1087,1104
hCoV-19/England/PHEC-YY8I3UQ/2022,1087,1104
hCoV-19/England/PHEC-YY8AXWO/2022,1087,1111
hCoV-19/England/PHEC-YY8AXIQ/2022,1087,1111
hCoV-19/England/PHEC-YY8AIG8/2022,1087,1113
hCoV-19/England/PHEC-YY84HYE/2022,1087,1118
hCoV-19/England/LOND-YYBK6TK/2022,1087,1120
hCoV-19/England/PHEC-YY8ZJR3/2022,1088,1107
hCoV-19/England/PHEC-YY8ZG4X/2022,1088,1105
hCoV-19/England/PHEC-YY8ZE8W/2022,1088,1105
hCoV-19/England/PHEC-YY8ZA9U/2022,1088,1111
hCoV-19/England/PHEC-YY8Z4FG/2022,1088,1111
hCoV-19/England/PHEC-YY8Z3WE/2022,1088,1111
hCoV-19/England/PHEC-YY8Z3UK/2022,1088,1111
hCoV-19/England/PHEC-YY8Z3PZ/2022,1088,1111
hCoV-19/England/PHEC-YY8Z3BX/2022,1088,1111
hCoV-19/England/PHEC-YY8Z3AY/2022,1088,1111
hCoV-19/England/PHEC-YY8IZQ5/2022,1088,1104
hCoV-19/England/PHEC-YY8IWAJ/2022,1088,1104
hCoV-19/England/PHEC-YY8ISH9/2022,1088,1104
hCoV-19/England/PHEC-YY8ISEE/2022,1088,1104
hCoV-19/England/PHEC-YY8ISA8/2022,1088,1104
hCoV-19/England/PHEC-YY8IG9J/2022,1088,1104
hCoV-19/England/PHEC-YY8IG7P/2022,1088,1104
hCoV-19/England/PHEC-YY8I8ND/2022,1088,1104
hCoV-19/England/PHEC-YY8I8EZ/2022,1088,1104
hCoV-19/England/PHEC-YY8AXAE/2022,1088,1111
hCoV-19/England/PHEC-YY8AOJG/2022,1088,1111
hCoV-19/England/PHEC-YY8A1JR/2022,1088,1113
hCoV-19/England/PHEC-YY87EBW/2022,1088,1125
hCoV-19/England/LSPA-326544E4/2022,1088,1101
