hCoV-19/Scotland/QEUH-35EA8F7/2022,767,776
hCoV-19/Scotland/QEUH-35CD56C/2022,767,775
hCoV-19/Scotland/QEUH-35C450B/2022,767,776
hCoV-19/Scotland/QEUH-35C444A/2022,767,776
hCoV-19/Scotland/QEUH-35BC1B7/2022,767,776
hCoV-19/England/PHEC-YYNXRB4/2022,767,783
hCoV-19/England/PHEC-YYNX9FZ/2022,767,783
hCoV-19/England/PHEC-YYNUTYG/2022,767,786
hCoV-19/England/PHEC-YYNSOB9/2022,767,789
hCoV-19/England/PHEC-YYNSC5Q/2022,767,789
hCoV-19/England/PHEC-YYNINC3/2022,767,789
hCoV-19/England/PHEC-YYNHM1I/2022,767,797
hCoV-19/England/PHEC-YYN1AP8/2022,767,785
hCoV-19/England/PHEC-YYN1AMM/2022,767,785
hCoV-19/England/PHEC-YYN1AET/2022,767,785
hCoV-19/England/MILK-35F9BA1/2022,767,775
hCoV-19/England/MILK-35EB8F6/2022,767,775
hCoV-19/England/MILK-35DA7C0/2022,767,775
hCoV-19/England/MILK-35D980A/2022,767,775
hCoV-19/England/MILK-35D3D98/2022,767,775
hCoV-19/England/MILK-35C04F3/2022,767,774
hCoV-19/England/MILK-35BDBC7/2022,767,774
hCoV-19/England/MILK-35B5136/2022,767,774
hCoV-19/England/MILK-35AAC7F/2022,767,778
hCoV-19/England/MILK-3597E42/2022,767,773
hCoV-19/England/MILK-3597B4B/2022,767,773
hCoV-19/England/MILK-3597A11/2022,767,773
hCoV-19/England/MILK-35979E7/2022,767,773
hCoV-19/England/MILK-359799C/2022,767,773
hCoV-19/England/MILK-3591BC9/2022,767,773
hCoV-19/England/DHSC-CYNHKFF/2022,767,831
hCoV-19/England/DHSC-CYNB5WC/2022,767,831
hCoV-19/England/DHSC-CYN9ROQ/2022,767,786
hCoV-19/England/DHSC-CYDF6HO/2022,767,803
hCoV-19/England/DHSC-CYBRH61/2022,767,786
hCoV-19/England/DHSC-CYBNS6H/2022,767,831
hCoV-19/England/DHSC-CYBBOR3/2022,767,831
hCoV-19/England/ALDP-35DEBA2/2022,767,775
hCoV-19/Wales/PHWC-PEKPOH/2022,768,790
hCoV-19/Wales/PHWC-PEKCRS/2022,768,790
hCoV-19/Wales/PHWC-PEKB51/2022,768,790
hCoV-19/Wales/PHWC-PEJSSJ/2022,768,790
hCoV-19/Wales/PHWC-PEJIOS/2022,768,790
hCoV-19/Wales/PHWC-PEJ6DE/2022,768,790
hCoV-19/Wales/PHWC-PEJ3TO/2022,768,790
hCoV-19/England/PHWC-PEKPY7/2022,768,790
hCoV-19/England/PHWC-PEKMTH/2022,768,790
hCoV-19/England/PHEC-YYNXQ55/2022,768,783
hCoV-19/England/PHEC-YYNXOBQ/2022,768,783
hCoV-19/England/PHEC-YYNX9R3/2022,768,783
hCoV-19/England/PHEC-YYNX9JX/2022,768,783
hCoV-19/England/PHEC-YYNX9ET/2022,768,783
hCoV-19/England/PHEC-YYNX6HJ/2022,768,783
hCoV-19/England/PHEC-YYNWJ7T/2022,768,790
hCoV-19/England/PHEC-YYNWI3P/2022,768,790
hCoV-19/England/PHEC-YYNUX6M/2022,768,786
hCoV-19/England/PHEC-YYNUGXU/2022,768,786
hCoV-19/England/PHEC-YYNUDWM/2022,768,785
hCoV-19/England/PHEC-YYNU6Y3/2022,768,789
hCoV-19/England/PHEC-YYNTMZB/2022,768,784
hCoV-19/England/PHEC-YYNSPJ1/2022,768,789
hCoV-19/England/PHEC-YYNS1XB/2022,768,789
hCoV-19/England/PHEC-YYNOHN7/2022,768,783
hCoV-19/England/PHEC-YYNIR61/2022,768,789
hCoV-19/England/PHEC-YYNINK7/2022,768,789
hCoV-19/England/PHEC-YYNIFGN/2022,768,789
hCoV-19/England/PHEC-YYNA56I/2022,768,792
hCoV-19/England/PHEC-YYN5WRM/2022,768,796
hCoV-19/England/PHEC-YYN1AXD/2022,768,785
hCoV-19/England/PHEC-YYN1AWA/2022,768,785
hCoV-19/England/PHEC-YYN1AQF/2022,768,785
hCoV-19/England/PHEC-YYN1AD5/2022,768,785
hCoV-19/England/PHEC-YYN1A8U/2022,768,785
hCoV-19/England/MILK-3605619/2022,768,775
hCoV-19/England/MILK-35FA01A/2022,768,775
hCoV-19/England/MILK-35F9CDB/2022,768,775
hCoV-19/England/MILK-35F835F/2022,768,775
hCoV-19/England/MILK-35EBAF0/2022,768,775
hCoV-19/England/MILK-35E8CA2/2022,768,775
hCoV-19/England/MILK-35DAA7C/2022,768,775
hCoV-19/England/MILK-35DA8CD/2022,768,775
hCoV-19/England/MILK-35DA71B/2022,768,775
hCoV-19/England/MILK-35DA229/2022,768,775
hCoV-19/England/MILK-35DA195/2022,768,775
hCoV-19/England/MILK-35D9B4D/2022,768,775
hCoV-19/England/MILK-35D9A8C/2022,768,775
hCoV-19/England/MILK-35D9A40/2022,768,775
hCoV-19/England/MILK-35D98DD/2022,768,775
hCoV-19/England/MILK-35D97C1/2022,768,775
hCoV-19/England/MILK-35C10B2/2022,768,775
hCoV-19/England/LSPA-361C749/2022,768,776
hCoV-19/England/LSPA-361925A/2022,768,776
hCoV-19/England/LSPA-360ED66/2022,768,775
hCoV-19/England/DHSC-CYYA5O8/2022,768,786
hCoV-19/England/DHSC-CYNKONK/2022,768,786
hCoV-19/England/ALDP-361E352/2022,768,776
hCoV-19/Wales/PHWC-PEPUJ9/2022,769,791
hCoV-19/Wales/PHWC-PEPT1Q/2022,769,791
hCoV-19/Wales/PHWC-PEPS43/2022,769,791
hCoV-19/Wales/PHWC-PEPEX6/2022,769,791
hCoV-19/Wales/PHWC-PEPEJK/2022,769,791
hCoV-19/Wales/PHWC-PEPCA8/2022,769,791
hCoV-19/Wales/PHWC-PEP9YF/2022,769,791
hCoV-19/Wales/PHWC-PEP9CP/2022,769,791
hCoV-19/Wales/PHWC-PEP896/2022,769,791
hCoV-19/Wales/PHWC-PEP7XJ/2022,769,791
hCoV-19/Wales/PHWC-PEP7ND/2022,769,791
hCoV-19/Wales/PHWC-PEP6R6/2022,769,791
hCoV-19/Wales/PHWC-PEM9NF/2022,769,791
hCoV-19/Wales/PHWC-PEM6WB/2022,769,791
hCoV-19/Wales/PHWC-PEKGGA/2022,769,790
hCoV-19/Wales/PHWC-PEKGD6/2022,769,790
hCoV-19/Wales/PHWC-PEJZSE/2022,769,790
hCoV-19/Wales/PHWC-PEJ4NQ/2022,769,790
hCoV-19/Wales/ALDP-3624D2E/2022,769,778
hCoV-19/Scotland/SCOT-5513/2022,769,790
hCoV-19/Scotland/QEUH-3643C4A/2022,769,778
hCoV-19/Scotland/QEUH-363283B/2022,769,778
hCoV-19/Scotland/QEUH-3623D2F/2022,769,778
hCoV-19/Scotland/QEUH-361179F/2022,769,776
hCoV-19/Scotland/QEUH-360E0E5/2022,769,776
hCoV-19/Scotland/CVR13710/2022,769,805
hCoV-19/Scotland/CVR13705/2022,769,805
hCoV-19/England/QEUH-362F5A3/2022,769,776
hCoV-19/England/QEUH-362BBC3/2022,769,776
hCoV-19/England/PHWC-PEPZK3/2022,769,791
hCoV-19/England/PHWC-PEPIHS/2022,769,791
hCoV-19/England/PHWC-PEJ37A/2022,769,790
hCoV-19/England/PHEC-YYNWI5J/2022,769,790
hCoV-19/England/PHEC-YYNURWK/2022,769,785
hCoV-19/England/PHEC-YYNURQZ/2022,769,785
hCoV-19/England/PHEC-YYNURP3/2022,769,785
hCoV-19/England/PHEC-YYNURM7/2022,769,785
hCoV-19/England/PHEC-YYNURK9/2022,769,785
hCoV-19/England/PHEC-YYNUR6S/2022,769,785
hCoV-19/England/PHEC-YYNUR1Q/2022,769,785
hCoV-19/England/PHEC-YYNUGTQ/2022,769,786
hCoV-19/England/PHEC-YYNUGJ9/2022,769,786
hCoV-19/England/PHEC-YYNUFOT/2022,769,785
hCoV-19/England/PHEC-YYNTCR8/2022,769,784
hCoV-19/England/PHEC-YYNTCM3/2022,769,784
hCoV-19/England/PHEC-YYNSXJO/2022,769,789
hCoV-19/England/PHEC-YYNSPKO/2022,769,789
hCoV-19/England/PHEC-YYNSPI3/2022,769,789
hCoV-19/England/PHEC-YYNSP19/2022,769,789
hCoV-19/England/PHEC-YYNOWCT/2022,769,783
hCoV-19/England/PHEC-YYNO1ZH/2022,769,783
hCoV-19/England/PHEC-YYNO1H1/2022,769,783
hCoV-19/England/PHEC-YYNO1A4/2022,769,783
hCoV-19/England/PHEC-YYNIUXN/2022,769,789
hCoV-19/England/PHEC-YYNI1JX/2022,769,789
hCoV-19/England/PHEC-5X053Z4B/2022,769,807
hCoV-19/England/NEWC-35EC38B/2022,769,775
hCoV-19/England/MILK-361AD2B/2022,769,776
hCoV-19/England/MILK-3616F83/2022,769,776
hCoV-19/England/MILK-3612CEA/2022,769,776
hCoV-19/England/MILK-360C348/2022,769,776
hCoV-19/England/MILK-3608A47/2022,769,775
hCoV-19/England/MILK-3608A0B/2022,769,775
hCoV-19/England/MILK-36087B9/2022,769,775
hCoV-19/England/MILK-3608670/2022,769,775
hCoV-19/England/MILK-3607D21/2022,769,775
hCoV-19/England/MILK-36067AC/2022,769,775
hCoV-19/England/MILK-36057DA/2022,769,775
hCoV-19/England/MILK-36055A3/2022,769,775
hCoV-19/England/MILK-3605400/2022,769,775
hCoV-19/England/MILK-35DBDFA/2022,769,775
hCoV-19/England/MILK-35DBB87/2022,769,775
hCoV-19/England/LSPA-366D0E4/2022,769,778
hCoV-19/England/LSPA-36422C1/2022,769,778
hCoV-19/England/LSPA-3634F25/2022,769,776
hCoV-19/England/LSPA-362F3C7/2022,769,776
hCoV-19/England/DHSC-CYNQCMW/2022,769,831
hCoV-19/England/DHSC-CYDPESN/2022,769,789
hCoV-19/England/ALDP-3630062/2022,769,778
hCoV-19/England/ALDP-362D341/2022,769,776
hCoV-19/England/ALDP-36285B9/2022,769,778
hCoV-19/England/ALDP-3624B15/2022,769,776
hCoV-19/England/ALDP-361A0E6/2022,769,776
hCoV-19/Wales/PHWC-PEPXBU/2022,770,791
hCoV-19/Wales/PHWC-PEPQWP/2022,770,791
hCoV-19/Wales/PHWC-PEPOIJ/2022,770,791
hCoV-19/Wales/PHWC-PEPMP9/2022,770,791
hCoV-19/Wales/PHWC-PEP7TR/2022,770,791
hCoV-19/Wales/PHWC-PEP3MI/2022,770,791
hCoV-19/Scotland/QEUH-3656479/2022,770,778
hCoV-19/Scotland/QEUH-3652413/2022,770,783
hCoV-19/Scotland/QEUH-3652343/2022,770,783
hCoV-19/Scotland/QEUH-364BAA2/2022,770,778
hCoV-19/Scotland/QEUH-3649770/2022,770,778
hCoV-19/Scotland/QEUH-363F300/2022,770,778
hCoV-19/Scotland/QEUH-363B6B0/2022,770,778
hCoV-19/Scotland/QEUH-3632D5A/2022,770,778
hCoV-19/Scotland/QEUH-362F78F/2022,770,776
hCoV-19/Scotland/QEUH-362C412/2022,770,776
hCoV-19/Scotland/QEUH-36240CB/2022,770,776
hCoV-19/Scotland/CVR13747/2022,770,805
hCoV-19/Scotland/CVR13743/2022,770,805
hCoV-19/England/QEUH-364DE68/2022,770,778
hCoV-19/England/QEUH-3649D50/2022,770,778
hCoV-19/England/PHEC-YYNZNE7/2022,770,790
hCoV-19/England/PHEC-YYNUXAZ/2022,770,786
hCoV-19/England/PHEC-YYNUQUN/2022,770,786
hCoV-19/England/PHEC-YYNUQPX/2022,770,786
hCoV-19/England/PHEC-YYNUQ3S/2022,770,786
hCoV-19/England/PHEC-YYNUGF8/2022,770,786
hCoV-19/England/PHEC-YYNUG8D/2022,770,786
hCoV-19/England/PHEC-YYNUF9U/2022,770,786
hCoV-19/England/PHEC-YYNUD9I/2022,770,785
hCoV-19/England/PHEC-YYNSYGF/2022,770,791
hCoV-19/England/PHEC-YYNSQR5/2022,770,789
hCoV-19/England/PHEC-YYNSQMP/2022,770,789
hCoV-19/England/PHEC-YYNSQD7/2022,770,789
hCoV-19/England/PHEC-YYNSP9F/2022,770,789
hCoV-19/England/PHEC-YYNSP5P/2022,770,789
hCoV-19/England/PHEC-YYNIA8P/2022,770,789
hCoV-19/England/PHEC-YYN59O8/2022,770,796
hCoV-19/England/PHEC-YYFK9M1/2022,770,880
hCoV-19/England/PHEC-YYFK9JS/2022,770,880
hCoV-19/England/PHEC-YYFK8WZ/2022,770,876
hCoV-19/England/PHEC-6M0A4Z07/2022,770,826
hCoV-19/England/PHEC-6M0A2Z67/2022,770,826
hCoV-19/England/PHEC-5X055Z72/2022,770,807
hCoV-19/England/PHEC-5X051Z6F/2022,770,807
hCoV-19/England/PHEC-5X04CZ14/2022,770,807
hCoV-19/England/PHEC-5X03AZA2/2022,770,807
hCoV-19/England/PHEC-5X039Z0F/2022,770,807
hCoV-19/England/MILK-3605558/2022,770,775
hCoV-19/England/LSPA-365FC1E/2022,770,778
hCoV-19/England/DHSC-CYYCSU9/2022,770,789
hCoV-19/England/ALDP-36623F5/2022,770,778
hCoV-19/England/ALDP-366202B/2022,770,778
hCoV-19/Wales/PHWC-PEO9UZ/2022,771,793
hCoV-19/Wales/PHWC-PE18JY/2022,771,796
hCoV-19/Wales/ALDP-3690CC6/2022,771,783
hCoV-19/Scotland/QEUH-368961D/2022,771,781
hCoV-19/Scotland/QEUH-367043D/2022,771,778
hCoV-19/Scotland/QEUH-366FC93/2022,771,778
hCoV-19/Scotland/QEUH-36591AC/2022,771,778
hCoV-19/Scotland/QEUH-3658C06/2022,771,778
hCoV-19/Scotland/CVR14043/2022,771,810
hCoV-19/Scotland/CVR13752/2022,771,805
hCoV-19/Scotland/CVR13736/2022,771,805
hCoV-19/Scotland/CVR13723/2022,771,805
hCoV-19/Scotland/CVR13704/2022,771,805
hCoV-19/Scotland/CVR13687/2022,771,805
hCoV-19/Scotland/CVR13678/2022,771,805
hCoV-19/Scotland/CVR13677/2022,771,805
hCoV-19/Scotland/CVR13669/2022,771,805
hCoV-19/England/PHEC-YYNZNJ5/2022,771,790
hCoV-19/England/PHEC-YYNZNBM/2022,771,790
hCoV-19/England/PHEC-YYNUXGH/2022,771,786
hCoV-19/England/PHEC-YYNUQMU/2022,771,786
hCoV-19/England/PHEC-YYNUQF9/2022,771,786
hCoV-19/England/PHEC-YYNU8W8/2022,771,786
hCoV-19/England/PHEC-YYNU7O3/2022,771,789
hCoV-19/England/PHEC-YYNSQF3/2022,771,789
hCoV-19/England/PHEC-YYNSQBB/2022,771,789
hCoV-19/England/PHEC-YYNSQ8I/2022,771,789
hCoV-19/England/PHEC-YYNSBQW/2022,771,791
hCoV-19/England/PHEC-YYNHPCY/2022,771,797
hCoV-19/England/PHEC-YYNHM67/2022,771,797
hCoV-19/England/PHEC-YYN45TM/2022,771,793
hCoV-19/England/PHEC-5X0BBZ4D/2022,771,821
hCoV-19/England/PHEC-5X055ZAF/2022,771,807
hCoV-19/England/PHEC-5X054ZDF/2022,771,807
hCoV-19/England/MILK-3676D4B/2022,771,779
hCoV-19/England/MILK-367039A/2022,771,778
hCoV-19/England/MILK-3661314/2022,771,778
hCoV-19/England/MILK-364F74D/2022,771,778
hCoV-19/England/MILK-364B29B/2022,771,778
hCoV-19/England/LSPA-36AE9EC/2022,771,781
hCoV-19/England/LSPA-36A4272/2022,771,781
hCoV-19/England/LSPA-36A31C1/2022,771,779
hCoV-19/England/DHSC-CYYICDZ/2022,771,789
hCoV-19/England/DHSC-CYYH4Z1/2022,771,789
hCoV-19/England/DHSC-CYY41AH/2022,771,831
hCoV-19/England/DHSC-CYNYIY7/2022,771,789
hCoV-19/England/DHSC-CYNT557/2022,771,789
hCoV-19/England/DHSC-CYNBZBZ/2022,771,789
hCoV-19/England/DHSC-CYN8XAR/2022,771,831
hCoV-19/England/DHSC-CYN7ER8/2022,771,831
hCoV-19/England/DHSC-CYDZCAF/2022,771,786
hCoV-19/England/DHSC-CYDN6DJ/2022,771,828
hCoV-19/England/DHSC-CYBK4QJ/2022,771,789
hCoV-19/England/DHSC-CYB3F3E/2022,771,831
hCoV-19/England/DHSC-CYB1NUF/2022,771,789
hCoV-19/England/ALDP-3692E73/2022,771,779
hCoV-19/England/ALDP-36918FE/2022,771,779
hCoV-19/Wales/PHWC-PEOMTX/2022,772,793
hCoV-19/Scotland/QEUH-368F79C/2022,772,781
hCoV-19/Scotland/QEUH-368BC0A/2022,772,781
hCoV-19/Scotland/QEUH-36882FC/2022,772,781
hCoV-19/Scotland/QEUH-3683868/2022,772,781
hCoV-19/Scotland/QEUH-3673546/2022,772,778
hCoV-19/Scotland/CVR14044/2022,772,810
hCoV-19/England/PHEC-YYRIH1O/2022,772,845
hCoV-19/England/PHEC-YYNZNCI/2022,772,790
hCoV-19/England/PHEC-YYNZBK4/2022,772,790
hCoV-19/England/PHEC-YYNUG7S/2022,772,786
hCoV-19/England/PHEC-YYNU8M4/2022,772,786
hCoV-19/England/PHEC-YYNU8J6/2022,772,786
hCoV-19/England/PHEC-YYNU8EY/2022,772,786
hCoV-19/England/PHEC-YYNU7MR/2022,772,789
hCoV-19/England/PHEC-YYNU75D/2022,772,789
hCoV-19/England/PHEC-YYNU6BZ/2022,772,789
hCoV-19/England/PHEC-YYNSYWE/2022,772,791
hCoV-19/England/PHEC-YYNHSIR/2022,772,796
hCoV-19/England/PHEC-YYNHKCD/2022,772,798
hCoV-19/England/PHEC-6M0A4Z52/2022,772,826
hCoV-19/England/PHEC-5X03AZFD/2022,772,807
hCoV-19/England/MILK-36AD73E/2022,772,781
hCoV-19/England/MILK-36A2E52/2022,772,779
hCoV-19/England/MILK-3690482/2022,772,779
hCoV-19/England/MILK-367E55A/2022,772,779
hCoV-19/England/MILK-3677779/2022,772,779
hCoV-19/England/MILK-36769FC/2022,772,779
hCoV-19/England/MILK-36768E0/2022,772,779
hCoV-19/England/MILK-367293C/2022,772,778
hCoV-19/England/LSPA-36E9B76/2022,772,789
hCoV-19/England/LSPA-36E99E5/2022,772,789
hCoV-19/England/LSPA-36E98BB/2022,772,789
hCoV-19/England/LSPA-36E7510/2022,772,783
hCoV-19/England/DHSC-CYY1Y9O/2022,772,831
hCoV-19/England/DHSC-CYNWEP8/2022,772,831
hCoV-19/England/DHSC-CYNSNON/2022,772,831
hCoV-19/England/DHSC-CYN8C77/2022,772,831
hCoV-19/England/DHSC-CYB4MXI/2022,772,789
hCoV-19/England/ALDP-36B445B/2022,772,788
hCoV-19/England/ALDP-369125A/2022,772,779
hCoV-19/England/ALDP-3690FCD/2022,772,779
hCoV-19/Scotland/QEUH-36D2F1A/2022,773,783
hCoV-19/Scotland/QEUH-36D1072/2022,773,784
hCoV-19/Scotland/QEUH-36C2548/2022,773,788
hCoV-19/Scotland/QEUH-36BB5AC/2022,773,781
hCoV-19/Scotland/QEUH-36BAD78/2022,773,788
hCoV-19/Scotland/QEUH-36BA929/2022,773,781
hCoV-19/England/PHEC-YYNU7KG/2022,773,789
hCoV-19/England/PHEC-YYNU7EK/2022,773,789
hCoV-19/England/PHEC-YYNU795/2022,773,789
hCoV-19/England/PHEC-YYNU74F/2022,773,789
hCoV-19/England/PHEC-YYNU6NI/2022,773,789
hCoV-19/England/PHEC-YYNU6DU/2022,773,789
hCoV-19/England/PHEC-YYNSHKB/2022,773,789
hCoV-19/England/PHEC-YYNI1N7/2022,773,789
hCoV-19/England/PHEC-YYNI18U/2022,773,789
hCoV-19/England/PHEC-YYNAQN5/2022,773,792
hCoV-19/England/PHEC-YYN4ZWJ/2022,773,793
hCoV-19/England/PHEC-YYN45MA/2022,773,793
hCoV-19/England/PHEC-5X04CZF6/2022,773,807
hCoV-19/England/MILK-36BFC0D/2022,773,788
hCoV-19/England/MILK-36A746A/2022,773,781
hCoV-19/England/MILK-369E590/2022,773,779
hCoV-19/England/MILK-3696431/2022,773,779
hCoV-19/England/MILK-367569C/2022,773,778
hCoV-19/England/LSPA-36F115B/2022,773,782
hCoV-19/England/LSPA-36F106D/2022,773,782
hCoV-19/England/LSPA-36F0F8F/2022,773,782
hCoV-19/England/LSPA-36F0F61/2022,773,782
hCoV-19/England/LSPA-36F0F43/2022,773,782
hCoV-19/England/LSPA-36F0F07/2022,773,782
hCoV-19/England/LSPA-36F0D58/2022,773,782
hCoV-19/England/LSPA-36F0D3A/2022,773,782
hCoV-19/England/LSPA-36F0C97/2022,773,782
hCoV-19/England/LSPA-36F0C79/2022,773,782
hCoV-19/England/LSPA-36F0C5B/2022,773,782
hCoV-19/England/LSPA-36E9C73/2022,773,789
hCoV-19/England/LSPA-36E998B/2022,773,789
hCoV-19/England/LSPA-36A5E13/2022,773,781
hCoV-19/England/LSPA-36A3AA8/2022,773,781
hCoV-19/England/DHSC-CYNSTUP/2022,773,789
hCoV-19/England/DHSC-CYNQ54G/2022,773,789
hCoV-19/England/DHSC-CYNBSUU/2022,773,789
hCoV-19/England/DHSC-CYN6HY3/2022,773,789
hCoV-19/England/DHSC-CYDMYMF/2022,773,789
hCoV-19/England/DHSC-CYBNNK3/2022,773,789
hCoV-19/England/DHSC-CYBM3CC/2022,773,789
