hCoV-19/Scotland/QEUH-3DC7227/2022,844,853
hCoV-19/Scotland/QEUH-3DC6219/2022,844,853
hCoV-19/Scotland/QEUH-3DBAD9F/2022,844,853
hCoV-19/Scotland/QEUH-3DBA315/2022,844,853
hCoV-19/Scotland/QEUH-3DBA087/2022,844,853
hCoV-19/England/PHEC-YYR9STR/2022,844,856
hCoV-19/England/PHEC-YYR9S7C/2022,844,856
hCoV-19/England/PHEC-YYR9S41/2022,844,856
hCoV-19/England/PHEC-YYR9S1N/2022,844,856
hCoV-19/England/PHEC-YYFYWEZ/2022,844,859
hCoV-19/England/PHEC-YYFYW7C/2022,844,859
hCoV-19/England/PHEC-YYFYW5O/2022,844,859
hCoV-19/England/PHEC-YYFYUF6/2022,844,859
hCoV-19/England/PHEC-YYFYTPO/2022,844,859
hCoV-19/England/PHEC-YYFYTNG/2022,844,859
hCoV-19/England/PHEC-YYFYT1F/2022,844,859
hCoV-19/England/PHEC-YYFYPGN/2022,844,859
hCoV-19/England/PHEC-YYFYMRE/2022,844,859
hCoV-19/England/PHEC-YYFYKYT/2022,844,856
hCoV-19/England/PHEC-YYFYKAY/2022,844,859
hCoV-19/England/PHEC-YYFYJK6/2022,844,856
hCoV-19/England/PHEC-YYFYJ9U/2022,844,856
hCoV-19/England/PHEC-YYFYJ6I/2022,844,856
hCoV-19/England/PHEC-YYFYIYG/2022,844,859
hCoV-19/England/PHEC-YYFYHJP/2022,844,859
hCoV-19/England/PHEC-YYFYHGU/2022,844,859
hCoV-19/England/PHEC-YYFYEWK/2022,844,856
hCoV-19/England/PHEC-YYFYEQZ/2022,844,856
hCoV-19/England/PHEC-YYFYEM7/2022,844,856
hCoV-19/England/PHEC-YYFYEK9/2022,844,856
hCoV-19/England/PHEC-YYFYEJB/2022,844,856
hCoV-19/England/PHEC-YYFYEIE/2022,844,856
hCoV-19/England/PHEC-YYFYE5H/2022,844,856
hCoV-19/England/PHEC-YYFYAQ8/2022,844,859
hCoV-19/England/PHEC-YYFYAMP/2022,844,859
hCoV-19/England/PHEC-YYFYA16/2022,844,859
hCoV-19/England/PHEC-YYFY4Z1/2022,844,859
hCoV-19/England/PHEC-YYFY4SW/2022,844,859
hCoV-19/England/PHEC-YYFY4HE/2022,844,859
hCoV-19/England/PHEC-YYFY4AO/2022,844,859
hCoV-19/England/PHEC-YYFY3W3/2022,844,859
hCoV-19/England/PHEC-YYFY3T9/2022,844,859
hCoV-19/England/PHEC-YYFY3SI/2022,844,859
hCoV-19/England/PHEC-YYFNA7R/2022,844,862
hCoV-19/England/PHEC-YYFN4KJ/2022,844,862
hCoV-19/England/PHEC-YYFN4GT/2022,844,862
hCoV-19/England/PHEC-YYFN47N/2022,844,862
hCoV-19/England/PHEC-YYFN3EQ/2022,844,862
hCoV-19/England/PHEC-YYFDQUY/2022,844,863
hCoV-19/England/PHEC-YYFDQKU/2022,844,863
hCoV-19/England/PHEC-YYFDQJI/2022,844,863
hCoV-19/England/PHEC-YYFDQ7C/2022,844,863
hCoV-19/England/PHEC-YYFDQ5O/2022,844,863
hCoV-19/England/PHEC-YYFDQ41/2022,844,863
hCoV-19/England/PHEC-YYFDPZ3/2022,844,863
hCoV-19/England/PHEC-YYFDPGH/2022,844,863
hCoV-19/England/PHEC-YYFDPDN/2022,844,863
hCoV-19/England/PHEC-YYFDP9J/2022,844,863
hCoV-19/England/PHEC-YYFDP7P/2022,844,863
hCoV-19/England/PHEC-YYFDCXM/2022,844,863
hCoV-19/England/PHEC-YYFDC6C/2022,844,863
hCoV-19/England/PHEC-YYFDC4W/2022,844,863
hCoV-19/England/PHEC-YYFDC3S/2022,844,863
hCoV-19/England/PHEC-YYFDB6Z/2022,844,863
hCoV-19/England/PHEC-YYFBYGP/2022,844,859
hCoV-19/England/PHEC-YYFBYDU/2022,844,859
hCoV-19/England/PHEC-YYFBRWC/2022,844,859
hCoV-19/England/PHEC-YYFBRC7/2022,844,859
hCoV-19/England/PHEC-YYFBNBI/2022,844,859
hCoV-19/England/PHEC-YYFBGTO/2022,844,859
hCoV-19/England/PHEC-YYFBFJN/2022,844,859
hCoV-19/England/PHEC-YYFBDWP/2022,844,859
hCoV-19/England/PHEC-YYFBDFC/2022,844,859
hCoV-19/England/PHEC-YYFBDAF/2022,844,859
hCoV-19/England/PHEC-YYFB5QN/2022,844,859
hCoV-19/England/PHEC-YYFB4AQ/2022,844,859
hCoV-19/England/PHEC-YYFB3ZT/2022,844,859
hCoV-19/England/PHEC-YYFB3MK/2022,844,859
hCoV-19/England/PHEC-YYFB3II/2022,844,859
hCoV-19/England/PHEC-YYFB19E/2022,844,859
hCoV-19/England/LSPA-3DCF104/2022,844,853
hCoV-19/England/CLIMB-CM7YRUAO/2022,844,1310
hCoV-19/England/CLIMB-CM7YRMPS/2022,844,1310
hCoV-19/England/CLIMB-CM7YMAMQ/2022,844,1310
hCoV-19/England/CLIMB-CM7YKQMR/2022,844,1310
hCoV-19/England/CLIMB-CM7YKMAA/2022,844,1310
hCoV-19/England/CLIMB-CM7YGH4H/2022,844,1310
hCoV-19/Scotland/QEUH-3DD552D/2022,845,854
hCoV-19/Scotland/QEUH-3DCF201/2022,845,853
hCoV-19/Scotland/QEUH-3DC79AA/2022,845,853
hCoV-19/Scotland/QEUH-3DC798C/2022,845,853
hCoV-19/Scotland/QEUH-3DC7175/2022,845,853
hCoV-19/Scotland/QEUH-3DC4952/2022,845,853
hCoV-19/Scotland/QEUH-3DC4336/2022,845,853
hCoV-19/Scotland/QEUH-3DC3B8A/2022,845,853
hCoV-19/Scotland/QEUH-3DC3865/2022,845,853
hCoV-19/Scotland/QEUH-3DC18EF/2022,845,856
hCoV-19/England/PHEC-YYFYKZN/2022,845,859
hCoV-19/England/PHEC-YYFYKWE/2022,845,859
hCoV-19/England/PHEC-YYFYKUK/2022,845,859
hCoV-19/England/PHEC-YYFYKTQ/2022,845,859
hCoV-19/England/PHEC-YYFYKSR/2022,845,859
hCoV-19/England/PHEC-YYFYKOO/2022,845,859
hCoV-19/England/PHEC-YYFYKIG/2022,845,859
hCoV-19/England/PHEC-YYFYK6W/2022,845,859
hCoV-19/England/PHEC-YYFYK54/2022,845,859
hCoV-19/England/PHEC-YYFYK1C/2022,845,859
hCoV-19/England/PHEC-YYFYCXT/2022,845,859
hCoV-19/England/PHEC-YYFYCUE/2022,845,859
hCoV-19/England/PHEC-YYFYCTC/2022,845,859
hCoV-19/England/PHEC-YYFYCJ7/2022,845,859
hCoV-19/England/PHEC-YYFYCIR/2022,845,859
hCoV-19/England/PHEC-YYFYC3H/2022,845,859
hCoV-19/England/PHEC-YYFYC1K/2022,845,859
hCoV-19/England/PHEC-YYFY9GO/2022,845,859
hCoV-19/England/PHEC-YYFY6FU/2022,845,859
hCoV-19/England/PHEC-YYFNZMK/2022,845,862
hCoV-19/England/PHEC-YYFNZFS/2022,845,862
hCoV-19/England/PHEC-YYFNQ7Q/2022,845,861
hCoV-19/England/PHEC-YYFNJOP/2022,845,860
hCoV-19/England/PHEC-YYFN4Y7/2022,845,862
hCoV-19/England/PHEC-YYFN4T4/2022,845,862
hCoV-19/England/PHEC-YYFN4RI/2022,845,862
hCoV-19/England/PHEC-YYFN4QB/2022,845,862
hCoV-19/England/PHEC-YYFN4M8/2022,845,862
hCoV-19/England/PHEC-YYFN4JM/2022,845,862
hCoV-19/England/PHEC-YYFN4I1/2022,845,862
hCoV-19/England/PHEC-YYFN4HR/2022,845,862
hCoV-19/England/PHEC-YYFN4EP/2022,845,862
hCoV-19/England/PHEC-YYFN4DZ/2022,845,862
hCoV-19/England/PHEC-YYFN4AC/2022,845,862
hCoV-19/England/PHEC-YYFN46Y/2022,845,862
hCoV-19/England/PHEC-YYFN3RS/2022,845,862
hCoV-19/England/PHEC-YYFN3O7/2022,845,862
hCoV-19/England/PHEC-YYFN3ME/2022,845,862
hCoV-19/England/PHEC-YYFN3KK/2022,845,862
hCoV-19/England/PHEC-YYFN3G1/2022,845,862
hCoV-19/England/PHEC-YYFN313/2022,845,862
hCoV-19/England/PHEC-YYFJQFT/2022,845,875
hCoV-19/England/PHEC-YYFGTY6/2022,845,866
hCoV-19/England/PHEC-YYFGO4K/2022,845,866
hCoV-19/England/PHEC-YYFDQY8/2022,845,863
hCoV-19/England/PHEC-YYFDQW6/2022,845,863
hCoV-19/England/PHEC-YYFDQR9/2022,845,863
hCoV-19/England/PHEC-YYFDQPP/2022,845,863
hCoV-19/England/PHEC-YYFDQMT/2022,845,863
hCoV-19/England/PHEC-YYFDQEZ/2022,845,863
hCoV-19/England/PHEC-YYFDQDB/2022,845,863
hCoV-19/England/PHEC-YYFDPXK/2022,845,863
hCoV-19/England/PHEC-YYFDPJS/2022,845,863
hCoV-19/England/PHEC-YYFDPHX/2022,845,863
hCoV-19/England/PHEC-YYFDP6M/2022,845,863
hCoV-19/England/PHEC-YYFDP5T/2022,845,863
hCoV-19/England/PHEC-YYFDP3I/2022,845,863
hCoV-19/England/PHEC-YYFDKYM/2022,845,863
hCoV-19/England/PHEC-YYFDKMI/2022,845,863
hCoV-19/England/PHEC-YYFDJHU/2022,845,863
hCoV-19/England/PHEC-YYFDIYY/2022,845,866
hCoV-19/England/PHEC-YYFDINH/2022,845,866
hCoV-19/England/PHEC-YYFDIFS/2022,845,866
hCoV-19/England/PHEC-YYFD6JF/2022,845,866
hCoV-19/England/PHEC-YYFBUYG/2022,845,859
hCoV-19/England/PHEC-YYFBUXE/2022,845,859
hCoV-19/England/PHEC-YYFBUPC/2022,845,859
hCoV-19/England/PHEC-YYFBUI5/2022,845,859
hCoV-19/England/PHEC-YYFBUG4/2022,845,859
hCoV-19/England/PHEC-YYFBUDY/2022,845,859
hCoV-19/England/PHEC-YYFBRP5/2022,845,859
hCoV-19/England/PHEC-YYFBRNT/2022,845,859
hCoV-19/England/PHEC-YYFBRM9/2022,845,859
hCoV-19/England/PHEC-YYFBRIK/2022,845,859
hCoV-19/England/PHEC-YYFBR88/2022,845,859
hCoV-19/England/PHEC-YYFBR6A/2022,845,859
hCoV-19/England/PHEC-YYFBGFJ/2022,845,859
hCoV-19/England/PHEC-YYFBFTT/2022,845,859
hCoV-19/England/PHEC-YYFBFAD/2022,845,859
hCoV-19/England/PHEC-YYFBF6Z/2022,845,859
hCoV-19/England/PHEC-YYFBDZ8/2022,845,859
hCoV-19/England/PHEC-YYFBDTU/2022,845,859
hCoV-19/England/PHEC-YYFBDSJ/2022,845,859
hCoV-19/England/PHEC-YYFBDRQ/2022,845,859
hCoV-19/England/PHEC-YYFBDPH/2022,845,859
hCoV-19/England/PHEC-YYFBDMY/2022,845,859
hCoV-19/England/PHEC-YYFBDH7/2022,845,859
hCoV-19/England/PHEC-YYFBDEG/2022,845,859
hCoV-19/England/PHEC-YYFBDC6/2022,845,859
hCoV-19/England/PHEC-YYFBDBW/2022,845,859
hCoV-19/England/PHEC-YYFBD9Z/2022,845,859
hCoV-19/England/PHEC-YYFBD8E/2022,845,859
hCoV-19/England/PHEC-YYFBD3D/2022,845,859
hCoV-19/England/PHEC-YYFBD1T/2022,845,859
hCoV-19/England/PHEC-YYFB6W1/2022,845,859
hCoV-19/England/PHEC-YYFB5WI/2022,845,859
hCoV-19/England/PHEC-YYFB5UZ/2022,845,859
hCoV-19/England/PHEC-YYFB5RS/2022,845,859
hCoV-19/England/PHEC-YYFB5N4/2022,845,859
hCoV-19/England/PHEC-YYFB5ME/2022,845,859
hCoV-19/England/PHEC-YYFB5JC/2022,845,859
hCoV-19/England/PHEC-YYFB5G1/2022,845,859
hCoV-19/England/PHEC-YYFB3H8/2022,845,859
hCoV-19/England/PHEC-YYFB1HQ/2022,845,859
hCoV-19/England/PHEC-YYF8GKU/2022,845,868
hCoV-19/England/LSPA-3DCEFED/2022,845,853
hCoV-19/England/LSPA-3DCEE95/2022,845,853
hCoV-19/England/LSPA-3DCE141/2022,845,853
hCoV-19/England/LSPA-3DCE123/2022,845,853
hCoV-19/England/LSPA-3DBF9B4/2022,845,851
hCoV-19/England/CLIMB-CM7YR6X6/2022,845,1310
hCoV-19/England/CLIMB-CM7YMKZT/2022,845,1310
hCoV-19/England/CLIMB-CM7YMD1H/2022,845,1310
hCoV-19/England/CLIMB-CM7YKZ5O/2022,845,1311
hCoV-19/England/CLIMB-CM7YKOQ9/2022,845,1310
hCoV-19/England/CLIMB-CM7YJH9T/2022,845,1310
hCoV-19/England/CLIMB-CM7YGRAC/2022,845,1310
hCoV-19/England/CLIMB-CM7YFAMU/2022,845,1310
hCoV-19/England/CLIMB-CM7YEZ3F/2022,845,1310
hCoV-19/England/CLIMB-CM7YEKB3/2022,845,1310
hCoV-19/England/CLIMB-CM7YEHA3/2022,845,1310
hCoV-19/England/CLIMB-CM7Y8UNH/2022,845,1311
hCoV-19/Scotland/QEUH-3DCF2A7/2022,846,853
hCoV-19/Scotland/QEUH-3DCF289/2022,846,853
hCoV-19/Scotland/QEUH-3DCEB16/2022,846,853
hCoV-19/Scotland/QEUH-3DCEA82/2022,846,853
hCoV-19/Scotland/QEUH-3DCEA46/2022,846,853
hCoV-19/Scotland/QEUH-3DCE888/2022,846,853
hCoV-19/Scotland/QEUH-3DCE730/2022,846,853
hCoV-19/Scotland/QEUH-3DC9B1B/2022,846,853
hCoV-19/England/QEUH-3DD355C/2022,846,856
hCoV-19/England/PHEC-YYFYW3W/2022,846,859
hCoV-19/England/PHEC-YYFYPYQ/2022,846,859
hCoV-19/England/PHEC-YYFNZU3/2022,846,862
hCoV-19/England/PHEC-YYFNZQR/2022,846,862
hCoV-19/England/PHEC-YYFNS9N/2022,846,862
hCoV-19/England/PHEC-YYFNQZ4/2022,846,860
hCoV-19/England/PHEC-YYFNKMZ/2022,846,860
hCoV-19/England/PHEC-YYFNKAH/2022,846,860
hCoV-19/England/PHEC-YYFNJQ1/2022,846,860
hCoV-19/England/PHEC-YYFNJPW/2022,846,860
hCoV-19/England/PHEC-YYFNHAK/2022,846,863
hCoV-19/England/PHEC-YYFNCTE/2022,846,860
hCoV-19/England/PHEC-YYFN3ST/2022,846,862
hCoV-19/England/PHEC-YYFN3JC/2022,846,862
hCoV-19/England/PHEC-YYFN36B/2022,846,862
hCoV-19/England/PHEC-YYFN34J/2022,846,862
hCoV-19/England/PHEC-YYFJQDI/2022,846,875
hCoV-19/England/PHEC-YYFGTRS/2022,846,866
hCoV-19/England/PHEC-YYFGOZO/2022,846,866
hCoV-19/England/PHEC-YYFGOS1/2022,846,866
hCoV-19/England/PHEC-YYFGOAQ/2022,846,866
hCoV-19/England/PHEC-YYFGO9Y/2022,846,866
hCoV-19/England/PHEC-YYFGO6N/2022,846,866
hCoV-19/England/PHEC-YYFGO3C/2022,846,866
hCoV-19/England/PHEC-YYFG1RI/2022,846,866
hCoV-19/England/PHEC-YYFG1FU/2022,846,866
hCoV-19/England/PHEC-YYFG18X/2022,846,866
hCoV-19/England/PHEC-YYFDUXR/2022,846,866
hCoV-19/England/PHEC-YYFDUT9/2022,846,866
hCoV-19/England/PHEC-YYFDUCK/2022,846,866
hCoV-19/England/PHEC-YYFDNRM/2022,846,863
hCoV-19/England/PHEC-YYFDKWN/2022,846,863
hCoV-19/England/PHEC-YYFDKTE/2022,846,863
hCoV-19/England/PHEC-YYFDKS6/2022,846,863
hCoV-19/England/PHEC-YYFDKIY/2022,846,863
hCoV-19/England/PHEC-YYFDIPG/2022,846,866
hCoV-19/England/PHEC-YYFBWX8/2022,846,859
hCoV-19/England/PHEC-YYFBWTN/2022,846,859
hCoV-19/England/PHEC-YYFBWR7/2022,846,859
hCoV-19/England/PHEC-YYFBWOR/2022,846,859
hCoV-19/England/PHEC-YYFBWNB/2022,846,859
hCoV-19/England/PHEC-YYFBWKT/2022,846,859
hCoV-19/England/PHEC-YYFBWD9/2022,846,859
hCoV-19/England/PHEC-YYFBWCP/2022,846,859
hCoV-19/England/PHEC-YYFBW8Z/2022,846,859
hCoV-19/England/PHEC-YYFBUNN/2022,846,859
hCoV-19/England/PHEC-YYFBUJW/2022,846,859
hCoV-19/England/PHEC-YYFBUCQ/2022,846,859
hCoV-19/England/PHEC-YYFBUBR/2022,846,859
hCoV-19/England/PHEC-YYFBU1B/2022,846,859
hCoV-19/England/PHEC-YYFBRUQ/2022,846,859
hCoV-19/England/PHEC-YYFBRT1/2022,846,859
hCoV-19/England/PHEC-YYFBROW/2022,846,859
hCoV-19/England/PHEC-YYFBRHH/2022,846,859
hCoV-19/England/PHEC-YYFBHWW/2022,846,859
hCoV-19/England/PHEC-YYFBHN3/2022,846,859
hCoV-19/England/PHEC-YYFBFYW/2022,846,859
hCoV-19/England/PHEC-YYFBFNO/2022,846,859
hCoV-19/England/PHEC-YYFBDGK/2022,846,859
hCoV-19/England/PHEC-YYFB7NA/2022,846,859
hCoV-19/England/PHEC-YYFB6O4/2022,846,859
hCoV-19/England/PHEC-YYFB6IO/2022,846,859
hCoV-19/England/PHEC-YYFB6AK/2022,846,859
hCoV-19/England/PHEC-YYFB5FW/2022,846,859
hCoV-19/England/PHEC-YYF8GMT/2022,846,868
hCoV-19/England/LSPA-3DD85DF/2022,846,853
hCoV-19/England/LSPA-3DCF007/2022,846,853
hCoV-19/England/LSPA-3DCECF5/2022,846,853
hCoV-19/England/LSPA-3DCECE6/2022,846,853
hCoV-19/England/LSPA-3DCEC5F/2022,846,853
hCoV-19/England/CLIMB-CM7YRK9F/2022,846,1311
hCoV-19/England/CLIMB-CM7YMEWU/2022,846,1311
hCoV-19/England/CLIMB-CM7YKFOM/2022,846,1310
hCoV-19/England/CLIMB-CM7YJT9Q/2022,846,1311
hCoV-19/England/CLIMB-CM7YJEOO/2022,846,1310
hCoV-19/England/CLIMB-CM7YGPGZ/2022,846,1311
hCoV-19/England/CLIMB-CM7YGNX6/2022,846,1311
hCoV-19/England/CLIMB-CM7YG4G3/2022,846,1311
hCoV-19/England/CLIMB-CM7YFWSB/2022,846,1310
hCoV-19/England/CLIMB-CM7YF8E4/2022,846,1311
hCoV-19/England/CLIMB-CM7YF5E7/2022,846,1310
hCoV-19/England/CLIMB-CM7YESES/2022,846,1311
hCoV-19/England/CLIMB-CM7YE1IF/2022,846,1310
hCoV-19/England/CLIMB-CM7Y8PMZ/2022,846,1311
hCoV-19/England/CLIMB-CM7Y8HAX/2022,846,1310
hCoV-19/Scotland/QEUH-3DDF462/2022,847,855
hCoV-19/Scotland/QEUH-3DD46A3/2022,847,854
hCoV-19/England/QEUH-3DD29AC/2022,847,856
hCoV-19/England/PHEC-YYFNXRY/2022,847,861
hCoV-19/England/PHEC-YYFNXQC/2022,847,861
hCoV-19/England/PHEC-YYFNXJS/2022,847,861
hCoV-19/England/PHEC-YYFNXHX/2022,847,861
hCoV-19/England/PHEC-YYFNXGH/2022,847,861
hCoV-19/England/PHEC-YYFNXEA/2022,847,861
hCoV-19/England/PHEC-YYFNX84/2022,847,861
hCoV-19/England/PHEC-YYFNX5T/2022,847,861
hCoV-19/England/PHEC-YYFNQYJ/2022,847,860
hCoV-19/England/PHEC-YYFNQPX/2022,847,860
hCoV-19/England/PHEC-YYFNQJZ/2022,847,860
hCoV-19/England/PHEC-YYFNQE3/2022,847,860
hCoV-19/England/PHEC-YYFNOQM/2022,847,861
hCoV-19/England/PHEC-YYFNKYP/2022,847,860
hCoV-19/England/PHEC-YYFNKNJ/2022,847,860
hCoV-19/England/PHEC-YYFNKHW/2022,847,860
hCoV-19/England/PHEC-YYFNKFD/2022,847,860
hCoV-19/England/PHEC-YYFNKE7/2022,847,860
hCoV-19/England/PHEC-YYFNK4A/2022,847,860
hCoV-19/England/PHEC-YYFNJXO/2022,847,860
hCoV-19/England/PHEC-YYFNJTM/2022,847,860
hCoV-19/England/PHEC-YYFNJHI/2022,847,860
hCoV-19/England/PHEC-YYFNJ9X/2022,847,860
hCoV-19/England/PHEC-YYFNJ7U/2022,847,860
hCoV-19/England/PHEC-YYFNJ5Z/2022,847,860
hCoV-19/England/PHEC-YYFNHRU/2022,847,863
hCoV-19/England/PHEC-YYFNHDI/2022,847,863
hCoV-19/England/PHEC-YYFNEHS/2022,847,860
hCoV-19/England/PHEC-YYFNEA6/2022,847,860
hCoV-19/England/PHEC-YYFNE3H/2022,847,860
hCoV-19/England/PHEC-YYFNCS6/2022,847,860
hCoV-19/England/PHEC-YYFN9RO/2022,847,863
hCoV-19/England/PHEC-YYFN767/2022,847,863
hCoV-19/England/PHEC-YYFN569/2022,847,863
hCoV-19/England/PHEC-YYFKHJ3/2022,847,880
hCoV-19/England/PHEC-YYFJWZG/2022,847,875
hCoV-19/England/PHEC-YYFJQJJ/2022,847,875
hCoV-19/England/PHEC-YYFGTN4/2022,847,866
hCoV-19/England/PHEC-YYFGOPF/2022,847,866
hCoV-19/England/PHEC-YYFGNQT/2022,847,866
hCoV-19/England/PHEC-YYFGN4A/2022,847,866
hCoV-19/England/PHEC-YYFGDGY/2022,847,866
hCoV-19/England/PHEC-YYFG1QB/2022,847,866
hCoV-19/England/PHEC-YYFG1AC/2022,847,866
hCoV-19/England/PHEC-YYFDXOF/2022,847,863
hCoV-19/England/PHEC-YYFDWT6/2022,847,866
hCoV-19/England/PHEC-YYFDWSW/2022,847,866
hCoV-19/England/PHEC-YYFDWQF/2022,847,866
hCoV-19/England/PHEC-YYFDWAO/2022,847,866
hCoV-19/England/PHEC-YYFDW3Q/2022,847,866
hCoV-19/England/PHEC-YYFDRK7/2022,847,863
hCoV-19/England/PHEC-YYFDMOJ/2022,847,863
hCoV-19/England/PHEC-YYFDMKS/2022,847,863
hCoV-19/England/PHEC-YYFDMFY/2022,847,863
hCoV-19/England/PHEC-YYFDMC1/2022,847,863
hCoV-19/England/PHEC-YYFDM9M/2022,847,863
hCoV-19/England/PHEC-YYFDKN8/2022,847,863
hCoV-19/England/PHEC-YYFDIQR/2022,847,866
hCoV-19/England/PHEC-YYFDCDD/2022,847,863
hCoV-19/England/PHEC-YYFD3UI/2022,847,866
hCoV-19/England/PHEC-YYFBWEI/2022,847,859
hCoV-19/England/PHEC-YYFBHUS/2022,847,859
hCoV-19/England/PHEC-YYFBHT4/2022,847,859
hCoV-19/England/PHEC-YYFBHFU/2022,847,859
hCoV-19/England/PHEC-YYFBH96/2022,847,859
hCoV-19/England/PHEC-YYFBH1A/2022,847,859
hCoV-19/England/PHEC-YYFB7RW/2022,847,859
hCoV-19/England/PHEC-YYFB7AM/2022,847,859
hCoV-19/England/PHEC-YYFB73J/2022,847,859
hCoV-19/England/PHEC-YYFB6RU/2022,847,859
hCoV-19/England/PHEC-YYFB599/2022,847,859
hCoV-19/England/LSPA-3DD8CCB/2022,847,853
hCoV-19/England/LSPA-3DD8BA0/2022,847,853
hCoV-19/England/LSPA-3DD8B19/2022,847,853
hCoV-19/England/CLIMB-CM7YRP6W/2022,847,1310
hCoV-19/England/CLIMB-CM7YRDS1/2022,847,1310
hCoV-19/England/CLIMB-CM7YKAJ5/2022,847,1311
hCoV-19/England/CLIMB-CM7YJY7B/2022,847,1311
hCoV-19/England/CLIMB-CM7YJXUA/2022,847,1310
hCoV-19/England/CLIMB-CM7YJ4RQ/2022,847,1310
hCoV-19/England/CLIMB-CM7YG8UA/2022,847,1310
hCoV-19/England/CLIMB-CM7YFUWB/2022,847,1310
hCoV-19/England/CLIMB-CM7YFJI3/2022,847,1311
hCoV-19/England/CLIMB-CM7YFJGK/2022,847,1311
hCoV-19/England/CLIMB-CM7YFFD3/2022,847,1310
hCoV-19/England/CLIMB-CM7YEMMO/2022,847,1311
hCoV-19/England/CLIMB-CM7YEJMA/2022,847,1310
hCoV-19/England/CLIMB-CM7YE6WR/2022,847,1310
hCoV-19/England/CLIMB-CM7YE6A7/2022,847,1310
hCoV-19/England/CLIMB-CM7Y8MFT/2022,847,1311
hCoV-19/England/CLIMB-CM7Y8FIH/2022,847,1310
hCoV-19/England/CLIMB-CM7Y89OA/2022,847,1310
hCoV-19/Scotland/QEUH-3DE08DB/2022,848,856
hCoV-19/Scotland/QEUH-3DE0686/2022,848,856
hCoV-19/Scotland/QEUH-3DDF9BE/2022,848,855
hCoV-19/England/PHEC-YYFNXPQ/2022,848,861
hCoV-19/England/PHEC-YYFNXKW/2022,848,861
hCoV-19/England/PHEC-YYFNX9J/2022,848,861
hCoV-19/England/PHEC-YYFNX3I/2022,848,861
hCoV-19/England/PHEC-YYFNUPK/2022,848,862
hCoV-19/England/PHEC-YYFNUNY/2022,848,862
hCoV-19/England/PHEC-YYFNU19/2022,848,862
hCoV-19/England/PHEC-YYFNTYG/2022,848,861
hCoV-19/England/PHEC-YYFNQTG/2022,848,860
hCoV-19/England/PHEC-YYFNQOE/2022,848,860
hCoV-19/England/PHEC-YYFNOW6/2022,848,861
hCoV-19/England/PHEC-YYFNOS4/2022,848,861
hCoV-19/England/PHEC-YYFNOND/2022,848,861
hCoV-19/England/PHEC-YYFNOJI/2022,848,861
hCoV-19/England/PHEC-YYFNOIH/2022,848,861
hCoV-19/England/PHEC-YYFNOEZ/2022,848,861
hCoV-19/England/PHEC-YYFNO5O/2022,848,861
hCoV-19/England/PHEC-YYFNO3W/2022,848,861
hCoV-19/England/PHEC-YYFNHX7/2022,848,863
hCoV-19/England/PHEC-YYFNHTA/2022,848,863
hCoV-19/England/PHEC-YYFNHSQ/2022,848,863
hCoV-19/England/PHEC-YYFNH3E/2022,848,863
hCoV-19/England/PHEC-YYFNEXT/2022,848,860
hCoV-19/England/PHEC-YYFNETC/2022,848,860
hCoV-19/England/PHEC-YYFNEQU/2022,848,860
hCoV-19/England/PHEC-YYFNE9O/2022,848,860
hCoV-19/England/PHEC-YYFNE1K/2022,848,860
hCoV-19/England/PHEC-YYFNCPT/2022,848,860
hCoV-19/England/PHEC-YYFN9D1/2022,848,863
hCoV-19/England/PHEC-YYFN95B/2022,848,863
hCoV-19/England/PHEC-YYFN597/2022,848,863
hCoV-19/England/PHEC-YYFGRZH/2022,848,866
hCoV-19/England/PHEC-YYFGRH1/2022,848,866
hCoV-19/England/PHEC-YYFGR9C/2022,848,866
hCoV-19/England/PHEC-YYFGDQO/2022,848,866
hCoV-19/England/PHEC-YYFGDMS/2022,848,866
hCoV-19/England/PHEC-YYFGDEH/2022,848,866
hCoV-19/England/PHEC-YYFGDBK/2022,848,866
hCoV-19/England/PHEC-YYFGD33/2022,848,866
hCoV-19/England/PHEC-YYFG1ZQ/2022,848,866
hCoV-19/England/PHEC-YYFDY74/2022,848,863
hCoV-19/England/PHEC-YYFDXQK/2022,848,863
hCoV-19/England/PHEC-YYFDXPC/2022,848,863
hCoV-19/England/PHEC-YYFDXK1/2022,848,863
hCoV-19/England/PHEC-YYFDXES/2022,848,863
hCoV-19/England/PHEC-YYFDWHE/2022,848,866
hCoV-19/England/PHEC-YYFDIWZ/2022,848,866
hCoV-19/England/PHEC-YYFDIKC/2022,848,866
hCoV-19/England/PHEC-YYFDI4M/2022,848,866
hCoV-19/England/PHEC-YYFD6MB/2022,848,866
hCoV-19/England/PHEC-YYFD611/2022,848,866
hCoV-19/England/PHEC-YYFD3X6/2022,848,866
hCoV-19/England/PHEC-YYFD3SX/2022,848,866
hCoV-19/England/PHEC-YYFD31Z/2022,848,866
hCoV-19/England/PHEC-YYF8KBB/2022,848,868
hCoV-19/England/PHEC-YYF8GEZ/2022,848,868
hCoV-19/England/PHEC-YYF8E4O/2022,848,868
hCoV-19/England/CLIMB-CM7YRP6Q/2022,848,1310
hCoV-19/England/CLIMB-CM7YMPAK/2022,848,1310
hCoV-19/England/CLIMB-CM7YMCIU/2022,848,1310
hCoV-19/England/CLIMB-CM7YM3WP/2022,848,1310
hCoV-19/England/CLIMB-CM7YJNJP/2022,848,1310
hCoV-19/England/CLIMB-CM7YJ3K3/2022,848,1310
hCoV-19/England/CLIMB-CM7YGSJA/2022,848,1310
hCoV-19/England/CLIMB-CM7YFPD7/2022,848,1310
hCoV-19/England/CLIMB-CM7YFORC/2022,848,1310
hCoV-19/England/CLIMB-CM7YFG89/2022,848,1310
hCoV-19/England/CLIMB-CM7YFC4T/2022,848,1310
hCoV-19/England/CLIMB-CM7YF6FF/2022,848,1310
hCoV-19/England/CLIMB-CM7YEZFG/2022,848,1310
hCoV-19/England/CLIMB-CM7YEONX/2022,848,1310
hCoV-19/England/CLIMB-CM7YE811/2022,848,1310
hCoV-19/England/CLIMB-CM7YE6DY/2022,848,1310
hCoV-19/England/CLIMB-CM7YE1SB/2022,848,1310
hCoV-19/Scotland/QEUH-3DEBA25/2022,849,857
hCoV-19/England/PHEC-YYFNXTF/2022,849,861
hCoV-19/England/PHEC-YYFNWTY/2022,849,862
hCoV-19/England/PHEC-YYFNWD7/2022,849,862
hCoV-19/England/PHEC-YYFNW8I/2022,849,862
hCoV-19/England/PHEC-YYFNUXG/2022,849,862
hCoV-19/England/PHEC-YYFNUKO/2022,849,862
hCoV-19/England/PHEC-YYFNUF4/2022,849,862
hCoV-19/England/PHEC-YYFNUBN/2022,849,862
hCoV-19/England/PHEC-YYFNUAU/2022,849,862
hCoV-19/England/PHEC-YYFNTDY/2022,849,861
hCoV-19/England/PHEC-YYFNHO4/2022,849,863
hCoV-19/England/PHEC-YYFNHNZ/2022,849,863
hCoV-19/England/PHEC-YYFN9A8/2022,849,863
hCoV-19/England/PHEC-YYFKW1Q/2022,849,880
hCoV-19/England/PHEC-YYFKHTE/2022,849,880
hCoV-19/England/PHEC-YYFGXT7/2022,849,866
hCoV-19/England/PHEC-YYFGX15/2022,849,866
hCoV-19/England/PHEC-YYFGJ6J/2022,849,866
hCoV-19/England/PHEC-YYFGEZA/2022,849,866
hCoV-19/England/PHEC-YYFGBOP/2022,849,866
hCoV-19/England/PHEC-YYFGBK4/2022,849,866
hCoV-19/England/PHEC-YYFGBCS/2022,849,866
hCoV-19/England/PHEC-YYFDXU9/2022,849,863
hCoV-19/England/PHEC-YYFDX98/2022,849,863
hCoV-19/England/PHEC-YYFDX3U/2022,849,863
hCoV-19/England/PHEC-YYFDWN7/2022,849,866
hCoV-19/England/PHEC-YYFDU9D/2022,849,866
hCoV-19/England/PHEC-YYFDTHM/2022,849,866
hCoV-19/England/PHEC-YYFDSY9/2022,849,866
hCoV-19/England/PHEC-YYFDSB7/2022,849,866
hCoV-19/England/PHEC-YYFDIJQ/2022,849,866
hCoV-19/England/PHEC-YYFDIEO/2022,849,866
hCoV-19/England/PHEC-YYFDI15/2022,849,866
hCoV-19/England/PHEC-YYFDHEJ/2022,849,866
hCoV-19/England/PHEC-YYFD5HB/2022,849,866
hCoV-19/England/PHEC-YYFD3JK/2022,849,866
hCoV-19/England/PHEC-YYFD3F1/2022,849,866
hCoV-19/England/PHEC-YYFD3CR/2022,849,866
hCoV-19/England/PHEC-YYF8RHO/2022,849,868
hCoV-19/England/PHEC-YYF8JSZ/2022,849,868
hCoV-19/England/PHEC-YYF8JI3/2022,849,868
hCoV-19/England/PHEC-YYF8JBN/2022,849,868
hCoV-19/England/PHEC-YYF8J5P/2022,849,868
hCoV-19/England/LSPA-3DE70CD/2022,849,855
hCoV-19/England/CLIMB-CM7YRSUQ/2022,849,1310
hCoV-19/England/CLIMB-CM7YR4T7/2022,849,1310
hCoV-19/England/CLIMB-CM7YMXTK/2022,849,1310
hCoV-19/England/CLIMB-CM7YMWZU/2022,849,1310
hCoV-19/England/CLIMB-CM7YKX8I/2022,849,1310
hCoV-19/England/CLIMB-CM7YKHHW/2022,849,1310
hCoV-19/England/CLIMB-CM7YKFW8/2022,849,1310
hCoV-19/England/CLIMB-CM7YJHRD/2022,849,1310
hCoV-19/England/CLIMB-CM7YFIE6/2022,849,1310
hCoV-19/England/CLIMB-CM7YEGNQ/2022,849,1310
hCoV-19/England/CLIMB-CM7Y8WRZ/2022,849,1310
hCoV-19/England/CLIMB-CM7Y8UJH/2022,849,1310
hCoV-19/England/CLIMB-CM7Y8HYW/2022,849,1310
hCoV-19/Scotland/QEUH-3DEEB98/2022,850,861
hCoV-19/Scotland/QEUH-3DEBF08/2022,850,857
hCoV-19/Scotland/QEUH-3DEB25A/2022,850,857
hCoV-19/England/PHEC-YYFNXW9/2022,850,861
hCoV-19/England/PHEC-YYFNXUB/2022,850,861
hCoV-19/England/PHEC-YYFNWPJ/2022,850,862
hCoV-19/England/PHEC-YYFNWJT/2022,850,862
hCoV-19/England/PHEC-YYFKHBJ/2022,850,880
hCoV-19/England/PHEC-YYFKH7O/2022,850,880
hCoV-19/England/PHEC-YYFKH6Q/2022,850,880
hCoV-19/England/PHEC-YYFK4E7/2022,850,880
hCoV-19/England/PHEC-YYFJOQ7/2022,850,875
hCoV-19/England/PHEC-YYFJEB9/2022,850,875
hCoV-19/England/PHEC-YYFJ878/2022,850,875
hCoV-19/England/PHEC-YYFGYR8/2022,850,866
hCoV-19/England/PHEC-YYFGXII/2022,850,866
hCoV-19/England/PHEC-YYFGRTE/2022,850,866
hCoV-19/England/PHEC-YYFGPYN/2022,850,866
hCoV-19/England/PHEC-YYFGKX8/2022,850,866
hCoV-19/England/PHEC-YYFGKTN/2022,850,866
hCoV-19/England/PHEC-YYFGJZZ/2022,850,866
hCoV-19/England/PHEC-YYFGJ4T/2022,850,866
hCoV-19/England/PHEC-YYFGEHQ/2022,850,866
hCoV-19/England/PHEC-YYFGE5O/2022,850,866
hCoV-19/England/PHEC-YYFGBGN/2022,850,866
hCoV-19/England/PHEC-YYFDXS3/2022,850,863
hCoV-19/England/PHEC-YYFDXHP/2022,850,863
hCoV-19/England/PHEC-YYFDX5X/2022,850,863
hCoV-19/England/PHEC-YYFDWET/2022,850,866
hCoV-19/England/PHEC-YYFDWB9/2022,850,866
hCoV-19/England/PHEC-YYFDW8U/2022,850,866
hCoV-19/England/PHEC-YYFDUHJ/2022,850,866
hCoV-19/England/PHEC-YYFDU5M/2022,850,866
hCoV-19/England/PHEC-YYFDU3X/2022,850,866
hCoV-19/England/PHEC-YYFDTRH/2022,850,863
hCoV-19/England/PHEC-YYFDTMQ/2022,850,863
hCoV-19/England/PHEC-YYFDSFI/2022,850,866
hCoV-19/England/PHEC-YYFDI6D/2022,850,866
hCoV-19/England/PHEC-YYFDHU1/2022,850,866
hCoV-19/England/PHEC-YYFDHP9/2022,850,866
hCoV-19/England/PHEC-YYFDHOA/2022,850,866
hCoV-19/England/PHEC-YYFDHMD/2022,850,866
hCoV-19/England/PHEC-YYFDHCB/2022,850,866
hCoV-19/England/PHEC-YYFD7RO/2022,850,866
hCoV-19/England/PHEC-YYFD7JG/2022,850,866
hCoV-19/England/PHEC-YYFD5XH/2022,850,866
hCoV-19/England/PHEC-YYFD579/2022,850,866
hCoV-19/England/PHEC-YYFD4W1/2022,850,866
hCoV-19/England/PHEC-YYFD4FT/2022,850,866
hCoV-19/England/PHEC-YYFD4CD/2022,850,866
hCoV-19/England/PHEC-YYFD1SS/2022,850,866
hCoV-19/England/PHEC-YYFD1IA/2022,850,866
hCoV-19/England/PHEC-YYFD1F3/2022,850,866
hCoV-19/England/PHEC-YYF8R7Q/2022,850,868
hCoV-19/England/PHEC-YYF8R1R/2022,850,868
hCoV-19/England/PHEC-YYF8JNY/2022,850,868
hCoV-19/England/PHEC-YYF8FGH/2022,850,868
hCoV-19/England/PHEC-YYF8FDN/2022,850,868
hCoV-19/England/PHEC-YYF8EZS/2022,850,868
hCoV-19/England/PHEC-YYF8EWH/2022,850,868
hCoV-19/England/CLIMB-CM7YKROA/2022,850,1310
hCoV-19/England/CLIMB-CM7YKAS9/2022,850,1310
hCoV-19/England/CLIMB-CM7YK3FB/2022,850,1310
hCoV-19/England/CLIMB-CM7YJAMH/2022,850,1310
hCoV-19/England/CLIMB-CM7YGY4W/2022,850,1310
hCoV-19/England/CLIMB-CM7YGTPC/2022,850,1310
hCoV-19/England/CLIMB-CM7YE1HZ/2022,850,1310
hCoV-19/England/CLIMB-CM7Y87RN/2022,850,1310
hCoV-19/England/CLIMB-CM7Y84QN/2022,850,1310
