hCoV-19/England/PHEC-YY8RZR1/2022,1012,1027
hCoV-19/England/PHEC-YY8RZEK/2022,1012,1027
hCoV-19/England/PHEC-YY8RZBA/2022,1012,1027
hCoV-19/England/PHEC-YY8RZ5D/2022,1012,1027
hCoV-19/England/PHEC-YY8RUT5/2022,1012,1027
hCoV-19/England/PHEC-YY8RUIU/2022,1012,1027
hCoV-19/England/PHEC-YY8RUAP/2022,1012,1027
hCoV-19/England/PHEC-YY8RU7D/2022,1012,1027
hCoV-19/England/PHEC-YY8RU6B/2022,1012,1027
hCoV-19/England/PHEC-YY8RSX7/2022,1012,1027
hCoV-19/England/PHEC-YY8RSMF/2022,1012,1027
hCoV-19/England/PHEC-YY8RNGD/2022,1012,1024
hCoV-19/England/PHEC-YY8RGYM/2022,1012,1027
hCoV-19/England/PHEC-YY8RBSD/2022,1012,1024
hCoV-19/England/PHEC-YY8RBCA/2022,1012,1024
hCoV-19/England/PHEC-YY8RB45/2022,1012,1024
hCoV-19/England/PHEC-YY8RAOA/2022,1012,1027
hCoV-19/England/PHEC-YY8GJD6/2022,1012,1034
hCoV-19/England/PHEC-YY8GEU6/2022,1012,1034
hCoV-19/England/PHEC-YY8FZ4D/2022,1012,1029
hCoV-19/England/PHEC-YY8FTHF/2022,1012,1029
hCoV-19/England/PHEC-YY8FT13/2022,1012,1029
hCoV-19/England/PHEC-YY8FSWO/2022,1012,1029
hCoV-19/England/PHEC-YY8FSGP/2022,1012,1029
hCoV-19/England/PHEC-YY8FO14/2022,1012,1029
hCoV-19/England/PHEC-YY8FMEW/2022,1012,1027
hCoV-19/England/PHEC-YY8FKMX/2022,1012,1027
hCoV-19/England/PHEC-YY8FKJU/2022,1012,1027
hCoV-19/England/PHEC-YY8FJR6/2022,1012,1027
hCoV-19/England/PHEC-YY8FIUU/2022,1012,1029
hCoV-19/England/PHEC-YY8FICN/2022,1012,1029
hCoV-19/England/PHEC-YY8FI95/2022,1012,1029
hCoV-19/England/PHEC-YY8FI5D/2022,1012,1029
hCoV-19/England/PHEC-YY8FI4F/2022,1012,1029
hCoV-19/England/PHEC-YY8F8Z3/2022,1012,1027
hCoV-19/England/PHEC-YY8F1X9/2022,1012,1029
hCoV-19/England/PHEC-YY8F1QB/2022,1012,1029
hCoV-19/England/PHEC-YY8DXAU/2022,1012,1023
hCoV-19/England/PHEC-YY8DX5P/2022,1012,1023
hCoV-19/England/PHEC-YY8DX4X/2022,1012,1023
hCoV-19/England/PHEC-YY8DHJF/2022,1012,1024
hCoV-19/England/PHEC-YY8D7UX/2022,1012,1024
hCoV-19/England/PHEC-YY8D7SJ/2022,1012,1024
hCoV-19/England/PHEC-YY8D7H7/2022,1012,1024
hCoV-19/England/PHEC-YY8D73D/2022,1012,1024
hCoV-19/England/PHEC-YY8RZUU/2022,1013,1027
hCoV-19/England/PHEC-YY8RZTZ/2022,1013,1027
hCoV-19/England/PHEC-YY8RZSP/2022,1013,1027
hCoV-19/England/PHEC-YY8RZQ6/2022,1013,1027
hCoV-19/England/PHEC-YY8RZPY/2022,1013,1027
hCoV-19/England/PHEC-YY8RZIX/2022,1013,1027
hCoV-19/England/PHEC-YY8RZCN/2022,1013,1027
hCoV-19/England/PHEC-YY8RZ1I/2022,1013,1027
hCoV-19/England/PHEC-YY8RW3K/2022,1013,1027
hCoV-19/England/PHEC-YY8RUY6/2022,1013,1027
hCoV-19/England/PHEC-YY8RUHF/2022,1013,1027
hCoV-19/England/PHEC-YY8RUFW/2022,1013,1027
hCoV-19/England/PHEC-YY8RSDI/2022,1013,1027
hCoV-19/England/PHEC-YY8RSB3/2022,1013,1027
hCoV-19/England/PHEC-YY8RIWU/2022,1013,1027
hCoV-19/England/PHEC-YY8RISX/2022,1013,1027
hCoV-19/England/PHEC-YY8RI3J/2022,1013,1027
hCoV-19/England/PHEC-YY8RBJ6/2022,1013,1024
hCoV-19/England/PHEC-YY8RAP9/2022,1013,1027
hCoV-19/England/PHEC-YY8RAJ8/2022,1013,1027
hCoV-19/England/PHEC-YY8RAEJ/2022,1013,1027
hCoV-19/England/PHEC-YY8RA76/2022,1013,1027
hCoV-19/England/PHEC-YY8RA6H/2022,1013,1027
hCoV-19/England/PHEC-YY8RA4R/2022,1013,1027
hCoV-19/England/PHEC-YY8RA1W/2022,1013,1027
hCoV-19/England/PHEC-YY8R5BW/2022,1013,1027
hCoV-19/England/PHEC-YY8R4BI/2022,1013,1027
hCoV-19/England/PHEC-YY8R3YA/2022,1013,1027
hCoV-19/England/PHEC-YY8R15E/2022,1013,1027
hCoV-19/England/PHEC-YY8GRUN/2022,1013,1034
hCoV-19/England/PHEC-YY8GRTG/2022,1013,1034
hCoV-19/England/PHEC-YY8GROE/2022,1013,1034
hCoV-19/England/PHEC-YY8GRAA/2022,1013,1034
hCoV-19/England/PHEC-YY8GHRJ/2022,1013,1034
hCoV-19/England/PHEC-YY8GHGF/2022,1013,1034
hCoV-19/England/PHEC-YY8GFTF/2022,1013,1034
hCoV-19/England/PHEC-YY8GEMX/2022,1013,1034
hCoV-19/England/PHEC-YY8GE31/2022,1013,1034
hCoV-19/England/PHEC-YY8GBHU/2022,1013,1031
hCoV-19/England/PHEC-YY8GA6A/2022,1013,1034
hCoV-19/England/PHEC-YY8G8YG/2022,1013,1034
hCoV-19/England/PHEC-YY8G8MO/2022,1013,1034
hCoV-19/England/PHEC-YY8G8I5/2022,1013,1034
hCoV-19/England/PHEC-YY8G4ZR/2022,1013,1034
hCoV-19/England/PHEC-YY8G47A/2022,1013,1034
hCoV-19/England/PHEC-YY8G43Y/2022,1013,1034
hCoV-19/England/PHEC-YY8G3WM/2022,1013,1034
hCoV-19/England/PHEC-YY8G3UP/2022,1013,1034
hCoV-19/England/PHEC-YY8G3JN/2022,1013,1034
hCoV-19/England/PHEC-YY8FZJG/2022,1013,1029
hCoV-19/England/PHEC-YY8FZ3F/2022,1013,1029
hCoV-19/England/PHEC-YY8FSY3/2022,1013,1029
hCoV-19/England/PHEC-YY8FSJ8/2022,1013,1029
hCoV-19/England/PHEC-YY8FSEJ/2022,1013,1029
hCoV-19/England/PHEC-YY8FS3G/2022,1013,1029
hCoV-19/England/PHEC-YY8FOWS/2022,1013,1029
hCoV-19/England/PHEC-YY8FOHG/2022,1013,1029
hCoV-19/England/PHEC-YY8FO5E/2022,1013,1029
hCoV-19/England/PHEC-YY8FMKO/2022,1013,1027
hCoV-19/England/PHEC-YY8FMCC/2022,1013,1027
hCoV-19/England/PHEC-YY8FIZM/2022,1013,1029
hCoV-19/England/PHEC-YY8FIWT/2022,1013,1029
hCoV-19/England/PHEC-YY8FIAJ/2022,1013,1029
hCoV-19/England/PHEC-YY8FI1I/2022,1013,1029
hCoV-19/England/PHEC-YY8FGZ4/2022,1013,1027
hCoV-19/England/PHEC-YY8FGXM/2022,1013,1027
hCoV-19/England/PHEC-YY8FD6X/2022,1013,1027
hCoV-19/England/PHEC-YY8FARX/2022,1013,1029
hCoV-19/England/PHEC-YY8FANU/2022,1013,1029
hCoV-19/England/PHEC-YY8FAFP/2022,1013,1029
hCoV-19/England/PHEC-YY8FADT/2022,1013,1029
hCoV-19/England/PHEC-YY8RZWT/2022,1014,1027
hCoV-19/England/PHEC-YY8RW96/2022,1014,1027
hCoV-19/England/PHEC-YY8RW5G/2022,1014,1027
hCoV-19/England/PHEC-YY8RAZK/2022,1014,1027
hCoV-19/England/PHEC-YY8RA3G/2022,1014,1027
hCoV-19/England/PHEC-YY8R3NW/2022,1014,1027
hCoV-19/England/PHEC-YY8R3D1/2022,1014,1027
hCoV-19/England/PHEC-YY8R3CY/2022,1014,1027
hCoV-19/England/PHEC-YY8R365/2022,1014,1027
hCoV-19/England/PHEC-YY8GRQP/2022,1014,1034
hCoV-19/England/PHEC-YY8GPMK/2022,1014,1034
hCoV-19/England/PHEC-YY8GMHJ/2022,1014,1034
hCoV-19/England/PHEC-YY8GMAT/2022,1014,1034
hCoV-19/England/PHEC-YY8GM3X/2022,1014,1034
hCoV-19/England/PHEC-YY8GJEW/2022,1014,1034
hCoV-19/England/PHEC-YY8GJBN/2022,1014,1034
hCoV-19/England/PHEC-YY8GEAW/2022,1014,1034
hCoV-19/England/PHEC-YY8GBA5/2022,1014,1031
hCoV-19/England/PHEC-YY8G3ZF/2022,1014,1034
hCoV-19/England/PHEC-YY8G3RC/2022,1014,1034
hCoV-19/England/PHEC-YY8G3FK/2022,1014,1034
hCoV-19/England/PHEC-YY8FZRO/2022,1014,1029
hCoV-19/England/PHEC-YY8FS6H/2022,1014,1029
hCoV-19/England/PHEC-YY8FKI4/2022,1014,1027
hCoV-19/England/PHEC-YY8FKHC/2022,1014,1027
hCoV-19/England/PHEC-YY8FK4O/2022,1014,1027
hCoV-19/England/PHEC-YY8FK1Y/2022,1014,1027
hCoV-19/England/PHEC-YY8FD9P/2022,1014,1027
hCoV-19/England/PHEC-YY8FABI/2022,1014,1029
hCoV-19/England/PHEC-YY8R3X4/2022,1015,1027
hCoV-19/England/PHEC-YY8R3QH/2022,1015,1027
hCoV-19/England/PHEC-YY8R3A8/2022,1015,1027
hCoV-19/England/PHEC-YY8R31U/2022,1015,1027
hCoV-19/England/PHEC-YY8GZIM/2022,1015,1034
hCoV-19/England/PHEC-YY8GTHD/2022,1015,1034
hCoV-19/England/PHEC-YY8GSRX/2022,1015,1034
hCoV-19/England/PHEC-YY8GRE3/2022,1015,1031
hCoV-19/England/PHEC-YY8GPT7/2022,1015,1034
hCoV-19/England/PHEC-YY8GPGW/2022,1015,1034
hCoV-19/England/PHEC-YY8GKF3/2022,1015,1034
hCoV-19/England/PHEC-YY8GKEU/2022,1015,1034
hCoV-19/England/PHEC-YY8GJTB/2022,1015,1034
hCoV-19/England/PHEC-YY8GJKO/2022,1015,1034
hCoV-19/England/PHEC-YY8GJ19/2022,1015,1034
hCoV-19/England/PHEC-YY8GFI7/2022,1015,1034
hCoV-19/England/PHEC-YY8GFAZ/2022,1015,1034
hCoV-19/England/PHEC-YY8GF6M/2022,1015,1034
hCoV-19/England/PHEC-YY8GETN/2022,1015,1034
hCoV-19/England/PHEC-YY8GDXC/2022,1015,1031
hCoV-19/England/PHEC-YY8G5XW/2022,1015,1034
hCoV-19/England/PHEC-YY8G5RK/2022,1015,1034
hCoV-19/England/PHEC-YY8G5JY/2022,1015,1034
hCoV-19/England/PHEC-YY8G59U/2022,1015,1034
hCoV-19/England/PHEC-YY8G4O1/2022,1015,1034
hCoV-19/England/PHEC-YY8G4C5/2022,1015,1034
hCoV-19/England/PHEC-YY8G3CH/2022,1015,1034
hCoV-19/England/PHEC-YY8G31X/2022,1015,1034
hCoV-19/England/PHEC-YY8G1ZC/2022,1015,1034
hCoV-19/England/PHEC-YY8FKWH/2022,1015,1027
hCoV-19/England/PHEC-YY8FJZZ/2022,1015,1027
hCoV-19/England/PHEC-YY8FJTD/2022,1015,1027
hCoV-19/England/PHEC-YY8FJS3/2022,1015,1027
hCoV-19/England/PHEC-YY8FJQK/2022,1015,1027
hCoV-19/England/PHEC-YY8FJOF/2022,1015,1027
hCoV-19/England/PHEC-YY8FJMO/2022,1015,1027
hCoV-19/England/PHEC-YY8FJCQ/2022,1015,1027
hCoV-19/England/PHEC-YY8FJ5X/2022,1015,1027
hCoV-19/England/PHEC-YY8FDHU/2022,1015,1027
hCoV-19/England/PHEC-YY8FDA5/2022,1015,1027
hCoV-19/England/PHEC-YY8FD5I/2022,1015,1027
hCoV-19/England/PHEC-YY8J5WD/2022,1016,1038
hCoV-19/England/PHEC-YY8GZAF/2022,1016,1034
hCoV-19/England/PHEC-YY8GZ4B/2022,1016,1034
hCoV-19/England/PHEC-YY8GZ3D/2022,1016,1034
hCoV-19/England/PHEC-YY8GWEJ/2022,1016,1034
hCoV-19/England/PHEC-YY8GWAE/2022,1016,1034
hCoV-19/England/PHEC-YY8GU95/2022,1016,1034
hCoV-19/England/PHEC-YY8GTYH/2022,1016,1034
hCoV-19/England/PHEC-YY8GT97/2022,1016,1034
hCoV-19/England/PHEC-YY8GT7B/2022,1016,1034
hCoV-19/England/PHEC-YY8GT5F/2022,1016,1034
hCoV-19/England/PHEC-YY8GSZE/2022,1016,1034
hCoV-19/England/PHEC-YY8GSX3/2022,1016,1034
hCoV-19/England/PHEC-YY8GSWQ/2022,1016,1034
hCoV-19/England/PHEC-YY8GSMB/2022,1016,1034
hCoV-19/England/PHEC-YY8GSDT/2022,1016,1034
hCoV-19/England/PHEC-YY8GRYJ/2022,1016,1031
hCoV-19/England/PHEC-YY8GRPX/2022,1016,1034
hCoV-19/England/PHEC-YY8GRMU/2022,1016,1034
hCoV-19/England/PHEC-YY8GRDD/2022,1016,1031
hCoV-19/England/PHEC-YY8GPKC/2022,1016,1034
hCoV-19/England/PHEC-YY8GOHR/2022,1016,1034
hCoV-19/England/PHEC-YY8GO7N/2022,1016,1034
hCoV-19/England/PHEC-YY8GNZH/2022,1016,1031
hCoV-19/England/PHEC-YY8GNTE/2022,1016,1031
hCoV-19/England/PHEC-YY8GNJ3/2022,1016,1031
hCoV-19/England/PHEC-YY8GNBJ/2022,1016,1031
hCoV-19/England/PHEC-YY8GN3A/2022,1016,1031
hCoV-19/England/PHEC-YY8GMJO/2022,1016,1034
hCoV-19/England/PHEC-YY8GKYD/2022,1016,1034
hCoV-19/England/PHEC-YY8GKUH/2022,1016,1034
hCoV-19/England/PHEC-YY8GKSS/2022,1016,1034
hCoV-19/England/PHEC-YY8GKIA/2022,1016,1034
hCoV-19/England/PHEC-YY8GKBB/2022,1016,1034
hCoV-19/England/PHEC-YY8GK9R/2022,1016,1034
hCoV-19/England/PHEC-YY8GK8I/2022,1016,1034
hCoV-19/England/PHEC-YY8GK3O/2022,1016,1034
hCoV-19/England/PHEC-YY8GJI3/2022,1016,1034
hCoV-19/England/PHEC-YY8GFQC/2022,1016,1034
hCoV-19/England/PHEC-YY8GDYK/2022,1016,1031
hCoV-19/England/PHEC-YY8GDJA/2022,1016,1031
hCoV-19/England/PHEC-YY8GDFY/2022,1016,1031
hCoV-19/England/PHEC-YY8GDE4/2022,1016,1031
hCoV-19/England/PHEC-YY8GAYI/2022,1016,1034
hCoV-19/England/PHEC-YY8GAJD/2022,1016,1034
hCoV-19/England/PHEC-YY8G5ZD/2022,1016,1034
hCoV-19/England/PHEC-YY8G5TX/2022,1016,1034
hCoV-19/England/PHEC-YY8G5QS/2022,1016,1034
hCoV-19/England/PHEC-YY8G5PA/2022,1016,1034
hCoV-19/England/PHEC-YY8G5OT/2022,1016,1034
hCoV-19/England/PHEC-YY8G4P3/2022,1016,1034
hCoV-19/England/PHEC-YY8G4JB/2022,1016,1034
hCoV-19/England/PHEC-YY8G4FJ/2022,1016,1034
hCoV-19/England/PHEC-YY8G4ED/2022,1016,1034
hCoV-19/England/PHEC-YY8G36Z/2022,1016,1034
hCoV-19/England/PHEC-YY8G1DI/2022,1016,1034
hCoV-19/England/PHEC-YY8G14G/2022,1016,1034
hCoV-19/England/PHEC-YY8FKZS/2022,1016,1027
hCoV-19/England/PHEC-YY8FKD9/2022,1016,1027
hCoV-19/England/PHEC-YY8FJK1/2022,1016,1027
hCoV-19/England/PHEC-YY8FGDD/2022,1016,1027
hCoV-19/England/PHEC-YY8F8UB/2022,1016,1027
hCoV-19/England/PHEC-YY8F8EA/2022,1016,1027
hCoV-19/England/PHEC-YY8F8CO/2022,1016,1027
hCoV-19/England/PHEC-YY8F8AZ/2022,1016,1027
hCoV-19/England/PHEC-YY8EHIN/2022,1016,1036
hCoV-19/England/PHEC-YY8JG1H/2022,1017,1037
hCoV-19/England/PHEC-YY8GZWP/2022,1017,1034
hCoV-19/England/PHEC-YY8GZUX/2022,1017,1034
hCoV-19/England/PHEC-YY8GZH7/2022,1017,1034
hCoV-19/England/PHEC-YY8GZC6/2022,1017,1034
hCoV-19/England/PHEC-YY8GZ9Z/2022,1017,1034
hCoV-19/England/PHEC-YY8GXRS/2022,1017,1034
hCoV-19/England/PHEC-YY8GXDA/2022,1017,1034
hCoV-19/England/PHEC-YY8GWJ8/2022,1017,1034
hCoV-19/England/PHEC-YY8GWGP/2022,1017,1034
hCoV-19/England/PHEC-YY8GWFX/2022,1017,1034
hCoV-19/England/PHEC-YY8GWDU/2022,1017,1034
hCoV-19/England/PHEC-YY8GWCB/2022,1017,1034
hCoV-19/England/PHEC-YY8GUQ6/2022,1017,1034
hCoV-19/England/PHEC-YY8GUNS/2022,1017,1034
hCoV-19/England/PHEC-YY8GU5D/2022,1017,1034
hCoV-19/England/PHEC-YY8GTQY/2022,1017,1034
hCoV-19/England/PHEC-YY8GSP7/2022,1017,1034
hCoV-19/England/PHEC-YY8GSIC/2022,1017,1034
hCoV-19/England/PHEC-YY8GSAG/2022,1017,1034
hCoV-19/England/PHEC-YY8GR6C/2022,1017,1034
hCoV-19/England/PHEC-YY8GR51/2022,1017,1034
hCoV-19/England/PHEC-YY8GOT4/2022,1017,1034
hCoV-19/England/PHEC-YY8GNWN/2022,1017,1031
hCoV-19/England/PHEC-YY8GMSI/2022,1017,1034
hCoV-19/England/PHEC-YY8GK7E/2022,1017,1034
hCoV-19/England/PHEC-YY8GI65/2022,1017,1034
hCoV-19/England/PHEC-YY8GI5B/2022,1017,1034
hCoV-19/England/PHEC-YY8GFZ3/2022,1017,1034
hCoV-19/England/PHEC-YY8GFUB/2022,1017,1034
hCoV-19/England/PHEC-YY8GFNR/2022,1017,1034
hCoV-19/England/PHEC-YY8GFJS/2022,1017,1034
hCoV-19/England/PHEC-YY8GFDN/2022,1017,1034
hCoV-19/England/PHEC-YY8GFBG/2022,1017,1034
hCoV-19/England/PHEC-YY8GE8Z/2022,1017,1034
hCoV-19/England/PHEC-YY8GDNG/2022,1017,1031
hCoV-19/England/PHEC-YY8GDKS/2022,1017,1031
hCoV-19/England/PHEC-YY8GDBE/2022,1017,1031
hCoV-19/England/PHEC-YY8GA74/2022,1017,1034
hCoV-19/England/PHEC-YY8G8ZZ/2022,1017,1034
hCoV-19/England/PHEC-YY8G8HP/2022,1017,1034
hCoV-19/England/PHEC-YY8G8G4/2022,1017,1034
hCoV-19/England/PHEC-YY8G4XI/2022,1017,1034
hCoV-19/England/PHEC-YY8G3NO/2022,1017,1034
hCoV-19/England/PHEC-YY8G1IO/2022,1017,1034
hCoV-19/England/PHEC-YY8ERTN/2022,1017,1034
hCoV-19/England/PHEC-YY8EH34/2022,1017,1036
hCoV-19/England/PHEC-YY8E7YC/2022,1017,1036
hCoV-19/England/PHEC-YY8E7UF/2022,1017,1036
hCoV-19/England/PHEC-YY8E7GY/2022,1017,1036
hCoV-19/England/PHEC-YY8E76X/2022,1017,1036
hCoV-19/England/LOND-YYBKZKY/2022,1017,1045
hCoV-19/England/LOND-YYBKZJN/2022,1017,1045
hCoV-19/England/PHEC-YY8JZPS/2022,1018,1038
hCoV-19/England/PHEC-YY8JGB9/2022,1018,1037
hCoV-19/England/PHEC-YY8JF9D/2022,1018,1037
hCoV-19/England/PHEC-YY8GWZK/2022,1018,1034
hCoV-19/England/PHEC-YY8GWP9/2022,1018,1034
hCoV-19/England/PHEC-YY8GWMD/2022,1018,1034
hCoV-19/England/PHEC-YY8GUWT/2022,1018,1034
hCoV-19/England/PHEC-YY8GUR1/2022,1018,1034
hCoV-19/England/PHEC-YY8GU79/2022,1018,1034
hCoV-19/England/PHEC-YY8GTMG/2022,1018,1034
hCoV-19/England/PHEC-YY8GT8Q/2022,1018,1034
hCoV-19/England/PHEC-YY8GSTW/2022,1018,1034
hCoV-19/England/PHEC-YY8GRHO/2022,1018,1034
hCoV-19/England/PHEC-YY8GR9K/2022,1018,1034
hCoV-19/England/PHEC-YY8GOQB/2022,1018,1034
hCoV-19/England/PHEC-YY8GOGT/2022,1018,1034
hCoV-19/England/PHEC-YY8GMZU/2022,1018,1034
hCoV-19/England/PHEC-YY8GJYR/2022,1018,1034
hCoV-19/England/PHEC-YY8GJRH/2022,1018,1034
hCoV-19/England/PHEC-YY8GF1D/2022,1018,1034
hCoV-19/England/PHEC-YY8GE9G/2022,1018,1034
hCoV-19/England/PHEC-YY8GE5Q/2022,1018,1034
hCoV-19/England/PHEC-YY8G8U9/2022,1018,1034
hCoV-19/England/PHEC-YY8G1GX/2022,1018,1034
hCoV-19/England/PHEC-YY8G166/2022,1018,1034
hCoV-19/England/PHEC-YY8EPKE/2022,1018,1034
hCoV-19/England/PHEC-YY8EH9Q/2022,1018,1036
