hCoV-19/Scotland/SCOT-12192/2022,851,869
hCoV-19/England/PHEC-YYFK4HW/2022,851,880
hCoV-19/England/PHEC-YYFK41E/2022,851,880
hCoV-19/England/PHEC-YYFJQEM/2022,851,875
hCoV-19/England/PHEC-YYFJP7B/2022,851,875
hCoV-19/England/PHEC-YYFGYM3/2022,851,866
hCoV-19/England/PHEC-YYFGYK5/2022,851,866
hCoV-19/England/PHEC-YYFGYJ7/2022,851,866
hCoV-19/England/PHEC-YYFGKNB/2022,851,866
hCoV-19/England/PHEC-YYFGJS3/2022,851,866
hCoV-19/England/PHEC-YYFGJBR/2022,851,866
hCoV-19/England/PHEC-YYFGER9/2022,851,866
hCoV-19/England/PHEC-YYFGEDB/2022,851,866
hCoV-19/England/PHEC-YYFGE6K/2022,851,866
hCoV-19/England/PHEC-YYFGE41/2022,851,866
hCoV-19/England/PHEC-YYFDX7M/2022,851,863
hCoV-19/England/PHEC-YYFDUKQ/2022,851,866
hCoV-19/England/PHEC-YYFDUJO/2022,851,866
hCoV-19/England/PHEC-YYFDUFA/2022,851,866
hCoV-19/England/PHEC-YYFDTXG/2022,851,863
hCoV-19/England/PHEC-YYFDTSZ/2022,851,863
hCoV-19/England/PHEC-YYFDTEW/2022,851,863
hCoV-19/England/PHEC-YYFDTCC/2022,851,863
hCoV-19/England/PHEC-YYFDTBN/2022,851,863
hCoV-19/England/PHEC-YYFDT19/2022,851,863
hCoV-19/England/PHEC-YYFDIH8/2022,851,866
hCoV-19/England/PHEC-YYFDHX5/2022,851,866
hCoV-19/England/PHEC-YYFDH8M/2022,851,866
hCoV-19/England/PHEC-YYFDH4R/2022,851,866
hCoV-19/England/PHEC-YYFD9YS/2022,851,866
hCoV-19/England/PHEC-YYFD91T/2022,851,866
hCoV-19/England/PHEC-YYFD7A8/2022,851,866
hCoV-19/England/PHEC-YYFD5ZM/2022,851,866
hCoV-19/England/PHEC-YYFD5WT/2022,851,866
hCoV-19/England/PHEC-YYFD5UU/2022,851,866
hCoV-19/England/PHEC-YYFD5O3/2022,851,866
hCoV-19/England/PHEC-YYFD5FO/2022,851,866
hCoV-19/England/PHEC-YYFD4X7/2022,851,866
hCoV-19/England/PHEC-YYFD4O4/2022,851,866
hCoV-19/England/PHEC-YYFD41S/2022,851,866
hCoV-19/England/PHEC-YYFD3MG/2022,851,866
hCoV-19/England/PHEC-YYFD369/2022,851,866
hCoV-19/England/PHEC-YYFD1Q8/2022,851,866
hCoV-19/England/PHEC-YYFD15C/2022,851,866
hCoV-19/England/PHEC-YYF8MFA/2022,851,869
hCoV-19/England/PHEC-YYF8KN9/2022,851,868
hCoV-19/England/PHEC-YYF8JHM/2022,851,868
hCoV-19/England/PHEC-YYF8J7J/2022,851,868
hCoV-19/England/PHEC-YYF8J4X/2022,851,868
hCoV-19/England/PHEC-YYF8FNR/2022,851,868
hCoV-19/England/PHEC-YYF8EPM/2022,851,868
hCoV-19/England/PHEC-YYF8EMX/2022,851,868
hCoV-19/England/PHEC-YYF8EKT/2022,851,868
hCoV-19/England/CLIMB-CM7YJNZQ/2022,851,1310
hCoV-19/England/CLIMB-CM7YJHOW/2022,851,1310
hCoV-19/England/CLIMB-CM7YGGP3/2022,851,1310
hCoV-19/England/CLIMB-CM7YFGEU/2022,851,1310
hCoV-19/England/CLIMB-CM7YF818/2022,851,1310
hCoV-19/England/CLIMB-CM7YERG5/2022,851,1310
hCoV-19/England/CLIMB-CM7YE3M8/2022,851,1310
hCoV-19/England/PHEC-YYFKHYM/2022,852,880
hCoV-19/England/PHEC-YYFJP69/2022,852,875
hCoV-19/England/PHEC-YYFJ8OB/2022,852,875
hCoV-19/England/PHEC-YYFGYSN/2022,852,866
hCoV-19/England/PHEC-YYFGYGD/2022,852,866
hCoV-19/England/PHEC-YYFGYDJ/2022,852,866
hCoV-19/England/PHEC-YYFGX9B/2022,852,866
hCoV-19/England/PHEC-YYFGPZU/2022,852,866
hCoV-19/England/PHEC-YYFGPW3/2022,852,866
hCoV-19/England/PHEC-YYFGPJO/2022,852,866
hCoV-19/England/PHEC-YYFGPIZ/2022,852,866
hCoV-19/England/PHEC-YYFGP8W/2022,852,866
hCoV-19/England/PHEC-YYFGOB7/2022,852,866
hCoV-19/England/PHEC-YYFGMSZ/2022,852,866
hCoV-19/England/PHEC-YYFGKYF/2022,852,866
hCoV-19/England/PHEC-YYFGKG3/2022,852,866
hCoV-19/England/PHEC-YYFGKEI/2022,852,866
hCoV-19/England/PHEC-YYFGKD9/2022,852,866
hCoV-19/England/PHEC-YYFGKBD/2022,852,866
hCoV-19/England/PHEC-YYFGJNN/2022,852,866
hCoV-19/England/PHEC-YYFGJHP/2022,852,866
hCoV-19/England/PHEC-YYFGJ5X/2022,852,866
hCoV-19/England/PHEC-YYFGJ1B/2022,852,866
hCoV-19/England/PHEC-YYFG9UJ/2022,852,867
hCoV-19/England/PHEC-YYFG97I/2022,852,867
hCoV-19/England/PHEC-YYFG76I/2022,852,867
hCoV-19/England/PHEC-YYFG755/2022,852,867
hCoV-19/England/PHEC-YYFDX1B/2022,852,863
hCoV-19/England/PHEC-YYFDUYN/2022,852,866
hCoV-19/England/PHEC-YYFDUN6/2022,852,866
hCoV-19/England/PHEC-YYFDUMC/2022,852,866
hCoV-19/England/PHEC-YYFDTZI/2022,852,863
hCoV-19/England/PHEC-YYFDH6H/2022,852,866
hCoV-19/England/PHEC-YYFD9XA/2022,852,866
hCoV-19/England/PHEC-YYFD9SJ/2022,852,866
hCoV-19/England/PHEC-YYFD9GK/2022,852,866
hCoV-19/England/PHEC-YYFD9BW/2022,852,866
hCoV-19/England/PHEC-YYFD7D1/2022,852,866
hCoV-19/England/PHEC-YYFD6KD/2022,852,866
hCoV-19/England/PHEC-YYFD6DT/2022,852,866
hCoV-19/England/PHEC-YYFD67H/2022,852,866
hCoV-19/England/PHEC-YYFD5NS/2022,852,866
hCoV-19/England/PHEC-YYFD5DW/2022,852,866
hCoV-19/England/PHEC-YYFD5BA/2022,852,866
hCoV-19/England/PHEC-YYFD54F/2022,852,866
hCoV-19/England/PHEC-YYFD4ZC/2022,852,866
hCoV-19/England/PHEC-YYFD4RU/2022,852,866
hCoV-19/England/PHEC-YYFD4AK/2022,852,866
hCoV-19/England/PHEC-YYFD47Y/2022,852,866
hCoV-19/England/PHEC-YYFD466/2022,852,866
hCoV-19/England/PHEC-YYFD43E/2022,852,866
hCoV-19/England/PHEC-YYFD3T3/2022,852,866
hCoV-19/England/PHEC-YYFCAUR/2022,852,887
hCoV-19/England/PHEC-YYF8YQT/2022,852,867
hCoV-19/England/PHEC-YYF8YOC/2022,852,867
hCoV-19/England/PHEC-YYF8YK3/2022,852,867
hCoV-19/England/PHEC-YYF8YGB/2022,852,867
hCoV-19/England/PHEC-YYF8YFD/2022,852,867
hCoV-19/England/PHEC-YYF8PMK/2022,852,869
hCoV-19/England/PHEC-YYF8JCC/2022,852,868
hCoV-19/England/PHEC-YYF8GTR/2022,852,868
hCoV-19/England/PHEC-YYF8GDB/2022,852,868
hCoV-19/England/PHEC-YYF8G7C/2022,852,868
hCoV-19/England/PHEC-YYF8FPQ/2022,852,868
hCoV-19/England/PHEC-YYF8FM1/2022,852,868
hCoV-19/England/PHEC-YYF8EU6/2022,852,868
hCoV-19/England/LSPA-3DF7C11/2022,852,860
hCoV-19/England/CLIMB-CM7YJSOZ/2022,852,1310
hCoV-19/England/CLIMB-CM7YGSZF/2022,852,1310
hCoV-19/England/CLIMB-CM7YGKH8/2022,852,1310
hCoV-19/England/CLIMB-CM7Y8JNE/2022,852,1310
hCoV-19/England/CLIMB-CM7Y81DS/2022,852,1310
hCoV-19/Scotland/QEUH-3DF99DC/2022,853,861
hCoV-19/Scotland/QEUH-3DF5439/2022,853,861
hCoV-19/Scotland/QEUH-3DF50CC/2022,853,861
hCoV-19/Scotland/QEUH-3DF4ACF/2022,853,861
hCoV-19/Scotland/QEUH-3DF3BBE/2022,853,861
hCoV-19/Scotland/QEUH-3DF3213/2022,853,861
hCoV-19/England/PHEC-YYFMK3E/2022,853,880
hCoV-19/England/PHEC-YYFKHN8/2022,853,880
hCoV-19/England/PHEC-YYFJWUQ/2022,853,875
hCoV-19/England/PHEC-YYFJWM9/2022,853,875
hCoV-19/England/PHEC-YYFJGTY/2022,853,875
hCoV-19/England/PHEC-YYFJFZI/2022,853,875
hCoV-19/England/PHEC-YYFJF19/2022,853,875
hCoV-19/England/PHEC-YYFJ9QQ/2022,853,876
hCoV-19/England/PHEC-YYFJ9A3/2022,853,876
hCoV-19/England/PHEC-YYFJ8U5/2022,853,875
hCoV-19/England/PHEC-YYFJ8PE/2022,853,875
hCoV-19/England/PHEC-YYFJ67O/2022,853,876
hCoV-19/England/PHEC-YYFGYUE/2022,853,866
hCoV-19/England/PHEC-YYFGYIR/2022,853,866
hCoV-19/England/PHEC-YYFGY1K/2022,853,866
hCoV-19/England/PHEC-YYFGXO9/2022,853,866
hCoV-19/England/PHEC-YYFGXNH/2022,853,866
hCoV-19/England/PHEC-YYFGXGW/2022,853,866
hCoV-19/England/PHEC-YYFGX81/2022,853,866
hCoV-19/England/PHEC-YYFGPXR/2022,853,866
hCoV-19/England/PHEC-YYFGPOB/2022,853,866
hCoV-19/England/PHEC-YYFGPKQ/2022,853,866
hCoV-19/England/PHEC-YYFGPHJ/2022,853,866
hCoV-19/England/PHEC-YYFGPE1/2022,853,866
hCoV-19/England/PHEC-YYFGPAT/2022,853,866
hCoV-19/England/PHEC-YYFGP4P/2022,853,866
hCoV-19/England/PHEC-YYFGNGB/2022,853,866
hCoV-19/England/PHEC-YYFGMZI/2022,853,866
hCoV-19/England/PHEC-YYFGMW5/2022,853,866
hCoV-19/England/PHEC-YYFGMU7/2022,853,866
hCoV-19/England/PHEC-YYFGMD6/2022,853,866
hCoV-19/England/PHEC-YYFGMBN/2022,853,866
hCoV-19/England/PHEC-YYFGM4X/2022,853,866
hCoV-19/England/PHEC-YYFGM19/2022,853,866
hCoV-19/England/PHEC-YYFGKZS/2022,853,866
hCoV-19/England/PHEC-YYFGK9G/2022,853,866
hCoV-19/England/PHEC-YYFGK6E/2022,853,866
hCoV-19/England/PHEC-YYFGJAI/2022,853,866
hCoV-19/England/PHEC-YYFGJ3U/2022,853,866
hCoV-19/England/PHEC-YYFGBSB/2022,853,866
hCoV-19/England/PHEC-YYFGB43/2022,853,866
hCoV-19/England/PHEC-YYFG9X1/2022,853,867
hCoV-19/England/PHEC-YYFG9W8/2022,853,867
hCoV-19/England/PHEC-YYFG9OX/2022,853,867
hCoV-19/England/PHEC-YYFG9M4/2022,853,867
hCoV-19/England/PHEC-YYFG9CA/2022,853,867
hCoV-19/England/PHEC-YYFG7XW/2022,853,867
hCoV-19/England/PHEC-YYFG7UM/2022,853,867
hCoV-19/England/PHEC-YYFG7OT/2022,853,867
hCoV-19/England/PHEC-YYFDAZQ/2022,853,866
hCoV-19/England/PHEC-YYFDAX9/2022,853,866
hCoV-19/England/PHEC-YYFDAUS/2022,853,866
hCoV-19/England/PHEC-YYFDAOH/2022,853,866
hCoV-19/England/PHEC-YYFDAI1/2022,853,866
hCoV-19/England/PHEC-YYFDA3K/2022,853,866
hCoV-19/England/PHEC-YYFD7X4/2022,853,866
hCoV-19/England/PHEC-YYFD7WX/2022,853,866
hCoV-19/England/PHEC-YYFD7UT/2022,853,866
hCoV-19/England/PHEC-YYFD7OZ/2022,853,866
hCoV-19/England/PHEC-YYFD7IP/2022,853,866
hCoV-19/England/PHEC-YYFD74D/2022,853,866
hCoV-19/England/PHEC-YYFD73F/2022,853,866
hCoV-19/England/PHEC-YYFD3RW/2022,853,866
hCoV-19/England/PHEC-YYFD3NA/2022,853,866
hCoV-19/England/PHEC-YYFD3DS/2022,853,866
hCoV-19/England/PHEC-YYF8YMZ/2022,853,867
hCoV-19/England/PHEC-YYF8YE7/2022,853,867
hCoV-19/England/PHEC-YYF8YBM/2022,853,867
hCoV-19/England/PHEC-YYF8Y89/2022,853,867
hCoV-19/England/PHEC-YYF8XUZ/2022,853,869
hCoV-19/England/PHEC-YYF8XAP/2022,853,869
hCoV-19/England/PHEC-YYF8RZ4/2022,853,868
hCoV-19/England/PHEC-YYF8RI6/2022,853,868
hCoV-19/England/PHEC-YYF8R51/2022,853,868
hCoV-19/England/PHEC-YYF8R4W/2022,853,868
hCoV-19/England/PHEC-YYF8PWZ/2022,853,869
hCoV-19/England/PHEC-YYF8OCF/2022,853,869
hCoV-19/England/PHEC-YYF8NWN/2022,853,867
hCoV-19/England/PHEC-YYF8NBJ/2022,853,867
hCoV-19/England/PHEC-YYF8N4S/2022,853,867
hCoV-19/England/PHEC-YYF8JW5/2022,853,868
hCoV-19/England/PHEC-YYF8FTF/2022,853,868
hCoV-19/England/PHEC-YYF8FQC/2022,853,868
hCoV-19/England/PHEC-YYF8F3I/2022,853,868
hCoV-19/England/PHEC-YYF8F1D/2022,853,868
hCoV-19/England/PHEC-YYF8ED9/2022,853,868
hCoV-19/England/LSPA-3DF26BE/2022,853,863
hCoV-19/England/CLIMB-CM7YGDPP/2022,853,1310
hCoV-19/England/CLIMB-CM7YG5FM/2022,853,1310
hCoV-19/England/CLIMB-CM7Y8RAC/2022,853,1310
hCoV-19/Scotland/QEUH-3DF774D/2022,854,861
hCoV-19/England/PHEC-YYFK5WD/2022,854,880
hCoV-19/England/PHEC-YYFJER3/2022,854,875
hCoV-19/England/PHEC-YYFJEN7/2022,854,875
hCoV-19/England/PHEC-YYFJED5/2022,854,875
hCoV-19/England/PHEC-YYFJ9UD/2022,854,876
hCoV-19/England/PHEC-YYFJ9BE/2022,854,876
hCoV-19/England/PHEC-YYFJ91F/2022,854,876
hCoV-19/England/PHEC-YYFJ69C/2022,854,876
hCoV-19/England/PHEC-YYFJ64S/2022,854,876
hCoV-19/England/PHEC-YYFGPU5/2022,854,866
hCoV-19/England/PHEC-YYFGNJ5/2022,854,866
hCoV-19/England/PHEC-YYFGMGA/2022,854,866
hCoV-19/England/PHEC-YYFGMEW/2022,854,866
hCoV-19/England/PHEC-YYFGM7J/2022,854,866
hCoV-19/England/PHEC-YYFGJMO/2022,854,866
hCoV-19/England/PHEC-YYFGB5Z/2022,854,866
hCoV-19/England/PHEC-YYFG9QW/2022,854,867
hCoV-19/England/PHEC-YYFG9EY/2022,854,867
hCoV-19/England/PHEC-YYFG9A9/2022,854,867
hCoV-19/England/PHEC-YYFG7SF/2022,854,867
hCoV-19/England/PHEC-YYFG7I8/2022,854,867
hCoV-19/England/PHEC-YYFDHIQ/2022,854,866
hCoV-19/England/PHEC-YYFD7H9/2022,854,866
hCoV-19/England/PHEC-YYFD765/2022,854,866
hCoV-19/England/PHEC-YYF8YIN/2022,854,867
hCoV-19/England/PHEC-YYF8Y9Q/2022,854,867
hCoV-19/England/PHEC-YYF8Y4A/2022,854,867
hCoV-19/England/PHEC-YYF8XWI/2022,854,869
hCoV-19/England/PHEC-YYF8XO7/2022,854,869
hCoV-19/England/PHEC-YYF8XN4/2022,854,869
hCoV-19/England/PHEC-YYF8XKK/2022,854,869
hCoV-19/England/PHEC-YYF8XIU/2022,854,869
hCoV-19/England/PHEC-YYF8W3G/2022,854,870
hCoV-19/England/PHEC-YYF8UDW/2022,854,870
hCoV-19/England/PHEC-YYF8TF1/2022,854,869
hCoV-19/England/PHEC-YYF8RDD/2022,854,867
hCoV-19/England/PHEC-YYF8QHG/2022,854,869
hCoV-19/England/PHEC-YYF8Q6N/2022,854,869
hCoV-19/England/PHEC-YYF8Q5E/2022,854,869
hCoV-19/England/PHEC-YYF8PO9/2022,854,869
hCoV-19/England/PHEC-YYF8OI1/2022,854,869
hCoV-19/England/PHEC-YYF8OAC/2022,854,869
hCoV-19/England/PHEC-YYF8NQX/2022,854,867
hCoV-19/England/PHEC-YYF8NKZ/2022,854,867
hCoV-19/England/PHEC-YYF8NH1/2022,854,867
hCoV-19/England/PHEC-YYF8NG9/2022,854,867
hCoV-19/England/PHEC-YYF8NDF/2022,854,867
hCoV-19/England/PHEC-YYF8MIZ/2022,854,869
hCoV-19/England/PHEC-YYF8MGS/2022,854,869
hCoV-19/England/PHEC-YYF8MCK/2022,854,869
hCoV-19/England/PHEC-YYF8M3X/2022,854,869
hCoV-19/England/PHEC-YYF8KPJ/2022,854,869
hCoV-19/England/PHEC-YYF8I77/2022,854,870
hCoV-19/England/PHEC-YYF8DWB/2022,854,867
hCoV-19/England/PHEC-YYF8DI9/2022,854,867
hCoV-19/England/PHEC-YYF8D1F/2022,854,867
hCoV-19/England/PHEC-YYF89K4/2022,854,876
hCoV-19/England/CLIMB-CM7YGHZU/2022,854,1310
hCoV-19/Scotland/QEUH-3DFE834/2022,855,862
hCoV-19/England/PHEC-YYFMJ97/2022,855,880
hCoV-19/England/PHEC-YYFM8KK/2022,855,880
hCoV-19/England/PHEC-YYFKSTQ/2022,855,880
hCoV-19/England/PHEC-YYFKSPZ/2022,855,880
hCoV-19/England/PHEC-YYFKRZW/2022,855,876
hCoV-19/England/PHEC-YYFKNHC/2022,855,876
hCoV-19/England/PHEC-YYFKJ4J/2022,855,876
hCoV-19/England/PHEC-YYFKEJP/2022,855,876
hCoV-19/England/PHEC-YYFKE14/2022,855,876
hCoV-19/England/PHEC-YYFKBFH/2022,855,876
hCoV-19/England/PHEC-YYFJR4O/2022,855,875
hCoV-19/England/PHEC-YYFJGYD/2022,855,875
hCoV-19/England/PHEC-YYFJGXF/2022,855,875
hCoV-19/England/PHEC-YYFJEJX/2022,855,875
hCoV-19/England/PHEC-YYFJ9FY/2022,855,876
hCoV-19/England/PHEC-YYFJ6N8/2022,855,876
hCoV-19/England/PHEC-YYFG9J6/2022,855,867
hCoV-19/England/PHEC-YYFG9FG/2022,855,867
hCoV-19/England/PHEC-YYF8WSC/2022,855,870
hCoV-19/England/PHEC-YYF8UZM/2022,855,870
hCoV-19/England/PHEC-YYF8UR1/2022,855,870
hCoV-19/England/PHEC-YYF8TNA/2022,855,869
hCoV-19/England/PHEC-YYF8T48/2022,855,870
hCoV-19/England/PHEC-YYF8RXM/2022,855,867
hCoV-19/England/PHEC-YYF8ROE/2022,855,867
hCoV-19/England/PHEC-YYF8RKI/2022,855,867
hCoV-19/England/PHEC-YYF8RCT/2022,855,867
hCoV-19/England/PHEC-YYF8QMJ/2022,855,869
hCoV-19/England/PHEC-YYF8QFI/2022,855,869
hCoV-19/England/PHEC-YYF8QEX/2022,855,869
hCoV-19/England/PHEC-YYF8PT7/2022,855,869
hCoV-19/England/PHEC-YYF8PRA/2022,855,869
hCoV-19/England/PHEC-YYF8PD4/2022,855,869
hCoV-19/England/PHEC-YYF8P81/2022,855,869
hCoV-19/England/PHEC-YYF8P6D/2022,855,869
hCoV-19/England/PHEC-YYF8OX9/2022,855,869
hCoV-19/England/PHEC-YYF8OT4/2022,855,869
hCoV-19/England/PHEC-YYF8NFB/2022,855,867
hCoV-19/England/PHEC-YYF8NE5/2022,855,867
hCoV-19/England/PHEC-YYF8MZU/2022,855,869
hCoV-19/England/PHEC-YYF8M78/2022,855,869
hCoV-19/England/PHEC-YYF8M6F/2022,855,869
hCoV-19/England/PHEC-YYF8KXF/2022,855,869
hCoV-19/England/PHEC-YYF8KUH/2022,855,869
hCoV-19/England/PHEC-YYF8IH9/2022,855,870
hCoV-19/England/PHEC-YYF8HXU/2022,855,876
hCoV-19/England/PHEC-YYF8HTQ/2022,855,876
hCoV-19/England/PHEC-YYF8HF8/2022,855,876
hCoV-19/England/PHEC-YYF8A56/2022,855,876
hCoV-19/England/PHEC-YYF89U8/2022,855,876
hCoV-19/England/PHEC-YYF89ID/2022,855,876
hCoV-19/England/PHEC-YYF87X1/2022,855,876
hCoV-19/England/PHEC-YYF87SD/2022,855,876
hCoV-19/England/PHEC-YYF87IF/2022,855,876
hCoV-19/England/PHEC-YYF84M7/2022,855,876
hCoV-19/England/PHEC-YYF84K9/2022,855,876
hCoV-19/England/PHEC-YYF819H/2022,855,870
hCoV-19/Scotland/LSPA-3E04630/2022,856,864
hCoV-19/England/QEUH-3E049A0/2022,856,878
hCoV-19/England/PHEC-YYFXRX5/2022,856,901
hCoV-19/England/PHEC-YYFXROA/2022,856,901
hCoV-19/England/PHEC-YYFKY6K/2022,856,876
hCoV-19/England/PHEC-YYFKR16/2022,856,876
hCoV-19/England/PHEC-YYFKN31/2022,856,876
hCoV-19/England/PHEC-YYFKMX6/2022,856,876
hCoV-19/England/PHEC-YYFKMDS/2022,856,876
hCoV-19/England/PHEC-YYFKMB4/2022,856,876
hCoV-19/England/PHEC-YYFKM8Q/2022,856,876
hCoV-19/England/PHEC-YYFKJ6B/2022,856,876
hCoV-19/England/PHEC-YYFKEQD/2022,856,876
hCoV-19/England/PHEC-YYFKEO6/2022,856,876
hCoV-19/England/PHEC-YYFKBNN/2022,856,876
hCoV-19/England/PHEC-YYFKB1B/2022,856,876
hCoV-19/England/PHEC-YYFK5OM/2022,856,880
hCoV-19/England/PHEC-YYFJRI4/2022,856,875
hCoV-19/England/PHEC-YYFJEZ1/2022,856,875
hCoV-19/England/PHEC-YYFJEWA/2022,856,875
hCoV-19/England/PHEC-YYFJEGI/2022,856,875
hCoV-19/England/PHEC-YYFJ76X/2022,856,876
hCoV-19/England/PHEC-YYFJ6ZH/2022,856,876
hCoV-19/England/PHEC-YYFJ6S6/2022,856,876
hCoV-19/England/PHEC-YYFJ6PT/2022,856,876
hCoV-19/England/PHEC-YYFJ6KZ/2022,856,876
hCoV-19/England/PHEC-YYFJ61G/2022,856,876
hCoV-19/England/PHEC-YYF8ZQ4/2022,856,870
hCoV-19/England/PHEC-YYF8WKF/2022,856,870
hCoV-19/England/PHEC-YYF8WJ8/2022,856,870
hCoV-19/England/PHEC-YYF8WCB/2022,856,870
hCoV-19/England/PHEC-YYF8UPY/2022,856,870
hCoV-19/England/PHEC-YYF8UEK/2022,856,870
hCoV-19/England/PHEC-YYF8UBA/2022,856,870
hCoV-19/England/PHEC-YYF8TO5/2022,856,870
hCoV-19/England/PHEC-YYF8T69/2022,856,870
hCoV-19/England/PHEC-YYF8QB7/2022,856,869
hCoV-19/England/PHEC-YYF8QAQ/2022,856,869
hCoV-19/England/PHEC-YYF8Q8T/2022,856,869
hCoV-19/England/PHEC-YYF8Q4K/2022,856,869
hCoV-19/England/PHEC-YYF8M9D/2022,856,869
hCoV-19/England/PHEC-YYF8KW4/2022,856,869
hCoV-19/England/PHEC-YYF8KGZ/2022,856,869
hCoV-19/England/PHEC-YYF8KA1/2022,856,869
hCoV-19/England/PHEC-YYF8K5C/2022,856,869
hCoV-19/England/PHEC-YYF8HYT/2022,856,876
hCoV-19/England/PHEC-YYF8HRJ/2022,856,876
hCoV-19/England/PHEC-YYF8D6P/2022,856,867
hCoV-19/England/PHEC-YYF8D4I/2022,856,867
hCoV-19/England/PHEC-YYF8CXD/2022,856,869
hCoV-19/England/PHEC-YYF8CR3/2022,856,869
hCoV-19/England/PHEC-YYF8CKP/2022,856,869
hCoV-19/England/PHEC-YYF8CJX/2022,856,869
hCoV-19/England/PHEC-YYF84O1/2022,856,876
hCoV-19/England/PHEC-YYF84NX/2022,856,876
hCoV-19/England/PHEC-YYF84C5/2022,856,876
hCoV-19/England/PHEC-YYF846S/2022,856,876
hCoV-19/England/PHEC-YYF81FT/2022,856,870
hCoV-19/England/LSPA-3E0575A/2022,856,871
hCoV-19/England/LSPA-3E045CA/2022,856,864
hCoV-19/England/PHEC-YYFKYG5/2022,857,876
hCoV-19/England/PHEC-YYFKND9/2022,857,876
hCoV-19/England/PHEC-YYFKJUZ/2022,857,876
hCoV-19/England/PHEC-YYFKJST/2022,857,876
hCoV-19/England/PHEC-YYFKJIU/2022,857,876
hCoV-19/England/PHEC-YYFKBTD/2022,857,876
hCoV-19/England/PHEC-YYFKBQK/2022,857,876
hCoV-19/England/PHEC-YYFKBCQ/2022,857,876
hCoV-19/England/PHEC-YYFK5UF/2022,857,880
hCoV-19/England/PHEC-YYFK5MS/2022,857,880
hCoV-19/England/PHEC-YYFK57T/2022,857,880
hCoV-19/England/PHEC-YYFJR1Y/2022,857,875
hCoV-19/England/PHEC-YYFJQX7/2022,857,875
hCoV-19/England/PHEC-YYFJKWS/2022,857,875
hCoV-19/England/PHEC-YYFJEIS/2022,857,875
hCoV-19/England/PHEC-YYFJEHE/2022,857,875
hCoV-19/England/PHEC-YYFJE5K/2022,857,875
hCoV-19/England/PHEC-YYFJ7HU/2022,857,876
hCoV-19/England/PHEC-YYFJ6QX/2022,857,876
hCoV-19/England/PHEC-YYFJ6MI/2022,857,876
hCoV-19/England/PHEC-YYFJ6J3/2022,857,876
hCoV-19/England/PHEC-YYF8ZEG/2022,857,870
hCoV-19/England/PHEC-YYF8WNI/2022,857,870
hCoV-19/England/PHEC-YYF8WDU/2022,857,870
hCoV-19/England/PHEC-YYF8WBZ/2022,857,870
hCoV-19/England/PHEC-YYF8U5D/2022,857,870
hCoV-19/England/PHEC-YYF8TUI/2022,857,870
hCoV-19/England/PHEC-YYF8T97/2022,857,870
hCoV-19/England/PHEC-YYF8T7B/2022,857,870
hCoV-19/England/PHEC-YYF8KEU/2022,857,869
hCoV-19/England/PHEC-YYF8HBX/2022,857,876
hCoV-19/England/PHEC-YYF89SB/2022,857,876
hCoV-19/England/PHEC-YYF89NK/2022,857,876
hCoV-19/England/PHEC-YYF84ZR/2022,857,876
hCoV-19/England/PHEC-YYF84IE/2022,857,876
hCoV-19/England/PHEC-YYF81ZC/2022,857,870
hCoV-19/England/PHEC-YYF81EM/2022,857,870
hCoV-19/England/PHEC-YYF81B3/2022,857,870
hCoV-19/England/PHEC-YYF81AK/2022,857,870
hCoV-19/England/PHEC-YYF815R/2022,857,870
hCoV-19/England/PHEC-YYF814G/2022,857,870
hCoV-19/England/PHEC-YYF813E/2022,857,870
