hCoV-19/Wales/PHWC-PGW98K/2021,725,747
hCoV-19/Wales/PHWC-PGW6WO/2021,725,747
hCoV-19/Wales/PHWC-PGW4X9/2021,725,747
hCoV-19/Wales/PHWC-PGW4QB/2021,725,747
hCoV-19/Wales/PHWC-PG9XAB/2021,725,754
hCoV-19/Wales/PHWC-PG9QRM/2021,725,754
hCoV-19/Wales/PHWC-PG9QIE/2021,725,754
hCoV-19/Wales/PHWC-PG9Q5H/2021,725,754
hCoV-19/Wales/PHWC-PG9Q1Q/2021,725,754
hCoV-19/Wales/PHWC-PG9CC7/2021,725,754
hCoV-19/Wales/PHWC-PG3X4J/2021,725,750
hCoV-19/Wales/PHWC-PG3QZO/2021,725,750
hCoV-19/Wales/PHWC-PG3Q14/2021,725,750
hCoV-19/Wales/PHWC-P8YKT1/2021,725,754
hCoV-19/Wales/PHWC-P8EJCQ/2021,725,758
hCoV-19/Wales/PHWC-P8EJ6J/2021,725,758
hCoV-19/Wales/PHWC-P88I7B/2021,725,758
hCoV-19/Wales/PHWC-P88E4W/2021,725,758
hCoV-19/Wales/MILK-30DCD2B/2021,725,741
hCoV-19/Wales/MILK-30DCA06/2021,725,741
hCoV-19/Wales/MILK-301AA75/2021,725,737
hCoV-19/Wales/ALDP-300E643/2021,725,737
hCoV-19/Scotland/QEUH-308053D/2021,725,737
hCoV-19/Scotland/QEUH-303061B/2021,725,737
hCoV-19/Scotland/QEUH-300D565/2021,725,737
hCoV-19/Scotland/QEUH-300D3D4/2021,725,737
hCoV-19/Scotland/QEUH-300B94D/2021,725,737
hCoV-19/Scotland/QEUH-300033B/2021,725,737
hCoV-19/Scotland/QEUH-3000007/2021,725,737
hCoV-19/Scotland/QEUH-2FFF922/2021,725,737
hCoV-19/Scotland/QEUH-2FFBC78/2021,725,737
hCoV-19/Scotland/QEUH-2FFBC69/2021,725,737
hCoV-19/Scotland/QEUH-2FFBB3F/2021,725,737
hCoV-19/Scotland/QEUH-2FFBAE7/2021,725,737
hCoV-19/Scotland/QEUH-2FFB935/2021,725,737
hCoV-19/Scotland/QEUH-2FF8938/2021,725,737
hCoV-19/Scotland/QEUH-2FF8929/2021,725,737
hCoV-19/Scotland/QEUH-2FF8886/2021,725,737
hCoV-19/Scotland/QEUH-2FF883B/2021,725,737
hCoV-19/Scotland/QEUH-2FF881D/2021,725,737
hCoV-19/Scotland/QEUH-2FF87B6/2021,725,737
hCoV-19/Scotland/QEUH-2FF86E6/2021,725,737
hCoV-19/Scotland/QEUH-2FF84A0/2021,725,737
hCoV-19/Scotland/QEUH-2FF83A3/2021,725,737
hCoV-19/Scotland/QEUH-2FF70BC/2021,725,737
hCoV-19/Scotland/QEUH-2FF6FCF/2021,725,737
hCoV-19/Scotland/QEUH-2FF6E4A/2021,725,737
hCoV-19/Scotland/QEUH-2FF6DE3/2021,725,737
hCoV-19/Scotland/QEUH-2FF6D98/2021,725,737
hCoV-19/Scotland/QEUH-2FF6C9B/2021,725,737
hCoV-19/Scotland/QEUH-2FF35A2/2021,725,737
hCoV-19/Scotland/QEUH-2FF3241/2021,725,737
hCoV-19/Scotland/QEUH-2FF1823/2021,725,737
hCoV-19/Scotland/QEUH-2FED2E0/2021,725,731
hCoV-19/Scotland/QEUH-2FED1E3/2021,725,731
hCoV-19/Scotland/QEUH-2FECF08/2021,725,731
hCoV-19/Scotland/QEUH-2FECDFF/2021,725,731
hCoV-19/Scotland/QEUH-2FECDC2/2021,725,731
hCoV-19/Scotland/EDB34691/2021,725,754
hCoV-19/England/QEUH-300D83F/2021,725,733
hCoV-19/England/QEUH-300BAD1/2021,725,733
hCoV-19/England/QEUH-300BA77/2021,725,733
hCoV-19/England/QEUH-300BA3B/2021,725,733
hCoV-19/England/QEUH-300B7BC/2021,725,733
hCoV-19/England/QEUH-30004CF/2021,725,731
hCoV-19/England/QEUH-300022F/2021,725,731
hCoV-19/England/QEUH-30001F5/2021,725,731
hCoV-19/England/QEUH-30000AD/2021,725,731
hCoV-19/England/QEUH-3000070/2021,725,731
hCoV-19/England/QEUH-2FFFEC9/2021,725,731
hCoV-19/England/QEUH-2FFFDAE/2021,725,731
hCoV-19/England/QEUH-2FFFD9F/2021,725,731
hCoV-19/England/QEUH-2FFFD35/2021,725,731
hCoV-19/England/QEUH-2FFFB86/2021,725,731
hCoV-19/England/QEUH-2FFF9F5/2021,725,731
hCoV-19/England/QEUH-2FF6E95/2021,725,731
hCoV-19/England/QEUH-2FF6D7A/2021,725,731
hCoV-19/England/PLYM-3029A82/2021,725,734
hCoV-19/England/PLYM-3026B73/2021,725,734
hCoV-19/England/PLYM-3026AFE/2021,725,734
hCoV-19/England/PLYM-3026A3A/2021,725,734
hCoV-19/England/PLYM-3026821/2021,725,734
hCoV-19/England/PLYM-2FFDB6A/2021,725,731
hCoV-19/England/PLYM-2FFDAE5/2021,725,731
hCoV-19/England/PLYM-2FFDA5E/2021,725,731
hCoV-19/England/PLYM-2FFD72A/2021,725,731
hCoV-19/England/PHEP-YYDROBD/2021,725,744
hCoV-19/England/PHEP-YYDGS66/2021,725,746
hCoV-19/England/PHEC-YYNIQAW/2021,725,789
hCoV-19/England/PHEC-YYNIQ4O/2021,725,789
hCoV-19/England/PHEC-YYNCWTX/2021,725,778
hCoV-19/England/PHEC-YYN4A7S/2021,725,793
hCoV-19/England/PHEC-YYBSUPF/2021,725,738
hCoV-19/England/PHEC-YYBSU9Y/2021,725,738
hCoV-19/England/PHEC-YYBANWD/2021,725,740
hCoV-19/England/PHEC-YYBAN33/2021,725,740
hCoV-19/England/PHEC-YYBADTE/2021,725,740
hCoV-19/England/PHEC-YYB4YNG/2021,725,749
hCoV-19/England/PHEC-YYB4YDR/2021,725,749
hCoV-19/England/PHEC-YYB4Y1F/2021,725,749
hCoV-19/England/PHEC-YYB3CYY/2021,725,746
hCoV-19/England/PHEC-YYB31NS/2021,725,746
hCoV-19/England/PHEC-YYB31BA/2021,725,746
hCoV-19/England/PHEC-YYB3167/2021,725,746
hCoV-19/England/PHEC-4G084ZDC/2021,725,745
hCoV-19/England/NORW-3162951/2021,725,774
hCoV-19/England/NORW-3134A88/2021,725,761
hCoV-19/England/NORW-3134736/2021,725,761
hCoV-19/England/NORW-3131591/2021,725,761
hCoV-19/England/NORW-312F0B6/2021,725,761
hCoV-19/England/NORW-312D627/2021,725,761
hCoV-19/England/NORW-310FADA/2021,725,747
hCoV-19/England/NORW-310F9E9/2021,725,747
hCoV-19/England/NORW-310757D/2021,725,747
hCoV-19/England/NORT-YBKXWU/2021,725,748
hCoV-19/England/NORT-YBKX7B/2021,725,748
hCoV-19/England/NORT-YBKX69/2021,725,748
hCoV-19/England/NORT-YBKX1Z/2021,725,748
hCoV-19/England/NORT-YBKT95/2021,725,748
hCoV-19/England/NORT-YBKRBF/2021,725,748
hCoV-19/England/NORT-YBKR1N/2021,725,748
hCoV-19/England/NORT-YBKQT4/2021,725,748
hCoV-19/England/NORT-YBKPHF/2021,725,748
hCoV-19/England/NORT-YBKP8O/2021,725,748
hCoV-19/England/NORT-YBKKQF/2021,725,748
hCoV-19/England/NORT-YBKJW3/2021,725,748
hCoV-19/England/NORT-YBKJHJ/2021,725,748
hCoV-19/England/NORT-YBKGOR/2021,725,748
hCoV-19/England/NORT-YBKGAW/2021,725,748
hCoV-19/England/NORT-YBKEQ8/2021,725,748
hCoV-19/England/NORT-YBKCXB/2021,725,748
hCoV-19/England/NORT-YBKCB7/2021,725,748
hCoV-19/England/NORT-YBK8QE/2021,725,748
hCoV-19/England/NORT-YBK1Y3/2021,725,748
hCoV-19/England/NEWC-30211FE/2021,725,734
hCoV-19/England/NEWC-3020E9E/2021,725,734
hCoV-19/England/MILK-30DBF9F/2021,725,739
hCoV-19/England/MILK-3059F99/2021,725,737
hCoV-19/England/MILK-3039CC5/2021,725,734
hCoV-19/England/MILK-30398EF/2021,725,734
hCoV-19/England/MILK-3027DE5/2021,725,733
hCoV-19/England/MILK-3027B54/2021,725,733
hCoV-19/England/MILK-3027AB1/2021,725,733
hCoV-19/England/MILK-3027987/2021,725,733
hCoV-19/England/MILK-3025AC2/2021,725,733
hCoV-19/England/MILK-30236DF/2021,725,733
hCoV-19/England/MILK-301CE59/2021,725,735
hCoV-19/England/MILK-301CDB6/2021,725,735
hCoV-19/England/MILK-301BE5A/2021,725,735
hCoV-19/England/MILK-301BE4B/2021,725,735
hCoV-19/England/MILK-301BBBD/2021,725,733
hCoV-19/England/MILK-301B84D/2021,725,733
hCoV-19/England/MILK-301B151/2021,725,733
hCoV-19/England/MILK-301AC33/2021,725,733
hCoV-19/England/MILK-3017B57/2021,725,733
hCoV-19/England/MILK-3016AF1/2021,725,733
hCoV-19/England/MILK-30124AC/2021,725,734
hCoV-19/England/MILK-30120F3/2021,725,734
hCoV-19/England/MILK-300F9C1/2021,725,733
hCoV-19/England/MILK-300F91C/2021,725,733
hCoV-19/England/MILK-300DD6D/2021,725,733
hCoV-19/England/MILK-300DB45/2021,725,733
hCoV-19/England/MILK-300DA84/2021,725,733
hCoV-19/England/MILK-300C618/2021,725,731
hCoV-19/England/MILK-300C34E/2021,725,731
hCoV-19/England/MILK-300C0CF/2021,725,734
hCoV-19/England/MILK-300BFB4/2021,725,734
hCoV-19/England/MILK-300BDBA/2021,725,734
hCoV-19/England/MILK-300BC71/2021,725,734
hCoV-19/England/MILK-300A8AB/2021,725,731
hCoV-19/England/MILK-300A7AE/2021,725,731
hCoV-19/England/MILK-300A708/2021,725,731
hCoV-19/England/MILK-300A61A/2021,725,731
hCoV-19/England/MILK-300A4B6/2021,725,731
hCoV-19/England/MILK-300A4A7/2021,725,731
hCoV-19/England/MILK-300A37D/2021,725,731
hCoV-19/England/MILK-3004276/2021,725,731
hCoV-19/England/MILK-30041F1/2021,725,731
hCoV-19/England/MILK-3001A62/2021,725,731
hCoV-19/England/MILK-2FFD48D/2021,725,731
hCoV-19/England/MILK-2FFD14A/2021,725,731
hCoV-19/England/MILK-2FFD13B/2021,725,731
hCoV-19/England/MILK-2FFC2C0/2021,725,731
hCoV-19/England/MILK-2FFC266/2021,725,731
hCoV-19/England/MILK-2FFBFE8/2021,725,731
hCoV-19/England/MILK-2FFBF42/2021,725,731
hCoV-19/England/MILK-2FFA0B9/2021,725,731
hCoV-19/England/MILK-2FF9F17/2021,725,731
hCoV-19/England/MILK-2FF9E92/2021,725,731
hCoV-19/England/MILK-2FF9DD1/2021,725,731
hCoV-19/England/MILK-2FF9D3B/2021,725,731
hCoV-19/England/MILK-2FF9CE3/2021,725,731
hCoV-19/England/MILK-2FF9CA7/2021,725,731
hCoV-19/England/MILK-2FF9B8C/2021,725,731
hCoV-19/England/MILK-2FF77A8/2021,725,731
hCoV-19/England/MILK-2FF7526/2021,725,731
hCoV-19/England/MILK-2FF7429/2021,725,731
hCoV-19/England/MILK-2FF5DF3/2021,725,737
hCoV-19/England/MILK-2FF543A/2021,725,731
hCoV-19/England/MILK-2FF540D/2021,725,731
hCoV-19/England/MILK-2FF534C/2021,725,731
hCoV-19/England/MILK-2FF50EB/2021,725,731
hCoV-19/England/MILK-2FF0208/2021,725,737
hCoV-19/England/MILK-2FEFE08/2021,725,737
hCoV-19/England/MILK-2FEE1A6/2021,725,731
hCoV-19/England/MILK-2FEDF61/2021,725,731
hCoV-19/England/MILK-2FEBC11/2021,725,731
hCoV-19/England/MILK-2FEBBD8/2021,725,731
hCoV-19/England/MILK-2FE968E/2021,725,737
hCoV-19/England/MILK-2FE9624/2021,725,737
hCoV-19/England/MILK-2FE9509/2021,725,737
hCoV-19/England/MILK-2FE923F/2021,725,737
hCoV-19/England/MILK-2FE7310/2021,725,737
hCoV-19/England/MILK-2FE7222/2021,725,737
hCoV-19/England/MILK-2FE7125/2021,725,737
hCoV-19/England/MILK-2FE7064/2021,725,737
hCoV-19/England/MILK-2FE6A49/2021,725,737
hCoV-19/England/LSPA-30F6CF1/2021,725,740
hCoV-19/England/LSPA-30D0941/2021,725,740
hCoV-19/England/LSPA-30D08F9/2021,725,740
hCoV-19/England/LSPA-306EB24/2021,725,737
hCoV-19/England/LSPA-306ADF5/2021,725,737
hCoV-19/England/LSPA-306A3E4/2021,725,737
hCoV-19/England/LSPA-306A2E7/2021,725,737
hCoV-19/England/LSPA-306A2AB/2021,725,737
hCoV-19/England/LSPA-306A223/2021,725,737
hCoV-19/England/LSPA-306A083/2021,725,737
hCoV-19/England/LSPA-3069FB4/2021,725,737
hCoV-19/England/LSPA-30697DA/2021,725,737
hCoV-19/England/LSPA-30664C7/2021,725,737
hCoV-19/England/LSPA-306638E/2021,725,737
hCoV-19/England/LSPA-3066157/2021,725,737
hCoV-19/England/LSPA-3062892/2021,725,737
hCoV-19/England/LSPA-3061CB5/2021,725,737
hCoV-19/England/LSPA-3061990/2021,725,737
hCoV-19/England/LSPA-3061918/2021,725,737
hCoV-19/England/LSPA-305CE11/2021,725,737
hCoV-19/England/LSPA-3058835/2021,725,737
hCoV-19/England/LSPA-3016DDA/2021,725,733
hCoV-19/England/HSLL-2FFECC0/2021,725,731
hCoV-19/England/DHSC-CYYWCWS/2021,725,786
hCoV-19/England/DHSC-CYYTPW5/2021,725,831
hCoV-19/England/DHSC-CYYQH7B/2021,725,789
hCoV-19/England/DHSC-CYYOWN5/2021,725,789
hCoV-19/England/DHSC-CYYNZCB/2021,725,789
hCoV-19/England/DHSC-CYYJRIU/2021,725,831
hCoV-19/England/DHSC-CYYJGB4/2021,725,789
hCoV-19/England/DHSC-CYYIMST/2021,725,786
hCoV-19/England/DHSC-CYYI7P1/2021,725,831
hCoV-19/England/DHSC-CYYHPDE/2021,725,789
hCoV-19/England/DHSC-CYYFUZE/2021,725,789
hCoV-19/England/DHSC-CYYF3BX/2021,725,786
hCoV-19/England/DHSC-CYYEWM4/2021,725,831
hCoV-19/England/DHSC-CYYB4QH/2021,725,789
hCoV-19/England/DHSC-CYY9T5P/2021,725,789
hCoV-19/England/DHSC-CYY8JQB/2021,725,786
hCoV-19/England/DHSC-CYY48OZ/2021,725,786
hCoV-19/England/DHSC-CYNTYOQ/2021,725,789
hCoV-19/England/DHSC-CYNRZDP/2021,725,789
hCoV-19/England/DHSC-CYNRMFI/2021,725,831
hCoV-19/England/DHSC-CYNQA13/2021,725,831
hCoV-19/England/DHSC-CYNOW96/2021,725,789
hCoV-19/England/DHSC-CYNOFXQ/2021,725,786
hCoV-19/England/DHSC-CYNO6XI/2021,725,789
hCoV-19/England/DHSC-CYNKTWR/2021,725,789
hCoV-19/England/DHSC-CYNJR69/2021,725,786
hCoV-19/England/DHSC-CYNHUCQ/2021,725,786
hCoV-19/England/DHSC-CYNHEPZ/2021,725,789
hCoV-19/England/DHSC-CYNEGRW/2021,725,831
hCoV-19/England/DHSC-CYN9HSK/2021,725,789
hCoV-19/England/DHSC-CYN8T6S/2021,725,831
hCoV-19/England/DHSC-CYN8JEM/2021,725,790
hCoV-19/England/DHSC-CYN7QAA/2021,725,831
hCoV-19/England/DHSC-CYN7DQA/2021,725,786
hCoV-19/England/DHSC-CYN6KG9/2021,725,831
hCoV-19/England/DHSC-CYN1QFI/2021,725,789
hCoV-19/England/DHSC-CYDZSNE/2021,725,786
hCoV-19/England/DHSC-CYDZ57C/2021,725,786
hCoV-19/England/DHSC-CYDTJ31/2021,725,789
hCoV-19/England/DHSC-CYDTAC6/2021,725,786
hCoV-19/England/DHSC-CYDSPH6/2021,725,789
hCoV-19/England/DHSC-CYDS1K6/2021,725,831
hCoV-19/England/DHSC-CYDR9BE/2021,725,789
hCoV-19/England/DHSC-CYDQZRS/2021,725,789
hCoV-19/England/DHSC-CYDJTGN/2021,725,789
hCoV-19/England/DHSC-CYDFTTU/2021,725,789
hCoV-19/England/DHSC-CYDEEHY/2021,725,789
hCoV-19/England/DHSC-CYD7YIM/2021,725,786
hCoV-19/England/DHSC-CYD6EHU/2021,725,789
hCoV-19/England/DHSC-CYBTXR3/2021,725,786
hCoV-19/England/DHSC-CYBTRMS/2021,725,789
hCoV-19/England/DHSC-CYBQFJY/2021,725,831
hCoV-19/England/DHSC-CYBQD57/2021,725,789
hCoV-19/England/DHSC-CYBNQET/2021,725,789
hCoV-19/England/DHSC-CYBMOMZ/2021,725,789
hCoV-19/England/DHSC-CYBM7AX/2021,725,786
hCoV-19/England/DHSC-CYBIYDN/2021,725,789
hCoV-19/England/DHSC-CYBF8W3/2021,725,786
hCoV-19/England/DHSC-CYBE4G7/2021,725,789
hCoV-19/England/DHSC-CYBDNIY/2021,725,786
hCoV-19/England/DHSC-CYBB13C/2021,725,789
hCoV-19/England/DHSC-CYB6YKN/2021,725,786
hCoV-19/England/DHSC-CYB5QXO/2021,725,831
hCoV-19/England/DHSC-CYB4NHD/2021,725,789
hCoV-19/England/DHSC-CYB4KTT/2021,725,831
hCoV-19/England/DHSC-CYB3MQ3/2021,725,831
hCoV-19/England/ALDP-306CF57/2021,725,737
hCoV-19/England/ALDP-3064450/2021,725,737
hCoV-19/England/ALDP-30319D5/2021,725,734
hCoV-19/England/ALDP-302FC0E/2021,725,734
hCoV-19/England/ALDP-302C919/2021,725,734
hCoV-19/England/ALDP-302C533/2021,725,734
hCoV-19/England/ALDP-301B4C1/2021,725,733
hCoV-19/England/ALDP-301B230/2021,725,733
hCoV-19/England/ALDP-301A44A/2021,725,733
hCoV-19/England/ALDP-301A42C/2021,725,733
hCoV-19/England/ALDP-301A33E/2021,725,733
hCoV-19/England/ALDP-301A2E6/2021,725,733
hCoV-19/England/ALDP-301A2B9/2021,725,733
hCoV-19/England/ALDP-301A213/2021,725,733
hCoV-19/England/ALDP-3018D14/2021,725,733
hCoV-19/England/ALDP-3018C62/2021,725,733
hCoV-19/England/ALDP-3018A59/2021,725,733
hCoV-19/England/ALDP-3018A3B/2021,725,733
hCoV-19/England/ALDP-30189C5/2021,725,733
hCoV-19/England/ALDP-301889B/2021,725,733
hCoV-19/England/ALDP-3017489/2021,725,735
hCoV-19/England/ALDP-3017410/2021,725,735
hCoV-19/England/ALDP-3017313/2021,725,735
hCoV-19/England/ALDP-30158DA/2021,725,735
hCoV-19/England/ALDP-30157CE/2021,725,735
hCoV-19/England/ALDP-3015667/2021,725,735
hCoV-19/England/ALDP-30154F4/2021,725,735
hCoV-19/England/ALDP-3015430/2021,725,735
hCoV-19/England/ALDP-30147A1/2021,725,735
hCoV-19/England/ALDP-30146B3/2021,725,735
hCoV-19/England/ALDP-3014695/2021,725,735
hCoV-19/England/ALDP-3014659/2021,725,735
hCoV-19/England/ALDP-301454D/2021,725,735
hCoV-19/England/ALDP-301447D/2021,725,735
hCoV-19/England/ALDP-301403D/2021,725,735
hCoV-19/England/ALDP-3013FF5/2021,725,735
hCoV-19/England/ALDP-3013FD7/2021,725,735
hCoV-19/England/ALDP-301362D/2021,725,735
hCoV-19/England/ALDP-30135B7/2021,725,735
hCoV-19/England/ALDP-301356C/2021,725,735
hCoV-19/England/ALDP-3013511/2021,725,735
hCoV-19/England/ALDP-30134F6/2021,725,735
hCoV-19/England/ALDP-30133AE/2021,725,735
hCoV-19/England/ALDP-3013317/2021,725,735
hCoV-19/England/ALDP-30131A4/2021,725,735
hCoV-19/England/ALDP-301310E/2021,725,735
hCoV-19/England/ALDP-30130A7/2021,725,735
hCoV-19/England/ALDP-3012F7E/2021,725,735
hCoV-19/England/ALDP-3012DA1/2021,725,735
hCoV-19/England/ALDP-3012D0B/2021,725,735
hCoV-19/England/ALDP-30112D0/2021,725,734
hCoV-19/England/ALDP-30112B2/2021,725,734
hCoV-19/England/ALDP-3011197/2021,725,734
hCoV-19/England/ALDP-301114C/2021,725,734
hCoV-19/England/ALDP-301108B/2021,725,734
hCoV-19/England/ALDP-3010ECE/2021,725,734
hCoV-19/England/ALDP-300E6BC/2021,725,734
hCoV-19/England/ALDP-300E5CE/2021,725,734
hCoV-19/England/ALDP-300B02A/2021,725,731
hCoV-19/England/ALDP-3009095/2021,725,731
hCoV-19/England/ALDP-300903B/2021,725,731
hCoV-19/England/ALDP-3008C83/2021,725,731
hCoV-19/England/ALDP-30066B4/2021,725,733
hCoV-19/England/ALDP-30066A5/2021,725,733
hCoV-19/England/ALDP-300664B/2021,725,733
hCoV-19/Wales/PHWC-PGZUFW/2021,726,748
hCoV-19/Wales/PHWC-PGZNOQ/2021,726,748
hCoV-19/Wales/PHWC-PGZKR9/2021,726,748
hCoV-19/Wales/PHWC-PGZJYE/2021,726,748
hCoV-19/Wales/PHWC-PGZJO8/2021,726,748
hCoV-19/Wales/PHWC-PGZJBG/2021,726,748
hCoV-19/Wales/PHWC-PGZJ6M/2021,726,748
hCoV-19/Wales/PHWC-PGZF4Z/2021,726,748
hCoV-19/Wales/PHWC-PGZDSB/2021,726,748
hCoV-19/Wales/PHWC-PGZDJH/2021,726,748
hCoV-19/Wales/PHWC-PGZBRE/2021,726,748
hCoV-19/Wales/PHWC-PGZBNC/2021,726,748
hCoV-19/Wales/PHWC-PGZB1M/2021,726,748
hCoV-19/Wales/PHWC-PGZ8E4/2021,726,748
hCoV-19/Wales/PHWC-PGSZRW/2021,726,748
hCoV-19/Wales/PHWC-PGSSZQ/2021,726,748
hCoV-19/Wales/PHWC-PGSH7H/2021,726,748
hCoV-19/Wales/PHWC-PGSAB3/2021,726,748
hCoV-19/Wales/PHWC-PGS9RC/2021,726,748
hCoV-19/Wales/PHWC-PGS9NO/2021,726,748
hCoV-19/Wales/PHWC-PGS7GK/2021,726,748
hCoV-19/Wales/PHWC-PGS79Z/2021,726,748
hCoV-19/Wales/PHWC-PGS759/2021,726,748
hCoV-19/Wales/PHWC-PGS6UQ/2021,726,748
hCoV-19/Wales/PHWC-PGS6DX/2021,726,748
hCoV-19/Wales/PHWC-PGAR9C/2021,726,749
hCoV-19/Wales/PHWC-PGAPR4/2021,726,749
hCoV-19/Wales/PHWC-PGAPOB/2021,726,749
hCoV-19/Wales/PHWC-PGAPKQ/2021,726,749
hCoV-19/Wales/PHWC-PGAOO6/2021,726,749
hCoV-19/Wales/PHWC-PGAOKM/2021,726,749
hCoV-19/Wales/PHWC-PGAM3T/2021,726,749
hCoV-19/Wales/PHWC-PGAFFY/2021,726,749
hCoV-19/Wales/PHWC-PGACHK/2021,726,750
hCoV-19/Wales/PHWC-PGACA1/2021,726,750
hCoV-19/Wales/PHWC-PGA97I/2021,726,750
hCoV-19/Wales/PHWC-PGA8F6/2021,726,749
hCoV-19/Wales/PHWC-PGA7XW/2021,726,749
hCoV-19/Wales/PHWC-PG9UK4/2021,726,754
hCoV-19/Wales/PHWC-PG9T1M/2021,726,754
hCoV-19/Wales/PHWC-PG9ORJ/2021,726,754
hCoV-19/Wales/PHWC-PG9OEB/2021,726,754
hCoV-19/Wales/PHWC-PG9O54/2021,726,754
hCoV-19/Wales/PHWC-PG9C6A/2021,726,754
hCoV-19/Wales/PHWC-PG91DJ/2021,726,754
hCoV-19/Wales/PHWC-PG3OCF/2021,726,750
hCoV-19/Wales/PHWC-PG314G/2021,726,750
hCoV-19/Wales/PHWC-P8EYM3/2021,726,758
hCoV-19/Wales/PHWC-P88R9Q/2021,726,758
hCoV-19/Wales/PHWC-P88IDS/2021,726,758
hCoV-19/Wales/NORT-YBJSKD/2021,726,748
hCoV-19/Wales/MILK-30E0CAF/2021,726,741
hCoV-19/Wales/MILK-30E0C54/2021,726,741
hCoV-19/Wales/MILK-30DCAE8/2021,726,741
hCoV-19/Wales/MILK-301E08E/2021,726,736
hCoV-19/Wales/MILK-301ABBE/2021,726,737
hCoV-19/Wales/MILK-3017B2A/2021,726,737
hCoV-19/Wales/MILK-3011935/2021,726,737
hCoV-19/Wales/MILK-300FFB0/2021,726,737
hCoV-19/Wales/MILK-300747D/2021,726,737
hCoV-19/Wales/MILK-30042C1/2021,726,737
hCoV-19/Wales/MILK-3001ABD/2021,726,737
hCoV-19/Scotland/SCOT-5362/2021,726,785
hCoV-19/Scotland/SCOT-2733/2021,726,752
hCoV-19/Scotland/SCOT-2722/2021,726,752
hCoV-19/Scotland/QEUH-30AC8E7/2021,726,738
hCoV-19/Scotland/QEUH-3061FDA/2021,726,737
hCoV-19/Scotland/QEUH-305E0FB/2021,726,737
hCoV-19/Scotland/QEUH-304CE6F/2021,726,737
hCoV-19/Scotland/QEUH-303C460/2021,726,737
hCoV-19/Scotland/QEUH-303BA41/2021,726,737
hCoV-19/Scotland/QEUH-303B944/2021,726,737
hCoV-19/Scotland/QEUH-303B865/2021,726,737
hCoV-19/Scotland/QEUH-303B847/2021,726,737
hCoV-19/Scotland/QEUH-303B786/2021,726,737
hCoV-19/Scotland/QEUH-303B6D4/2021,726,737
hCoV-19/Scotland/QEUH-303B689/2021,726,737
hCoV-19/Scotland/QEUH-303B63E/2021,726,737
hCoV-19/Scotland/QEUH-3038965/2021,726,736
hCoV-19/Scotland/QEUH-30386C8/2021,726,736
hCoV-19/Scotland/QEUH-3030772/2021,726,737
hCoV-19/Scotland/QEUH-302727D/2021,726,737
hCoV-19/Scotland/NORT-YBKNE3/2021,726,749
hCoV-19/Scotland/NEWC-3054BC7/2021,726,737
hCoV-19/Scotland/NEWC-3021307/2021,726,737
hCoV-19/Scotland/NEWC-30212CE/2021,726,737
hCoV-19/Scotland/NEWC-3021291/2021,726,737
hCoV-19/Scotland/NEWC-3021282/2021,726,737
hCoV-19/Scotland/NEWC-30210F1/2021,726,737
hCoV-19/Scotland/NEWC-3020FD7/2021,726,737
hCoV-19/Scotland/NEWC-3020EE9/2021,726,737
hCoV-19/Scotland/EDB34716/2021,726,754
hCoV-19/Scotland/DHSC-CYYHB5D/2021,726,831
hCoV-19/Scotland/DHSC-CYYESJH/2021,726,831
hCoV-19/Scotland/DHSC-CYY1N6O/2021,726,831
hCoV-19/Scotland/DHSC-CYY1BJH/2021,726,831
hCoV-19/Scotland/DHSC-CYNWC7N/2021,726,831
hCoV-19/Scotland/DHSC-CYNO3YA/2021,726,831
hCoV-19/Scotland/DHSC-CYN1NTE/2021,726,831
hCoV-19/Scotland/DHSC-CYB1PSW/2021,726,831
hCoV-19/Scotland/CVR14808/2021,726,826
hCoV-19/England/QEUH-30ACAA5/2021,726,738
hCoV-19/England/QEUH-30A9E15/2021,726,738
hCoV-19/England/QEUH-30A077D/2021,726,738
hCoV-19/England/QEUH-3088113/2021,726,737
hCoV-19/England/QEUH-3087DC5/2021,726,737
hCoV-19/England/QEUH-306FB32/2021,726,737
hCoV-19/England/QEUH-306EE85/2021,726,737
hCoV-19/England/QEUH-305DCBC/2021,726,737
hCoV-19/England/QEUH-3038B41/2021,726,737
hCoV-19/England/QEUH-30387A7/2021,726,737
hCoV-19/England/QEUH-303873E/2021,726,737
hCoV-19/England/QEUH-3030736/2021,726,733
hCoV-19/England/QEUH-302500C/2021,726,733
hCoV-19/England/PLYM-302975E/2021,726,734
hCoV-19/England/PLYM-3026BBF/2021,726,734
hCoV-19/England/PLYM-3026B28/2021,726,734
hCoV-19/England/PLYM-30268B8/2021,726,734
hCoV-19/England/PLYM-3024313/2021,726,733
hCoV-19/England/PLYM-30241FB/2021,726,733
hCoV-19/England/PLYM-3024119/2021,726,733
hCoV-19/England/PLYM-30240B2/2021,726,733
hCoV-19/England/PLYM-3024058/2021,726,733
hCoV-19/England/PLYM-3023F3E/2021,726,733
hCoV-19/England/PLYM-3023ED7/2021,726,733
hCoV-19/England/PLYM-3023E04/2021,726,733
hCoV-19/England/PHWC-PGZZ4F/2021,726,748
hCoV-19/England/PHWC-PGZJNR/2021,726,748
hCoV-19/England/PHWC-PGZFCW/2021,726,748
hCoV-19/England/PHWC-PGAH46/2021,726,749
hCoV-19/England/PHEP-YYDRX7M/2021,726,744
hCoV-19/England/PHEP-YYDRCJZ/2021,726,744
hCoV-19/England/PHEP-YYDR1N9/2021,726,744
hCoV-19/England/PHEC-YYBZWYH/2021,726,739
hCoV-19/England/PHEC-YYBZ1KK/2021,726,739
hCoV-19/England/PHEC-YYBAEOF/2021,726,740
hCoV-19/England/PHEC-YYBADS6/2021,726,740
hCoV-19/England/PHEC-YYB4YFY/2021,726,749
hCoV-19/England/PHEC-YYB4YE4/2021,726,749
hCoV-19/England/PHEC-YYB4YBE/2021,726,749
hCoV-19/England/PHEC-YYB487E/2021,726,747
hCoV-19/England/PHEC-YYB3M8U/2021,726,746
hCoV-19/England/PHEC-YYB3JA1/2021,726,746
hCoV-19/England/PHEC-YYB31UU/2021,726,746
hCoV-19/England/PHEC-YYB31TZ/2021,726,746
hCoV-19/England/PHEC-YYB31CN/2021,726,746
hCoV-19/England/PHEC-5N0ACZ1E/2021,726,771
hCoV-19/England/PHEC-5M0A8Z47/2021,726,770
hCoV-19/England/PHEC-4T039Z3C/2021,726,777
hCoV-19/England/PHEC-4T038ZE4/2021,726,777
hCoV-19/England/PHEC-4T038Z8A/2021,726,777
hCoV-19/England/PHEC-4T035Z65/2021,726,777
hCoV-19/England/PHEC-4T035Z38/2021,726,777
hCoV-19/England/PHEC-4T035Z0B/2021,726,777
hCoV-19/England/PHEC-4T034Z95/2021,726,777
hCoV-19/England/PHEC-4R044ZA3/2021,726,758
hCoV-19/England/PHEC-4Q06BZ8E/2021,726,757
hCoV-19/England/PHEC-4Q06BZ7F/2021,726,757
hCoV-19/England/PHEC-4Q069Z48/2021,726,757
hCoV-19/England/PHEC-4Q068ZC3/2021,726,757
hCoV-19/England/PHEC-4Q067ZF3/2021,726,757
hCoV-19/England/PHEC-4Q067Z6C/2021,726,757
hCoV-19/England/PHEC-4Q055Z90/2021,726,757
hCoV-19/England/PHEC-4Q053ZC3/2021,726,757
hCoV-19/England/PHEC-4Q052ZD5/2021,726,757
hCoV-19/England/NORW-3134059/2021,726,753
hCoV-19/England/NORW-3130A57/2021,726,753
hCoV-19/England/NORW-313025F/2021,726,753
hCoV-19/England/NORW-312C8C2/2021,726,753
hCoV-19/England/NORW-3129CB6/2021,726,761
hCoV-19/England/NORW-31254FF/2021,726,753
hCoV-19/England/NORT-YBUIXF/2021,726,758
hCoV-19/England/NORT-YBKWP7/2021,726,748
hCoV-19/England/NORT-YBKWIC/2021,726,748
hCoV-19/England/NORT-YBKW64/2021,726,748
hCoV-19/England/NORT-YBKUWX/2021,726,748
hCoV-19/England/NORT-YBKS1O/2021,726,748
hCoV-19/England/NEWC-30791F7/2021,726,737
hCoV-19/England/NEWC-307918E/2021,726,737
hCoV-19/England/NEWC-30212FB/2021,726,734
hCoV-19/England/NEWC-30212DD/2021,726,734
hCoV-19/England/NEWC-30212BF/2021,726,734
hCoV-19/England/NEWC-3021246/2021,726,734
hCoV-19/England/NEWC-3021219/2021,726,734
hCoV-19/England/NEWC-3021176/2021,726,734
hCoV-19/England/NEWC-3021158/2021,726,734
hCoV-19/England/NEWC-30210D3/2021,726,734
hCoV-19/England/NEWC-302102E/2021,726,734
hCoV-19/England/NEWC-3020FE6/2021,726,734
hCoV-19/England/NEWC-3020FC8/2021,726,734
hCoV-19/England/NEWC-3020FB9/2021,726,734
hCoV-19/England/NEWC-3020F9B/2021,726,734
hCoV-19/England/NEWC-3020F22/2021,726,734
hCoV-19/England/NEWC-3020EDA/2021,726,734
hCoV-19/England/NEWC-3004B4E/2021,726,733
hCoV-19/England/NEWC-3004B3F/2021,726,733
hCoV-19/England/NEWC-3004A41/2021,726,733
hCoV-19/England/NEWC-3004A05/2021,726,733
hCoV-19/England/NEWC-30049DB/2021,726,733
hCoV-19/England/NEWC-30049CC/2021,726,733
hCoV-19/England/NEWC-3004926/2021,726,733
hCoV-19/England/NEWC-30048FC/2021,726,733
hCoV-19/England/NEWC-3004847/2021,726,733
hCoV-19/England/NEWC-3004829/2021,726,733
hCoV-19/England/NEWC-300481A/2021,726,733
hCoV-19/England/NEWC-30047E0/2021,726,733
hCoV-19/England/NEWC-30047A4/2021,726,733
hCoV-19/England/NEWC-300471D/2021,726,733
hCoV-19/England/NEWC-30046F2/2021,726,733
hCoV-19/England/NEWC-30046E3/2021,726,733
hCoV-19/England/NEWC-300467A/2021,726,733
hCoV-19/England/MILK-30DBD86/2021,726,739
hCoV-19/England/MILK-307DF53/2021,726,737
hCoV-19/England/MILK-306BC9D/2021,726,737
hCoV-19/England/MILK-3063B4D/2021,726,737
hCoV-19/England/MILK-305CC08/2021,726,737
hCoV-19/England/MILK-305B683/2021,726,737
hCoV-19/England/MILK-305A314/2021,726,737
hCoV-19/England/MILK-305A2EA/2021,726,737
hCoV-19/England/MILK-30556E3/2021,726,737
hCoV-19/England/MILK-3051AFA/2021,726,735
hCoV-19/England/MILK-30518A5/2021,726,735
hCoV-19/England/MILK-304F066/2021,726,735
hCoV-19/England/MILK-3047EDD/2021,726,737
hCoV-19/England/MILK-30455AD/2021,726,735
hCoV-19/England/MILK-303C7C1/2021,726,737
hCoV-19/England/MILK-3035634/2021,726,737
hCoV-19/England/MILK-3035625/2021,726,737
hCoV-19/England/MILK-3035591/2021,726,737
hCoV-19/England/MILK-30354A3/2021,726,737
hCoV-19/England/MILK-30351BB/2021,726,737
hCoV-19/England/MILK-3030271/2021,726,734
hCoV-19/England/MILK-302DEEC/2021,726,734
hCoV-19/England/MILK-302C3C0/2021,726,734
hCoV-19/England/MILK-30258F5/2021,726,733
hCoV-19/England/MILK-301EC11/2021,726,735
hCoV-19/England/MILK-301E9DE/2021,726,735
hCoV-19/England/MILK-301E77A/2021,726,735
hCoV-19/England/MILK-301E701/2021,726,735
hCoV-19/England/MILK-301E31C/2021,726,735
hCoV-19/England/MILK-301E279/2021,726,735
hCoV-19/England/MILK-301E15E/2021,726,735
hCoV-19/England/MILK-301DF73/2021,726,735
hCoV-19/England/MILK-301DF46/2021,726,735
hCoV-19/England/MILK-301DF28/2021,726,735
hCoV-19/England/MILK-301DC12/2021,726,735
hCoV-19/England/MILK-301D76C/2021,726,735
hCoV-19/England/MILK-301D75D/2021,726,735
hCoV-19/England/MILK-301D4DE/2021,726,735
hCoV-19/England/MILK-301D456/2021,726,735
hCoV-19/England/MILK-301D33B/2021,726,735
hCoV-19/England/MILK-301D007/2021,726,735
hCoV-19/England/MILK-301C90D/2021,726,735
hCoV-19/England/MILK-301C6D9/2021,726,735
hCoV-19/England/MILK-301A7D8/2021,726,733
hCoV-19/England/MILK-301984F/2021,726,733
hCoV-19/England/MILK-301978E/2021,726,733
hCoV-19/England/MILK-3019715/2021,726,733
hCoV-19/England/MILK-3019487/2021,726,733
hCoV-19/England/MILK-30182AC/2021,726,733
hCoV-19/England/MILK-301827F/2021,726,733
hCoV-19/England/MILK-3017E03/2021,726,733
hCoV-19/England/MILK-3017CCD/2021,726,733
hCoV-19/England/MILK-3016A97/2021,726,733
hCoV-19/England/MILK-301689D/2021,726,733
hCoV-19/England/MILK-30167CD/2021,726,733
hCoV-19/England/MILK-3016790/2021,726,733
hCoV-19/England/MILK-3016675/2021,726,733
hCoV-19/England/MILK-3015CDE/2021,726,735
hCoV-19/England/MILK-3015CA1/2021,726,735
hCoV-19/England/MILK-3015A3E/2021,726,735
hCoV-19/England/MILK-301599B/2021,726,735
hCoV-19/England/MILK-3014950/2021,726,733
hCoV-19/England/MILK-30129BC/2021,726,734
hCoV-19/England/MILK-30127FE/2021,726,734
hCoV-19/England/MILK-30127A3/2021,726,734
hCoV-19/England/MILK-30126C4/2021,726,734
hCoV-19/England/MILK-3012697/2021,726,734
hCoV-19/England/MILK-301258B/2021,726,734
hCoV-19/England/MILK-301257C/2021,726,734
hCoV-19/England/MILK-3012521/2021,726,734
hCoV-19/England/MILK-30118ED/2021,726,734
hCoV-19/England/MILK-3011795/2021,726,734
hCoV-19/England/MILK-301172C/2021,726,734
hCoV-19/England/MILK-3011610/2021,726,734
hCoV-19/England/MILK-30115AA/2021,726,734
hCoV-19/England/MILK-30114BC/2021,726,734
hCoV-19/England/MILK-3011328/2021,726,734
hCoV-19/England/MILK-3010CA6/2021,726,734
hCoV-19/England/MILK-3010B9A/2021,726,734
hCoV-19/England/MILK-3010A15/2021,726,734
hCoV-19/England/MILK-3010848/2021,726,734
hCoV-19/England/MILK-3010435/2021,726,733
hCoV-19/England/MILK-3010426/2021,726,733
hCoV-19/England/MILK-30103A1/2021,726,733
hCoV-19/England/MILK-30102C2/2021,726,733
hCoV-19/England/MILK-300FF1A/2021,726,733
hCoV-19/England/MILK-300FC22/2021,726,733
hCoV-19/England/MILK-300FBBC/2021,726,733
hCoV-19/England/MILK-300F0BD/2021,726,733
hCoV-19/England/MILK-300EE4B/2021,726,735
hCoV-19/England/MILK-300EA83/2021,726,735
hCoV-19/England/MILK-300E32E/2021,726,733
hCoV-19/England/MILK-300E0AF/2021,726,733
hCoV-19/England/MILK-300E027/2021,726,733
hCoV-19/England/MILK-300DFD0/2021,726,733
hCoV-19/England/MILK-300DFC1/2021,726,733
hCoV-19/England/MILK-300DF58/2021,726,733
hCoV-19/England/MILK-300DEA6/2021,726,733
hCoV-19/England/MILK-300D1E9/2021,726,733
hCoV-19/England/MILK-300D134/2021,726,733
hCoV-19/England/MILK-300CE7A/2021,726,733
hCoV-19/England/MILK-300CDD7/2021,726,733
hCoV-19/England/MILK-300CD9B/2021,726,733
hCoV-19/England/MILK-300CCDA/2021,726,733
hCoV-19/England/MILK-300CB91/2021,726,733
hCoV-19/England/MILK-300CB55/2021,726,733
hCoV-19/England/MILK-300C8D6/2021,726,733
hCoV-19/England/MILK-300C84F/2021,726,733
hCoV-19/England/MILK-300C575/2021,726,731
hCoV-19/England/MILK-30087CE/2021,726,731
hCoV-19/England/MILK-3008694/2021,726,731
hCoV-19/England/MILK-300796F/2021,726,731
hCoV-19/England/MILK-30075C5/2021,726,731
hCoV-19/England/MILK-3005B6B/2021,726,731
hCoV-19/England/MILK-3005AC8/2021,726,731
hCoV-19/England/MILK-30058A0/2021,726,731
hCoV-19/England/MILK-3005828/2021,726,731
hCoV-19/England/MILK-3005819/2021,726,731
hCoV-19/England/MILK-30043EC/2021,726,731
hCoV-19/England/MILK-300416A/2021,726,731
hCoV-19/England/MILK-3002A16/2021,726,731
hCoV-19/England/MILK-300282B/2021,726,731
hCoV-19/England/LSPA-30F6ECE/2021,726,740
hCoV-19/England/LSPA-30F1CE7/2021,726,743
hCoV-19/England/LSPA-30F0C7F/2021,726,743
hCoV-19/England/LSPA-30D1658/2021,726,740
hCoV-19/England/LSPA-30D1315/2021,726,740
hCoV-19/England/LSPA-30D0BE1/2021,726,740
hCoV-19/England/LSPA-30D0765/2021,726,740
hCoV-19/England/LSPA-30CF07D/2021,726,739
hCoV-19/England/LSPA-30C9C15/2021,726,738
hCoV-19/England/LSPA-30C3A6C/2021,726,738
hCoV-19/England/LSPA-30B3FBB/2021,726,738
hCoV-19/England/LSPA-30B3F42/2021,726,738
hCoV-19/England/LSPA-309B3BD/2021,726,738
hCoV-19/England/LSPA-30997C2/2021,726,738
hCoV-19/England/LSPA-309424E/2021,726,738
hCoV-19/England/LSPA-306F67D/2021,726,737
hCoV-19/England/LSPA-306F525/2021,726,737
hCoV-19/England/LSPA-306F2B5/2021,726,737
hCoV-19/England/LSPA-306D949/2021,726,737
hCoV-19/England/LSPA-306D7D6/2021,726,737
hCoV-19/England/LSPA-306D78B/2021,726,737
hCoV-19/England/LSPA-306D75E/2021,726,737
hCoV-19/England/LSPA-306D69D/2021,726,737
hCoV-19/England/LSPA-306D554/2021,726,737
hCoV-19/England/LSPA-306AE01/2021,726,737
hCoV-19/England/LSPA-30695B2/2021,726,737
hCoV-19/England/LSPA-3065D63/2021,726,737
hCoV-19/England/LSPA-3063E71/2021,726,737
hCoV-19/England/LSPA-305E680/2021,726,737
hCoV-19/England/LSPA-305E50B/2021,726,737
hCoV-19/England/LSPA-305E4A4/2021,726,737
hCoV-19/England/LSPA-305E477/2021,726,737
hCoV-19/England/LSPA-305CED5/2021,726,737
hCoV-19/England/LSPA-305B252/2021,726,737
hCoV-19/England/LSPA-305B1EC/2021,726,737
hCoV-19/England/LSPA-305AEF5/2021,726,737
hCoV-19/England/LSPA-305953D/2021,726,737
hCoV-19/England/LSPA-3059245/2021,726,737
hCoV-19/England/LSPA-3049FBA/2021,726,737
hCoV-19/England/LSPA-2F9CACA/2021,726,734
hCoV-19/England/DHSC-CYYWAP3/2021,726,789
hCoV-19/England/DHSC-CYYU5PA/2021,726,789
hCoV-19/England/DHSC-CYYSAPI/2021,726,831
hCoV-19/England/DHSC-CYYQF6S/2021,726,789
hCoV-19/England/DHSC-CYYM97R/2021,726,789
hCoV-19/England/DHSC-CYYHFN1/2021,726,789
hCoV-19/England/DHSC-CYYFDND/2021,726,789
hCoV-19/England/DHSC-CYYAT47/2021,726,789
hCoV-19/England/DHSC-CYY9GA6/2021,726,831
hCoV-19/England/DHSC-CYY6JCS/2021,726,789
hCoV-19/England/DHSC-CYNZJ79/2021,726,789
hCoV-19/England/DHSC-CYNUZRC/2021,726,789
hCoV-19/England/DHSC-CYNUPWI/2021,726,789
hCoV-19/England/DHSC-CYNT7EN/2021,726,789
hCoV-19/England/DHSC-CYNSWC3/2021,726,789
hCoV-19/England/DHSC-CYNSOOW/2021,726,789
hCoV-19/England/DHSC-CYNQWYN/2021,726,789
hCoV-19/England/DHSC-CYNQPWY/2021,726,789
hCoV-19/England/DHSC-CYNHU1B/2021,726,789
hCoV-19/England/DHSC-CYNHKOQ/2021,726,789
hCoV-19/England/DHSC-CYNDJGZ/2021,726,789
hCoV-19/England/DHSC-CYNC5WS/2021,726,789
hCoV-19/England/DHSC-CYNBI4G/2021,726,789
hCoV-19/England/DHSC-CYN4MTX/2021,726,789
hCoV-19/England/DHSC-CYDZ8FT/2021,726,789
hCoV-19/England/DHSC-CYDX13Q/2021,726,789
hCoV-19/England/DHSC-CYDWIXI/2021,726,789
hCoV-19/England/DHSC-CYDQKS6/2021,726,789
hCoV-19/England/DHSC-CYDMXJ4/2021,726,786
hCoV-19/England/DHSC-CYDKYRI/2021,726,789
hCoV-19/England/DHSC-CYDI11X/2021,726,789
hCoV-19/England/DHSC-CYDGDU5/2021,726,789
hCoV-19/England/DHSC-CYDEHWH/2021,726,789
hCoV-19/England/DHSC-CYD7SWZ/2021,726,789
hCoV-19/England/DHSC-CYD7IQF/2021,726,789
hCoV-19/England/DHSC-CYD6JDF/2021,726,831
hCoV-19/England/DHSC-CYBWJMM/2021,726,831
hCoV-19/England/DHSC-CYBIUBU/2021,726,831
hCoV-19/England/DHSC-CYBG1JD/2021,726,789
hCoV-19/England/DHSC-CYBC1XM/2021,726,789
hCoV-19/England/DHSC-CYB95FX/2021,726,789
hCoV-19/England/DHSC-CYB63QB/2021,726,789
hCoV-19/England/DHSC-CYB4ZJI/2021,726,789
hCoV-19/England/DHSC-CYB4AFH/2021,726,786
hCoV-19/England/DHSC-CYB3ZSH/2021,726,789
hCoV-19/England/DHSC-CYB3RT3/2021,726,789
hCoV-19/England/DHSC-CYB3ACO/2021,726,831
hCoV-19/England/BRBR-30520BB/2021,726,735
hCoV-19/England/BRBR-3052015/2021,726,735
hCoV-19/England/ALDP-30DEC95/2021,726,740
hCoV-19/England/ALDP-309DA10/2021,726,738
hCoV-19/England/ALDP-308C4DA/2021,726,737
hCoV-19/England/ALDP-3071317/2021,726,737
hCoV-19/England/ALDP-30703CD/2021,726,737
hCoV-19/England/ALDP-306D3B4/2021,726,737
hCoV-19/England/ALDP-306CF0C/2021,726,737
hCoV-19/England/ALDP-306C898/2021,726,737
hCoV-19/England/ALDP-306A9D3/2021,726,737
hCoV-19/England/ALDP-306A8C7/2021,726,737
hCoV-19/England/ALDP-306A5FD/2021,726,737
hCoV-19/England/ALDP-3057F5F/2021,726,737
hCoV-19/England/ALDP-3057CA3/2021,726,737
hCoV-19/England/ALDP-30462F0/2021,726,735
hCoV-19/England/ALDP-3043DA7/2021,726,735
hCoV-19/England/ALDP-3042FEE/2021,726,735
hCoV-19/England/ALDP-303EFD6/2021,726,735
hCoV-19/England/ALDP-303EE24/2021,726,735
hCoV-19/England/ALDP-303EB1E/2021,726,735
hCoV-19/England/ALDP-303ADC1/2021,726,735
hCoV-19/England/ALDP-303ADA3/2021,726,735
hCoV-19/England/ALDP-303AC1F/2021,726,735
hCoV-19/England/ALDP-303AA15/2021,726,735
hCoV-19/England/ALDP-303A356/2021,726,735
hCoV-19/England/ALDP-303A295/2021,726,735
hCoV-19/England/ALDP-303A286/2021,726,735
hCoV-19/England/ALDP-30378F0/2021,726,733
hCoV-19/England/ALDP-303773F/2021,726,733
hCoV-19/England/ALDP-30376F6/2021,726,733
hCoV-19/England/ALDP-303769C/2021,726,733
hCoV-19/England/ALDP-30367B8/2021,726,735
hCoV-19/England/ALDP-3036721/2021,726,735
hCoV-19/England/ALDP-3036642/2021,726,735
hCoV-19/England/ALDP-30363F0/2021,726,735
hCoV-19/England/ALDP-3033F95/2021,726,733
hCoV-19/England/ALDP-3033E98/2021,726,733
hCoV-19/England/ALDP-3033D7D/2021,726,733
hCoV-19/England/ALDP-3033CF8/2021,726,733
hCoV-19/England/ALDP-3033B82/2021,726,733
hCoV-19/England/ALDP-3033B46/2021,726,733
hCoV-19/England/ALDP-3033B28/2021,726,733
hCoV-19/England/ALDP-3031771/2021,726,734
hCoV-19/England/ALDP-3031753/2021,726,734
hCoV-19/England/ALDP-3031735/2021,726,734
hCoV-19/England/ALDP-302ED84/2021,726,734
hCoV-19/England/ALDP-302ED75/2021,726,734
hCoV-19/England/ALDP-302EAAB/2021,726,734
hCoV-19/England/ALDP-302CA07/2021,726,734
hCoV-19/England/ALDP-302C82B/2021,726,734
hCoV-19/England/ALDP-302C779/2021,726,734
hCoV-19/England/ALDP-302C6C7/2021,726,734
hCoV-19/England/ALDP-302BD4B/2021,726,734
hCoV-19/England/ALDP-302BCD5/2021,726,734
hCoV-19/England/ALDP-302AC21/2021,726,734
hCoV-19/England/ALDP-302AAEB/2021,726,734
hCoV-19/England/ALDP-302AA63/2021,726,734
hCoV-19/England/ALDP-302A9B1/2021,726,734
hCoV-19/England/ALDP-302A84B/2021,726,734
hCoV-19/England/ALDP-302642D/2021,726,733
hCoV-19/England/ALDP-302635D/2021,726,733
hCoV-19/England/ALDP-3026126/2021,726,733
hCoV-19/England/ALDP-3022BA4/2021,726,733
hCoV-19/Wales/PHWC-PGZ6WK/2021,727,749
hCoV-19/Wales/PHWC-PGZ69W/2021,727,749
hCoV-19/Wales/PHWC-PGANE7/2021,727,749
hCoV-19/Wales/PHWC-PGAMF4/2021,727,749
hCoV-19/Wales/PHWC-PGAMCC/2021,727,749
hCoV-19/Wales/PHWC-PGAGNF/2021,727,749
hCoV-19/Wales/PHWC-PG4KET/2021,727,750
hCoV-19/Wales/PHWC-PG3ZSJ/2021,727,750
hCoV-19/Wales/PHWC-PG3YTK/2021,727,749
hCoV-19/Wales/PHWC-PG3YJ5/2021,727,749
hCoV-19/Wales/PHWC-PG3WZK/2021,727,750
hCoV-19/Wales/PHWC-PG3UUU/2021,727,750
hCoV-19/Wales/PHWC-PG3RXM/2021,727,750
hCoV-19/Wales/PHWC-PG3NTE/2021,727,749
hCoV-19/Wales/PHWC-PG3ICY/2021,727,750
hCoV-19/Wales/NORT-YBMYF9/2021,727,748
hCoV-19/Wales/NORT-YBMFZI/2021,727,748
hCoV-19/Wales/NORT-YBMFSZ/2021,727,748
hCoV-19/Wales/NORT-YBJ9XO/2021,727,749
hCoV-19/Wales/NORT-YBJ6DJ/2021,727,749
hCoV-19/Wales/MILK-3035C6F/2021,727,737
hCoV-19/Wales/MILK-303592C/2021,727,737
hCoV-19/Wales/MILK-30357B9/2021,727,734
hCoV-19/Wales/MILK-3032D23/2021,727,737
hCoV-19/Wales/MILK-3031674/2021,727,737
hCoV-19/Wales/MILK-30028B2/2021,727,737
hCoV-19/Scotland/SCOT-2634/2021,727,752
hCoV-19/Scotland/QEUH-30D42D9/2021,727,741
hCoV-19/Scotland/QEUH-308B81B/2021,727,737
hCoV-19/Scotland/QEUH-308AF35/2021,727,737
hCoV-19/Scotland/QEUH-30877F4/2021,727,738
hCoV-19/Scotland/QEUH-30876CA/2021,727,738
hCoV-19/Scotland/QEUH-30875DC/2021,727,738
hCoV-19/Scotland/QEUH-3086F1B/2021,727,737
hCoV-19/Scotland/QEUH-3073DDB/2021,727,738
hCoV-19/Scotland/QEUH-3073B86/2021,727,738
hCoV-19/Scotland/QEUH-3073A4D/2021,727,738
hCoV-19/Scotland/QEUH-306F938/2021,727,737
hCoV-19/Scotland/QEUH-305E1E9/2021,727,737
hCoV-19/Scotland/QEUH-30560B7/2021,727,737
hCoV-19/Scotland/QEUH-3055452/2021,727,737
hCoV-19/Scotland/QEUH-305522B/2021,727,737
hCoV-19/Scotland/QEUH-304E98A/2021,727,737
hCoV-19/Scotland/QEUH-304E805/2021,727,737
hCoV-19/Scotland/QEUH-30475C9/2021,727,737
hCoV-19/Scotland/QEUH-3047480/2021,727,737
hCoV-19/Scotland/QEUH-3044623/2021,727,737
hCoV-19/Scotland/QEUH-3042A74/2021,727,737
hCoV-19/Scotland/QEUH-3042731/2021,727,737
hCoV-19/Scotland/QEUH-3036071/2021,727,736
hCoV-19/Scotland/QEUH-3035FC0/2021,727,736
hCoV-19/Scotland/QEUH-3035EE1/2021,727,736
hCoV-19/Scotland/QEUH-3035E3C/2021,727,736
hCoV-19/Scotland/QEUH-30344E0/2021,727,737
hCoV-19/Scotland/QEUH-30344D1/2021,727,737
hCoV-19/Scotland/QEUH-303435C/2021,727,737
hCoV-19/Scotland/QEUH-3034301/2021,727,737
hCoV-19/Scotland/QEUH-30342D7/2021,727,737
hCoV-19/Scotland/QEUH-3031D60/2021,727,737
hCoV-19/Scotland/QEUH-302A09E/2021,727,737
hCoV-19/Scotland/QEUH-3029E0E/2021,727,737
hCoV-19/Scotland/QEUH-3029CD7/2021,727,737
hCoV-19/Scotland/QEUH-30274E0/2021,727,737
hCoV-19/Scotland/QEUH-3027389/2021,727,737
hCoV-19/Scotland/QEUH-302733E/2021,727,737
hCoV-19/Scotland/QEUH-3027301/2021,727,737
hCoV-19/Scotland/NORT-YBKBDR/2021,727,749
hCoV-19/Scotland/NORT-YBKA5H/2021,727,748
hCoV-19/Scotland/EDB36171/2021,727,758
hCoV-19/Scotland/EDB35442/2021,727,751
hCoV-19/Scotland/EDB35439/2021,727,751
hCoV-19/Scotland/EDB35437/2021,727,751
hCoV-19/Scotland/EDB35436/2021,727,751
hCoV-19/Scotland/EDB35431/2021,727,751
hCoV-19/Scotland/EDB35415/2021,727,751
hCoV-19/Scotland/EDB35414/2021,727,751
hCoV-19/Scotland/EDB35381/2021,727,751
hCoV-19/Scotland/EDB35363/2021,727,751
hCoV-19/Scotland/EDB34725/2021,727,754
hCoV-19/Scotland/CVR14848/2021,727,826
hCoV-19/England/QEUH-30D451C/2021,727,740
hCoV-19/England/QEUH-30B7BC2/2021,727,738
hCoV-19/England/QEUH-30AD118/2021,727,738
hCoV-19/England/QEUH-30AD0DF/2021,727,738
hCoV-19/England/QEUH-30ACA4B/2021,727,738
hCoV-19/England/QEUH-30AB718/2021,727,738
hCoV-19/England/QEUH-30A69AE/2021,727,738
hCoV-19/England/QEUH-309F51D/2021,727,738
hCoV-19/England/QEUH-308D3AF/2021,727,738
hCoV-19/England/QEUH-308CEFA/2021,727,738
hCoV-19/England/QEUH-308B981/2021,727,737
hCoV-19/England/QEUH-308B013/2021,727,737
hCoV-19/England/QEUH-3080DCC/2021,727,737
hCoV-19/England/QEUH-30764D3/2021,727,737
hCoV-19/England/QEUH-3072598/2021,727,737
hCoV-19/England/QEUH-306F18B/2021,727,737
hCoV-19/England/QEUH-306F103/2021,727,737
hCoV-19/England/QEUH-306F08E/2021,727,737
hCoV-19/England/QEUH-306F060/2021,727,737
hCoV-19/England/QEUH-3064951/2021,727,737
hCoV-19/England/QEUH-305DD22/2021,727,737
hCoV-19/England/QEUH-305DD04/2021,727,737
hCoV-19/England/QEUH-305DBFB/2021,727,737
hCoV-19/England/QEUH-305DBEC/2021,727,737
hCoV-19/England/QEUH-305D88B/2021,727,737
hCoV-19/England/QEUH-30560D5/2021,727,737
hCoV-19/England/QEUH-30551D3/2021,727,737
hCoV-19/England/QEUH-304EB39/2021,727,735
hCoV-19/England/QEUH-3047435/2021,727,735
hCoV-19/England/QEUH-30320DF/2021,727,734
hCoV-19/England/QEUH-30320C0/2021,727,734
hCoV-19/England/QEUH-3032066/2021,727,734
hCoV-19/England/QEUH-302550D/2021,727,733
hCoV-19/England/QEUH-3024FE2/2021,727,733
hCoV-19/England/PHWC-PGAUJK/2021,727,749
hCoV-19/England/PHWC-PGAIY4/2021,727,749
hCoV-19/England/PHWC-PGAIR1/2021,727,749
hCoV-19/England/PHWC-PGAAX3/2021,727,750
hCoV-19/England/PHWC-PG4KMM/2021,727,750
hCoV-19/England/PHEP-YYDTSU7/2021,727,757
hCoV-19/England/PHEC-YYNQH98/2021,727,779
hCoV-19/England/PHEC-YYNQ7YF/2021,727,779
hCoV-19/England/PHEC-YYNIP4T/2021,727,789
hCoV-19/England/PHEC-YYNICW6/2021,727,789
hCoV-19/England/PHEC-YYBZHP4/2021,727,740
hCoV-19/England/PHEC-YYBZ1FW/2021,727,739
hCoV-19/England/PHEC-YYBHWXW/2021,727,753
hCoV-19/England/PHEC-YYB7A9P/2021,727,754
hCoV-19/England/PHEC-YYB73DF/2021,727,754
hCoV-19/England/PHEC-YYB5OIP/2021,727,751
hCoV-19/England/PHEC-YYB5ERA/2021,727,751
hCoV-19/England/PHEC-YYB3TEM/2021,727,746
hCoV-19/England/PHEC-YYB3GXE/2021,727,746
hCoV-19/England/PHEC-YYB3GK1/2021,727,746
hCoV-19/England/PHEC-YYB31O3/2021,727,746
hCoV-19/England/PHEC-5M0A9Z71/2021,727,770
hCoV-19/England/PHEC-4T032Z13/2021,727,777
hCoV-19/England/PHEC-4Q069ZEE/2021,727,757
hCoV-19/England/PHEC-4Q055ZBE/2021,727,757
hCoV-19/England/PHEC-4Q055Z45/2021,727,757
hCoV-19/England/PHEC-4Q054Z75/2021,727,757
hCoV-19/England/PHEC-4Q053ZE1/2021,727,757
hCoV-19/England/NORW-3124202/2021,727,747
hCoV-19/England/NORW-310EDAF/2021,727,747
hCoV-19/England/NORW-310E9EB/2021,727,747
hCoV-19/England/NORW-310CA27/2021,727,747
hCoV-19/England/NORW-310B403/2021,727,747
hCoV-19/England/NORW-310AF42/2021,727,747
hCoV-19/England/NORW-310A956/2021,727,747
hCoV-19/England/NORW-310A7AD/2021,727,747
hCoV-19/England/NORW-31067C2/2021,727,747
hCoV-19/England/NORT-YBK4YT/2021,727,748
hCoV-19/England/NEWC-3054E82/2021,727,735
hCoV-19/England/NEWC-3054C6A/2021,727,735
hCoV-19/England/NEWC-3054C2E/2021,727,735
hCoV-19/England/NEWC-3054B21/2021,727,735
hCoV-19/England/NEWC-305330C/2021,727,735
hCoV-19/England/NEWC-30532F0/2021,727,735
hCoV-19/England/NEWC-30532C3/2021,727,735
hCoV-19/England/NEWC-3021237/2021,727,734
hCoV-19/England/NEWC-30211EF/2021,727,734
hCoV-19/England/MILK-311EAAD/2021,727,741
hCoV-19/England/MILK-307F6B6/2021,727,737
hCoV-19/England/MILK-306014E/2021,727,737
hCoV-19/England/MILK-305F5A0/2021,727,737
hCoV-19/England/MILK-305B780/2021,727,737
hCoV-19/England/MILK-3059F3F/2021,727,737
hCoV-19/England/MILK-3059D9F/2021,727,737
hCoV-19/England/MILK-3051A63/2021,727,735
hCoV-19/England/MILK-305191B/2021,727,735
hCoV-19/England/MILK-303E3AD/2021,727,735
hCoV-19/England/MILK-303DFF5/2021,727,735
hCoV-19/England/MILK-303DCD0/2021,727,737
hCoV-19/England/MILK-303DB4C/2021,727,737
hCoV-19/England/MILK-303D380/2021,727,737
hCoV-19/England/MILK-303CE62/2021,727,737
hCoV-19/England/MILK-303CDFC/2021,727,737
hCoV-19/England/MILK-303CCD1/2021,727,737
hCoV-19/England/MILK-303C873/2021,727,737
hCoV-19/England/MILK-303C002/2021,727,734
hCoV-19/England/MILK-303BF51/2021,727,734
hCoV-19/England/MILK-303BBF3/2021,727,734
hCoV-19/England/MILK-303B56E/2021,727,734
hCoV-19/England/MILK-303A9AF/2021,727,734
hCoV-19/England/MILK-303982B/2021,727,734
hCoV-19/England/MILK-30349A5/2021,727,737
hCoV-19/England/MILK-3034802/2021,727,737
hCoV-19/England/MILK-3034732/2021,727,737
hCoV-19/England/MILK-30335EE/2021,727,737
hCoV-19/England/MILK-30335DF/2021,727,737
hCoV-19/England/MILK-3032E11/2021,727,734
hCoV-19/England/MILK-3032D32/2021,727,734
hCoV-19/England/MILK-3032CDB/2021,727,734
hCoV-19/England/MILK-30312E9/2021,727,737
hCoV-19/England/MILK-3030DE9/2021,727,734
hCoV-19/England/MILK-302F70D/2021,727,734
hCoV-19/England/MILK-302F4F7/2021,727,734
hCoV-19/England/MILK-302F3BE/2021,727,734
hCoV-19/England/MILK-302EFD9/2021,727,734
hCoV-19/England/MILK-302EE63/2021,727,734
hCoV-19/England/MILK-302E777/2021,727,734
hCoV-19/England/MILK-302E59B/2021,727,734
hCoV-19/England/MILK-302E434/2021,727,734
hCoV-19/England/MILK-302E355/2021,727,734
hCoV-19/England/MILK-302E319/2021,727,734
hCoV-19/England/MILK-302DFF8/2021,727,734
hCoV-19/England/MILK-302D444/2021,727,734
hCoV-19/England/MILK-302D374/2021,727,734
hCoV-19/England/MILK-302D1D4/2021,727,734
hCoV-19/England/MILK-302B82C/2021,727,733
hCoV-19/England/MILK-302B473/2021,727,733
hCoV-19/England/MILK-302A3D1/2021,727,733
hCoV-19/England/MILK-30292F3/2021,727,733
hCoV-19/England/MILK-3024EF4/2021,727,733
hCoV-19/England/MILK-3024D8E/2021,727,733
hCoV-19/England/MILK-3024A0F/2021,727,733
hCoV-19/England/MILK-3021FD6/2021,727,733
hCoV-19/England/MILK-3021F21/2021,727,733
hCoV-19/England/MILK-3021C75/2021,727,733
hCoV-19/England/MILK-302157A/2021,727,733
hCoV-19/England/MILK-302156B/2021,727,733
hCoV-19/England/MILK-30214C8/2021,727,733
hCoV-19/England/MILK-3020A21/2021,727,733
hCoV-19/England/MILK-3020854/2021,727,733
hCoV-19/England/MILK-3020818/2021,727,733
hCoV-19/England/MILK-30207B1/2021,727,733
hCoV-19/England/MILK-30204E7/2021,727,733
hCoV-19/England/MILK-30203CC/2021,727,733
hCoV-19/England/MILK-301FB04/2021,727,734
hCoV-19/England/MILK-300323B/2021,727,731
hCoV-19/England/MILK-3002F9F/2021,727,731
hCoV-19/England/LSPA-30F709A/2021,727,740
hCoV-19/England/LSPA-30F6F52/2021,727,740
hCoV-19/England/LSPA-30F09F0/2021,727,743
hCoV-19/England/LSPA-30E8BAA/2021,727,740
hCoV-19/England/LSPA-30D15D3/2021,727,740
hCoV-19/England/LSPA-30D13CA/2021,727,740
hCoV-19/England/LSPA-30C65FF/2021,727,739
hCoV-19/England/LSPA-30C396F/2021,727,738
hCoV-19/England/LSPA-30B4846/2021,727,738
hCoV-19/England/LSPA-30B05CB/2021,727,738
hCoV-19/England/LSPA-30B04DD/2021,727,738
hCoV-19/England/LSPA-30B0200/2021,727,738
hCoV-19/England/LSPA-30A372F/2021,727,738
hCoV-19/England/LSPA-30A3507/2021,727,738
hCoV-19/England/LSPA-309D324/2021,727,738
hCoV-19/England/LSPA-3099B3F/2021,727,738
hCoV-19/England/LSPA-3096F18/2021,727,738
hCoV-19/England/LSPA-3093DF3/2021,727,738
hCoV-19/England/LSPA-308B602/2021,727,737
hCoV-19/England/LSPA-308B1A7/2021,727,737
hCoV-19/England/LSPA-308A481/2021,727,737
hCoV-19/England/LSPA-308A418/2021,727,737
hCoV-19/England/LSPA-308A287/2021,727,737
hCoV-19/England/LSPA-308A24B/2021,727,737
hCoV-19/England/LSPA-308A1E4/2021,727,737
hCoV-19/England/LSPA-306C2B8/2021,727,737
hCoV-19/England/LSPA-306A51B/2021,727,737
hCoV-19/England/LSPA-306A36C/2021,727,737
hCoV-19/England/LSPA-306410E/2021,727,737
hCoV-19/England/LSPA-3063F23/2021,727,737
hCoV-19/England/LSPA-3063C3B/2021,727,737
hCoV-19/England/LSPA-3060C10/2021,727,737
hCoV-19/England/LSPA-30589BA/2021,727,737
hCoV-19/England/LOND-YYBYQ54/2021,727,752
hCoV-19/England/DHSC-CYYUFJS/2021,727,789
hCoV-19/England/DHSC-CYYU8FH/2021,727,789
hCoV-19/England/DHSC-CYYU7EY/2021,727,789
hCoV-19/England/DHSC-CYYNXJX/2021,727,786
hCoV-19/England/DHSC-CYYKNQN/2021,727,789
hCoV-19/England/DHSC-CYYGRNY/2021,727,831
hCoV-19/England/DHSC-CYYFCQN/2021,727,789
hCoV-19/England/DHSC-CYYEOGE/2021,727,831
hCoV-19/England/DHSC-CYYDROJ/2021,727,789
hCoV-19/England/DHSC-CYY7WNB/2021,727,789
hCoV-19/England/DHSC-CYY1EKU/2021,727,789
hCoV-19/England/DHSC-CYNUZGE/2021,727,831
hCoV-19/England/DHSC-CYNTJHP/2021,727,789
hCoV-19/England/DHSC-CYNSUGG/2021,727,789
hCoV-19/England/DHSC-CYNSP4D/2021,727,789
hCoV-19/England/DHSC-CYNSFU3/2021,727,831
hCoV-19/England/DHSC-CYNRSCH/2021,727,789
hCoV-19/England/DHSC-CYNOE7Q/2021,727,789
hCoV-19/England/DHSC-CYNN7GF/2021,727,789
hCoV-19/England/DHSC-CYNN1SX/2021,727,789
hCoV-19/England/DHSC-CYNKUBJ/2021,727,789
hCoV-19/England/DHSC-CYNGARG/2021,727,789
hCoV-19/England/DHSC-CYNAMKN/2021,727,831
hCoV-19/England/DHSC-CYNAKKD/2021,727,831
hCoV-19/England/DHSC-CYN1HWE/2021,727,789
hCoV-19/England/DHSC-CYDWMFU/2021,727,789
hCoV-19/England/DHSC-CYDWEO9/2021,727,789
hCoV-19/England/DHSC-CYDU66X/2021,727,789
hCoV-19/England/DHSC-CYDRCT4/2021,727,789
hCoV-19/England/DHSC-CYDNT3J/2021,727,831
hCoV-19/England/DHSC-CYDHD56/2021,727,789
hCoV-19/England/DHSC-CYDGPP6/2021,727,789
hCoV-19/England/DHSC-CYDDW9A/2021,727,789
hCoV-19/England/DHSC-CYDD1CB/2021,727,831
hCoV-19/England/DHSC-CYDAWQO/2021,727,831
hCoV-19/England/DHSC-CYDA5I4/2021,727,789
hCoV-19/England/DHSC-CYD79JF/2021,727,789
hCoV-19/England/DHSC-CYD5H6B/2021,727,789
hCoV-19/England/DHSC-CYBWWPH/2021,727,789
hCoV-19/England/DHSC-CYBSI8D/2021,727,789
hCoV-19/England/DHSC-CYBQ7UU/2021,727,831
hCoV-19/England/DHSC-CYBOMCX/2021,727,831
hCoV-19/England/DHSC-CYBNDYC/2021,727,789
hCoV-19/England/DHSC-CYBKIKS/2021,727,789
hCoV-19/England/DHSC-CYBHS9F/2021,727,789
hCoV-19/England/DHSC-CYBHK6U/2021,727,786
hCoV-19/England/DHSC-CYBEAG9/2021,727,789
hCoV-19/England/DHSC-CYBE1ZN/2021,727,789
hCoV-19/England/DHSC-CYBDA4Y/2021,727,789
hCoV-19/England/DHSC-CYBB3A8/2021,727,789
hCoV-19/England/DHSC-CYBAOGG/2021,727,789
hCoV-19/England/DHSC-CYB7GBO/2021,727,789
hCoV-19/England/DHSC-CYB6TWH/2021,727,831
hCoV-19/England/DHSC-CYB5KNQ/2021,727,789
hCoV-19/England/DHSC-CYB3S4I/2021,727,786
hCoV-19/England/DHSC-CYB19K5/2021,727,789
hCoV-19/England/DHSC-CYB151Q/2021,727,789
hCoV-19/England/BRBR-306FDB4/2021,727,737
hCoV-19/England/BRBR-304D4E4/2021,727,737
hCoV-19/England/BRBR-304D235/2021,727,737
hCoV-19/England/BRBR-304D095/2021,727,737
hCoV-19/England/ALDP-32544BB/2021,727,750
hCoV-19/England/ALDP-30DF1A4/2021,727,740
hCoV-19/England/ALDP-30B6D09/2021,727,738
hCoV-19/England/ALDP-30B4DDE/2021,727,738
hCoV-19/England/ALDP-307072B/2021,727,737
hCoV-19/England/ALDP-306306C/2021,727,737
hCoV-19/England/ALDP-3058598/2021,727,737
hCoV-19/England/ALDP-30584D7/2021,727,737
hCoV-19/England/ALDP-3058176/2021,727,737
hCoV-19/England/ALDP-3057ECB/2021,727,737
hCoV-19/England/ALDP-3057D37/2021,727,737
hCoV-19/England/ALDP-3054FF8/2021,727,735
hCoV-19/England/ALDP-304E049/2021,727,735
hCoV-19/England/ALDP-304DBFE/2021,727,735
hCoV-19/England/ALDP-304DB76/2021,727,735
hCoV-19/England/ALDP-3046515/2021,727,735
hCoV-19/England/ALDP-304614E/2021,727,735
hCoV-19/England/ALDP-30441C8/2021,727,735
hCoV-19/England/ALDP-3043FFC/2021,727,735
hCoV-19/England/ALDP-3043E3B/2021,727,735
hCoV-19/England/ALDP-3043D3E/2021,727,735
hCoV-19/England/ALDP-304379A/2021,727,735
hCoV-19/England/ALDP-30430DB/2021,727,735
hCoV-19/England/ALDP-3042B71/2021,727,735
hCoV-19/England/ALDP-3040D7D/2021,727,735
hCoV-19/England/ALDP-3040B55/2021,727,735
hCoV-19/England/ALDP-30409D3/2021,727,735
hCoV-19/England/ALDP-303EC39/2021,727,735
hCoV-19/England/ALDP-303E9D8/2021,727,735
hCoV-19/England/ALDP-303E914/2021,727,735
hCoV-19/Wales/PHWC-PG5RYF/2021,728,752
hCoV-19/Wales/PHWC-PG5QJJ/2021,728,752
hCoV-19/Wales/PHWC-PG5PMG/2021,728,752
hCoV-19/Wales/PHWC-PG5GIA/2021,728,752
hCoV-19/Wales/PHWC-PG5FAU/2021,728,752
hCoV-19/Wales/PHWC-PG5F3T/2021,728,752
hCoV-19/Wales/PHWC-PG5BXK/2021,728,752
hCoV-19/Wales/PHWC-PG5BKW/2021,728,752
hCoV-19/Wales/PHWC-PG4YMI/2021,728,750
hCoV-19/Wales/PHWC-PG4MYY/2021,728,752
hCoV-19/Wales/PHWC-PG4JYN/2021,728,750
hCoV-19/Wales/PHWC-PG4G9G/2021,728,750
hCoV-19/Wales/PHWC-PG48MQ/2021,728,750
hCoV-19/Wales/PHWC-PG48I3/2021,728,750
hCoV-19/Wales/PHWC-PG48F4/2021,728,750
hCoV-19/Wales/PHWC-PG46K3/2021,728,752
hCoV-19/Wales/PHWC-PG45FG/2021,728,752
hCoV-19/Wales/PHWC-PG45EY/2021,728,752
hCoV-19/Wales/PHWC-PG45CA/2021,728,752
hCoV-19/Wales/PHWC-PG441C/2021,728,752
hCoV-19/Wales/PHWC-PG3RG7/2021,728,750
hCoV-19/Wales/PHWC-PG33WM/2021,728,750
hCoV-19/Wales/PHWC-P8YP47/2021,728,754
hCoV-19/Wales/PHWC-P8AQEO/2021,728,773
hCoV-19/Wales/PHWC-P8AMZW/2021,728,773
hCoV-19/Wales/NORT-YBME6R/2021,728,748
hCoV-19/Wales/NORT-YBKANX/2021,728,748
hCoV-19/Wales/MILK-3057186/2021,728,738
hCoV-19/Wales/MILK-30503F0/2021,728,736
hCoV-19/Wales/MILK-304BCB1/2021,728,736
hCoV-19/Wales/MILK-3046FF9/2021,728,737
hCoV-19/Wales/MILK-3046BE6/2021,728,737
hCoV-19/Wales/LSPA-3095F55/2021,728,738
hCoV-19/Scotland/QEUH-30D42E8/2021,728,741
hCoV-19/Scotland/QEUH-30D42CA/2021,728,741
hCoV-19/Scotland/QEUH-30ADE4E/2021,728,738
hCoV-19/Scotland/QEUH-30ACDCA/2021,728,738
hCoV-19/Scotland/QEUH-30A06CB/2021,728,738
hCoV-19/Scotland/QEUH-309BBE2/2021,728,738
hCoV-19/Scotland/QEUH-3098F8F/2021,728,738
hCoV-19/Scotland/QEUH-308F54D/2021,728,737
hCoV-19/Scotland/QEUH-308CF60/2021,728,738
hCoV-19/Scotland/QEUH-308907F/2021,728,737
hCoV-19/Scotland/QEUH-3088EB2/2021,728,737
hCoV-19/Scotland/QEUH-3088D2E/2021,728,738
hCoV-19/Scotland/QEUH-3088D00/2021,728,738
hCoV-19/Scotland/QEUH-3088B8E/2021,728,738
hCoV-19/Scotland/QEUH-3087FDE/2021,728,737
hCoV-19/Scotland/QEUH-3087F56/2021,728,737
hCoV-19/Scotland/QEUH-3087DE3/2021,728,737
hCoV-19/Scotland/QEUH-3086C23/2021,728,737
hCoV-19/Scotland/QEUH-3086810/2021,728,738
hCoV-19/Scotland/QEUH-3086801/2021,728,738
hCoV-19/Scotland/QEUH-308676E/2021,728,738
hCoV-19/Scotland/QEUH-30832E8/2021,728,737
hCoV-19/Scotland/QEUH-3082FC4/2021,728,737
hCoV-19/Scotland/QEUH-3082F3D/2021,728,737
hCoV-19/Scotland/QEUH-3080360/2021,728,737
hCoV-19/Scotland/QEUH-3080324/2021,728,737
hCoV-19/Scotland/QEUH-3080227/2021,728,737
hCoV-19/Scotland/QEUH-307CB32/2021,728,737
hCoV-19/Scotland/QEUH-3079F84/2021,728,737
hCoV-19/Scotland/QEUH-3079D20/2021,728,737
hCoV-19/Scotland/QEUH-3079D02/2021,728,737
hCoV-19/Scotland/QEUH-30798F2/2021,728,737
hCoV-19/Scotland/QEUH-307529E/2021,728,737
hCoV-19/Scotland/QEUH-3075270/2021,728,737
hCoV-19/Scotland/QEUH-3075243/2021,728,737
hCoV-19/Scotland/QEUH-30751FB/2021,728,737
hCoV-19/Scotland/QEUH-3074F6B/2021,728,737
hCoV-19/Scotland/QEUH-3074C91/2021,728,737
hCoV-19/Scotland/QEUH-3074B85/2021,728,737
hCoV-19/Scotland/QEUH-3073236/2021,728,738
hCoV-19/Scotland/QEUH-30730C3/2021,728,738
hCoV-19/Scotland/QEUH-3072F8B/2021,728,738
hCoV-19/Scotland/QEUH-3072ED9/2021,728,738
hCoV-19/Scotland/QEUH-3072ECA/2021,728,738
hCoV-19/Scotland/QEUH-3072668/2021,728,737
hCoV-19/Scotland/QEUH-306FBBA/2021,728,737
hCoV-19/Scotland/QEUH-306E571/2021,728,736
hCoV-19/Scotland/QEUH-306E395/2021,728,736
hCoV-19/Scotland/QEUH-3064AA9/2021,728,737
hCoV-19/Scotland/QEUH-3064A4F/2021,728,737
hCoV-19/Scotland/QEUH-30648BE/2021,728,737
hCoV-19/Scotland/QEUH-30623DD/2021,728,737
hCoV-19/Scotland/QEUH-3060032/2021,728,737
hCoV-19/Scotland/QEUH-305FE78/2021,728,737
hCoV-19/Scotland/QEUH-305FC41/2021,728,737
hCoV-19/Scotland/QEUH-305FC32/2021,728,737
hCoV-19/Scotland/QEUH-305D830/2021,728,737
hCoV-19/Scotland/QEUH-305AE6E/2021,728,737
hCoV-19/Scotland/QEUH-305AB85/2021,728,737
hCoV-19/Scotland/QEUH-3054981/2021,728,737
hCoV-19/Scotland/NORT-YBMJ81/2021,728,748
hCoV-19/England/QEUH-30D428E/2021,728,740
hCoV-19/England/QEUH-30D33F5/2021,728,740
hCoV-19/England/QEUH-30D33AA/2021,728,740
hCoV-19/England/QEUH-30D31BF/2021,728,740
hCoV-19/England/QEUH-30D001F/2021,728,740
hCoV-19/England/QEUH-30C0B5D/2021,728,738
hCoV-19/England/QEUH-30B2532/2021,728,743
hCoV-19/England/QEUH-30AD242/2021,728,738
hCoV-19/England/QEUH-30ACAE1/2021,728,738
hCoV-19/England/QEUH-30AB37E/2021,728,738
hCoV-19/England/QEUH-30AB217/2021,728,738
hCoV-19/England/QEUH-30AB01D/2021,728,738
hCoV-19/England/QEUH-30AAE14/2021,728,738
hCoV-19/England/QEUH-30AA9E6/2021,728,738
hCoV-19/England/QEUH-30AA39D/2021,728,738
hCoV-19/England/QEUH-30A9D45/2021,728,738
hCoV-19/England/QEUH-30A8C94/2021,728,738
hCoV-19/England/QEUH-30A8A4F/2021,728,738
hCoV-19/England/QEUH-30A87FD/2021,728,738
hCoV-19/England/QEUH-30A8748/2021,728,738
hCoV-19/England/QEUH-30A8335/2021,728,738
hCoV-19/England/QEUH-30A8229/2021,728,738
hCoV-19/England/QEUH-30A6601/2021,728,738
hCoV-19/England/QEUH-30A648F/2021,728,738
hCoV-19/England/QEUH-30A6470/2021,728,738
hCoV-19/England/QEUH-309F7AE/2021,728,738
hCoV-19/England/QEUH-309F6B0/2021,728,738
hCoV-19/England/QEUH-309F683/2021,728,738
hCoV-19/England/QEUH-309F4D4/2021,728,738
hCoV-19/England/QEUH-309DF7B/2021,728,738
hCoV-19/England/QEUH-309DE23/2021,728,738
hCoV-19/England/QEUH-309BD0A/2021,728,738
hCoV-19/England/QEUH-309BC67/2021,728,738
hCoV-19/England/QEUH-309BB1F/2021,728,738
hCoV-19/England/QEUH-3099100/2021,728,738
hCoV-19/England/QEUH-3098E82/2021,728,738
hCoV-19/England/QEUH-3098AF7/2021,728,738
hCoV-19/England/QEUH-309614F/2021,728,738
hCoV-19/England/QEUH-3093519/2021,728,738
hCoV-19/England/QEUH-3091C9E/2021,728,738
hCoV-19/England/QEUH-3091BDD/2021,728,738
hCoV-19/England/QEUH-3091B91/2021,728,738
hCoV-19/England/QEUH-308BB6D/2021,728,737
hCoV-19/England/QEUH-3082FF1/2021,728,737
hCoV-19/England/QEUH-308110B/2021,728,737
hCoV-19/England/QEUH-306CADE/2021,728,737
hCoV-19/England/QEUH-306C92C/2021,728,737
hCoV-19/England/QEUH-3064827/2021,728,737
hCoV-19/England/QEUH-305FEB4/2021,728,737
hCoV-19/England/QEUH-305AA6A/2021,728,737
hCoV-19/England/QEUH-3054A8E/2021,728,737
hCoV-19/England/QEUH-3045E66/2021,728,735
hCoV-19/England/QEUH-3045D1E/2021,728,735
hCoV-19/England/QEUH-3045B05/2021,728,735
hCoV-19/England/PHWC-PG5PYH/2021,728,752
hCoV-19/England/PHWC-PG5M3M/2021,728,752
hCoV-19/England/PHWC-PG5JO9/2021,728,752
hCoV-19/England/PHWC-P8AP1H/2021,728,773
hCoV-19/England/PHEP-YYDWSZX/2021,728,760
hCoV-19/England/PHEP-YYDQNGU/2021,728,753
hCoV-19/England/PHEC-YYNZX9B/2021,728,791
hCoV-19/England/PHEC-YYNZWB3/2021,728,791
hCoV-19/England/PHEC-YYNGK5T/2021,728,765
hCoV-19/England/PHEC-YYBHRPE/2021,728,752
hCoV-19/England/PHEC-YYBA9QU/2021,728,746
hCoV-19/England/PHEC-YYBA9IR/2021,728,746
hCoV-19/England/PHEC-YYB9R7B/2021,728,757
hCoV-19/England/PHEC-YYB9FSQ/2021,728,757
hCoV-19/England/PHEC-YYB9FAK/2021,728,757
hCoV-19/England/PHEC-YYB5GFA/2021,728,751
hCoV-19/England/PHEC-YYB5CAM/2021,728,751
hCoV-19/England/PHEC-YYB4Y9M/2021,728,749
hCoV-19/England/PHEC-YYB4BTG/2021,728,749
hCoV-19/England/PHEC-YYB3ZKB/2021,728,749
hCoV-19/England/PHEC-YYB3SIM/2021,728,749
hCoV-19/England/PHEC-YYB3BMI/2021,728,746
hCoV-19/England/PHEC-YYB3BDF/2021,728,746
hCoV-19/England/PHEC-YYB34BO/2021,728,749
hCoV-19/England/PHEC-5M0A9Z44/2021,728,770
hCoV-19/England/PHEC-4T033ZA7/2021,728,777
hCoV-19/England/NORW-315925A/2021,728,774
hCoV-19/England/NORW-31319F1/2021,728,753
hCoV-19/England/NORW-3130974/2021,728,753
hCoV-19/England/NORW-312C918/2021,728,753
hCoV-19/England/NORW-312ADA5/2021,728,753
hCoV-19/England/NORW-312AC0B/2021,728,753
hCoV-19/England/NORW-3126CF5/2021,728,753
hCoV-19/England/NORT-YBUUPM/2021,728,758
hCoV-19/England/NORT-YBOMBT/2021,728,754
hCoV-19/England/NORT-YBMWUQ/2021,728,749
hCoV-19/England/NORT-YBMUMY/2021,728,749
hCoV-19/England/NORT-YBMMUZ/2021,728,748
hCoV-19/England/NORT-YBKSKB/2021,728,748
hCoV-19/England/NORT-YBK7TM/2021,728,748
hCoV-19/England/NEWC-30793D3/2021,728,737
hCoV-19/England/NEWC-307936A/2021,728,737
hCoV-19/England/NEWC-30792F4/2021,728,737
hCoV-19/England/NEWC-30792B8/2021,728,737
hCoV-19/England/NEWC-30791E8/2021,728,737
hCoV-19/England/NEWC-30791BB/2021,728,737
hCoV-19/England/NEWC-307917F/2021,728,737
hCoV-19/England/MILK-30C0971/2021,728,738
hCoV-19/England/MILK-30B2E46/2021,728,743
hCoV-19/England/MILK-30AF00A/2021,728,738
hCoV-19/England/MILK-30A5D0D/2021,728,738
hCoV-19/England/MILK-30A5A24/2021,728,738
hCoV-19/England/MILK-308C021/2021,728,737
hCoV-19/England/MILK-308BF9E/2021,728,737
hCoV-19/England/MILK-3085E00/2021,728,737
hCoV-19/England/MILK-3085A84/2021,728,737
hCoV-19/England/MILK-3083F96/2021,728,737
hCoV-19/England/MILK-3080B4A/2021,728,737
hCoV-19/England/MILK-307F795/2021,728,737
hCoV-19/England/MILK-307EBA9/2021,728,737
hCoV-19/England/MILK-307E05F/2021,728,737
hCoV-19/England/MILK-307D8D0/2021,728,737
hCoV-19/England/MILK-30714C9/2021,728,737
hCoV-19/England/MILK-3070F14/2021,728,737
hCoV-19/England/MILK-3070DDE/2021,728,737
hCoV-19/England/MILK-3070D29/2021,728,737
hCoV-19/England/MILK-3070C59/2021,728,737
hCoV-19/England/MILK-3070C3B/2021,728,737
hCoV-19/England/MILK-3070C0E/2021,728,737
hCoV-19/England/MILK-3070AE6/2021,728,737
hCoV-19/England/MILK-306BB72/2021,728,737
hCoV-19/England/MILK-306B84E/2021,728,737
hCoV-19/England/MILK-30653DA/2021,728,737
hCoV-19/England/MILK-30636C4/2021,728,737
hCoV-19/England/MILK-30635F4/2021,728,737
hCoV-19/England/MILK-306067C/2021,728,737
hCoV-19/England/MILK-3060533/2021,728,737
hCoV-19/England/MILK-30604AF/2021,728,737
hCoV-19/England/MILK-306018A/2021,728,737
hCoV-19/England/MILK-305B95D/2021,728,737
hCoV-19/England/MILK-305B771/2021,728,737
hCoV-19/England/MILK-305A52D/2021,728,737
hCoV-19/England/MILK-3059F20/2021,728,737
hCoV-19/England/MILK-3059E9C/2021,728,737
hCoV-19/England/MILK-3059C0B/2021,728,737
hCoV-19/England/MILK-3059782/2021,728,737
hCoV-19/England/MILK-3057229/2021,728,737
hCoV-19/England/MILK-30563CD/2021,728,737
hCoV-19/England/MILK-3053F62/2021,728,737
hCoV-19/England/MILK-3052A44/2021,728,735
hCoV-19/England/MILK-3052A35/2021,728,735
hCoV-19/England/MILK-305290B/2021,728,735
hCoV-19/England/MILK-3051A09/2021,728,735
hCoV-19/England/MILK-305182D/2021,728,735
hCoV-19/England/MILK-30511D7/2021,728,735
hCoV-19/England/MILK-3050B43/2021,728,735
hCoV-19/England/MILK-3050071/2021,728,735
hCoV-19/England/MILK-304F057/2021,728,735
hCoV-19/England/MILK-304E173/2021,728,735
hCoV-19/England/MILK-304DAB5/2021,728,737
hCoV-19/England/MILK-304D6B1/2021,728,737
hCoV-19/England/MILK-304BC93/2021,728,737
hCoV-19/England/MILK-304BB0F/2021,728,737
hCoV-19/England/MILK-304BA6C/2021,728,737
hCoV-19/England/MILK-304B96F/2021,728,737
hCoV-19/England/MILK-304A56C/2021,728,737
hCoV-19/England/MILK-304A423/2021,728,737
hCoV-19/England/MILK-304A380/2021,728,737
hCoV-19/England/MILK-304A371/2021,728,737
hCoV-19/England/MILK-304A2B0/2021,728,737
hCoV-19/England/MILK-304A159/2021,728,737
hCoV-19/England/MILK-304A0E3/2021,728,737
hCoV-19/England/MILK-304856E/2021,728,737
hCoV-19/England/MILK-3048504/2021,728,737
hCoV-19/England/MILK-3048364/2021,728,737
hCoV-19/England/MILK-3046EED/2021,728,735
hCoV-19/England/MILK-304580E/2021,728,735
hCoV-19/England/MILK-303A611/2021,728,734
hCoV-19/England/MILK-303867D/2021,728,734
hCoV-19/England/MILK-3038622/2021,728,734
hCoV-19/England/MILK-30384FB/2021,728,734
hCoV-19/England/MILK-30208EB/2021,728,733
hCoV-19/England/LSPA-30F720D/2021,728,740
hCoV-19/England/LSPA-30F707C/2021,728,740
hCoV-19/England/LSPA-30F6F9E/2021,728,740
hCoV-19/England/LSPA-30F6F16/2021,728,740
hCoV-19/England/LSPA-30F6E73/2021,728,740
hCoV-19/England/LSPA-30F6C79/2021,728,740
hCoV-19/England/LSPA-30F559D/2021,728,742
hCoV-19/England/LSPA-30F30E9/2021,728,740
hCoV-19/England/LSPA-30F3052/2021,728,740
hCoV-19/England/LSPA-30F2C31/2021,728,740
hCoV-19/England/LSPA-30F2BE9/2021,728,740
hCoV-19/England/LSPA-30F1CF6/2021,728,743
hCoV-19/England/LSPA-30F0E4C/2021,728,743
hCoV-19/England/LSPA-30F0CBB/2021,728,743
hCoV-19/England/LSPA-30F09C3/2021,728,743
hCoV-19/England/LSPA-30F00CE/2021,728,745
hCoV-19/England/LSPA-30EFD52/2021,728,745
hCoV-19/England/LSPA-30EFD34/2021,728,745
hCoV-19/England/LSPA-30EEC47/2021,728,745
hCoV-19/England/LSPA-30EE9F5/2021,728,745
hCoV-19/England/LSPA-30EE99B/2021,728,745
hCoV-19/England/LSPA-30ECF40/2021,728,745
hCoV-19/England/LSPA-30ECCD0/2021,728,745
hCoV-19/England/LSPA-30ECC0D/2021,728,745
hCoV-19/England/LSPA-30EAD66/2021,728,745
hCoV-19/England/LSPA-30EAD48/2021,728,745
hCoV-19/England/LSPA-30EAD2A/2021,728,745
hCoV-19/England/LSPA-30EACC3/2021,728,745
hCoV-19/England/LSPA-30EACA5/2021,728,745
hCoV-19/England/LSPA-30EAAAB/2021,728,745
hCoV-19/England/LSPA-30EA9AE/2021,728,745
hCoV-19/England/LSPA-30EA8B0/2021,728,745
hCoV-19/England/LSPA-30EA8A1/2021,728,745
hCoV-19/England/LSPA-30D5E01/2021,728,742
hCoV-19/England/LSPA-30D5997/2021,728,742
hCoV-19/England/LSPA-30CF277/2021,728,739
hCoV-19/England/LSPA-30CCEEF/2021,728,739
hCoV-19/England/LSPA-30C9C9D/2021,728,738
hCoV-19/England/LSPA-30C99D2/2021,728,738
hCoV-19/England/LSPA-30C934D/2021,728,738
hCoV-19/England/LSPA-30C6629/2021,728,739
hCoV-19/England/LSPA-30C65B3/2021,728,739
hCoV-19/England/LSPA-30C6559/2021,728,739
hCoV-19/England/LSPA-30C64D4/2021,728,739
hCoV-19/England/LSPA-30C6331/2021,728,739
hCoV-19/England/LSPA-30C3C93/2021,728,738
hCoV-19/England/LSPA-30C3A7B/2021,728,738
hCoV-19/England/LSPA-30C3A20/2021,728,738
hCoV-19/England/LSPA-30B480A/2021,728,738
hCoV-19/England/LSPA-30B3A7E/2021,728,738
hCoV-19/England/LSPA-30B3777/2021,728,738
hCoV-19/England/LSPA-30B36C5/2021,728,738
hCoV-19/England/LSPA-30A1008/2021,728,738
hCoV-19/England/LSPA-30A0EA5/2021,728,738
hCoV-19/England/LSPA-30A0CBA/2021,728,738
hCoV-19/England/LSPA-309ED34/2021,728,738
hCoV-19/England/LSPA-309E666/2021,728,738
hCoV-19/England/LSPA-309E46C/2021,728,738
hCoV-19/England/LSPA-309E411/2021,728,738
hCoV-19/England/LSPA-309E305/2021,728,738
hCoV-19/England/LSPA-309BF8C/2021,728,738
hCoV-19/England/LSPA-3099A50/2021,728,738
hCoV-19/England/LSPA-30998B0/2021,728,738
hCoV-19/England/LSPA-309980B/2021,728,738
hCoV-19/England/LSPA-309966B/2021,728,738
hCoV-19/England/LSPA-30972B4/2021,728,738
hCoV-19/England/LSPA-3096FEB/2021,728,738
hCoV-19/England/LSPA-3095D6A/2021,728,738
hCoV-19/England/LSPA-2FBEA68/2021,728,730
hCoV-19/England/LOND-YYBYWIY/2021,728,752
hCoV-19/England/LOND-YYBNDH9/2021,728,753
hCoV-19/England/LOND-YYBD3MK/2021,728,774
hCoV-19/England/DHSC-CYYU9XO/2021,728,789
hCoV-19/England/DHSC-CYYSDPK/2021,728,789
hCoV-19/England/DHSC-CYYOQD9/2021,728,789
hCoV-19/England/DHSC-CYYKAXK/2021,728,789
hCoV-19/England/DHSC-CYY9ZRS/2021,728,786
hCoV-19/England/DHSC-CYNTCIA/2021,728,789
hCoV-19/England/DHSC-CYNQTG3/2021,728,789
hCoV-19/England/DHSC-CYNO464/2021,728,789
hCoV-19/England/DHSC-CYNKX3H/2021,728,789
hCoV-19/England/DHSC-CYNKGH9/2021,728,789
hCoV-19/England/DHSC-CYNGA8Y/2021,728,789
hCoV-19/England/DHSC-CYN8YEW/2021,728,786
hCoV-19/England/DHSC-CYDXEMI/2021,728,789
hCoV-19/England/DHSC-CYDU89R/2021,728,789
hCoV-19/England/DHSC-CYDQE9Q/2021,728,789
hCoV-19/England/DHSC-CYDIFFZ/2021,728,786
hCoV-19/England/DHSC-CYDHBWQ/2021,728,789
hCoV-19/England/DHSC-CYDGYU6/2021,728,786
hCoV-19/England/DHSC-CYDGI7I/2021,728,789
hCoV-19/England/DHSC-CYDGEOH/2021,728,789
hCoV-19/England/DHSC-CYDF9NR/2021,728,786
hCoV-19/England/DHSC-CYDENIW/2021,728,831
hCoV-19/England/DHSC-CYDEIS9/2021,728,789
hCoV-19/England/DHSC-CYDAW7T/2021,728,789
hCoV-19/England/DHSC-CYD77Y3/2021,728,789
hCoV-19/England/DHSC-CYD5F1O/2021,728,789
hCoV-19/England/DHSC-CYBUBZH/2021,728,789
hCoV-19/England/DHSC-CYBMGP7/2021,728,789
hCoV-19/England/DHSC-CYBJQNX/2021,728,789
hCoV-19/England/DHSC-CYBJOC3/2021,728,786
hCoV-19/England/DHSC-CYBI7MI/2021,728,789
hCoV-19/England/DHSC-CYBHH4J/2021,728,789
hCoV-19/England/DHSC-CYBG8MK/2021,728,789
hCoV-19/England/DHSC-CYB6FC3/2021,728,789
hCoV-19/England/BRBR-30FA45F/2021,728,740
hCoV-19/England/BRBR-3056CE0/2021,728,737
hCoV-19/England/BRBR-3056C86/2021,728,737
hCoV-19/England/BRBR-3056B98/2021,728,737
hCoV-19/England/BRBR-3056B89/2021,728,737
hCoV-19/England/BRBR-303FA89/2021,728,735
hCoV-19/England/BRBR-303F88F/2021,728,735
hCoV-19/England/BRBR-303F7BF/2021,728,735
hCoV-19/England/BRBR-303F773/2021,728,735
hCoV-19/England/ALDP-3122657/2021,728,741
hCoV-19/England/ALDP-3122253/2021,728,741
hCoV-19/England/ALDP-311FB4F/2021,728,742
hCoV-19/England/ALDP-3111CC2/2021,728,741
hCoV-19/England/ALDP-30E9CE2/2021,728,740
hCoV-19/England/ALDP-30E7EFD/2021,728,740
hCoV-19/England/ALDP-30DEEEA/2021,728,740
hCoV-19/England/ALDP-30BDC23/2021,728,738
hCoV-19/England/ALDP-30BDB80/2021,728,738
hCoV-19/England/ALDP-30B7087/2021,728,738
hCoV-19/England/ALDP-30B57A2/2021,728,738
hCoV-19/England/ALDP-30B53BD/2021,728,738
hCoV-19/England/ALDP-30B4EBD/2021,728,738
hCoV-19/England/ALDP-30B4C59/2021,728,738
hCoV-19/England/ALDP-30B4AB9/2021,728,738
hCoV-19/England/ALDP-309DB1D/2021,728,738
hCoV-19/England/ALDP-30894EC/2021,728,737
hCoV-19/England/ALDP-3089446/2021,728,737
hCoV-19/England/ALDP-30884ED/2021,728,737
hCoV-19/England/ALDP-3087493/2021,728,738
hCoV-19/England/ALDP-308735A/2021,728,738
hCoV-19/England/ALDP-30871D8/2021,728,738
hCoV-19/England/ALDP-308716F/2021,728,738
hCoV-19/England/ALDP-3086379/2021,728,737
hCoV-19/England/ALDP-30818BB/2021,728,737
hCoV-19/England/ALDP-307C3D0/2021,728,737
hCoV-19/England/ALDP-307112C/2021,728,737
hCoV-19/England/ALDP-307104D/2021,728,737
hCoV-19/England/ALDP-3070F50/2021,728,737
hCoV-19/England/ALDP-3070530/2021,728,737
hCoV-19/England/ALDP-306D42A/2021,728,737
hCoV-19/England/ALDP-306D41B/2021,728,737
hCoV-19/England/ALDP-306D0BD/2021,728,737
hCoV-19/England/ALDP-306CF75/2021,728,737
hCoV-19/England/ALDP-306C3B5/2021,728,737
hCoV-19/England/ALDP-306A9E2/2021,728,737
hCoV-19/England/ALDP-30643CC/2021,728,737
hCoV-19/England/ALDP-3064308/2021,728,737
hCoV-19/England/ALDP-306349D/2021,728,737
hCoV-19/England/ALDP-30631F0/2021,728,737
hCoV-19/England/ALDP-3063196/2021,728,737
hCoV-19/Wales/PHWC-PGHURC/2021,729,752
hCoV-19/Wales/PHWC-PGHSXU/2021,729,752
hCoV-19/Wales/PHWC-PGHI9U/2021,729,752
hCoV-19/Wales/PHWC-PGHEWS/2021,729,752
hCoV-19/Wales/PHWC-PG99FA/2021,729,754
hCoV-19/Wales/PHWC-PG7XN1/2021,729,753
hCoV-19/Wales/PHWC-PG7XBW/2021,729,753
hCoV-19/Wales/PHWC-PG7TB1/2021,729,753
hCoV-19/Wales/PHWC-PG7IEY/2021,729,753
hCoV-19/Wales/PHWC-PG5ZAB/2021,729,752
hCoV-19/Wales/PHWC-PG5AHA/2021,729,752
hCoV-19/Wales/PHWC-PG54XT/2021,729,752
hCoV-19/Wales/PHWC-PG4ZZF/2021,729,752
hCoV-19/Wales/PHWC-PG4ZAD/2021,729,752
hCoV-19/Wales/PHWC-PG4XNA/2021,729,752
hCoV-19/Wales/PHWC-PG4OW1/2021,729,752
hCoV-19/Wales/PHWC-PG4OSQ/2021,729,752
hCoV-19/Wales/PHWC-PG4MMK/2021,729,752
hCoV-19/Wales/PHWC-P8YQAY/2021,729,754
hCoV-19/Wales/PHWC-P8YMXS/2021,729,754
hCoV-19/Wales/PHWC-P8YKDX/2021,729,754
hCoV-19/Wales/PHWC-P8MB5T/2021,729,764
hCoV-19/Wales/PHWC-P8AX14/2021,729,773
hCoV-19/Wales/PHWC-P8AOFW/2021,729,773
hCoV-19/Wales/NORT-YBOYN4/2021,729,752
hCoV-19/Wales/NORT-YBOSNR/2021,729,754
hCoV-19/Wales/MILK-308A542/2021,729,737
hCoV-19/Wales/MILK-3080BA4/2021,729,738
hCoV-19/Wales/MILK-307D982/2021,729,738
hCoV-19/Wales/MILK-307D2F0/2021,729,738
hCoV-19/Wales/MILK-3078E4C/2021,729,737
hCoV-19/Wales/MILK-3078A75/2021,729,738
hCoV-19/Wales/MILK-30786EA/2021,729,738
hCoV-19/Wales/ALDP-30F63ED/2021,729,741
hCoV-19/Wales/ALDP-30E820F/2021,729,741
hCoV-19/Scotland/SCOT-2779/2021,729,752
hCoV-19/Scotland/SCOT-2772/2021,729,752
hCoV-19/Scotland/SCOT-2697/2021,729,752
hCoV-19/Scotland/QEUH-31A8C2A/2021,729,745
hCoV-19/Scotland/QEUH-30FFB46/2021,729,741
hCoV-19/Scotland/QEUH-30DD11F/2021,729,741
hCoV-19/Scotland/QEUH-30CFD0D/2021,729,741
hCoV-19/Scotland/QEUH-30CB897/2021,729,739
hCoV-19/Scotland/QEUH-30CB4C0/2021,729,739
hCoV-19/Scotland/QEUH-30ABB49/2021,729,738
hCoV-19/Scotland/QEUH-30ABA3D/2021,729,738
hCoV-19/Scotland/QEUH-30AA8AD/2021,729,738
hCoV-19/Scotland/QEUH-30AA49A/2021,729,738
hCoV-19/Scotland/QEUH-30AA430/2021,729,738
hCoV-19/Scotland/QEUH-30A9DDC/2021,729,738
hCoV-19/Scotland/QEUH-30A9C39/2021,729,738
hCoV-19/Scotland/QEUH-30A8450/2021,729,738
hCoV-19/Scotland/QEUH-30A82DE/2021,729,738
hCoV-19/Scotland/QEUH-30A5769/2021,729,738
hCoV-19/Scotland/QEUH-30A5611/2021,729,738
hCoV-19/Scotland/QEUH-30A14DF/2021,729,738
hCoV-19/Scotland/QEUH-30A0063/2021,729,738
hCoV-19/Scotland/QEUH-30A0027/2021,729,738
hCoV-19/Scotland/QEUH-309E086/2021,729,738
hCoV-19/Scotland/QEUH-309DD44/2021,729,738
hCoV-19/Scotland/QEUH-309DC56/2021,729,738
hCoV-19/Scotland/QEUH-309BAF4/2021,729,738
hCoV-19/Scotland/QEUH-308E8EB/2021,729,737
hCoV-19/Scotland/QEUH-308E678/2021,729,737
hCoV-19/Scotland/QEUH-308D05D/2021,729,738
hCoV-19/Scotland/QEUH-3087A28/2021,729,738
hCoV-19/Scotland/QEUH-3082CDC/2021,729,737
hCoV-19/Scotland/QEUH-30827EA/2021,729,737
hCoV-19/Scotland/QEUH-3082638/2021,729,737
hCoV-19/Scotland/QEUH-3080272/2021,729,737
hCoV-19/Scotland/QEUH-3080263/2021,729,737
hCoV-19/Scotland/QEUH-307C622/2021,729,737
hCoV-19/Scotland/QEUH-307653A/2021,729,737
hCoV-19/Scotland/QEUH-307651C/2021,729,737
hCoV-19/Scotland/QEUH-30761BE/2021,729,737
hCoV-19/Scotland/QEUH-3074BD0/2021,729,737
hCoV-19/Scotland/QEUH-3074AF1/2021,729,737
hCoV-19/Scotland/PLYM-30B420C/2021,729,738
hCoV-19/Scotland/BRBR-30FA52F/2021,729,741
hCoV-19/Scotland/BRBR-30FA2FB/2021,729,741
hCoV-19/Scotland/BRBR-30FA167/2021,729,741
hCoV-19/Scotland/ALDP-309D940/2021,729,738
hCoV-19/Scotland/ALDP-309D7DD/2021,729,738
hCoV-19/Scotland/ALDP-3090576/2021,729,738
hCoV-19/Scotland/ALDP-3090479/2021,729,738
hCoV-19/Scotland/ALDP-308F729/2021,729,738
hCoV-19/England/QEUH-30DD452/2021,729,739
hCoV-19/England/QEUH-30DD3A0/2021,729,739
hCoV-19/England/QEUH-30CDC99/2021,729,739
hCoV-19/England/QEUH-30CDB6F/2021,729,739
hCoV-19/England/QEUH-30CD4A0/2021,729,740
hCoV-19/England/QEUH-30CCAAF/2021,729,739
hCoV-19/England/QEUH-30CC6D8/2021,729,739
hCoV-19/England/QEUH-30CB7E5/2021,729,739
hCoV-19/England/QEUH-30C0BA8/2021,729,738
hCoV-19/England/QEUH-30BE7E5/2021,729,738
hCoV-19/England/QEUH-30B79E6/2021,729,738
hCoV-19/England/QEUH-30AC6A1/2021,729,738
hCoV-19/England/QEUH-30AAB59/2021,729,738
hCoV-19/England/QEUH-30AAA4D/2021,729,738
hCoV-19/England/QEUH-30AA9C8/2021,729,738
hCoV-19/England/QEUH-30AA2FA/2021,729,738
hCoV-19/England/QEUH-30A5444/2021,729,738
hCoV-19/England/QEUH-30A5259/2021,729,738
hCoV-19/England/QEUH-30A520E/2021,729,738
hCoV-19/England/QEUH-309F47A/2021,729,738
hCoV-19/England/QEUH-30948F1/2021,729,738
hCoV-19/England/QEUH-309479A/2021,729,738
hCoV-19/England/QEUH-3094730/2021,729,738
hCoV-19/England/QEUH-3094563/2021,729,738
hCoV-19/England/QEUH-309369E/2021,729,738
hCoV-19/England/QEUH-3091F3B/2021,729,738
hCoV-19/England/QEUH-308F4AA/2021,729,737
hCoV-19/England/QEUH-3079810/2021,729,737
hCoV-19/England/QEUH-3074B3A/2021,729,737
hCoV-19/England/QEUH-3073E23/2021,729,738
hCoV-19/England/QEUH-3073A3E/2021,729,738
hCoV-19/England/PLYM-31947C6/2021,729,745
hCoV-19/England/PLYM-30AF143/2021,729,738
hCoV-19/England/PLYM-30AE979/2021,729,738
hCoV-19/England/PLYM-30ABDBC/2021,729,738
hCoV-19/England/PHWC-PGHZTP/2021,729,752
hCoV-19/England/PHWC-PG55E6/2021,729,752
hCoV-19/England/PHEC-YYNQH7M/2021,729,779
hCoV-19/England/PHEC-YYNHQBI/2021,729,797
hCoV-19/England/PHEC-YYNBKDC/2021,729,759
hCoV-19/England/PHEC-YYN8HWM/2021,729,769
hCoV-19/England/PHEC-YYBHYES/2021,729,752
hCoV-19/England/PHEC-YYBHJ6Y/2021,729,752
hCoV-19/England/PHEC-YYBHCPY/2021,729,752
hCoV-19/England/PHEC-YYB9RWU/2021,729,757
hCoV-19/England/PHEC-YYB9RSX/2021,729,757
hCoV-19/England/PHEC-YYB9R3J/2021,729,757
hCoV-19/England/PHEC-YYB9FW1/2021,729,757
hCoV-19/England/PHEC-YYB9FO4/2021,729,757
hCoV-19/England/PHEC-YYB9FNZ/2021,729,757
hCoV-19/England/PHEC-YYB9FJJ/2021,729,757
hCoV-19/England/PHEC-YYB9FDI/2021,729,757
hCoV-19/England/PHEC-YYB9F5R/2021,729,757
hCoV-19/England/PHEC-YYB9F3E/2021,729,757
hCoV-19/England/PHEC-YYB9F1S/2021,729,757
hCoV-19/England/PHEC-YYB5CYH/2021,729,751
hCoV-19/England/PHEC-YYB3ZHH/2021,729,749
hCoV-19/England/PHEC-YYB3YHU/2021,729,746
hCoV-19/England/PHEC-YYB3Y33/2021,729,746
hCoV-19/England/PHEC-YYB3WYA/2021,729,749
hCoV-19/England/PHEC-YYB3WBS/2021,729,749
hCoV-19/England/PHEC-YYB3IX3/2021,729,749
hCoV-19/England/PHEC-YYB3BOK/2021,729,746
hCoV-19/England/PHEC-YYB34JY/2021,729,749
hCoV-19/England/PHEC-4T038Z4E/2021,729,777
hCoV-19/England/PHEC-4T036Z71/2021,729,777
hCoV-19/England/PHEC-4T035Z56/2021,729,777
hCoV-19/England/PHEC-4T032ZC8/2021,729,777
hCoV-19/England/PHEC-4T032Z9B/2021,729,777
hCoV-19/England/PHEC-4L0A6ZE3/2021,729,749
hCoV-19/England/NORW-314C148/2021,729,766
hCoV-19/England/NORW-313431E/2021,729,753
hCoV-19/England/NORW-3129A8E/2021,729,753
hCoV-19/England/NORW-3128AD6/2021,729,753
hCoV-19/England/NORW-31289D7/2021,729,753
hCoV-19/England/NORW-3126147/2021,729,753
hCoV-19/England/NORW-312512D/2021,729,761
hCoV-19/England/NORT-YBXHSA/2021,729,752
hCoV-19/England/NORT-YBMONI/2021,729,748
hCoV-19/England/NEWC-30793C4/2021,729,737
hCoV-19/England/NEWC-3079203/2021,729,737
hCoV-19/England/NEWC-3079142/2021,729,737
hCoV-19/England/NEWC-30790CD/2021,729,737
hCoV-19/England/MILK-30B3285/2021,729,738
hCoV-19/England/MILK-30AFA1B/2021,729,738
hCoV-19/England/MILK-30AEDAA/2021,729,738
hCoV-19/England/MILK-30AECAD/2021,729,738
hCoV-19/England/MILK-30AEB55/2021,729,738
hCoV-19/England/MILK-30AE28D/2021,729,738
hCoV-19/England/MILK-30AE27E/2021,729,738
hCoV-19/England/MILK-3095377/2021,729,738
hCoV-19/England/MILK-3092978/2021,729,738
hCoV-19/England/MILK-308A76A/2021,729,737
hCoV-19/England/MILK-3084BEC/2021,729,737
hCoV-19/England/MILK-30847AC/2021,729,737
hCoV-19/England/MILK-3083910/2021,729,737
hCoV-19/England/MILK-30835C1/2021,729,737
hCoV-19/England/MILK-308203A/2021,729,737
hCoV-19/England/MILK-3081FF2/2021,729,737
hCoV-19/England/MILK-3081E13/2021,729,737
hCoV-19/England/MILK-307EA7F/2021,729,737
hCoV-19/England/MILK-307E07D/2021,729,737
hCoV-19/England/MILK-307DB22/2021,729,737
hCoV-19/England/MILK-307D409/2021,729,737
hCoV-19/England/MILK-307D393/2021,729,737
hCoV-19/England/MILK-307BACD/2021,729,737
hCoV-19/England/MILK-307BABE/2021,729,737
hCoV-19/England/MILK-307BAAF/2021,729,737
hCoV-19/England/MILK-307B939/2021,729,737
hCoV-19/England/MILK-307B75D/2021,729,737
hCoV-19/England/MILK-307B6AB/2021,729,737
hCoV-19/England/MILK-307B553/2021,729,737
hCoV-19/England/MILK-307B1C8/2021,729,737
hCoV-19/England/MILK-307B0AD/2021,729,737
hCoV-19/England/MILK-307AE4A/2021,729,737
hCoV-19/England/MILK-3078E3D/2021,729,737
hCoV-19/England/MILK-30787D8/2021,729,737
hCoV-19/England/MILK-307736C/2021,729,737
hCoV-19/England/MILK-3076D7E/2021,729,737
hCoV-19/England/MILK-3072C2A/2021,729,737
hCoV-19/England/MILK-3071CC1/2021,729,737
hCoV-19/England/MILK-3071B88/2021,729,737
hCoV-19/England/MILK-306BBEB/2021,729,737
hCoV-19/England/MILK-3068683/2021,729,737
hCoV-19/England/MILK-3068656/2021,729,737
hCoV-19/England/MILK-306843E/2021,729,737
hCoV-19/England/MILK-3065817/2021,729,737
hCoV-19/England/MILK-3065352/2021,729,737
hCoV-19/England/MILK-305F6AD/2021,729,737
hCoV-19/England/MILK-305CB65/2021,729,737
hCoV-19/England/LSPA-30F2A0A/2021,729,743
hCoV-19/England/LSPA-30F2660/2021,729,743
hCoV-19/England/LSPA-30E8AF8/2021,729,740
hCoV-19/England/LSPA-30D5D8C/2021,729,742
hCoV-19/England/LSPA-30D5CE9/2021,729,742
hCoV-19/England/LSPA-30CC052/2021,729,739
hCoV-19/England/LSPA-30CB299/2021,729,738
hCoV-19/England/LSPA-30CB25D/2021,729,738
hCoV-19/England/LSPA-30CB026/2021,729,738
hCoV-19/England/LSPA-30C9C33/2021,729,738
hCoV-19/England/LSPA-30C9AB1/2021,729,738
hCoV-19/England/LSPA-30C9820/2021,729,738
hCoV-19/England/LSPA-30C9811/2021,729,738
hCoV-19/England/LSPA-30C3A5D/2021,729,738
hCoV-19/England/LSPA-30A802F/2021,729,738
hCoV-19/England/LSPA-30A7CE0/2021,729,738
hCoV-19/England/LSPA-2F6068F/2021,729,730
hCoV-19/England/LOND-YYBYQC3/2021,729,752
hCoV-19/England/LOND-YYBNKHA/2021,729,759
hCoV-19/England/LOND-YYBNDP6/2021,729,753
hCoV-19/England/DHSC-CYYWIN1/2021,729,786
hCoV-19/England/DHSC-CYYSXKR/2021,729,789
hCoV-19/England/DHSC-CYYS9KW/2021,729,789
hCoV-19/England/DHSC-CYYMIE3/2021,729,786
hCoV-19/England/DHSC-CYY9IXN/2021,729,786
hCoV-19/England/DHSC-CYY6UTB/2021,729,789
hCoV-19/England/DHSC-CYY3BXN/2021,729,789
hCoV-19/England/DHSC-CYNZUTP/2021,729,786
hCoV-19/England/DHSC-CYNZFZX/2021,729,786
hCoV-19/England/DHSC-CYNY6NO/2021,729,789
hCoV-19/England/DHSC-CYNUIC6/2021,729,789
hCoV-19/England/DHSC-CYNKHPE/2021,729,786
hCoV-19/England/DHSC-CYNFUFM/2021,729,789
hCoV-19/England/DHSC-CYNBDNJ/2021,729,789
hCoV-19/England/DHSC-CYNAE1W/2021,729,789
hCoV-19/England/DHSC-CYDXB9U/2021,729,789
hCoV-19/England/DHSC-CYDTT1A/2021,729,789
hCoV-19/England/DHSC-CYDTE8A/2021,729,786
hCoV-19/England/DHSC-CYDJWOK/2021,729,786
hCoV-19/England/DHSC-CYDEBXN/2021,729,789
hCoV-19/England/DHSC-CYDDKET/2021,729,789
hCoV-19/England/DHSC-CYDAFSQ/2021,729,786
hCoV-19/England/DHSC-CYD7HIX/2021,729,789
hCoV-19/England/DHSC-CYD43CM/2021,729,789
hCoV-19/England/DHSC-CYD1TAK/2021,729,789
hCoV-19/England/DHSC-CYBXKPT/2021,729,789
hCoV-19/England/DHSC-CYBQ8HZ/2021,729,789
hCoV-19/England/DHSC-CYBI1WP/2021,729,831
hCoV-19/England/DHSC-CYBHGM6/2021,729,789
hCoV-19/England/DHSC-CYB9S6B/2021,729,789
hCoV-19/England/DHSC-CYB7NIM/2021,729,786
hCoV-19/England/DHSC-CYB4S6M/2021,729,789
hCoV-19/England/DHSC-CYB1IX5/2021,729,789
hCoV-19/England/BRBR-30F7CF0/2021,729,740
hCoV-19/England/BRBR-30F7935/2021,729,740
hCoV-19/England/ALDP-312DE18/2021,729,742
hCoV-19/England/ALDP-3125320/2021,729,741
hCoV-19/England/ALDP-31251EA/2021,729,741
hCoV-19/England/ALDP-3125135/2021,729,741
hCoV-19/England/ALDP-3124FD2/2021,729,741
hCoV-19/England/ALDP-3124C44/2021,729,741
hCoV-19/England/ALDP-312254B/2021,729,741
hCoV-19/England/ALDP-312111B/2021,729,742
hCoV-19/England/ALDP-311FD3A/2021,729,742
hCoV-19/England/ALDP-311FB6D/2021,729,742
hCoV-19/England/ALDP-311F9BE/2021,729,742
hCoV-19/England/ALDP-311F972/2021,729,742
hCoV-19/England/ALDP-30F767A/2021,729,740
hCoV-19/England/ALDP-30F74BC/2021,729,740
hCoV-19/England/ALDP-30F6295/2021,729,740
hCoV-19/England/ALDP-30F612F/2021,729,740
hCoV-19/England/ALDP-30F491A/2021,729,742
hCoV-19/England/ALDP-30F47D4/2021,729,742
hCoV-19/England/ALDP-30F4543/2021,729,742
hCoV-19/England/ALDP-30F3483/2021,729,740
hCoV-19/England/ALDP-30EB5E5/2021,729,742
hCoV-19/England/ALDP-30E8418/2021,729,740
hCoV-19/England/ALDP-30E6614/2021,729,740
hCoV-19/England/ALDP-30E12E8/2021,729,742
hCoV-19/England/ALDP-30DE56D/2021,729,740
hCoV-19/England/ALDP-30BC18F/2021,729,738
hCoV-19/England/ALDP-30BBEB6/2021,729,738
hCoV-19/England/ALDP-30BBE3E/2021,729,738
hCoV-19/England/ALDP-30B5159/2021,729,738
hCoV-19/England/ALDP-30B4BB6/2021,729,738
hCoV-19/England/ALDP-309DA7A/2021,729,738
hCoV-19/England/ALDP-30910ED/2021,729,737
hCoV-19/England/ALDP-309051C/2021,729,738
hCoV-19/England/ALDP-309036D/2021,729,738
hCoV-19/England/ALDP-308A041/2021,729,737
hCoV-19/England/ALDP-3089F45/2021,729,737
hCoV-19/England/ALDP-30862C7/2021,729,737
hCoV-19/England/ALDP-30819E5/2021,729,737
hCoV-19/England/ALDP-307F22B/2021,729,737
hCoV-19/England/ALDP-307C23D/2021,729,737
hCoV-19/England/ALDP-3075B1B/2021,729,737
hCoV-19/England/ALDP-3075A5A/2021,729,737
hCoV-19/England/ALDP-3074402/2021,729,738
hCoV-19/England/ALDP-30732BE/2021,729,738
hCoV-19/Wales/PLYM-30A93E9/2021,730,738
hCoV-19/Wales/PHWC-PGHYR9/2021,730,752
hCoV-19/Wales/PHWC-PG59XC/2021,730,752
hCoV-19/Wales/PHWC-PG59T8/2021,730,752
hCoV-19/Wales/PHWC-PG59JA/2021,730,752
hCoV-19/Wales/PHWC-PG597X/2021,730,752
hCoV-19/Wales/PHWC-PG577T/2021,730,752
hCoV-19/Wales/PHWC-PG56PT/2021,730,752
hCoV-19/Wales/PHWC-P8YOGD/2021,730,754
hCoV-19/Wales/PHWC-P8MGBB/2021,730,764
hCoV-19/Wales/PHWC-P8J5RK/2021,730,760
hCoV-19/Wales/PHWC-P8FBCH/2021,730,757
hCoV-19/Wales/PHWC-P8D5QN/2021,730,757
hCoV-19/Wales/PHWC-P8D5ME/2021,730,757
hCoV-19/Wales/PHWC-P8AX3C/2021,730,773
hCoV-19/Wales/NORT-YBTGIM/2021,730,754
hCoV-19/Wales/ALDP-31363E0/2021,730,742
hCoV-19/Wales/ALDP-30B5CB2/2021,730,741
hCoV-19/Scotland/SCOT-2930/2021,730,758
hCoV-19/Scotland/QEUH-30CFE55/2021,730,741
hCoV-19/Scotland/QEUH-30CCBCA/2021,730,739
hCoV-19/Scotland/QEUH-309F498/2021,730,738
hCoV-19/Scotland/NORT-YBOWQQ/2021,730,754
hCoV-19/Scotland/NEWC-30ECB00/2021,730,745
hCoV-19/Scotland/CVR14733/2021,730,826
hCoV-19/Scotland/BRBR-30FA246/2021,730,741
hCoV-19/Scotland/ALDP-309AF41/2021,730,738
hCoV-19/Scotland/ALDP-3092E1F/2021,730,738
hCoV-19/Scotland/ALDP-3092D6D/2021,730,738
hCoV-19/Scotland/ALDP-3092547/2021,730,737
hCoV-19/Scotland/ALDP-309087D/2021,730,738
hCoV-19/Scotland/ALDP-309086E/2021,730,738
hCoV-19/Scotland/ALDP-3090813/2021,730,738
hCoV-19/Scotland/ALDP-30907AD/2021,730,738
hCoV-19/England/QEUH-315FB52/2021,730,744
hCoV-19/England/QEUH-3154003/2021,730,743
hCoV-19/England/QEUH-310158E/2021,730,740
hCoV-19/England/QEUH-3101111/2021,730,740
hCoV-19/England/QEUH-3100BD8/2021,730,740
hCoV-19/England/QEUH-30DF317/2021,730,740
hCoV-19/England/QEUH-30DF308/2021,730,740
hCoV-19/England/QEUH-30DD16A/2021,730,739
hCoV-19/England/QEUH-30D3B84/2021,730,740
hCoV-19/England/QEUH-30CC8A5/2021,730,739
hCoV-19/England/QEUH-30A9F4F/2021,730,738
hCoV-19/England/QEUH-30A8CC1/2021,730,738
hCoV-19/England/QEUH-30A118D/2021,730,738
hCoV-19/England/QEUH-309F692/2021,730,738
hCoV-19/England/QEUH-3094396/2021,730,738
hCoV-19/England/PLYM-31B88AB/2021,730,747
hCoV-19/England/PLYM-313781D/2021,730,743
hCoV-19/England/PLYM-312BA9E/2021,730,743
hCoV-19/England/PLYM-30AF0A0/2021,730,738
hCoV-19/England/PLYM-30AF037/2021,730,738
hCoV-19/England/PLYM-30ABD16/2021,730,738
hCoV-19/England/PLYM-30A9307/2021,730,738
hCoV-19/England/PLYM-30980F5/2021,730,738
hCoV-19/England/PLYM-30980E6/2021,730,738
hCoV-19/England/PHWC-PGHCMF/2021,730,752
hCoV-19/England/PHWC-PG5IWM/2021,730,752
hCoV-19/England/PHWC-P8D5BH/2021,730,757
hCoV-19/England/PHEP-YYDQBKC/2021,730,753
hCoV-19/England/PHEC-YYNYD3E/2021,730,758
hCoV-19/England/PHEC-YYNQ57C/2021,730,779
hCoV-19/England/PHEC-YYNQ4EA/2021,730,779
hCoV-19/England/PHEC-YYNCU8F/2021,730,778
hCoV-19/England/PHEC-YYNAGTR/2021,730,792
hCoV-19/England/PHEC-YYNAGS4/2021,730,792
hCoV-19/England/PHEC-YYBHOYS/2021,730,753
hCoV-19/England/PHEC-YYB9R97/2021,730,757
hCoV-19/England/PHEC-YYB9AGH/2021,730,758
hCoV-19/England/PHEC-YYB91ID/2021,730,757
hCoV-19/England/PHEC-YYB7HPQ/2021,730,754
hCoV-19/England/PHEC-YYB79R7/2021,730,754
hCoV-19/England/PHEC-YYB5TSK/2021,730,751
hCoV-19/England/PHEC-YYB5CKE/2021,730,751
hCoV-19/England/PHEC-YYB596C/2021,730,752
hCoV-19/England/PHEC-YYB57MI/2021,730,752
hCoV-19/England/PHEC-YYB4CT5/2021,730,748
hCoV-19/England/PHEC-YYB46HU/2021,730,750
hCoV-19/England/PHEC-YYB3IC9/2021,730,749
hCoV-19/England/PHEC-5P04FZ75/2021,730,772
hCoV-19/England/PHEC-5P04EZB4/2021,730,772
hCoV-19/England/PHEC-4T039Z4B/2021,730,777
hCoV-19/England/PHEC-4T038Z11/2021,730,777
hCoV-19/England/PHEC-4T037Z8D/2021,730,777
hCoV-19/England/PHEC-4T037Z6F/2021,730,777
hCoV-19/England/PHEC-4T037Z41/2021,730,777
hCoV-19/England/PHEC-4T036ZF9/2021,730,777
hCoV-19/England/PHEC-4T035ZDE/2021,730,777
hCoV-19/England/PHEC-4T035Z92/2021,730,777
hCoV-19/England/PHEC-4T034Z59/2021,730,777
hCoV-19/England/PHEC-4T033ZB6/2021,730,777
hCoV-19/England/PHEC-4T033Z10/2021,730,777
hCoV-19/England/PHEC-4T032ZF5/2021,730,777
hCoV-19/England/PHEC-4T032Z22/2021,730,777
hCoV-19/England/PHEC-4T031ZF8/2021,730,777
hCoV-19/England/PHEC-4T031ZE9/2021,730,777
hCoV-19/England/PHEC-4R0ACZ0F/2021,730,760
hCoV-19/England/NORW-319A9DC/2021,730,790
hCoV-19/England/NORW-3131CB6/2021,730,753
hCoV-19/England/NORW-312F3A5/2021,730,753
hCoV-19/England/NORW-312AF24/2021,730,753
hCoV-19/England/NORT-YBXUWF/2021,730,752
hCoV-19/England/NORT-YBX9T9/2021,730,752
hCoV-19/England/NORT-YBX9BY/2021,730,752
hCoV-19/England/NORT-YBX7I3/2021,730,752
hCoV-19/England/NORT-YBOZAS/2021,730,754
hCoV-19/England/NORT-YBOYQN/2021,730,752
hCoV-19/England/NORT-YBOYME/2021,730,752
hCoV-19/England/NORT-YBM9WB/2021,730,750
hCoV-19/England/NORT-YBCWK9/2021,730,750
hCoV-19/England/NORT-YBCQFX/2021,730,750
hCoV-19/England/NORT-YBCPKG/2021,730,750
hCoV-19/England/NORT-YBCP4F/2021,730,750
hCoV-19/England/NORT-YBCMB4/2021,730,750
hCoV-19/England/NORT-YBCFT9/2021,730,750
hCoV-19/England/MILK-3160D3A/2021,730,743
hCoV-19/England/MILK-314ABC3/2021,730,743
hCoV-19/England/MILK-3138B6E/2021,730,743
hCoV-19/England/MILK-30D875E/2021,730,739
hCoV-19/England/MILK-30D79E0/2021,730,742
hCoV-19/England/MILK-30D776E/2021,730,742
hCoV-19/England/MILK-30D0677/2021,730,739
hCoV-19/England/MILK-30CF918/2021,730,739
hCoV-19/England/MILK-30C249C/2021,730,739
hCoV-19/England/MILK-30C07FF/2021,730,738
hCoV-19/England/MILK-30BC592/2021,730,738
hCoV-19/England/MILK-30B2D1C/2021,730,743
hCoV-19/England/MILK-30A5CE2/2021,730,738
hCoV-19/England/MILK-309A9F8/2021,730,738
hCoV-19/England/MILK-3099F60/2021,730,738
hCoV-19/England/MILK-3095438/2021,730,738
hCoV-19/England/MILK-30952F2/2021,730,738
hCoV-19/England/MILK-3092B27/2021,730,738
hCoV-19/England/LSPA-316E68C/2021,730,744
hCoV-19/England/LSPA-316D7B7/2021,730,743
hCoV-19/England/LSPA-30F5894/2021,730,742
hCoV-19/England/LSPA-30F5542/2021,730,742
hCoV-19/England/LSPA-30F0231/2021,730,745
hCoV-19/England/LSPA-30F0091/2021,730,745
hCoV-19/England/LSPA-309D1B1/2021,730,738
hCoV-19/England/LOND-YYBYQRJ/2021,730,752
hCoV-19/England/LOND-YYBYP55/2021,730,752
hCoV-19/England/LOND-YYBYKRP/2021,730,747
hCoV-19/England/LOND-YYBNF63/2021,730,753
hCoV-19/England/HSLL-30ECA21/2021,730,745
hCoV-19/England/DHSC-CYYIEOY/2021,730,789
hCoV-19/England/DHSC-CYYD5G8/2021,730,789
hCoV-19/England/DHSC-CYYA9U7/2021,730,789
hCoV-19/England/DHSC-CYYA3Z5/2021,730,831
hCoV-19/England/DHSC-CYY47MC/2021,730,786
hCoV-19/England/DHSC-CYNHUDY/2021,730,789
hCoV-19/England/DHSC-CYNERHF/2021,730,789
hCoV-19/England/DHSC-CYNBAOZ/2021,730,786
hCoV-19/England/DHSC-CYDYTRA/2021,730,786
hCoV-19/England/DHSC-CYDYPYR/2021,730,789
hCoV-19/England/DHSC-CYDXQR7/2021,730,789
hCoV-19/England/DHSC-CYDXNUK/2021,730,786
hCoV-19/England/DHSC-CYDTGO8/2021,730,789
hCoV-19/England/DHSC-CYDK1TE/2021,730,789
hCoV-19/England/DHSC-CYDE8ZM/2021,730,786
hCoV-19/England/DHSC-CYDDSHH/2021,730,789
hCoV-19/England/DHSC-CYDC9BA/2021,730,786
hCoV-19/England/DHSC-CYD7PMU/2021,730,786
hCoV-19/England/DHSC-CYD7KS9/2021,730,789
hCoV-19/England/DHSC-CYBQQJZ/2021,730,831
hCoV-19/England/DHSC-CYBK7R4/2021,730,789
hCoV-19/England/DHSC-CYBG73Z/2021,730,789
hCoV-19/England/DHSC-CYBARAP/2021,730,786
hCoV-19/England/DHSC-CYB55Z1/2021,730,786
hCoV-19/England/DHSC-CYB4MP3/2021,730,786
hCoV-19/England/ALDP-315B224/2021,730,743
hCoV-19/England/ALDP-315B093/2021,730,743
hCoV-19/England/ALDP-31240FD/2021,730,741
hCoV-19/England/ALDP-311FD94/2021,730,742
hCoV-19/England/ALDP-3110B02/2021,730,740
hCoV-19/England/ALDP-30F8011/2021,730,740
hCoV-19/England/ALDP-30E1190/2021,730,742
hCoV-19/England/ALDP-30C8AB2/2021,730,740
hCoV-19/England/ALDP-30C55C3/2021,730,739
hCoV-19/England/ALDP-30C5323/2021,730,739
hCoV-19/England/ALDP-30C510B/2021,730,739
hCoV-19/England/ALDP-30C2DCE/2021,730,739
hCoV-19/England/ALDP-30BB6CD/2021,730,738
hCoV-19/England/ALDP-30BB41E/2021,730,738
hCoV-19/England/ALDP-30BB2C9/2021,730,738
hCoV-19/England/ALDP-30B9F4C/2021,730,738
hCoV-19/England/ALDP-30B943E/2021,730,738
hCoV-19/England/ALDP-30B90C1/2021,730,738
hCoV-19/England/ALDP-30B744F/2021,730,738
hCoV-19/England/ALDP-309B1D1/2021,730,738
hCoV-19/England/ALDP-309B0A7/2021,730,738
hCoV-19/England/ALDP-309ADCF/2021,730,738
hCoV-19/England/ALDP-30915B1/2021,730,737
hCoV-19/England/ALDP-30912BA/2021,730,737
hCoV-19/England/ALDP-309119F/2021,730,737
hCoV-19/England/ALDP-3091117/2021,730,737
hCoV-19/England/ALDP-308F9AB/2021,730,738
hCoV-19/England/ALDP-307E480/2021,730,737
hCoV-19/Wales/PHWC-PGHYS4/2022,731,752
hCoV-19/Wales/PHWC-PGHNKT/2022,731,752
hCoV-19/Wales/PHWC-PGH5WD/2022,731,753
hCoV-19/Wales/PHWC-P88KS4/2022,731,758
hCoV-19/Wales/MILK-30AE3B7/2022,731,738
hCoV-19/Scotland/SCOT-2944/2022,731,758
hCoV-19/Scotland/QEUH-31D302A/2022,731,748
hCoV-19/Scotland/QEUH-30D30B2/2022,731,741
hCoV-19/Scotland/QEUH-30CFCB5/2022,731,741
hCoV-19/Scotland/QEUH-30CDA71/2022,731,739
hCoV-19/Scotland/QEUH-30BEB9E/2022,731,738
hCoV-19/Scotland/NEWC-30D99EE/2022,731,742
hCoV-19/Scotland/NEWC-30D243F/2022,731,741
hCoV-19/Scotland/EDB38200/2022,731,765
hCoV-19/Scotland/EDB38193/2022,731,765
hCoV-19/Scotland/EDB36471/2022,731,752
hCoV-19/Scotland/EDB35097/2022,731,758
hCoV-19/England/QEUH-31023DE/2022,731,740
hCoV-19/England/QEUH-310168B/2022,731,740
hCoV-19/England/PLYM-310A5A3/2022,731,741
hCoV-19/England/PLYM-30B0006/2022,731,738
hCoV-19/England/PLYM-30AFD9A/2022,731,738
hCoV-19/England/PLYM-30AD585/2022,731,738
hCoV-19/England/PLYM-30AD3D6/2022,731,738
hCoV-19/England/PLYM-30AC0C1/2022,731,738
hCoV-19/England/PLYM-30AC067/2022,731,738
hCoV-19/England/PLYM-30A97FC/2022,731,738
hCoV-19/England/PLYM-30A971A/2022,731,738
hCoV-19/England/PLYM-30A92CE/2022,731,738
hCoV-19/England/PLYM-309FF3D/2022,731,738
hCoV-19/England/PHWC-PGHUXS/2022,731,753
hCoV-19/England/PHWC-PGHGET/2022,731,753
hCoV-19/England/PHWC-PGHDPK/2022,731,753
hCoV-19/England/PHEC-YYNA8ZZ/2022,731,792
hCoV-19/England/PHEC-YYB9TR8/2022,731,757
hCoV-19/England/PHEC-YYB9RQY/2022,731,757
hCoV-19/England/PHEC-YYB9AO8/2022,731,758
hCoV-19/England/PHEC-YYB95TN/2022,731,758
hCoV-19/England/PHEC-YYB5TZE/2022,731,751
hCoV-19/England/PHEC-YYB56XC/2022,731,752
hCoV-19/England/PHEC-YYB3HKH/2022,731,749
hCoV-19/England/PHEC-5X0BDZ92/2022,731,821
hCoV-19/England/PHEC-5X0BBZ7A/2022,731,821
hCoV-19/England/PHEC-5X0BAZ13/2022,731,821
hCoV-19/England/PHEC-5X0B9Z43/2022,731,821
hCoV-19/England/PHEC-5X0B8Z64/2022,731,821
hCoV-19/England/PHEC-5U0BFZ05/2022,731,785
hCoV-19/England/PHEC-5U0BEZAE/2022,731,785
hCoV-19/England/PHEC-5U0BEZ17/2022,731,785
hCoV-19/England/PHEC-5U0BDZFC/2022,731,785
hCoV-19/England/PHEC-5U0BCZ86/2022,731,785
hCoV-19/England/PHEC-5U0BCZ59/2022,731,785
hCoV-19/England/PHEC-5U054Z39/2022,731,785
hCoV-19/England/PHEC-5Q0A7ZB3/2022,731,779
hCoV-19/England/PHEC-5Q0A4ZCB/2022,731,779
hCoV-19/England/PHEC-5Q0A3ZEC/2022,731,779
hCoV-19/England/PHEC-5Q0A3Z82/2022,731,779
hCoV-19/England/PHEC-5Q0A2Z85/2022,731,779
hCoV-19/England/PHEC-5P051ZBA/2022,731,772
hCoV-19/England/PHEC-5P04FZC0/2022,731,772
hCoV-19/England/PHEC-5P04FZ84/2022,731,772
hCoV-19/England/NORW-3165450/2022,731,774
hCoV-19/England/NORW-315CD75/2022,731,774
hCoV-19/England/NORW-315A400/2022,731,774
hCoV-19/England/NORW-315134C/2022,731,774
hCoV-19/England/NORW-3148E6F/2022,731,766
hCoV-19/England/NORW-31489E3/2022,731,766
hCoV-19/England/NORW-31321A1/2022,731,753
hCoV-19/England/NEWC-312056B/2022,731,741
hCoV-19/England/MILK-314C271/2022,731,744
hCoV-19/England/MILK-314C0C2/2022,731,744
hCoV-19/England/MILK-314BFB7/2022,731,744
hCoV-19/England/MILK-311E8A3/2022,731,741
hCoV-19/England/MILK-30D92F2/2022,731,739
hCoV-19/England/MILK-30D9034/2022,731,739
hCoV-19/England/MILK-30D792C/2022,731,742
hCoV-19/England/MILK-30D786B/2022,731,742
hCoV-19/England/MILK-30D7722/2022,731,742
hCoV-19/England/MILK-30D2639/2022,731,739
hCoV-19/England/MILK-30D1D08/2022,731,739
hCoV-19/England/MILK-30D1BFF/2022,731,739
hCoV-19/England/MILK-30D1B86/2022,731,739
hCoV-19/England/MILK-30D1AA7/2022,731,739
hCoV-19/England/MILK-30CF66C/2022,731,739
hCoV-19/England/MILK-30CEA43/2022,731,739
hCoV-19/England/MILK-30CAD02/2022,731,739
hCoV-19/England/MILK-30C8F4A/2022,731,740
hCoV-19/England/MILK-30C8D9B/2022,731,740
hCoV-19/England/MILK-30C4676/2022,731,739
hCoV-19/England/MILK-30C42AF/2022,731,739
hCoV-19/England/MILK-30C0522/2022,731,738
hCoV-19/England/MILK-30BF456/2022,731,738
hCoV-19/England/MILK-30AF750/2022,731,738
hCoV-19/England/LSPA-30A7EEA/2022,731,738
hCoV-19/England/LOND-YYBNYQ9/2022,731,753
hCoV-19/England/LOND-YYBNG3N/2022,731,753
hCoV-19/England/LOND-YYBNF59/2022,731,753
hCoV-19/England/DHSC-CYYNDMZ/2022,731,789
hCoV-19/England/DHSC-CYYMF6H/2022,731,789
hCoV-19/England/DHSC-CYYIN5O/2022,731,786
hCoV-19/England/DHSC-CYNSZ1J/2022,731,786
hCoV-19/England/DHSC-CYNGRCK/2022,731,789
hCoV-19/England/DHSC-CYNDY4Z/2022,731,831
hCoV-19/England/DHSC-CYDTZAG/2022,731,786
hCoV-19/England/DHSC-CYDRYMU/2022,731,786
hCoV-19/England/DHSC-CYDQ611/2022,731,789
hCoV-19/England/DHSC-CYDNYGB/2022,731,789
hCoV-19/England/DHSC-CYDBKU6/2022,731,786
hCoV-19/England/DHSC-CYD6XHC/2022,731,789
hCoV-19/England/DHSC-CYD3HT9/2022,731,789
hCoV-19/England/DHSC-CYBZ3KZ/2022,731,789
hCoV-19/England/DHSC-CYBYD8N/2022,731,789
hCoV-19/England/DHSC-CYBIZC3/2022,731,789
hCoV-19/England/DHSC-CYB6SH8/2022,731,789
hCoV-19/England/BRBR-30DA76B/2022,731,742
hCoV-19/England/BRBR-30DA75C/2022,731,742
hCoV-19/England/BRBR-30D9957/2022,731,739
hCoV-19/England/ALDP-315BC44/2022,731,744
hCoV-19/England/ALDP-3126FB2/2022,731,741
hCoV-19/England/ALDP-30F475C/2022,731,742
hCoV-19/England/ALDP-30CE22D/2022,731,740
hCoV-19/England/ALDP-30B86C0/2022,731,738
hCoV-19/England/ALDP-30B6B96/2022,731,738
hCoV-19/England/ALDP-30B549C/2022,731,738
