hCoV-19/England/PHEC-YYFMWRJ/2022,865,880
hCoV-19/England/PHEC-YYFMTJN/2022,865,880
hCoV-19/England/PHEC-YYFMSHS/2022,865,880
hCoV-19/England/PHEC-YYFMK7Y/2022,865,880
hCoV-19/England/PHEC-YYFMJKE/2022,865,880
hCoV-19/England/PHEC-YYFMJ8Q/2022,865,880
hCoV-19/England/PHEC-YYFMINC/2022,865,880
hCoV-19/England/PHEC-YYFMGMJ/2022,865,880
hCoV-19/England/PHEC-YYFMFMK/2022,865,880
hCoV-19/England/PHEC-YYFMEZQ/2022,865,880
hCoV-19/England/PHEC-YYFMDSI/2022,865,880
hCoV-19/England/PHEC-YYFMB9F/2022,865,880
hCoV-19/England/PHEC-YYFKQ4R/2022,865,877
hCoV-19/England/PHEC-YYFKOSK/2022,865,880
hCoV-19/England/PHEC-YYFKONU/2022,865,880
hCoV-19/England/PHEC-YYFKOGM/2022,865,880
hCoV-19/England/PHEC-YYFCR8T/2022,865,883
hCoV-19/England/LSPA-3E1C6AE/2022,865,873
hCoV-19/England/PHEC-YYGUQR7/2022,866,964
hCoV-19/England/PHEC-YYFMZQ1/2022,866,882
hCoV-19/England/PHEC-YYFMWQI/2022,866,880
hCoV-19/England/PHEC-YYFMWJ9/2022,866,880
hCoV-19/England/PHEC-YYFMUSF/2022,866,880
hCoV-19/England/PHEC-YYFMUH3/2022,866,880
hCoV-19/England/PHEC-YYFMUDC/2022,866,880
hCoV-19/England/PHEC-YYFMTER/2022,866,880
hCoV-19/England/PHEC-YYFMT3B/2022,866,880
hCoV-19/England/PHEC-YYFMOP5/2022,866,880
hCoV-19/England/PHEC-YYFMOM9/2022,866,880
hCoV-19/England/PHEC-YYFMKZC/2022,866,880
hCoV-19/England/PHEC-YYFMK5R/2022,866,880
hCoV-19/England/PHEC-YYFMK1S/2022,866,880
hCoV-19/England/PHEC-YYFMHYJ/2022,866,881
hCoV-19/England/PHEC-YYFMHG7/2022,866,881
hCoV-19/England/PHEC-YYFMHF9/2022,866,881
hCoV-19/England/PHEC-YYFMH7Q/2022,866,881
hCoV-19/England/PHEC-YYFMGD3/2022,866,880
hCoV-19/England/PHEC-YYFMFXN/2022,866,880
hCoV-19/England/PHEC-YYFMFSU/2022,866,880
hCoV-19/England/PHEC-YYFMFJQ/2022,866,880
hCoV-19/England/PHEC-YYFMDW3/2022,866,880
hCoV-19/England/PHEC-YYFMDE1/2022,866,880
hCoV-19/England/PHEC-YYFMD5M/2022,866,880
hCoV-19/England/PHEC-YYFMBU7/2022,866,880
hCoV-19/England/PHEC-YYFM7YE/2022,866,881
hCoV-19/England/PHEC-YYFM7TF/2022,866,881
hCoV-19/England/PHEC-YYFM61N/2022,866,882
hCoV-19/England/PHEC-YYFM1WK/2022,866,880
hCoV-19/England/PHEC-YYFM1O1/2022,866,880
hCoV-19/England/PHEC-YYFM1IE/2022,866,880
hCoV-19/England/PHEC-YYFM16S/2022,866,880
hCoV-19/England/PHEC-YYFM15H/2022,866,880
hCoV-19/England/PHEC-YYFM13Y/2022,866,880
hCoV-19/England/PHEC-YYFKXZJ/2022,866,880
hCoV-19/England/PHEC-YYFKXSM/2022,866,880
hCoV-19/England/PHEC-YYFKX77/2022,866,880
hCoV-19/England/PHEC-YYFKX65/2022,866,880
hCoV-19/England/PHEC-YYFKOBI/2022,866,880
hCoV-19/England/PHEC-YYFCXKY/2022,866,887
hCoV-19/England/PHEC-YYFCRUA/2022,866,883
hCoV-19/England/PHEC-YYFCRTH/2022,866,883
hCoV-19/England/PHEC-YYFCREX/2022,866,883
hCoV-19/England/PHEC-YYFCR4K/2022,866,883
hCoV-19/England/PHEC-YYFCFWI/2022,866,883
hCoV-19/England/PHEC-YYFCFHF/2022,866,883
hCoV-19/England/PHEC-YYFCFAP/2022,866,883
hCoV-19/England/LSPA-3E1F799/2022,866,875
hCoV-19/England/LSPA-3E1D1BB/2022,866,873
hCoV-19/England/LSPA-3E1CCAC/2022,866,873
hCoV-19/England/LSPA-3E1C83F/2022,866,873
hCoV-19/England/PHEC-YYFPDRS/2022,867,887
hCoV-19/England/PHEC-YYFP7NY/2022,867,894
hCoV-19/England/PHEC-YYFMWDM/2022,867,880
hCoV-19/England/PHEC-YYFMWBX/2022,867,880
hCoV-19/England/PHEC-YYFMUXW/2022,867,880
hCoV-19/England/PHEC-YYFMUAB/2022,867,880
hCoV-19/England/PHEC-YYFMT9I/2022,867,880
hCoV-19/England/PHEC-YYFMT73/2022,867,880
hCoV-19/England/PHEC-YYFMT6Z/2022,867,880
hCoV-19/England/PHEC-YYFMOWC/2022,867,880
hCoV-19/England/PHEC-YYFMHXM/2022,867,881
hCoV-19/England/PHEC-YYFMHOE/2022,867,881
hCoV-19/England/PHEC-YYFMHJZ/2022,867,881
hCoV-19/England/PHEC-YYFMHI6/2022,867,881
hCoV-19/England/PHEC-YYFMHE3/2022,867,881
hCoV-19/England/PHEC-YYFMHAA/2022,867,881
hCoV-19/England/PHEC-YYFMH1R/2022,867,881
hCoV-19/England/PHEC-YYFMFQR/2022,867,880
hCoV-19/England/PHEC-YYFMFO9/2022,867,880
hCoV-19/England/PHEC-YYFMF15/2022,867,880
hCoV-19/England/PHEC-YYFM7M1/2022,867,881
hCoV-19/England/PHEC-YYFM6KU/2022,867,881
hCoV-19/England/PHEC-YYFM6EZ/2022,867,881
hCoV-19/England/PHEC-YYFM5T8/2022,867,881
hCoV-19/England/PHEC-YYFM5PO/2022,867,881
hCoV-19/England/PHEC-YYFM5MW/2022,867,881
hCoV-19/England/PHEC-YYFM5C1/2022,867,881
hCoV-19/England/PHEC-YYFM4MI/2022,867,881
hCoV-19/England/PHEC-YYFM3S9/2022,867,881
hCoV-19/England/PHEC-YYFM3IB/2022,867,881
hCoV-19/England/PHEC-YYFM34Z/2022,867,881
hCoV-19/England/PHEC-YYFM1P3/2022,867,880
hCoV-19/England/PHEC-YYFM1JB/2022,867,880
hCoV-19/England/PHEC-YYFM1FJ/2022,867,880
hCoV-19/England/PHEC-YYFM1DP/2022,867,880
hCoV-19/England/PHEC-YYFM18F/2022,867,880
hCoV-19/England/PHEC-YYFM146/2022,867,880
hCoV-19/England/PHEC-YYFCQIK/2022,867,887
hCoV-19/England/PHEC-YYFCFUZ/2022,867,883
hCoV-19/England/PHEC-YYFCFN4/2022,867,883
hCoV-19/England/PHEC-YYFCDXN/2022,867,883
hCoV-19/England/PHEC-YYFCDU3/2022,867,883
hCoV-19/England/PHEC-YYFCDQR/2022,867,883
hCoV-19/England/PHEC-YYFCDMK/2022,867,883
hCoV-19/England/PHEC-YYFCDJQ/2022,867,883
hCoV-19/England/PHEC-YYFCD9B/2022,867,883
hCoV-19/England/PHEC-YYFCD15/2022,867,883
hCoV-19/England/PHEC-YYFC67K/2022,867,887
hCoV-19/England/LSPA-3E1F2C5/2022,867,875
hCoV-19/England/BIE-LSUH003024/2022,867,884
hCoV-19/England/PHEC-YYFPI33/2022,868,891
hCoV-19/England/PHEC-YYFMXH7/2022,868,880
hCoV-19/England/PHEC-YYFMX75/2022,868,880
hCoV-19/England/PHEC-YYFMWPZ/2022,868,880
hCoV-19/England/PHEC-YYFMWM5/2022,868,880
hCoV-19/England/PHEC-YYFMWK7/2022,868,880
hCoV-19/England/PHEC-YYFMWGF/2022,868,880
hCoV-19/England/PHEC-YYFMORP/2022,868,880
hCoV-19/England/PHEC-YYFMONT/2022,868,880
hCoV-19/England/PHEC-YYFMOFM/2022,868,880
hCoV-19/England/PHEC-YYFMHZ4/2022,868,881
hCoV-19/England/PHEC-YYFMH4W/2022,868,881
hCoV-19/England/PHEC-YYFMH3S/2022,868,881
hCoV-19/England/PHEC-YYFM9DY/2022,868,882
hCoV-19/England/PHEC-YYFM7HX/2022,868,881
hCoV-19/England/PHEC-YYFM7EA/2022,868,881
hCoV-19/England/PHEC-YYFM79J/2022,868,881
hCoV-19/England/PHEC-YYFM6ND/2022,868,881
hCoV-19/England/PHEC-YYFM6MT/2022,868,881
hCoV-19/England/PHEC-YYFM6HQ/2022,868,882
hCoV-19/England/PHEC-YYFM6DB/2022,868,881
hCoV-19/England/PHEC-YYFM5Z5/2022,868,881
hCoV-19/England/PHEC-YYFM5WB/2022,868,881
hCoV-19/England/PHEC-YYFM5UD/2022,868,881
hCoV-19/England/PHEC-YYFM5QQ/2022,868,881
hCoV-19/England/PHEC-YYFM5I9/2022,868,881
hCoV-19/England/PHEC-YYFM4PT/2022,868,881
hCoV-19/England/PHEC-YYFM4N8/2022,868,881
hCoV-19/England/PHEC-YYFM4E5/2022,868,881
hCoV-19/England/PHEC-YYFM4DF/2022,868,881
hCoV-19/England/PHEC-YYFM3HU/2022,868,881
hCoV-19/England/PHEC-YYFM1ZR/2022,868,880
hCoV-19/England/PHEC-YYFCZCW/2022,868,887
hCoV-19/England/PHEC-YYFCYCM/2022,868,882
hCoV-19/England/PHEC-YYFCWJ7/2022,868,887
hCoV-19/England/PHEC-YYFCTK6/2022,868,887
hCoV-19/England/PHEC-YYFCQ1O/2022,868,887
hCoV-19/England/PHEC-YYFCNGI/2022,868,883
hCoV-19/England/PHEC-YYFCNFZ/2022,868,883
hCoV-19/England/PHEC-YYFCNAO/2022,868,883
hCoV-19/England/PHEC-YYFCN6R/2022,868,883
hCoV-19/England/PHEC-YYFCFO7/2022,868,883
hCoV-19/England/PHEC-YYFCF99/2022,868,883
hCoV-19/England/PHEC-YYFCF8O/2022,868,883
hCoV-19/England/PHEC-YYFCF13/2022,868,883
hCoV-19/England/PHEC-YYFCDPG/2022,868,883
hCoV-19/England/PHEC-YYFCD4M/2022,868,883
hCoV-19/England/PHEC-YYFC8NA/2022,868,883
hCoV-19/England/PHEC-YYFC8GO/2022,868,883
hCoV-19/England/PHEC-YYFC8F1/2022,868,883
hCoV-19/England/LSPA-3E224AB/2022,868,876
hCoV-19/England/PHEC-YYGJCKE/2022,869,945
hCoV-19/England/PHEC-YYGJCJK/2022,869,945
hCoV-19/England/PHEC-YYFM9ZZ/2022,869,882
hCoV-19/England/PHEC-YYFM9U9/2022,869,882
hCoV-19/England/PHEC-YYFM9R6/2022,869,882
hCoV-19/England/PHEC-YYFM9HP/2022,869,882
hCoV-19/England/PHEC-YYFM9AI/2022,869,882
hCoV-19/England/PHEC-YYFM6PP/2022,869,881
hCoV-19/England/PHEC-YYFM4XP/2022,869,881
hCoV-19/England/PHEC-YYFM4OK/2022,869,881
hCoV-19/England/PHEC-YYFM3UF/2022,869,881
hCoV-19/England/PHEC-YYFCZXQ/2022,869,887
hCoV-19/England/PHEC-YYFCZQO/2022,869,887
hCoV-19/England/PHEC-YYFCYW4/2022,869,882
hCoV-19/England/PHEC-YYFCYTY/2022,869,882
hCoV-19/England/PHEC-YYFCY3O/2022,869,882
hCoV-19/England/PHEC-YYFCY16/2022,869,882
hCoV-19/England/PHEC-YYFCTY1/2022,869,887
hCoV-19/England/PHEC-YYFCSYP/2022,869,887
hCoV-19/England/PHEC-YYFCNWA/2022,869,883
hCoV-19/England/PHEC-YYFCN7G/2022,869,883
hCoV-19/England/PHEC-YYFCN4C/2022,869,883
hCoV-19/England/PHEC-YYFCN1H/2022,869,883
hCoV-19/England/PHEC-YYFCJTZ/2022,869,884
hCoV-19/England/PHEC-YYFCDNH/2022,869,883
hCoV-19/England/PHEC-YYFCDFS/2022,869,883
hCoV-19/England/PHEC-YYFC8AM/2022,869,884
hCoV-19/Scotland/LSPA-3E28654/2022,870,878
hCoV-19/England/PHEC-YYFP5QK/2022,870,894
hCoV-19/England/PHEC-YYFM9S3/2022,870,882
hCoV-19/England/PHEC-YYFM95X/2022,870,882
hCoV-19/England/PHEC-YYFM6UY/2022,870,882
hCoV-19/England/PHEC-YYFCYBB/2022,870,882
hCoV-19/England/PHEC-YYFCTEN/2022,870,887
hCoV-19/England/PHEC-YYFCPC6/2022,870,887
hCoV-19/England/PHEC-YYFCP1T/2022,870,887
hCoV-19/England/PHEC-YYFCN9N/2022,870,883
hCoV-19/England/PHEC-YYFCMYA/2022,870,887
hCoV-19/England/PHEC-YYFCMRO/2022,870,887
hCoV-19/England/PHEC-YYFCMFQ/2022,870,887
hCoV-19/England/PHEC-YYFCMEE/2022,870,887
hCoV-19/England/PHEC-YYFCKSC/2022,870,887
hCoV-19/England/PHEC-YYFCKHY/2022,870,887
hCoV-19/England/PHEC-YYFCK8M/2022,870,884
hCoV-19/England/PHEC-YYFCK4R/2022,870,887
hCoV-19/England/PHEC-YYFCK1W/2022,870,887
hCoV-19/England/PHEC-YYFCJUU/2022,870,884
hCoV-19/England/PHEC-YYFCJSP/2022,870,884
hCoV-19/England/PHEC-YYFCJR1/2022,870,884
hCoV-19/England/PHEC-YYFCJ95/2022,870,884
hCoV-19/England/PHEC-YYFCJ1I/2022,870,884
hCoV-19/England/PHEC-YYFCIZ9/2022,870,887
hCoV-19/England/PHEC-YYFCI6T/2022,870,887
hCoV-19/England/PHEC-YYFC8UI/2022,870,884
hCoV-19/England/PHEC-YYFC8MG/2022,870,884
hCoV-19/Scotland/LSPA-3E2843C/2022,871,878
hCoV-19/England/PHEC-YYFPGX7/2022,871,888
hCoV-19/England/PHEC-YYFPGW1/2022,871,888
hCoV-19/England/PHEC-YYFPEOA/2022,871,888
hCoV-19/England/PHEC-YYFCZDG/2022,871,887
hCoV-19/England/PHEC-YYFCSUG/2022,871,887
hCoV-19/England/PHEC-YYFCSCI/2022,871,887
hCoV-19/England/PHEC-YYFCPYS/2022,871,887
hCoV-19/England/PHEC-YYFCMZJ/2022,871,887
hCoV-19/England/PHEC-YYFCMSM/2022,871,887
hCoV-19/England/PHEC-YYFCMD1/2022,871,887
hCoV-19/England/PHEC-YYFCKZK/2022,871,887
hCoV-19/England/PHEC-YYFCKWO/2022,871,887
hCoV-19/England/PHEC-YYFCKGP/2022,871,884
hCoV-19/England/PHEC-YYFCKFX/2022,871,884
hCoV-19/England/PHEC-YYFCJAJ/2022,871,884
hCoV-19/England/PHEC-YYFCIHI/2022,871,887
hCoV-19/England/PHEC-YYFCAYM/2022,871,887
hCoV-19/England/PHEC-YYFC8QY/2022,871,884
hCoV-19/England/PHEC-YYFC8KE/2022,871,884
hCoV-19/England/PHEC-YYFC81Z/2022,871,884
hCoV-19/England/PHEC-YYFC3RN/2022,871,887
hCoV-19/England/PHEC-YYFC3FY/2022,871,887
hCoV-19/England/PHEC-YYF4DGZ/2022,871,926
