hCoV-19/England/PHEC-YY8UNGR/2022,1075,1091
hCoV-19/England/PHEC-YY8UKXK/2022,1075,1093
hCoV-19/England/PHEC-YY8UKF6/2022,1075,1093
hCoV-19/England/PHEC-YY8UKEA/2022,1075,1093
hCoV-19/England/PHEC-YY8UGUF/2022,1075,1093
hCoV-19/England/PHEC-YY8UGNE/2022,1075,1093
hCoV-19/England/PHEC-YY8UG9P/2022,1075,1093
hCoV-19/England/PHEC-YY8UG4Z/2022,1075,1093
hCoV-19/England/PHEC-YY8UFYP/2022,1075,1092
hCoV-19/England/PHEC-YY8UFK3/2022,1075,1092
hCoV-19/England/PHEC-YY8UFD8/2022,1075,1092
hCoV-19/England/PHEC-YY8UF9Q/2022,1075,1093
hCoV-19/England/PHEC-YY81WH8/2022,1075,1090
hCoV-19/England/PHEC-YY81UYB/2022,1075,1090
hCoV-19/England/PHEC-YY81TCM/2022,1075,1090
hCoV-19/England/PHEC-YY81RZB/2022,1075,1090
hCoV-19/England/PHEC-YY81RW8/2022,1075,1090
hCoV-19/England/PHEC-YY81RUJ/2022,1075,1090
hCoV-19/England/PHEC-YY81RSD/2022,1075,1090
hCoV-19/England/PHEC-YY81RPS/2022,1075,1090
hCoV-19/England/PHEC-YY81RM4/2022,1075,1090
hCoV-19/England/PHEC-YY81RIF/2022,1075,1090
hCoV-19/England/PHEC-YY81RCA/2022,1075,1090
hCoV-19/England/PHEC-YY81IY9/2022,1075,1090
hCoV-19/England/PHEC-YY81GWF/2022,1075,1090
hCoV-19/England/PHEC-YY81GTM/2022,1075,1090
hCoV-19/England/PHEC-YY81GID/2022,1075,1090
hCoV-19/England/PHEC-YY819NT/2022,1075,1091
hCoV-19/England/PHEC-YY8196A/2022,1075,1091
hCoV-19/England/PHEC-YY8181E/2022,1075,1090
hCoV-19/England/PHEC-YY8UYRK/2022,1076,1091
hCoV-19/England/PHEC-YY8UYK6/2022,1076,1091
hCoV-19/England/PHEC-YY8UY8R/2022,1076,1091
hCoV-19/England/PHEC-YY8UROP/2022,1076,1092
hCoV-19/England/PHEC-YY8URCS/2022,1076,1092
hCoV-19/England/PHEC-YY8UR43/2022,1076,1092
hCoV-19/England/PHEC-YY8UR1J/2022,1076,1092
hCoV-19/England/PHEC-YY8UNSD/2022,1076,1091
hCoV-19/England/PHEC-YY8UN9T/2022,1076,1091
hCoV-19/England/PHEC-YY8UMG5/2022,1076,1093
hCoV-19/England/PHEC-YY8UKRY/2022,1076,1093
hCoV-19/England/PHEC-YY8UKJS/2022,1076,1093
hCoV-19/England/PHEC-YY8UKGH/2022,1076,1093
hCoV-19/England/PHEC-YY8UK9J/2022,1076,1093
hCoV-19/England/PHEC-YY8UK84/2022,1076,1093
hCoV-19/England/PHEC-YY8UK3I/2022,1076,1093
hCoV-19/England/PHEC-YY8UK1D/2022,1076,1093
hCoV-19/England/PHEC-YY8UJKI/2022,1076,1093
hCoV-19/England/PHEC-YY8UJCT/2022,1076,1093
hCoV-19/England/PHEC-YY8UJ9K/2022,1076,1093
hCoV-19/England/PHEC-YY8UJ7Q/2022,1076,1093
hCoV-19/England/PHEC-YY8UFQT/2022,1076,1092
hCoV-19/England/PHEC-YY8UFPU/2022,1076,1092
hCoV-19/England/PHEC-YY8UF4A/2022,1076,1092
hCoV-19/England/PHEC-YY8UEYK/2022,1076,1093
hCoV-19/England/PHEC-YY8UEQQ/2022,1076,1093
hCoV-19/England/PHEC-YY8UENG/2022,1076,1093
hCoV-19/England/PHEC-YY8UDE9/2022,1076,1092
hCoV-19/England/PHEC-YY8UB36/2022,1076,1091
hCoV-19/England/PHEC-YY8U8UR/2022,1076,1093
hCoV-19/England/PHEC-YY8U8TE/2022,1076,1093
hCoV-19/England/PHEC-YY8U8QX/2022,1076,1093
hCoV-19/England/PHEC-YY8U8MI/2022,1076,1093
hCoV-19/England/PHEC-YY8U8IY/2022,1076,1093
hCoV-19/England/PHEC-YY8U87O/2022,1076,1093
hCoV-19/England/PHEC-YY81WZT/2022,1076,1090
hCoV-19/England/PHEC-YY81WSU/2022,1076,1090
hCoV-19/England/PHEC-YY81WGW/2022,1076,1090
hCoV-19/England/PHEC-YY81W15/2022,1076,1090
hCoV-19/England/PHEC-YY81UXD/2022,1076,1090
hCoV-19/England/PHEC-YY81UN7/2022,1076,1090
hCoV-19/England/PHEC-YY81UGI/2022,1076,1090
hCoV-19/England/PHEC-YY81U7G/2022,1076,1090
hCoV-19/England/PHEC-YY81T9R/2022,1076,1090
hCoV-19/England/PHEC-YY81RA9/2022,1076,1090
hCoV-19/England/PHEC-YY81IN5/2022,1076,1090
hCoV-19/England/PHEC-YY81G8Y/2022,1076,1090
hCoV-19/England/PHEC-YY819Q3/2022,1076,1091
hCoV-19/England/PHEC-YY819DX/2022,1076,1091
hCoV-19/England/PHEC-YY8WBR8/2022,1077,1097
hCoV-19/England/PHEC-YY8URZ9/2022,1077,1092
hCoV-19/England/PHEC-YY8URXO/2022,1077,1092
hCoV-19/England/PHEC-YY8URU8/2022,1077,1092
hCoV-19/England/PHEC-YY8URMA/2022,1077,1092
hCoV-19/England/PHEC-YY8URHI/2022,1077,1092
hCoV-19/England/PHEC-YY8UR7U/2022,1077,1092
hCoV-19/England/PHEC-YY8UR6T/2022,1077,1092
hCoV-19/England/PHEC-YY8UNTP/2022,1077,1091
hCoV-19/England/PHEC-YY8UNA9/2022,1077,1091
hCoV-19/England/PHEC-YY8UN37/2022,1077,1091
hCoV-19/England/PHEC-YY8UN1M/2022,1077,1091
hCoV-19/England/PHEC-YY8UMQM/2022,1077,1093
hCoV-19/England/PHEC-YY8UMJI/2022,1077,1093
hCoV-19/England/PHEC-YY8UKQC/2022,1077,1093
hCoV-19/England/PHEC-YY8UJRB/2022,1077,1093
hCoV-19/England/PHEC-YY8UJQP/2022,1077,1093
hCoV-19/England/PHEC-YY8UJMU/2022,1077,1093
hCoV-19/England/PHEC-YY8UJI6/2022,1077,1093
hCoV-19/England/PHEC-YY8UJ6C/2022,1077,1093
hCoV-19/England/PHEC-YY8UH3D/2022,1077,1097
hCoV-19/England/PHEC-YY8UFNJ/2022,1077,1092
hCoV-19/England/PHEC-YY8UF89/2022,1077,1092
hCoV-19/England/PHEC-YY8UDXT/2022,1077,1092
hCoV-19/England/PHEC-YY8UDTC/2022,1077,1092
hCoV-19/England/PHEC-YY8UDM3/2022,1077,1092
hCoV-19/England/PHEC-YY8UDK5/2022,1077,1092
hCoV-19/England/PHEC-YY8UDJ7/2022,1077,1092
hCoV-19/England/PHEC-YY8UDCZ/2022,1077,1092
hCoV-19/England/PHEC-YY8UD9O/2022,1077,1092
hCoV-19/England/PHEC-YY8UD1K/2022,1077,1092
hCoV-19/England/PHEC-YY8UBAY/2022,1077,1091
hCoV-19/England/PHEC-YY8U8ZH/2022,1077,1093
hCoV-19/England/PHEC-YY8U8OK/2022,1077,1093
hCoV-19/England/PHEC-YY8AE81/2022,1077,1111
hCoV-19/England/PHEC-YY81WT7/2022,1077,1090
hCoV-19/England/PHEC-YY81WRA/2022,1077,1090
hCoV-19/England/PHEC-YY81WJQ/2022,1077,1090
hCoV-19/England/PHEC-YY81WFS/2022,1077,1090
hCoV-19/England/PHEC-YY81WEO/2022,1077,1090
hCoV-19/England/PHEC-YY819SE/2022,1077,1091
hCoV-19/England/PHEC-YY819FM/2022,1077,1091
hCoV-19/England/PHEC-YY81988/2022,1077,1091
hCoV-19/England/PHEC-YY81956/2022,1077,1091
hCoV-19/England/LSPA-326849A0/2022,1077,1105
hCoV-19/England/PHEC-YY8ZQUI/2022,1078,1108
hCoV-19/England/PHEC-YY8WYBQ/2022,1078,1097
hCoV-19/England/PHEC-YY8WY9T/2022,1078,1097
hCoV-19/England/PHEC-YY8WBK5/2022,1078,1097
hCoV-19/England/PHEC-YY8URE6/2022,1078,1092
hCoV-19/England/PHEC-YY8UQF4/2022,1078,1094
hCoV-19/England/PHEC-YY8UNIF/2022,1078,1091
hCoV-19/England/PHEC-YY8UJYJ/2022,1078,1093
hCoV-19/England/PHEC-YY8UJG7/2022,1078,1093
hCoV-19/England/PHEC-YY8UDSN/2022,1078,1092
hCoV-19/England/PHEC-YY8UDHS/2022,1078,1092
hCoV-19/England/PHEC-YY8UDFF/2022,1078,1091
hCoV-19/England/PHEC-YY8UDA6/2022,1078,1092
hCoV-19/England/PHEC-YY8UD7W/2022,1078,1092
hCoV-19/England/PHEC-YY8UD61/2022,1078,1092
hCoV-19/England/PHEC-YY8UD44/2022,1078,1092
hCoV-19/England/PHEC-YY8UBIG/2022,1078,1091
hCoV-19/England/PHEC-YY8IRT8/2022,1078,1104
hCoV-19/England/PHEC-YY8IRI9/2022,1078,1104
hCoV-19/England/PHEC-YY8IP9N/2022,1078,1104
hCoV-19/England/PHEC-YY8IKU7/2022,1078,1104
hCoV-19/England/PHEC-YY87KRC/2022,1078,1125
hCoV-19/England/PHEC-YY87K8G/2022,1078,1125
hCoV-19/England/PHEC-YY8WYQW/2022,1079,1097
hCoV-19/England/PHEC-YY8WYA9/2022,1079,1097
hCoV-19/England/PHEC-YY8WY37/2022,1079,1097
hCoV-19/England/PHEC-YY8UXN9/2022,1079,1094
hCoV-19/England/PHEC-YY8UXBB/2022,1079,1094
hCoV-19/England/PHEC-YY8UTSW/2022,1079,1094
hCoV-19/England/PHEC-YY8UTKP/2022,1079,1094
hCoV-19/England/PHEC-YY8UTCJ/2022,1079,1094
hCoV-19/England/PHEC-YY8URJH/2022,1079,1092
hCoV-19/England/PHEC-YY8UQHM/2022,1079,1094
hCoV-19/England/PHEC-YY8UQ9F/2022,1079,1094
hCoV-19/England/PHEC-YY8U9RM/2022,1079,1097
hCoV-19/England/PHEC-YY8U9AN/2022,1079,1097
hCoV-19/England/PHEC-YY8U97A/2022,1079,1097
hCoV-19/England/PHEC-YY8U7T1/2022,1079,1097
hCoV-19/England/PHEC-YY8U7OW/2022,1079,1097
hCoV-19/England/PHEC-YY8U7HH/2022,1079,1097
hCoV-19/England/PHEC-YY8IRPO/2022,1079,1104
hCoV-19/England/PHEC-YY8IR4I/2022,1079,1104
hCoV-19/England/PHEC-YY8IQKC/2022,1079,1104
hCoV-19/England/PHEC-YY8IQB6/2022,1079,1104
hCoV-19/England/PHEC-YY8IPZ1/2022,1079,1104
hCoV-19/England/PHEC-YY8IPSW/2022,1079,1104
hCoV-19/England/PHEC-YY8WYW8/2022,1080,1097
hCoV-19/England/PHEC-YY8WYHZ/2022,1080,1097
hCoV-19/England/PHEC-YY8WBM3/2022,1080,1097
hCoV-19/England/PHEC-YY8UTXD/2022,1080,1094
hCoV-19/England/PHEC-YY8UTB9/2022,1080,1094
hCoV-19/England/PHEC-YY8UT5K/2022,1080,1094
hCoV-19/England/PHEC-YY8UQW5/2022,1080,1094
hCoV-19/England/PHEC-YY8U96S/2022,1080,1097
hCoV-19/England/PHEC-YY8U7WC/2022,1080,1097
hCoV-19/England/PHEC-YY8U7AR/2022,1080,1097
hCoV-19/England/PHEC-YY8U756/2022,1080,1097
hCoV-19/England/PHEC-YY8U6NO/2022,1080,1097
hCoV-19/England/PHEC-YY8U6JN/2022,1080,1097
hCoV-19/England/PHEC-YY8U5FP/2022,1080,1097
hCoV-19/England/PHEC-YY8IRS7/2022,1080,1104
hCoV-19/England/PHEC-YY8IQNH/2022,1080,1104
hCoV-19/England/PHEC-YY8IP4C/2022,1080,1104
hCoV-19/England/PHEC-YY8IP3Q/2022,1080,1104
hCoV-19/England/PHEC-YY8IF3S/2022,1080,1104
hCoV-19/England/PHEC-YY8AJIW/2022,1080,1111
hCoV-19/England/PHEC-YY87KNO/2022,1080,1125
hCoV-19/England/PHEC-YY87J4Y/2022,1080,1125
hCoV-19/England/PHEC-YY8WYDK/2022,1081,1097
hCoV-19/England/PHEC-YY8WYCA/2022,1081,1097
hCoV-19/England/PHEC-YY8WY45/2022,1081,1097
hCoV-19/England/PHEC-YY8WT3C/2022,1081,1097
hCoV-19/England/PHEC-YY8WBFF/2022,1081,1097
hCoV-19/England/PHEC-YY8UXR5/2022,1081,1094
hCoV-19/England/PHEC-YY8UXQ8/2022,1081,1094
hCoV-19/England/PHEC-YY8UXJT/2022,1081,1094
hCoV-19/England/PHEC-YY8UXD7/2022,1081,1094
hCoV-19/England/PHEC-YY8UX8I/2022,1081,1094
hCoV-19/England/PHEC-YY8UX7E/2022,1081,1094
hCoV-19/England/PHEC-YY8U9JB/2022,1081,1097
hCoV-19/England/PHEC-YY8U7IK/2022,1081,1097
hCoV-19/England/PHEC-YY8U6M6/2022,1081,1097
hCoV-19/England/PHEC-YY8U3ZK/2022,1081,1097
hCoV-19/England/PHEC-YY8U3J8/2022,1081,1097
hCoV-19/England/PHEC-YY8IQRA/2022,1081,1104
hCoV-19/England/PHEC-YY8IP7G/2022,1081,1104
hCoV-19/England/PHEC-YY8IFAA/2022,1081,1104
