hCoV-19/Wales/PHWC-PJNAET/2022,795,812
hCoV-19/Scotland/QEUH-3981D77/2022,795,804
hCoV-19/Scotland/QEUH-39817F1/2022,795,804
hCoV-19/Scotland/QEUH-3980552/2022,795,804
hCoV-19/Scotland/QEUH-397E5EE/2022,795,804
hCoV-19/Scotland/QEUH-3970AB0/2022,795,804
hCoV-19/Scotland/QEUH-396A7A3/2022,795,804
hCoV-19/Scotland/QEUH-396A3DC/2022,795,804
hCoV-19/England/PHEP-YYRQIH1/2022,795,817
hCoV-19/England/PHEP-YYRPKX4/2022,795,812
hCoV-19/England/PHEP-YYRPKSM/2022,795,812
hCoV-19/England/PHEP-YYRP8MF/2022,795,812
hCoV-19/England/PHEC-YYDQTOX/2022,795,817
hCoV-19/England/PHEC-YYDQT1M/2022,795,817
hCoV-19/England/PHEC-YYDQRPD/2022,795,817
hCoV-19/England/PHEC-YYDQR8X/2022,795,817
hCoV-19/England/PHEC-YYDQR4E/2022,795,817
hCoV-19/England/PHEC-YYDQMQ4/2022,795,817
hCoV-19/England/PHEC-YYDQHPM/2022,795,817
hCoV-19/England/PHEC-YYDQHMX/2022,795,817
hCoV-19/England/PHEC-YYDQDWI/2022,795,817
hCoV-19/England/PHEC-YYDQDAP/2022,795,817
hCoV-19/England/PHEC-YYDQ31D/2022,795,817
hCoV-19/England/PHEC-YYDMW5H/2022,795,813
hCoV-19/England/PHEC-YYDMB3U/2022,795,813
hCoV-19/England/PHEC-YYDM4MZ/2022,795,814
hCoV-19/England/PHEC-YYDM489/2022,795,814
hCoV-19/England/PHEC-YYDM434/2022,795,814
hCoV-19/England/PHEC-YYDKZTX/2022,795,812
hCoV-19/England/PHEC-YYDKYMU/2022,795,810
hCoV-19/England/PHEC-YYDKYE3/2022,795,810
hCoV-19/England/PHEC-YYDKS3Y/2022,795,812
hCoV-19/England/PHEC-YYDJZM6/2022,795,810
hCoV-19/England/PHEC-YYDJWRX/2022,795,810
hCoV-19/England/PHEC-YYDJU8K/2022,795,810
hCoV-19/England/PHEC-YYDJQ1A/2022,795,810
hCoV-19/England/PHEC-YYDJN7Q/2022,795,810
hCoV-19/England/PHEC-YYDJMRA/2022,795,810
hCoV-19/England/PHEC-YYDJMGW/2022,795,810
hCoV-19/England/PHEC-YYDJKCJ/2022,795,810
hCoV-19/England/PHEC-YYDJK5K/2022,795,810
hCoV-19/England/PHEC-YYDJK1H/2022,795,810
hCoV-19/England/PHEC-YYDJHXT/2022,795,810
hCoV-19/England/PHEC-YYDJDW9/2022,795,810
hCoV-19/England/PHEC-YYDJDRY/2022,795,810
hCoV-19/England/PHEC-YYDJDNR/2022,795,810
hCoV-19/England/PHEC-YYDJDF6/2022,795,810
hCoV-19/England/PHEC-YYDJDBG/2022,795,810
hCoV-19/England/PHEC-YYDJD3I/2022,795,810
hCoV-19/England/PHEC-YYDJD1D/2022,795,810
hCoV-19/England/PHEC-YYDJCY9/2022,795,810
hCoV-19/England/PHEC-YYDJCB7/2022,795,810
hCoV-19/England/PHEC-YYDJAWK/2022,795,810
hCoV-19/England/PHEC-YYDJAO1/2022,795,810
hCoV-19/England/PHEC-YYDJAIE/2022,795,810
hCoV-19/England/PHEC-YYDJADP/2022,795,810
hCoV-19/England/PHEC-YYDJ9TJ/2022,795,810
hCoV-19/England/PHEC-YYDJ9S9/2022,795,810
hCoV-19/England/PHEC-YYDJ78Y/2022,795,810
hCoV-19/England/PHEC-YYDJ76T/2022,795,810
hCoV-19/England/PHEC-YYDJ6Z6/2022,795,810
hCoV-19/England/PHEC-YYDJ6HW/2022,795,810
hCoV-19/England/PHEC-YYDJ6D8/2022,795,810
hCoV-19/England/PHEC-YYDJ64A/2022,795,810
hCoV-19/England/PHEC-YYDJ5BQ/2022,795,810
hCoV-19/England/PHEC-YYDJ4ZN/2022,795,810
hCoV-19/England/PHEC-YYDJ4RJ/2022,795,810
hCoV-19/England/PHEC-YYDJ4M5/2022,795,810
hCoV-19/England/PHEC-YYDJ48D/2022,795,810
hCoV-19/England/PHEC-YYDIW99/2022,795,824
hCoV-19/England/PHEC-YYDIW6B/2022,795,824
hCoV-19/England/PHEC-YYDHIPI/2022,795,828
hCoV-19/England/PHEC-YYDEYSY/2022,795,810
hCoV-19/England/PHEC-YYDEYOC/2022,795,810
hCoV-19/England/PHEC-YYDEYE7/2022,795,810
hCoV-19/England/PHEC-YYDEYAH/2022,795,810
hCoV-19/England/PHEC-YYDEY9Q/2022,795,810
hCoV-19/England/PHEC-YYDEY89/2022,795,810
hCoV-19/England/PHEC-YYDEBEH/2022,795,810
hCoV-19/England/PHEC-YYDCKW1/2022,795,814
hCoV-19/England/PHEC-YYDC3IB/2022,795,817
hCoV-19/England/PHEC-YYD8IXH/2022,795,810
hCoV-19/England/PHEC-YYD8FKS/2022,795,859
hCoV-19/England/PHEC-YYD8FI9/2022,795,859
hCoV-19/England/PHEC-YYD8FC1/2022,795,859
hCoV-19/England/PHEC-YYD89PS/2022,795,810
hCoV-19/England/MILK-397D0DF/2022,795,802
hCoV-19/England/MILK-39676D6/2022,795,802
hCoV-19/England/MILK-394982F/2022,795,801
hCoV-19/England/LSPA-3967102/2022,795,802
hCoV-19/England/LSPA-3965BE8/2022,795,802
hCoV-19/England/LSPA-39631CA/2022,795,802
hCoV-19/England/LSPA-391E128/2022,795,800
hCoV-19/Wales/PHWC-PJD4EP/2022,796,812
hCoV-19/Wales/PHWC-PJ8JCQ/2022,796,820
hCoV-19/Scotland/QEUH-39A6E88/2022,796,804
hCoV-19/Scotland/QEUH-399C33B/2022,796,804
hCoV-19/Scotland/QEUH-399AEE1/2022,796,804
hCoV-19/Scotland/QEUH-3998320/2022,796,805
hCoV-19/Scotland/QEUH-3992EDA/2022,796,804
hCoV-19/Scotland/QEUH-3991C68/2022,796,804
hCoV-19/Scotland/QEUH-399114B/2022,796,804
hCoV-19/Scotland/QEUH-39909CC/2022,796,804
hCoV-19/Scotland/QEUH-398FE76/2022,796,806
hCoV-19/Scotland/QEUH-398D3E2/2022,796,804
hCoV-19/Scotland/QEUH-398CAFD/2022,796,806
hCoV-19/Scotland/QEUH-398B4F0/2022,796,804
hCoV-19/Scotland/QEUH-398B302/2022,796,804
hCoV-19/Scotland/QEUH-3988E40/2022,796,804
hCoV-19/Scotland/QEUH-3988903/2022,796,805
hCoV-19/Scotland/QEUH-3987B68/2022,796,804
hCoV-19/England/PHEP-YYRQSNG/2022,796,817
hCoV-19/England/PHEP-YYRPZUR/2022,796,814
hCoV-19/England/PHEP-YYRPZQX/2022,796,814
hCoV-19/England/PHEP-YYRPZBJ/2022,796,814
hCoV-19/England/PHEP-YYRPYW3/2022,796,810
hCoV-19/England/PHEP-YYRPXUC/2022,796,812
hCoV-19/England/PHEP-YYRPOWJ/2022,796,812
hCoV-19/England/PHEP-YYRPOPA/2022,796,812
hCoV-19/England/PHEP-YYRPANG/2022,796,814
hCoV-19/England/PHEP-YYRCWSD/2022,796,810
hCoV-19/England/PHEP-YYRCIWG/2022,796,810
hCoV-19/England/PHEC-YYDQT6U/2022,796,817
hCoV-19/England/PHEC-YYDQRJM/2022,796,817
hCoV-19/England/PHEC-YYDQR7N/2022,796,817
hCoV-19/England/PHEC-YYDQFX6/2022,796,817
hCoV-19/England/PHEC-YYDQFO5/2022,796,817
hCoV-19/England/PHEC-YYDQFHD/2022,796,817
hCoV-19/England/PHEC-YYDQF97/2022,796,817
hCoV-19/England/PHEC-YYDQF1Z/2022,796,817
hCoV-19/England/PHEC-YYDQDRS/2022,796,817
hCoV-19/England/PHEC-YYDQDQN/2022,796,817
hCoV-19/England/PHEC-YYDQDPR/2022,796,817
hCoV-19/England/PHEC-YYDQD13/2022,796,817
hCoV-19/England/PHEC-YYDMY9E/2022,796,813
hCoV-19/England/PHEC-YYDMUIJ/2022,796,813
hCoV-19/England/PHEC-YYDMTN1/2022,796,813
hCoV-19/England/PHEC-YYDMS6W/2022,796,813
hCoV-19/England/PHEC-YYDMGZ1/2022,796,813
hCoV-19/England/PHEC-YYDM4WR/2022,796,814
hCoV-19/England/PHEC-YYDM4E7/2022,796,814
hCoV-19/England/PHEC-YYDKYTG/2022,796,810
hCoV-19/England/PHEC-YYDKYRB/2022,796,810
hCoV-19/England/PHEC-YYDKYHO/2022,796,812
hCoV-19/England/PHEC-YYDKYF9/2022,796,810
hCoV-19/England/PHEC-YYDKYCT/2022,796,810
hCoV-19/England/PHEC-YYDKYAA/2022,796,810
hCoV-19/England/PHEC-YYDKXAJ/2022,796,812
hCoV-19/England/PHEC-YYDKRG3/2022,796,812
hCoV-19/England/PHEC-YYDKNW6/2022,796,812
hCoV-19/England/PHEC-YYDKNTR/2022,796,812
hCoV-19/England/PHEC-YYDKNS4/2022,796,812
hCoV-19/England/PHEC-YYDKNIH/2022,796,812
hCoV-19/England/PHEC-YYDKNDB/2022,796,812
hCoV-19/England/PHEC-YYDKNBF/2022,796,812
hCoV-19/England/PHEC-YYDKGSS/2022,796,812
hCoV-19/England/PHEC-YYDJZ1X/2022,796,810
hCoV-19/England/PHEC-YYDJUX4/2022,796,810
hCoV-19/England/PHEC-YYDJUP6/2022,796,810
hCoV-19/England/PHEC-YYDJUJG/2022,796,810
hCoV-19/England/PHEC-YYDJUIP/2022,796,810
hCoV-19/England/PHEC-YYDJU77/2022,796,810
hCoV-19/England/PHEC-YYDJU5B/2022,796,810
hCoV-19/England/PHEC-YYDJU1U/2022,796,810
hCoV-19/England/PHEC-YYDJMZT/2022,796,810
hCoV-19/England/PHEC-YYDJMWZ/2022,796,810
hCoV-19/England/PHEC-YYDJMT7/2022,796,810
hCoV-19/England/PHEC-YYDJMAX/2022,796,810
hCoV-19/England/PHEC-YYDJM9B/2022,796,810
hCoV-19/England/PHEC-YYDJKIS/2022,796,810
hCoV-19/England/PHEC-YYDJKB9/2022,796,810
hCoV-19/England/PHEC-YYDJK8U/2022,796,810
hCoV-19/England/PHEC-YYDJHSN/2022,796,810
hCoV-19/England/PHEC-YYDJH3H/2022,796,810
hCoV-19/England/PHEC-YYDJAZR/2022,796,810
hCoV-19/England/PHEC-YYDJAUC/2022,796,810
hCoV-19/England/PHEC-YYDJASG/2022,796,810
hCoV-19/England/PHEC-YYDJARM/2022,796,810
hCoV-19/England/PHEC-YYDJA5H/2022,796,810
hCoV-19/England/PHEC-YYDJA1Q/2022,796,810
hCoV-19/England/PHEC-YYDJ9XQ/2022,796,810
hCoV-19/England/PHEC-YYDJ96X/2022,796,810
hCoV-19/England/PHEC-YYDJ7WF/2022,796,810
hCoV-19/England/PHEC-YYDJ7U8/2022,796,810
hCoV-19/England/PHEC-YYDJ7SB/2022,796,810
hCoV-19/England/PHEC-YYDJ7ID/2022,796,810
hCoV-19/England/PHEC-YYDJ7HI/2022,796,810
hCoV-19/England/PHEC-YYDJ79X/2022,796,810
hCoV-19/England/PHEC-YYDJ743/2022,796,810
hCoV-19/England/PHEC-YYDJ6YP/2022,796,810
hCoV-19/England/PHEC-YYDJ6WR/2022,796,810
hCoV-19/England/PHEC-YYDJ6TK/2022,796,810
hCoV-19/England/PHEC-YYDJ6K3/2022,796,810
hCoV-19/England/PHEC-YYDJ6J5/2022,796,810
hCoV-19/England/PHEC-YYDJ6E7/2022,796,810
hCoV-19/England/PHEC-YYDJ61E/2022,796,810
hCoV-19/England/PHEC-YYDJ5X1/2022,796,810
hCoV-19/England/PHEC-YYDJ5QW/2022,796,810
hCoV-19/England/PHEC-YYDJ5M4/2022,796,810
hCoV-19/England/PHEC-YYDJ5J6/2022,796,810
hCoV-19/England/PHEC-YYDJ5FG/2022,796,810
hCoV-19/England/PHEC-YYDJ5EY/2022,796,810
hCoV-19/England/PHEC-YYDJ5A9/2022,796,810
hCoV-19/England/PHEC-YYDJ47S/2022,796,810
hCoV-19/England/PHEC-YYDJ454/2022,796,810
hCoV-19/England/PHEC-YYDIHWP/2022,796,824
hCoV-19/England/PHEC-YYDIHTU/2022,796,824
hCoV-19/England/PHEC-YYDEZRQ/2022,796,810
hCoV-19/England/PHEC-YYDEYUG/2022,796,810
hCoV-19/England/PHEC-YYDEYMZ/2022,796,810
hCoV-19/England/PHEC-YYDEY34/2022,796,810
hCoV-19/England/PHEC-YYDEUNS/2022,796,810
hCoV-19/England/PHEC-YYDEBNE/2022,796,810
hCoV-19/England/PHEC-YYDCK3E/2022,796,814
hCoV-19/England/PHEC-YYD8W4G/2022,796,810
hCoV-19/England/PHEC-YYD8W1S/2022,796,810
hCoV-19/England/PHEC-YYD8OC8/2022,796,810
hCoV-19/England/PHEC-YYD8IJE/2022,796,810
hCoV-19/England/PHEC-YYD8IDW/2022,796,810
hCoV-19/England/PHEC-YYD87I8/2022,796,810
hCoV-19/England/LSPA-39A9DE2/2022,796,803
hCoV-19/England/BRBR-3996DAC/2022,796,805
hCoV-19/Scotland/EDB50849/2022,797,824
hCoV-19/Scotland/EDB50847/2022,797,824
hCoV-19/Scotland/EDB50845/2022,797,824
hCoV-19/Scotland/EDB50844/2022,797,824
hCoV-19/England/QEUH-39F7C8E/2022,797,805
hCoV-19/England/QEUH-39EA028/2022,797,805
hCoV-19/England/PLYM-39FFE17/2022,797,805
hCoV-19/England/PHEP-YYRQSKS/2022,797,817
hCoV-19/England/PHEP-YYRPZIY/2022,797,814
hCoV-19/England/PHEP-YYRC5PX/2022,797,810
hCoV-19/England/PHEP-YYRC5I6/2022,797,810
hCoV-19/England/PHEC-YYDQWTK/2022,797,817
hCoV-19/England/PHEC-YYDQKBI/2022,797,817
hCoV-19/England/PHEC-YYDQHCP/2022,797,817
hCoV-19/England/PHEC-YYDQFDS/2022,797,817
hCoV-19/England/PHEC-YYDQ1XT/2022,797,817
hCoV-19/England/PHEC-YYDQ1K5/2022,797,817
hCoV-19/England/PHEC-YYDPZWD/2022,797,817
hCoV-19/England/PHEC-YYDPHTR/2022,797,817
hCoV-19/England/PHEC-YYDPHQM/2022,797,817
hCoV-19/England/PHEC-YYDPHIH/2022,797,817
hCoV-19/England/PHEC-YYDPH7C/2022,797,817
hCoV-19/England/PHEC-YYDPAFB/2022,797,817
hCoV-19/England/PHEC-YYDPAE5/2022,797,817
hCoV-19/England/PHEC-YYDP5KW/2022,797,817
hCoV-19/England/PHEC-YYDP3YK/2022,797,817
hCoV-19/England/PHEC-YYDMZQW/2022,797,813
hCoV-19/England/PHEC-YYDMUYW/2022,797,813
hCoV-19/England/PHEC-YYDMUWM/2022,797,813
hCoV-19/England/PHEC-YYDMUGE/2022,797,813
hCoV-19/England/PHEC-YYDMUAD/2022,797,813
hCoV-19/England/PHEC-YYDMU8G/2022,797,813
hCoV-19/England/PHEC-YYDMRXF/2022,797,813
hCoV-19/England/PHEC-YYDMIPA/2022,797,813
hCoV-19/England/PHEC-YYDMGHE/2022,797,813
hCoV-19/England/PHEC-YYDMG9N/2022,797,813
hCoV-19/England/PHEC-YYDMFBY/2022,797,813
hCoV-19/England/PHEC-YYDMDCC/2022,797,813
hCoV-19/England/PHEC-YYDMBK1/2022,797,813
hCoV-19/England/PHEC-YYDM156/2022,797,813
hCoV-19/England/PHEC-YYDKYWY/2022,797,810
hCoV-19/England/PHEC-YYDKYKI/2022,797,810
hCoV-19/England/PHEC-YYDKYI6/2022,797,810
hCoV-19/England/PHEC-YYDKYG7/2022,797,810
hCoV-19/England/PHEC-YYDKYDD/2022,797,810
hCoV-19/England/PHEC-YYDKY4W/2022,797,810
hCoV-19/England/PHEC-YYDKR31/2022,797,812
hCoV-19/England/PHEC-YYDKNJI/2022,797,812
hCoV-19/England/PHEC-YYDKNHQ/2022,797,812
hCoV-19/England/PHEC-YYDKNG5/2022,797,812
hCoV-19/England/PHEC-YYDKNEZ/2022,797,812
hCoV-19/England/PHEC-YYDKN7C/2022,797,812
hCoV-19/England/PHEC-YYDKN6K/2022,797,812
hCoV-19/England/PHEC-YYDKN5O/2022,797,812
hCoV-19/England/PHEC-YYDKJSU/2022,797,812
hCoV-19/England/PHEC-YYDKF9F/2022,797,812
hCoV-19/England/PHEC-YYDKDNN/2022,797,812
hCoV-19/England/PHEC-YYDKD8A/2022,797,812
hCoV-19/England/PHEC-YYDKCDZ/2022,797,812
hCoV-19/England/PHEC-YYDKBYE/2022,797,812
hCoV-19/England/PHEC-YYDKBXK/2022,797,812
hCoV-19/England/PHEC-YYDKBQC/2022,797,812
hCoV-19/England/PHEC-YYDKBCO/2022,797,812
hCoV-19/England/PHEC-YYDKBAZ/2022,797,812
hCoV-19/England/PHEC-YYDKB1D/2022,797,812
hCoV-19/England/PHEC-YYDK7WD/2022,797,813
hCoV-19/England/PHEC-YYDK7IB/2022,797,813
hCoV-19/England/PHEC-YYDK7A5/2022,797,813
hCoV-19/England/PHEC-YYDK733/2022,797,813
hCoV-19/England/PHEC-YYDK6KZ/2022,797,813
hCoV-19/England/PHEC-YYDK6CU/2022,797,813
hCoV-19/England/PHEC-YYDJHR8/2022,797,810
hCoV-19/England/PHEC-YYDJH5A/2022,797,810
hCoV-19/England/PHEC-YYDJ9WD/2022,797,810
hCoV-19/England/PHEC-YYDJ9UF/2022,797,810
hCoV-19/England/PHEC-YYDJ9P1/2022,797,810
hCoV-19/England/PHEC-YYDJ9J4/2022,797,810
hCoV-19/England/PHEC-YYDJ9GY/2022,797,810
hCoV-19/England/PHEC-YYDJ9EH/2022,797,810
hCoV-19/England/PHEC-YYDJ9A5/2022,797,810
hCoV-19/England/PHEC-YYDJ97T/2022,797,810
hCoV-19/England/PHEC-YYDJ918/2022,797,810
hCoV-19/England/PHEC-YYDJ7Q1/2022,797,810
hCoV-19/England/PHEC-YYDJ5UJ/2022,797,810
hCoV-19/England/PHEC-YYDJ51M/2022,797,810
hCoV-19/England/PHEC-YYDJ4IG/2022,797,810
hCoV-19/England/PHEC-YYDCR9N/2022,797,814
hCoV-19/England/PHEC-YYDC6S4/2022,797,817
hCoV-19/England/PHEC-YYDC63W/2022,797,817
hCoV-19/England/PHEC-YYDC4DF/2022,797,817
hCoV-19/England/PHEC-YYD8OPF/2022,797,810
hCoV-19/England/PHEC-YYD4BY8/2022,797,827
hCoV-19/England/PHEC-YYD1U1Y/2022,797,820
hCoV-19/England/PHEC-YYD1ONR/2022,797,820
hCoV-19/England/PHEC-6M0B1Z5A/2022,797,838
hCoV-19/England/PHEC-6M0B0Z99/2022,797,838
hCoV-19/England/MILK-39CC50F/2022,797,804
hCoV-19/England/MILK-39BCEDA/2022,797,805
hCoV-19/England/MILK-39B8375/2022,797,803
hCoV-19/England/MILK-39B1A0E/2022,797,803
hCoV-19/England/MILK-39AF669/2022,797,803
hCoV-19/England/LSPA-39E6156/2022,797,804
hCoV-19/England/LSPA-39D08B4/2022,797,805
hCoV-19/England/LSPA-39C391B/2022,797,804
hCoV-19/England/ALDP-39C077E/2022,797,804
hCoV-19/Wales/PHWC-PJOGMY/2022,798,827
hCoV-19/Wales/PHWC-PJFWZO/2022,798,817
hCoV-19/Scotland/QEUH-39E86FB/2022,798,805
hCoV-19/Scotland/QEUH-39E6B85/2022,798,805
hCoV-19/Scotland/QEUH-39E6AB5/2022,798,805
hCoV-19/Scotland/QEUH-39E699A/2022,798,805
hCoV-19/Scotland/QEUH-39E4A5D/2022,798,805
hCoV-19/Scotland/QEUH-39E438F/2022,798,805
hCoV-19/Scotland/QEUH-39E355D/2022,798,805
hCoV-19/Scotland/QEUH-39E1883/2022,798,805
hCoV-19/Scotland/QEUH-39E0796/2022,798,805
hCoV-19/Scotland/QEUH-39E074B/2022,798,805
hCoV-19/Scotland/QEUH-39D7AF3/2022,798,806
hCoV-19/Scotland/QEUH-39D6EDA/2022,798,805
hCoV-19/Scotland/QEUH-39D6C2B/2022,798,806
hCoV-19/Scotland/QEUH-39D3514/2022,798,805
hCoV-19/England/QEUH-39D555E/2022,798,805
hCoV-19/England/QEUH-39D5406/2022,798,805
hCoV-19/England/PHEP-YYRXIKI/2022,798,817
hCoV-19/England/PHEP-YYRXFNI/2022,798,817
hCoV-19/England/PHEP-YYRP5ZA/2022,798,814
hCoV-19/England/PHEP-YYROSCP/2022,798,819
hCoV-19/England/PHEP-YYROI6J/2022,798,819
hCoV-19/England/PHEP-YYRO54M/2022,798,821
hCoV-19/England/PHEC-YYFOX9C/2022,798,905
hCoV-19/England/PHEC-YYDXGMD/2022,798,817
hCoV-19/England/PHEC-YYDXGKF/2022,798,817
hCoV-19/England/PHEC-YYDWI7R/2022,798,824
hCoV-19/England/PHEC-YYDPZ6X/2022,798,817
hCoV-19/England/PHEC-YYDPADF/2022,798,817
hCoV-19/England/PHEC-YYDP7R6/2022,798,817
hCoV-19/England/PHEC-YYDP7BR/2022,798,817
hCoV-19/England/PHEC-YYDMWDP/2022,798,813
hCoV-19/England/PHEC-YYDMUCH/2022,798,813
hCoV-19/England/PHEC-YYDMTEG/2022,798,813
hCoV-19/England/PHEC-YYDMRGZ/2022,798,813
hCoV-19/England/PHEC-YYDMREU/2022,798,813
hCoV-19/England/PHEC-YYDMPAJ/2022,798,813
hCoV-19/England/PHEC-YYDMFW3/2022,798,813
hCoV-19/England/PHEC-YYDMDKO/2022,798,813
hCoV-19/England/PHEC-YYDKU1T/2022,798,812
hCoV-19/England/PHEC-YYDKQNZ/2022,798,812
hCoV-19/England/PHEC-YYDKP5F/2022,798,812
hCoV-19/England/PHEC-YYDKP48/2022,798,812
hCoV-19/England/PHEC-YYDKOSC/2022,798,812
hCoV-19/England/PHEC-YYDKN9E/2022,798,812
hCoV-19/England/PHEC-YYDKDBR/2022,798,812
hCoV-19/England/PHEC-YYDKBW9/2022,798,812
hCoV-19/England/PHEC-YYDKBHX/2022,798,812
hCoV-19/England/PHEC-YYDKBDN/2022,798,812
hCoV-19/England/PHEC-YYDKB3I/2022,798,812
hCoV-19/England/PHEC-YYDK9YK/2022,798,813
hCoV-19/England/PHEC-YYDK9NG/2022,798,813
hCoV-19/England/PHEC-YYDK9JA/2022,798,813
hCoV-19/England/PHEC-YYDK7P1/2022,798,813
hCoV-19/England/PHEC-YYDK7OM/2022,798,813
hCoV-19/England/PHEC-YYDK7CW/2022,798,813
hCoV-19/England/PHEC-YYDK76X/2022,798,813
hCoV-19/England/PHEC-YYDK6XP/2022,798,813
hCoV-19/England/PHEC-YYDK6UR/2022,798,813
hCoV-19/England/PHEC-YYDK6S6/2022,798,813
hCoV-19/England/PHEC-YYDK6PT/2022,798,813
hCoV-19/England/PHEC-YYDK6OK/2022,798,813
hCoV-19/England/PHEC-YYDK6J3/2022,798,813
hCoV-19/England/PHEC-YYDK6IY/2022,798,813
hCoV-19/England/PHEC-YYDK6FB/2022,798,813
hCoV-19/England/PHEC-YYDK6BJ/2022,798,813
hCoV-19/England/PHEC-YYDK69C/2022,798,813
hCoV-19/England/PHEC-YYDJH9O/2022,798,810
hCoV-19/England/PHEC-YYDJH61/2022,798,810
hCoV-19/England/PHEC-YYDJ9HU/2022,798,810
hCoV-19/England/PHEC-YYDIHN1/2022,798,824
hCoV-19/England/PHEC-YYDI1RA/2022,798,824
hCoV-19/England/PHEC-YYDCRXD/2022,798,814
hCoV-19/England/PHEC-YYDCRMM/2022,798,814
hCoV-19/England/PHEC-YYDC6CX/2022,798,817
hCoV-19/England/PHEC-YYD4Y6M/2022,798,827
hCoV-19/England/PHEC-YYD4NZZ/2022,798,828
hCoV-19/England/PHEC-YYD4NS3/2022,798,828
hCoV-19/England/PHEC-YYD4NJW/2022,798,828
hCoV-19/England/PHEC-YYD4NHP/2022,798,828
hCoV-19/England/PHEC-YYD4NBR/2022,798,828
hCoV-19/England/PHEC-YYD4N4T/2022,798,827
hCoV-19/England/PHEC-YYD4BS4/2022,798,827
hCoV-19/England/PHEC-YYD4BIH/2022,798,827
hCoV-19/England/PHEC-YYD4B41/2022,798,827
hCoV-19/England/PHEC-YYD4B3W/2022,798,827
hCoV-19/England/PHEC-YYD1UX8/2022,798,820
hCoV-19/England/PHEC-YYD1UQJ/2022,798,820
hCoV-19/England/PHEC-YYD1UPM/2022,798,820
hCoV-19/England/PHEC-YYD1UMX/2022,798,820
hCoV-19/England/PHEC-YYD1UKT/2022,798,820
hCoV-19/England/PHEC-YYD1SOB/2022,798,820
hCoV-19/England/PHEC-YYD1S4P/2022,798,820
hCoV-19/England/NEWC-39F2F11/2022,798,805
hCoV-19/England/NEWC-39ED7C6/2022,798,805
hCoV-19/England/MILK-3A00207/2022,798,805
hCoV-19/England/LSPA-3A42773/2022,798,807
hCoV-19/England/LSPA-39EE1E5/2022,798,805
hCoV-19/England/LSPA-39EDCC7/2022,798,805
hCoV-19/England/HSLL-39FF2EE/2022,798,805
hCoV-19/England/BRBR-39DBA86/2022,798,804
hCoV-19/England/ALDP-3A27CDF/2022,798,806
hCoV-19/England/ALDP-3A1EDAB/2022,798,806
hCoV-19/England/ALDP-3A0E807/2022,798,806
hCoV-19/England/ALDP-3A01AA4/2022,798,805
hCoV-19/Scotland/QEUH-3A296C0/2022,799,806
hCoV-19/Scotland/QEUH-3A29666/2022,799,806
hCoV-19/Scotland/QEUH-3A2305F/2022,799,806
hCoV-19/England/PLYM-3A3F858/2022,799,807
hCoV-19/England/PHEP-YYRXCH3/2022,799,817
hCoV-19/England/PHEP-YYRQF5R/2022,799,817
hCoV-19/England/PHEP-YYROPID/2022,799,819
hCoV-19/England/PHEP-YYROIK1/2022,799,819
hCoV-19/England/PHEC-YYRI16N/2022,799,845
hCoV-19/England/PHEC-YYDXZUB/2022,799,817
hCoV-19/England/PHEC-YYDXQ4H/2022,799,817
hCoV-19/England/PHEC-YYDXOGD/2022,799,817
hCoV-19/England/PHEC-YYDXG4R/2022,799,817
hCoV-19/England/PHEC-YYDTZHK/2022,799,819
hCoV-19/England/PHEC-YYDTZ4Q/2022,799,819
hCoV-19/England/PHEC-YYDTWYG/2022,799,819
hCoV-19/England/PHEC-YYDTUDB/2022,799,819
hCoV-19/England/PHEC-YYDTU6K/2022,799,819
hCoV-19/England/PHEC-YYDTRMY/2022,799,818
hCoV-19/England/PHEC-YYDTOI9/2022,799,819
hCoV-19/England/PHEC-YYDTAFA/2022,799,819
hCoV-19/England/PHEC-YYDSYFG/2022,799,824
hCoV-19/England/PHEC-YYDSYEY/2022,799,824
hCoV-19/England/PHEC-YYDSYCA/2022,799,824
hCoV-19/England/PHEC-YYDSY8N/2022,799,824
hCoV-19/England/PHEC-YYDSB61/2022,799,824
hCoV-19/England/PHEC-YYDQYP8/2022,799,817
hCoV-19/England/PHEC-YYDQYFZ/2022,799,817
hCoV-19/England/PHEC-YYDQY8U/2022,799,817
hCoV-19/England/PHEC-YYDQICW/2022,799,817
hCoV-19/England/PHEC-YYDPQHH/2022,799,817
hCoV-19/England/PHEC-YYDPGY7/2022,799,817
hCoV-19/England/PHEC-YYDPGFU/2022,799,817
hCoV-19/England/PHEC-YYDPGB5/2022,799,817
hCoV-19/England/PHEC-YYDPDSU/2022,799,817
hCoV-19/England/PHEC-YYDP9ZI/2022,799,817
hCoV-19/England/PHEC-YYDP9SZ/2022,799,817
hCoV-19/England/PHEC-YYDP9AU/2022,799,817
hCoV-19/England/PHEC-YYDP4QP/2022,799,817
hCoV-19/England/PHEC-YYDP4F9/2022,799,817
hCoV-19/England/PHEC-YYDP3FY/2022,799,817
hCoV-19/England/PHEC-YYDMBS3/2022,799,813
hCoV-19/England/PHEC-YYDM984/2022,799,814
hCoV-19/England/PHEC-YYDM6OE/2022,799,814
hCoV-19/England/PHEC-YYDK9BE/2022,799,813
hCoV-19/England/PHEC-YYDK6A4/2022,799,813
hCoV-19/England/PHEC-YYDK67O/2022,799,813
hCoV-19/England/PHEC-YYDK65W/2022,799,813
hCoV-19/England/PHEC-YYDICBR/2022,799,824
hCoV-19/England/PHEC-YYDI9ZR/2022,799,824
hCoV-19/England/PHEC-YYDI9SG/2022,799,824
hCoV-19/England/PHEC-YYDI9AN/2022,799,824
hCoV-19/England/PHEC-YYDI97A/2022,799,824
hCoV-19/England/PHEC-YYDCYF5/2022,799,814
hCoV-19/England/PHEC-YYDCOZG/2022,799,814
hCoV-19/England/PHEC-YYDCN5C/2022,799,814
hCoV-19/England/PHEC-YYDCHDD/2022,799,817
hCoV-19/England/PHEC-YYDCF6D/2022,799,814
hCoV-19/England/PHEC-YYDC9W7/2022,799,817
hCoV-19/England/PHEC-YYDC9S3/2022,799,817
hCoV-19/England/PHEC-YYDC9NN/2022,799,817
hCoV-19/England/PHEC-YYDC9MO/2022,799,817
hCoV-19/England/PHEC-YYDC9I5/2022,799,817
hCoV-19/England/PHEC-YYDC9AI/2022,799,817
hCoV-19/England/PHEC-YYDC98A/2022,799,817
hCoV-19/England/PHEC-YYDC91B/2022,799,817
hCoV-19/England/PHEC-YYDC7XK/2022,799,817
hCoV-19/England/PHEC-YYDC7PQ/2022,799,817
hCoV-19/England/PHEC-YYDC7JS/2022,799,817
hCoV-19/England/PHEC-YYDC7EA/2022,799,817
hCoV-19/England/PHEC-YYDC6OG/2022,799,817
hCoV-19/England/PHEC-YYDC6MT/2022,799,817
hCoV-19/England/PHEC-YYDC6EZ/2022,799,817
hCoV-19/England/PHEC-YYDC5WB/2022,799,817
hCoV-19/England/PHEC-YYDC5HT/2022,799,817
hCoV-19/England/PHEC-YYDC54I/2022,799,817
hCoV-19/England/PHEC-YYDC51F/2022,799,817
hCoV-19/England/PHEC-YYD5NRH/2022,799,828
hCoV-19/England/PHEC-YYD4NW7/2022,799,828
hCoV-19/England/PHEC-YYD4NI5/2022,799,828
hCoV-19/England/PHEC-YYD4BUY/2022,799,827
hCoV-19/England/PHEC-YYD4BJI/2022,799,827
hCoV-19/England/PHEC-YYD46E4/2022,799,828
hCoV-19/England/PHEC-YYD45OC/2022,799,828
hCoV-19/England/PHEC-YYD1ZR3/2022,799,820
hCoV-19/England/PHEC-YYD1ZFZ/2022,799,820
hCoV-19/England/PHEC-YYD1SW3/2022,799,820
hCoV-19/England/PHEC-YYD1SU5/2022,799,820
hCoV-19/England/PHEC-YYD1SIZ/2022,799,820
hCoV-19/England/PHEC-YYD1SCK/2022,799,820
hCoV-19/England/PHEC-YYD1SAT/2022,799,820
hCoV-19/England/PHEC-YYD1S6F/2022,799,820
hCoV-19/England/PHEC-6M0B0Z02/2022,799,838
hCoV-19/England/MILK-3A285D3/2022,799,806
hCoV-19/England/MILK-3A0D079/2022,799,806
hCoV-19/England/LSPA-3A3DD00/2022,799,807
hCoV-19/England/LSPA-3A36B67/2022,799,806
hCoV-19/England/BRBR-39FF8CE/2022,799,805
hCoV-19/England/BRBR-39FF7B2/2022,799,805
hCoV-19/England/BRBR-39FEFD9/2022,799,805
hCoV-19/England/BRBR-39FEEDC/2022,799,805
hCoV-19/England/BRBR-39FD4AE/2022,799,805
hCoV-19/England/BRBR-39FD392/2022,799,805
hCoV-19/England/BRBR-39FCBE6/2022,799,805
hCoV-19/England/ALDP-3A4B30D/2022,799,807
hCoV-19/Scotland/CVR16005/2022,800,848
hCoV-19/Scotland/CVR15919/2022,800,848
hCoV-19/Scotland/CVR15885/2022,800,848
hCoV-19/England/PHEP-YYRQXBX/2022,800,817
hCoV-19/England/PHEP-YYRQD96/2022,800,817
hCoV-19/England/PHEP-YYROZMQ/2022,800,819
hCoV-19/England/PHEP-YYROXA5/2022,800,819
hCoV-19/England/PHEP-YYROBY4/2022,800,819
hCoV-19/England/PHEP-YYROA8I/2022,800,819
hCoV-19/England/PHEC-YYRKF4Q/2022,800,838
hCoV-19/England/PHEC-YYDXZF6/2022,800,817
hCoV-19/England/PHEC-YYDXQZN/2022,800,817
hCoV-19/England/PHEC-YYDXQSR/2022,800,817
hCoV-19/England/PHEC-YYDXQM5/2022,800,817
hCoV-19/England/PHEC-YYDXQJ9/2022,800,817
hCoV-19/England/PHEC-YYDXQIG/2022,800,817
hCoV-19/England/PHEC-YYDXQC3/2022,800,817
hCoV-19/England/PHEC-YYDXQ36/2022,800,817
hCoV-19/England/PHEC-YYDXQ1C/2022,800,817
hCoV-19/England/PHEC-YYDXP47/2022,800,817
hCoV-19/England/PHEC-YYDXOWG/2022,800,817
hCoV-19/England/PHEC-YYDXOHS/2022,800,817
hCoV-19/England/PHEC-YYDXO7W/2022,800,817
hCoV-19/England/PHEC-YYDXO1K/2022,800,817
hCoV-19/England/PHEC-YYDXIOJ/2022,800,817
hCoV-19/England/PHEC-YYDWZI1/2022,800,824
hCoV-19/England/PHEC-YYDTUQM/2022,800,819
hCoV-19/England/PHEC-YYDTGYW/2022,800,818
hCoV-19/England/PHEC-YYDSYM4/2022,800,824
hCoV-19/England/PHEC-YYDSYHZ/2022,800,824
hCoV-19/England/PHEC-YYDSY7I/2022,800,824
hCoV-19/England/PHEC-YYDSY6U/2022,800,824
hCoV-19/England/PHEC-YYDSY45/2022,800,824
hCoV-19/England/PHEC-YYDSY37/2022,800,824
hCoV-19/England/PHEC-YYDSDPU/2022,800,824
hCoV-19/England/PHEC-YYDSDCI/2022,800,824
hCoV-19/England/PHEC-YYDSBR8/2022,800,824
hCoV-19/England/PHEC-YYDQYGI/2022,800,817
hCoV-19/England/PHEC-YYDQYD5/2022,800,817
hCoV-19/England/PHEC-YYDQ5K1/2022,800,817
hCoV-19/England/PHEC-YYDQ4XJ/2022,800,817
hCoV-19/England/PHEC-YYDQ1SN/2022,800,817
hCoV-19/England/PHEC-YYDPYSS/2022,800,817
hCoV-19/England/PHEC-YYDPYR5/2022,800,817
hCoV-19/England/PHEC-YYDPYKX/2022,800,817
hCoV-19/England/PHEC-YYDPYIA/2022,800,817
hCoV-19/England/PHEC-YYDPYEU/2022,800,817
hCoV-19/England/PHEC-YYDPYD7/2022,800,817
hCoV-19/England/PHEC-YYDPY8I/2022,800,817
hCoV-19/England/PHEC-YYDPY3O/2022,800,817
hCoV-19/England/PHEC-YYDPY16/2022,800,817
hCoV-19/England/PHEC-YYDPRY9/2022,800,817
hCoV-19/England/PHEC-YYDPRXB/2022,800,817
hCoV-19/England/PHEC-YYDPRB7/2022,800,817
hCoV-19/England/PHEC-YYDPR9Y/2022,800,817
hCoV-19/England/PHEC-YYDPR6N/2022,800,817
hCoV-19/England/PHEC-YYDPOG8/2022,800,817
hCoV-19/England/PHEC-YYDPGM8/2022,800,817
hCoV-19/England/PHEC-YYDPG1A/2022,800,817
hCoV-19/England/PHEC-YYDPFUZ/2022,800,817
hCoV-19/England/PHEC-YYDPFHF/2022,800,817
hCoV-19/England/PHEC-YYDPFAP/2022,800,817
hCoV-19/England/PHEC-YYDPDXN/2022,800,817
hCoV-19/England/PHEC-YYDPDWZ/2022,800,817
hCoV-19/England/PHEC-YYDPDQR/2022,800,817
hCoV-19/England/PHEC-YYDPDPG/2022,800,817
hCoV-19/England/PHEC-YYDPDKC/2022,800,817
hCoV-19/England/PHEC-YYDPDH8/2022,800,817
hCoV-19/England/PHEC-YYDPDB6/2022,800,817
hCoV-19/England/PHEC-YYDPD3P/2022,800,817
hCoV-19/England/PHEC-YYDP9KO/2022,800,817
hCoV-19/England/PHEC-YYDP6NB/2022,800,817
hCoV-19/England/PHEC-YYDIG4Z/2022,800,824
hCoV-19/England/PHEC-YYDIE5U/2022,800,824
hCoV-19/England/PHEC-YYDI9P3/2022,800,824
hCoV-19/England/PHEC-YYDI9G8/2022,800,824
hCoV-19/England/PHEC-YYDI9ED/2022,800,824
hCoV-19/England/PHEC-YYDI9C5/2022,800,824
hCoV-19/England/PHEC-YYDI98F/2022,800,824
hCoV-19/England/PHEC-YYDI91Q/2022,800,824
hCoV-19/England/PHEC-YYDI69I/2022,800,824
hCoV-19/England/PHEC-YYDI1ZT/2022,800,824
hCoV-19/England/PHEC-YYDI1FS/2022,800,824
hCoV-19/England/PHEC-YYDCW1C/2022,800,814
hCoV-19/England/PHEC-YYDCFZT/2022,800,814
hCoV-19/England/PHEC-YYDC9BR/2022,800,817
hCoV-19/England/PHEC-YYDC5OJ/2022,800,817
hCoV-19/England/PHEC-YYDC5C1/2022,800,817
hCoV-19/England/PHEC-YYDC4ZH/2022,800,817
hCoV-19/England/PHEC-YYD5NGA/2022,800,828
hCoV-19/England/PHEC-YYD5BR7/2022,800,828
hCoV-19/England/PHEC-YYD5BI4/2022,800,828
hCoV-19/England/PHEC-YYD3K4M/2022,800,827
hCoV-19/England/PHEC-YYD3CQN/2022,800,827
hCoV-19/England/PHEC-YYD1WU7/2022,800,820
hCoV-19/England/PHEC-YYD1WJ1/2022,800,820
hCoV-19/England/PHEC-YYD1WBN/2022,800,820
hCoV-19/England/PHEC-YYD1UWH/2022,800,820
hCoV-19/England/PHEC-YYD1UHC/2022,800,820
hCoV-19/England/PHEC-YYD1U31/2022,800,820
hCoV-19/England/PHEC-YYD1RB1/2022,800,820
hCoV-19/England/PHEC-YYD1KWF/2022,800,820
hCoV-19/England/PHEC-YYD1IF3/2022,800,820
hCoV-19/England/PHEC-6M0AFZCA/2022,800,838
hCoV-19/England/ALDP-3A6F7AD/2022,800,808
hCoV-19/Wales/PHWC-PJGOR3/2022,801,819
hCoV-19/Wales/PHWC-PJGNA6/2022,801,819
hCoV-19/Wales/PHWC-PJGK3W/2022,801,819
hCoV-19/Wales/PHWC-PJGIWU/2022,801,819
hCoV-19/Wales/PHWC-PJGFTJ/2022,801,819
hCoV-19/Wales/PHWC-PJG4X3/2022,801,819
hCoV-19/Wales/PHWC-PJG3X4/2022,801,819
hCoV-19/Wales/PHWC-PJF3EK/2022,801,819
hCoV-19/Wales/PHWC-PJ8Y9O/2022,801,819
hCoV-19/Wales/PHWC-PJ8NYP/2022,801,819
hCoV-19/Scotland/QEUH-3A7AA97/2022,801,811
hCoV-19/Scotland/QEUH-3A6A04D/2022,801,808
hCoV-19/Scotland/QEUH-3A6881A/2022,801,808
hCoV-19/Scotland/QEUH-3A60E98/2022,801,808
hCoV-19/Scotland/QEUH-3A5B8ED/2022,801,808
hCoV-19/Scotland/QEUH-3A57B42/2022,801,808
hCoV-19/Scotland/QEUH-3A5594A/2022,801,808
hCoV-19/England/PHWC-PJGXGS/2022,801,819
hCoV-19/England/PHEP-YYRXQX1/2022,801,817
hCoV-19/England/PHEP-YYRXQTP/2022,801,817
hCoV-19/England/PHEP-YYRXPOO/2022,801,817
hCoV-19/England/PHEP-YYRXP36/2022,801,817
hCoV-19/England/PHEP-YYRXAW7/2022,801,817
hCoV-19/England/PHEP-YYRX8TW/2022,801,817
hCoV-19/England/PHEP-YYRX3R7/2022,801,817
hCoV-19/England/PHEP-YYRQCUP/2022,801,817
hCoV-19/England/PHEP-YYRQBFI/2022,801,814
hCoV-19/England/PHEP-YYRQBD3/2022,801,814
hCoV-19/England/PHEP-YYRQ7A1/2022,801,817
hCoV-19/England/PHEC-YYDXOR8/2022,801,817
hCoV-19/England/PHEC-YYDXOFF/2022,801,817
hCoV-19/England/PHEC-YYDXHYD/2022,801,818
hCoV-19/England/PHEC-YYDXGNI/2022,801,817
hCoV-19/England/PHEC-YYDXGDU/2022,801,817
hCoV-19/England/PHEC-YYDXG5N/2022,801,817
hCoV-19/England/PHEC-YYDXG3G/2022,801,817
hCoV-19/England/PHEC-YYDXG1W/2022,801,817
hCoV-19/England/PHEC-YYDXF4F/2022,801,817
hCoV-19/England/PHEC-YYDX8RO/2022,801,817
hCoV-19/England/PHEC-YYDX8EE/2022,801,817
hCoV-19/England/PHEC-YYDWZSO/2022,801,824
hCoV-19/England/PHEC-YYDTYEK/2022,801,818
hCoV-19/England/PHEC-YYDTW1B/2022,801,819
hCoV-19/England/PHEC-YYDT1RY/2022,801,819
hCoV-19/England/PHEC-YYDT1NR/2022,801,819
hCoV-19/England/PHEC-YYDSK6J/2022,801,824
hCoV-19/England/PHEC-YYDSCQE/2022,801,824
hCoV-19/England/PHEC-YYDSCHM/2022,801,824
hCoV-19/England/PHEC-YYDSC19/2022,801,824
hCoV-19/England/PHEC-YYDQUYQ/2022,801,817
hCoV-19/England/PHEC-YYDQUNK/2022,801,817
hCoV-19/England/PHEC-YYDQUGN/2022,801,817
hCoV-19/England/PHEC-YYDQUBC/2022,801,817
hCoV-19/England/PHEC-YYDQ4R9/2022,801,817
hCoV-19/England/PHEC-YYDQ4BF/2022,801,817
hCoV-19/England/PHEC-YYDQ3AZ/2022,801,817
hCoV-19/England/PHEC-YYDQ36M/2022,801,817
hCoV-19/England/PHEC-YYDQ1HS/2022,801,817
hCoV-19/England/PHEC-YYDQ15A/2022,801,817
hCoV-19/England/PHEC-YYDQ144/2022,801,817
hCoV-19/England/PHEC-YYDPYTY/2022,801,817
hCoV-19/England/PHEC-YYDPYQ8/2022,801,817
hCoV-19/England/PHEC-YYDPYCM/2022,801,817
hCoV-19/England/PHEC-YYDPYBB/2022,801,817
hCoV-19/England/PHEC-YYDPRWS/2022,801,817
hCoV-19/England/PHEC-YYDPRN5/2022,801,817
hCoV-19/England/PHEC-YYDPRHG/2022,801,817
hCoV-19/England/PHEC-YYDPRGU/2022,801,817
hCoV-19/England/PHEC-YYDPRD3/2022,801,817
hCoV-19/England/PHEC-YYDPRAQ/2022,801,817
hCoV-19/England/PHEC-YYDPR5E/2022,801,817
hCoV-19/England/PHEC-YYDPR14/2022,801,817
hCoV-19/England/PHEC-YYDPKNI/2022,801,817
hCoV-19/England/PHEC-YYDPGJM/2022,801,817
hCoV-19/England/PHEC-YYDPGEP/2022,801,817
hCoV-19/England/PHEC-YYDPFZX/2022,801,817
hCoV-19/England/PHEC-YYDPFWI/2022,801,817
hCoV-19/England/PHEC-YYDPFT5/2022,801,817
hCoV-19/England/PHEC-YYDPFPR/2022,801,817
hCoV-19/England/PHEC-YYDPFME/2022,801,817
hCoV-19/England/PHEC-YYDPFJC/2022,801,817
hCoV-19/England/PHEC-YYDPFIU/2022,801,817
hCoV-19/England/PHEC-YYDPFG1/2022,801,817
hCoV-19/England/PHEC-YYDPF8O/2022,801,817
hCoV-19/England/PHEC-YYDPF6B/2022,801,817
hCoV-19/England/PHEC-YYDPF3M/2022,801,817
hCoV-19/England/PHEC-YYDPDNH/2022,801,817
hCoV-19/England/PHEC-YYDPD9B/2022,801,817
hCoV-19/England/PHEC-YYDP9J1/2022,801,817
hCoV-19/England/PHEC-YYDP9F4/2022,801,817
hCoV-19/England/PHEC-YYDI9WK/2022,801,824
hCoV-19/England/PHEC-YYDI9QZ/2022,801,824
hCoV-19/England/PHEC-YYDI9O1/2022,801,824
hCoV-19/England/PHEC-YYDI9FJ/2022,801,824
hCoV-19/England/PHEC-YYDI19B/2022,801,824
hCoV-19/England/PHEC-YYDC9HP/2022,801,817
hCoV-19/England/PHEC-YYDC97M/2022,801,817
hCoV-19/England/PHEC-YYDAJEU/2022,801,825
hCoV-19/England/PHEC-YYDA8OR/2022,801,825
hCoV-19/England/PHEC-YYD5XP7/2022,801,828
hCoV-19/England/PHEC-YYD3MY9/2022,801,827
hCoV-19/England/PHEC-YYD3MPF/2022,801,827
hCoV-19/England/PHEC-YYD3MKM/2022,801,827
hCoV-19/England/PHEC-YYD3KZT/2022,801,827
hCoV-19/England/PHEC-YYD3CFW/2022,801,827
hCoV-19/England/PHEC-YYD1YQH/2022,801,820
hCoV-19/England/PHEC-YYD1WGA/2022,801,820
hCoV-19/England/PHEC-YYD1WF4/2022,801,820
hCoV-19/England/PHEC-YYD1WAU/2022,801,820
hCoV-19/England/PHEC-YYD1U9G/2022,801,820
hCoV-19/England/PHEC-YYD1U6E/2022,801,820
hCoV-19/England/PHEC-YYD1IYD/2022,801,820
hCoV-19/England/PHEC-YYD1IR5/2022,801,820
hCoV-19/England/PHEC-YYD1IN9/2022,801,820
hCoV-19/England/PHEC-YYD1IMP/2022,801,820
hCoV-19/England/PHEC-YYD1ID7/2022,801,820
hCoV-19/England/PHEC-YYD1AT7/2022,801,820
hCoV-19/England/MILK-3A8C2F4/2022,801,809
hCoV-19/England/LSPA-3A7316C/2022,801,811
