hCoV-19/England/PHEC-YY8XHRZ/2022,1061,1076
hCoV-19/England/PHEC-YY8XHKM/2022,1061,1076
hCoV-19/England/PHEC-YY8X9O5/2022,1061,1076
hCoV-19/England/PHEC-YY8X7DA/2022,1061,1076
hCoV-19/England/PHEC-YY8X7AP/2022,1061,1076
hCoV-19/England/PHEC-YY8X6KJ/2022,1061,1076
hCoV-19/England/PHEC-YY8X6FU/2022,1061,1076
hCoV-19/England/PHEC-YY8OYP6/2022,1061,1076
hCoV-19/England/PHEC-YY8OYH9/2022,1061,1076
hCoV-19/England/PHEC-YY8OY1U/2022,1061,1076
hCoV-19/England/PHEC-YY8OTPP/2022,1061,1079
hCoV-19/England/PHEC-YY8OTEZ/2022,1061,1079
hCoV-19/England/PHEC-YY8ORJN/2022,1061,1076
hCoV-19/England/PHEC-YY8OPG9/2022,1061,1078
hCoV-19/England/PHEC-YY8OP87/2022,1061,1078
hCoV-19/England/PHEC-YY8ONWP/2022,1061,1076
hCoV-19/England/PHEC-YY8ONOI/2022,1061,1076
hCoV-19/England/PHEC-YY8ONH7/2022,1061,1076
hCoV-19/England/PHEC-YY8OGWJ/2022,1061,1078
hCoV-19/England/PHEC-YY8OFWK/2022,1061,1076
hCoV-19/England/PHEC-YY8OFNX/2022,1061,1076
hCoV-19/England/PHEC-YY8OFK9/2022,1061,1076
hCoV-19/England/PHEC-YY8OCFN/2022,1061,1078
hCoV-19/England/PHEC-YY8XHGU/2022,1062,1076
hCoV-19/England/PHEC-YY8XHFI/2022,1062,1076
hCoV-19/England/PHEC-YY8XHC8/2022,1062,1076
hCoV-19/England/PHEC-YY8XH8T/2022,1062,1076
hCoV-19/England/PHEC-YY8X9X6/2022,1062,1076
hCoV-19/England/PHEC-YY8X9QY/2022,1062,1076
hCoV-19/England/PHEC-YY8X9NA/2022,1062,1076
hCoV-19/England/PHEC-YY8X9KE/2022,1062,1076
hCoV-19/England/PHEC-YY8X9B4/2022,1062,1076
hCoV-19/England/PHEC-YY8X969/2022,1062,1076
hCoV-19/England/PHEC-YY8X95F/2022,1062,1076
hCoV-19/England/PHEC-YY8X7IU/2022,1062,1076
hCoV-19/England/PHEC-YY8X6OH/2022,1062,1076
hCoV-19/England/PHEC-YY8X6B5/2022,1062,1076
hCoV-19/England/PHEC-YY8TMQX/2022,1062,1083
hCoV-19/England/PHEC-YY8TMPT/2022,1062,1083
hCoV-19/England/PHEC-YY8TG9T/2022,1062,1083
hCoV-19/England/PHEC-YY8TEJH/2022,1062,1083
hCoV-19/England/PHEC-YY8TEGN/2022,1062,1083
hCoV-19/England/PHEC-YY8TBYI/2022,1062,1083
hCoV-19/England/PHEC-YY8T8CZ/2022,1062,1083
hCoV-19/England/PHEC-YY8OYUT/2022,1062,1076
hCoV-19/England/PHEC-YY8OYSM/2022,1062,1076
hCoV-19/England/PHEC-YY8OYD1/2022,1062,1076
hCoV-19/England/PHEC-YY8OWPK/2022,1062,1079
hCoV-19/England/PHEC-YY8ORWM/2022,1062,1076
hCoV-19/England/PHEC-YY8ORUP/2022,1062,1076
hCoV-19/England/PHEC-YY8ORER/2022,1062,1076
hCoV-19/England/PHEC-YY8ORDQ/2022,1062,1076
hCoV-19/England/PHEC-YY8OPWN/2022,1062,1078
hCoV-19/England/PHEC-YY8OPTE/2022,1062,1078
hCoV-19/England/PHEC-YY8OPRD/2022,1062,1078
hCoV-19/England/PHEC-YY8OPOK/2022,1062,1078
hCoV-19/England/PHEC-YY8OPIY/2022,1062,1078
hCoV-19/England/PHEC-YY8OPFB/2022,1062,1078
hCoV-19/England/PHEC-YY8OPDF/2022,1062,1078
hCoV-19/England/PHEC-YY8ONC6/2022,1062,1076
hCoV-19/England/PHEC-YY8ON9Z/2022,1062,1076
hCoV-19/England/PHEC-YY8ON8E/2022,1062,1076
hCoV-19/England/PHEC-YY8ON59/2022,1062,1076
hCoV-19/England/PHEC-YY8OMHW/2022,1062,1078
hCoV-19/England/PHEC-YY8OM4A/2022,1062,1078
hCoV-19/England/PHEC-YY8OJFF/2022,1062,1078
hCoV-19/England/PHEC-YY8OJ61/2022,1062,1078
hCoV-19/England/PHEC-YY8OION/2022,1062,1080
hCoV-19/England/PHEC-YY8OGRK/2022,1062,1076
hCoV-19/England/PHEC-YY8OGJY/2022,1062,1076
hCoV-19/England/PHEC-YY8OGBO/2022,1062,1076
hCoV-19/England/PHEC-YY8OG8R/2022,1062,1076
hCoV-19/England/PHEC-YY8OFZR/2022,1062,1076
hCoV-19/England/PHEC-YY8OFXI/2022,1062,1076
hCoV-19/England/PHEC-YY8OFTO/2022,1062,1076
hCoV-19/England/PHEC-YY8OFO1/2022,1062,1076
hCoV-19/England/PHEC-YY8OFIE/2022,1062,1076
hCoV-19/England/PHEC-YY8OFAN/2022,1062,1076
hCoV-19/England/PHEC-YY8OF1Q/2022,1062,1076
hCoV-19/England/PHEC-YY8OENC/2022,1062,1078
hCoV-19/England/PHEC-YY8OEBQ/2022,1062,1078
hCoV-19/England/PHEC-YY8OE37/2022,1062,1078
hCoV-19/England/PHEC-YY8OCRR/2022,1062,1078
hCoV-19/England/PHEC-YY8OCNE/2022,1062,1078
hCoV-19/England/PHEC-YY8OCKA/2022,1062,1078
hCoV-19/England/PHEC-YY8OCJ4/2022,1062,1078
hCoV-19/England/PHEC-YY8OBIC/2022,1062,1076
hCoV-19/England/PHEC-YY8OB11/2022,1062,1076
hCoV-19/England/PHEC-YY8O98M/2022,1062,1083
hCoV-19/England/PHEC-YY8O8UK/2022,1062,1078
hCoV-19/England/PHEC-YY8O1FH/2022,1062,1079
hCoV-19/England/LOND-YYBKHWG/2022,1062,1083
hCoV-19/England/PHEC-YY8XHMJ/2022,1063,1076
hCoV-19/England/PHEC-YY8TY3D/2022,1063,1083
hCoV-19/England/PHEC-YY8TX9E/2022,1063,1083
hCoV-19/England/PHEC-YY8TNIJ/2022,1063,1083
hCoV-19/England/PHEC-YY8T8J7/2022,1063,1083
hCoV-19/England/PHEC-YY8OY4D/2022,1063,1076
hCoV-19/England/PHEC-YY8OWTB/2022,1063,1079
hCoV-19/England/PHEC-YY8OWCC/2022,1063,1079
hCoV-19/England/PHEC-YY8OTS4/2022,1063,1079
hCoV-19/England/PHEC-YY8OTHQ/2022,1063,1079
hCoV-19/England/PHEC-YY8OT5O/2022,1063,1079
hCoV-19/England/PHEC-YY8OSDH/2022,1063,1080
hCoV-19/England/PHEC-YY8ORNO/2022,1063,1076
hCoV-19/England/PHEC-YY8ORIJ/2022,1063,1076
hCoV-19/England/PHEC-YY8ORB1/2022,1063,1076
hCoV-19/England/PHEC-YY8OPYM/2022,1063,1078
hCoV-19/England/PHEC-YY8OPH1/2022,1063,1078
hCoV-19/England/PHEC-YY8OPCU/2022,1063,1078
hCoV-19/England/PHEC-YY8OP5W/2022,1063,1078
hCoV-19/England/PHEC-YY8OP4S/2022,1063,1078
hCoV-19/England/PHEC-YY8OK5Z/2022,1063,1078
hCoV-19/England/PHEC-YY8OJDJ/2022,1063,1078
hCoV-19/England/PHEC-YY8OJ3H/2022,1063,1078
hCoV-19/England/PHEC-YY8OGY1/2022,1063,1076
hCoV-19/England/PHEC-YY8OGXW/2022,1063,1076
hCoV-19/England/PHEC-YY8OGPA/2022,1063,1076
hCoV-19/England/PHEC-YY8OGNQ/2022,1063,1076
hCoV-19/England/PHEC-YY8OGK6/2022,1063,1076
hCoV-19/England/PHEC-YY8OGH3/2022,1063,1078
hCoV-19/England/PHEC-YY8OGEN/2022,1063,1076
hCoV-19/England/PHEC-YY8OG55/2022,1063,1078
hCoV-19/England/PHEC-YY8OF5H/2022,1063,1076
hCoV-19/England/PHEC-YY8OF3Y/2022,1063,1076
hCoV-19/England/PHEC-YY8OERE/2022,1063,1078
hCoV-19/England/PHEC-YY8OEGR/2022,1063,1078
hCoV-19/England/PHEC-YY8OEA9/2022,1063,1078
hCoV-19/England/PHEC-YY8OE8N/2022,1063,1078
hCoV-19/England/PHEC-YY8OCHU/2022,1063,1078
hCoV-19/England/PHEC-YY8OCA5/2022,1063,1078
hCoV-19/England/PHEC-YY8OC9P/2022,1063,1078
hCoV-19/England/PHEC-YY8OC7T/2022,1063,1078
hCoV-19/England/PHEC-YY8OC4Z/2022,1063,1078
hCoV-19/England/PHEC-YY8OC33/2022,1063,1078
hCoV-19/England/PHEC-YY8OBWQ/2022,1063,1076
hCoV-19/England/PHEC-YY8OBQ5/2022,1063,1076
hCoV-19/England/PHEC-YY8OBAG/2022,1063,1076
hCoV-19/England/PHEC-YY8OA9B/2022,1063,1080
hCoV-19/England/PHEC-YY8O9FX/2022,1063,1083
hCoV-19/England/PHEC-YY8O8YT/2022,1063,1078
hCoV-19/England/PHEC-YY8O8RJ/2022,1063,1078
hCoV-19/England/PHEC-YY8O8PZ/2022,1063,1078
hCoV-19/England/PHEC-YY8O8F8/2022,1063,1078
hCoV-19/England/PHEC-YY8O79H/2022,1063,1083
hCoV-19/England/PHEC-YY8O6NS/2022,1063,1083
hCoV-19/England/PHEC-YY8O6KG/2022,1063,1083
hCoV-19/England/PHEC-YY8O5AC/2022,1063,1083
hCoV-19/England/PHEC-YY8O54E/2022,1063,1083
hCoV-19/England/PHEC-YY8O1ZZ/2022,1063,1079
hCoV-19/England/PHEC-YY8O1OF/2022,1063,1079
hCoV-19/England/PHEC-YY8O1G4/2022,1063,1079
hCoV-19/England/PHEC-YY8O18A/2022,1063,1079
hCoV-19/England/LSPA-32606742/2022,1063,1075
hCoV-19/England/PHEC-YY8TZMJ/2022,1064,1085
hCoV-19/England/PHEC-YY8TZGU/2022,1064,1085
hCoV-19/England/PHEC-YY8TYBW/2022,1064,1083
hCoV-19/England/PHEC-YY8TY8E/2022,1064,1083
hCoV-19/England/PHEC-YY8TY63/2022,1064,1083
hCoV-19/England/PHEC-YY8TXS4/2022,1064,1083
hCoV-19/England/PHEC-YY8TX5O/2022,1064,1083
hCoV-19/England/PHEC-YY8TWPE/2022,1064,1085
hCoV-19/England/PHEC-YY8TWFA/2022,1064,1085
hCoV-19/England/PHEC-YY8TSMK/2022,1064,1085
hCoV-19/England/PHEC-YY8TOFH/2022,1064,1083
hCoV-19/England/PHEC-YY8TMKZ/2022,1064,1083
hCoV-19/England/PHEC-YY8TMJ3/2022,1064,1083
hCoV-19/England/PHEC-YY8TMIY/2022,1064,1083
hCoV-19/England/PHEC-YY8TMG9/2022,1064,1083
hCoV-19/England/PHEC-YY8TMFB/2022,1064,1083
hCoV-19/England/PHEC-YY8TM3A/2022,1064,1083
hCoV-19/England/PHEC-YY8TJ4A/2022,1064,1083
hCoV-19/England/PHEC-YY8TEU8/2022,1064,1083
hCoV-19/England/PHEC-YY8TEMA/2022,1064,1083
hCoV-19/England/PHEC-YY8TEBC/2022,1064,1083
hCoV-19/England/PHEC-YY8TDG8/2022,1064,1083
hCoV-19/England/PHEC-YY8TD3Y/2022,1064,1083
hCoV-19/England/PHEC-YY8TBJD/2022,1064,1083
hCoV-19/England/PHEC-YY8T8UE/2022,1064,1083
hCoV-19/England/PHEC-YY8OZMM/2022,1064,1080
hCoV-19/England/PHEC-YY8OX6C/2022,1064,1079
hCoV-19/England/PHEC-YY8OX4W/2022,1064,1079
hCoV-19/England/PHEC-YY8OWRH/2022,1064,1079
hCoV-19/England/PHEC-YY8OWNY/2022,1064,1079
hCoV-19/England/PHEC-YY8OWI3/2022,1064,1079
hCoV-19/England/PHEC-YY8OTZA/2022,1064,1079
hCoV-19/England/PHEC-YY8OTY8/2022,1064,1079
hCoV-19/England/PHEC-YY8OTW6/2022,1064,1079
hCoV-19/England/PHEC-YY8OTOG/2022,1064,1079
hCoV-19/England/PHEC-YY8OT41/2022,1064,1079
hCoV-19/England/PHEC-YY8OPJ3/2022,1064,1078
hCoV-19/England/PHEC-YY8OMSY/2022,1064,1078
hCoV-19/England/PHEC-YY8OMK3/2022,1064,1078
hCoV-19/England/PHEC-YY8OM89/2022,1064,1078
hCoV-19/England/PHEC-YY8OKTM/2022,1064,1078
hCoV-19/England/PHEC-YY8OKCS/2022,1064,1078
hCoV-19/England/PHEC-YY8OIR5/2022,1064,1079
hCoV-19/England/PHEC-YY8OIPJ/2022,1064,1079
hCoV-19/England/PHEC-YY8OIEU/2022,1064,1079
hCoV-19/England/PHEC-YY8OI8I/2022,1064,1079
hCoV-19/England/PHEC-YY8OHZP/2022,1064,1083
hCoV-19/England/PHEC-YY8OGOT/2022,1064,1076
hCoV-19/England/PHEC-YY8OCXQ/2022,1064,1078
hCoV-19/England/PHEC-YY8OCTJ/2022,1064,1078
hCoV-19/England/PHEC-YY8OCS9/2022,1064,1078
hCoV-19/England/PHEC-YY8OCP1/2022,1064,1078
hCoV-19/England/PHEC-YY8OCOM/2022,1064,1078
hCoV-19/England/PHEC-YY8OCIB/2022,1064,1078
hCoV-19/England/PHEC-YY8OC18/2022,1064,1078
hCoV-19/England/PHEC-YY8O976/2022,1064,1083
hCoV-19/England/PHEC-YY8O8M5/2022,1064,1078
hCoV-19/England/PHEC-YY8O8EB/2022,1064,1078
hCoV-19/England/PHEC-YY8O56Y/2022,1064,1083
hCoV-19/England/PHEC-YY8O4N4/2022,1064,1080
hCoV-19/England/PHEC-YY8O3PF/2022,1064,1080
hCoV-19/England/PHEC-YY8O1AI/2022,1064,1079
hCoV-19/England/PHEC-YY81RHZ/2022,1064,1090
hCoV-19/England/LSPA-326080FA/2022,1064,1075
hCoV-19/England/PHEC-YY8UE9M/2022,1065,1093
hCoV-19/England/PHEC-YY8TUR5/2022,1065,1083
hCoV-19/England/PHEC-YY8TUN9/2022,1065,1083
hCoV-19/England/PHEC-YY8TUF3/2022,1065,1083
hCoV-19/England/PHEC-YY8TOTD/2022,1065,1083
hCoV-19/England/PHEC-YY8TMUR/2022,1065,1083
hCoV-19/England/PHEC-YY8TMTE/2022,1065,1083
hCoV-19/England/PHEC-YY8TM1G/2022,1065,1083
hCoV-19/England/PHEC-YY8TJNJ/2022,1065,1083
hCoV-19/England/PHEC-YY8TJMZ/2022,1065,1083
hCoV-19/England/PHEC-YY8TJD8/2022,1065,1083
hCoV-19/England/PHEC-YY8TFM5/2022,1065,1083
hCoV-19/England/PHEC-YY8TFK7/2022,1065,1083
hCoV-19/England/PHEC-YY8TDSG/2022,1065,1083
hCoV-19/England/PHEC-YY8TD8F/2022,1065,1083
hCoV-19/England/PHEC-YY8TBM9/2022,1065,1083
hCoV-19/England/PHEC-YY8T89O/2022,1065,1083
hCoV-19/England/PHEC-YY8OXZ4/2022,1065,1079
hCoV-19/England/PHEC-YY8OXWY/2022,1065,1079
hCoV-19/England/PHEC-YY8OXAA/2022,1065,1079
hCoV-19/England/PHEC-YY8OX1R/2022,1065,1079
hCoV-19/England/PHEC-YY8OWYR/2022,1065,1079
hCoV-19/England/PHEC-YY8OWSZ/2022,1065,1079
hCoV-19/England/PHEC-YY8OWF4/2022,1065,1079
hCoV-19/England/PHEC-YY8OWEW/2022,1065,1079
hCoV-19/England/PHEC-YY8OWD6/2022,1065,1079
hCoV-19/England/PHEC-YY8OWAU/2022,1065,1079
hCoV-19/England/PHEC-YY8OW3T/2022,1065,1079
hCoV-19/England/PHEC-YY8OT7C/2022,1065,1079
hCoV-19/England/PHEC-YY8OSYN/2022,1065,1080
hCoV-19/England/PHEC-YY8OSXR/2022,1065,1080
hCoV-19/England/PHEC-YY8OKZ9/2022,1065,1078
hCoV-19/England/PHEC-YY8OIMP/2022,1065,1079
hCoV-19/England/PHEC-YY8OIKX/2022,1065,1079
hCoV-19/England/PHEC-YY8OID7/2022,1065,1079
hCoV-19/England/PHEC-YY8OIBB/2022,1065,1079
hCoV-19/England/PHEC-YY8OH97/2022,1065,1083
hCoV-19/England/PHEC-YY8OH69/2022,1065,1083
hCoV-19/England/PHEC-YY8OAPG/2022,1065,1080
hCoV-19/England/PHEC-YY8O74G/2022,1065,1083
hCoV-19/England/PHEC-YY8O6ZM/2022,1065,1083
hCoV-19/England/PHEC-YY8O3QD/2022,1065,1080
hCoV-19/England/PHEC-YY8O36N/2022,1065,1080
hCoV-19/England/PHEC-YY8O1MO/2022,1065,1079
hCoV-19/England/PHEC-YY8O198/2022,1065,1079
hCoV-19/England/PHEC-YY8TYWP/2022,1066,1083
hCoV-19/England/PHEC-YY8TRH3/2022,1066,1083
hCoV-19/England/PHEC-YY8TREN/2022,1066,1083
hCoV-19/England/PHEC-YY8TNJN/2022,1066,1083
hCoV-19/England/PHEC-YY8TMYM/2022,1066,1083
hCoV-19/England/PHEC-YY8TMOK/2022,1066,1083
hCoV-19/England/PHEC-YY8TME5/2022,1066,1083
hCoV-19/England/PHEC-YY8TKJ4/2022,1066,1083
hCoV-19/England/PHEC-YY8TF4H/2022,1066,1083
hCoV-19/England/PHEC-YY8TF36/2022,1066,1083
hCoV-19/England/PHEC-YY8OZWA/2022,1066,1080
hCoV-19/England/PHEC-YY8OZP8/2022,1066,1080
hCoV-19/England/PHEC-YY8OZJX/2022,1066,1080
hCoV-19/England/PHEC-YY8OZHE/2022,1066,1080
hCoV-19/England/PHEC-YY8OZCJ/2022,1066,1080
hCoV-19/England/PHEC-YY8OZB9/2022,1066,1080
hCoV-19/England/PHEC-YY8OZ6R/2022,1066,1080
hCoV-19/England/PHEC-YY8OZ5K/2022,1066,1080
hCoV-19/England/PHEC-YY8OZ3Q/2022,1066,1080
hCoV-19/England/PHEC-YY8OW7J/2022,1066,1079
hCoV-19/England/PHEC-YY8OW4X/2022,1066,1079
hCoV-19/England/PHEC-YY8OSW3/2022,1066,1080
hCoV-19/England/PHEC-YY8OST9/2022,1066,1080
hCoV-19/England/PHEC-YY8OSR4/2022,1066,1080
hCoV-19/England/PHEC-YY8OSPE/2022,1066,1080
hCoV-19/England/PHEC-YY8OSGS/2022,1066,1080
hCoV-19/England/PHEC-YY8OS9D/2022,1066,1080
hCoV-19/England/PHEC-YY8OIHK/2022,1066,1080
hCoV-19/England/PHEC-YY8OIF3/2022,1066,1079
hCoV-19/England/PHEC-YY8OIA1/2022,1066,1080
hCoV-19/England/PHEC-YY8OI9R/2022,1066,1080
hCoV-19/England/PHEC-YY8OI3O/2022,1066,1080
hCoV-19/England/PHEC-YY8OHWU/2022,1066,1083
hCoV-19/England/PHEC-YY8OHSX/2022,1066,1083
hCoV-19/England/PHEC-YY8OHNA/2022,1066,1083
hCoV-19/England/PHEC-YY8OHDS/2022,1066,1083
hCoV-19/England/PHEC-YY8OHB4/2022,1066,1083
hCoV-19/England/PHEC-YY8OH48/2022,1066,1083
hCoV-19/England/PHEC-YY8OAWZ/2022,1066,1080
hCoV-19/England/PHEC-YY8OARA/2022,1066,1080
hCoV-19/England/PHEC-YY8OANH/2022,1066,1080
hCoV-19/England/PHEC-YY8OAMK/2022,1066,1080
hCoV-19/England/PHEC-YY8OAFS/2022,1066,1080
hCoV-19/England/PHEC-YY8OAB6/2022,1066,1080
hCoV-19/England/PHEC-YY8O5M8/2022,1066,1083
hCoV-19/England/PHEC-YY8O5CF/2022,1066,1083
hCoV-19/England/LOND-YYBK7MA/2022,1066,1092
hCoV-19/England/LOND-YYBK7CS/2022,1066,1092
hCoV-19/England/PHEC-YY8TYRQ/2022,1067,1083
hCoV-19/England/PHEC-YY8TUHK/2022,1067,1083
hCoV-19/England/PHEC-YY8TRDC/2022,1067,1083
hCoV-19/England/PHEC-YY8TRBO/2022,1067,1083
hCoV-19/England/PHEC-YY8TR6I/2022,1067,1083
hCoV-19/England/PHEC-YY8TO7M/2022,1067,1083
hCoV-19/England/PHEC-YY8TNZF/2022,1067,1083
hCoV-19/England/PHEC-YY8TNYW/2022,1067,1083
hCoV-19/England/PHEC-YY8TNWM/2022,1067,1083
hCoV-19/England/PHEC-YY8TNUP/2022,1067,1083
hCoV-19/England/PHEC-YY8TKTJ/2022,1067,1083
hCoV-19/England/PHEC-YY8TK5I/2022,1067,1083
hCoV-19/England/PHEC-YY8TK33/2022,1067,1083
hCoV-19/England/PHEC-YY8TGDK/2022,1067,1083
hCoV-19/England/PHEC-YY8TG1M/2022,1067,1083
hCoV-19/England/PHEC-YY8TFJ9/2022,1067,1083
hCoV-19/England/PHEC-YY8T1RH/2022,1067,1083
hCoV-19/England/PHEC-YY8T1J1/2022,1067,1083
hCoV-19/England/PHEC-YY8OZSW/2022,1067,1080
hCoV-19/England/PHEC-YY8OZQF/2022,1067,1080
hCoV-19/England/PHEC-YY8OZAO/2022,1067,1080
hCoV-19/England/PHEC-YY8OZ1H/2022,1067,1080
hCoV-19/England/PHEC-YY8OSZU/2022,1067,1080
hCoV-19/England/PHEC-YY8OH5F/2022,1067,1083
hCoV-19/England/PHEC-YY8OAYY/2022,1067,1080
hCoV-19/England/PHEC-YY8OAH8/2022,1067,1080
hCoV-19/England/PHEC-YY8OA81/2022,1067,1080
hCoV-19/England/PHEC-YY8OA6D/2022,1067,1080
hCoV-19/England/PHEC-YY8O5US/2022,1067,1083
hCoV-19/England/PHEC-YY8O5N3/2022,1067,1083
hCoV-19/England/PHEC-YY8O4KK/2022,1067,1083
hCoV-19/England/PHEC-YY8O3Y9/2022,1067,1080
hCoV-19/England/PHEC-YY8AFHK/2022,1067,1111
