hCoV-19/England/PHEC-YYFHKX4/2022,914,929
hCoV-19/England/PHEC-YYFHK4D/2022,914,929
hCoV-19/England/PHEC-YYFHJNI/2022,914,929
hCoV-19/England/PHEC-YYFHFX9/2022,914,929
hCoV-19/England/PHEC-YYFHFUS/2022,914,929
hCoV-19/England/PHEC-YYFHFT4/2022,914,929
hCoV-19/England/PHEC-YYFHFPD/2022,914,929
hCoV-19/England/PHEC-YYFHFI1/2022,914,929
hCoV-19/England/PHEC-YYF9TFB/2022,914,932
hCoV-19/England/PHEC-YYF9ORR/2022,914,932
hCoV-19/England/PHEC-YYF9ONE/2022,914,932
hCoV-19/England/PHEC-YYF6YJC/2022,914,929
hCoV-19/England/PHEC-YYF6Y8O/2022,914,929
hCoV-19/England/PHEC-YYF6Y6B/2022,914,929
hCoV-19/England/PHEC-YYF6PAY/2022,914,929
hCoV-19/England/PHEC-YYF6BGT/2022,914,930
hCoV-19/England/PHEC-YYF6AHP/2022,914,930
hCoV-19/England/PHEC-YYF6A4T/2022,914,930
hCoV-19/England/PHEC-YYF65EU/2022,914,930
hCoV-19/England/PHEC-YYF63NB/2022,914,930
hCoV-19/England/PHEC-YYF63G3/2022,914,930
hCoV-19/England/PHEC-YYF63F5/2022,914,930
hCoV-19/England/PHEC-YYF4HRN/2022,914,929
hCoV-19/England/PHEC-YYF4HNG/2022,914,929
hCoV-19/England/PHEC-YYF4HFY/2022,914,929
hCoV-19/England/PHEC-YYF4HE4/2022,914,929
hCoV-19/England/PHEC-YYF4H8H/2022,914,929
hCoV-19/England/PHEC-YYF4GXN/2022,914,926
hCoV-19/England/PHEC-YYF4GT7/2022,914,926
hCoV-19/England/PHEC-YYF4GO9/2022,914,926
hCoV-19/England/PHEC-YYF4GMK/2022,914,926
hCoV-19/England/PHEC-YYF4GKC/2022,914,926
hCoV-19/England/PHEC-YYF4GEO/2022,914,926
hCoV-19/England/PHEC-YYF4G15/2022,914,926
hCoV-19/England/PHEC-YYF47WY/2022,914,929
hCoV-19/England/PHEC-YYF476C/2022,914,929
hCoV-19/England/PHEC-YYF46Z3/2022,914,929
hCoV-19/England/PHEC-YYF46YE/2022,914,929
hCoV-19/England/PHEC-YYF46UB/2022,914,929
hCoV-19/England/PHEC-YYF46M1/2022,914,929
hCoV-19/England/PHEC-YYF46KW/2022,914,929
hCoV-19/England/PHEC-YYF46I7/2022,914,929
hCoV-19/England/PHEC-YYF46EA/2022,914,929
hCoV-19/England/PHEC-YYF46BG/2022,914,929
hCoV-19/England/PHEC-YYF46AZ/2022,914,929
hCoV-19/England/PHEC-YYF461D/2022,914,929
hCoV-19/England/PHEC-YYF457O/2022,914,929
hCoV-19/England/PHEC-YYFHR99/2022,915,929
hCoV-19/England/PHEC-YYFHR6B/2022,915,929
hCoV-19/England/PHEC-YYFHR3M/2022,915,929
hCoV-19/England/PHEC-YYFHQ3B/2022,915,929
hCoV-19/England/PHEC-YYFHPSE/2022,915,929
hCoV-19/England/PHEC-YYFHFWW/2022,915,929
hCoV-19/England/PHEC-YYFHF1A/2022,915,929
hCoV-19/England/PHEC-YYFH9YD/2022,915,929
hCoV-19/England/PHEC-YYFH9TY/2022,915,929
hCoV-19/England/PHEC-YYFH9ON/2022,915,929
hCoV-19/England/PHEC-YYFH9N9/2022,915,929
hCoV-19/England/PHEC-YYFH9KX/2022,915,929
hCoV-19/England/PHEC-YYFH9JT/2022,915,929
hCoV-19/England/PHEC-YYFH9BB/2022,915,929
hCoV-19/England/PHEC-YYFH6HM/2022,915,929
hCoV-19/England/PHEC-YYFH6AU/2022,915,929
hCoV-19/England/PHEC-YYFH69F/2022,915,929
hCoV-19/England/PHEC-YYFH65P/2022,915,929
hCoV-19/England/PHEC-YYF9ANY/2022,915,932
hCoV-19/England/PHEC-YYF9AKO/2022,915,932
hCoV-19/England/PHEC-YYF91UD/2022,915,932
hCoV-19/England/PHEC-YYF6YST/2022,915,929
hCoV-19/England/PHEC-YYF6YQN/2022,915,929
hCoV-19/England/PHEC-YYF6YO7/2022,915,929
hCoV-19/England/PHEC-YYF6YHF/2022,915,929
hCoV-19/England/PHEC-YYF6YG1/2022,915,929
hCoV-19/England/PHEC-YYF6YAP/2022,915,929
hCoV-19/England/PHEC-YYF6Y99/2022,915,929
hCoV-19/England/PHEC-YYF6Y7D/2022,915,929
hCoV-19/England/PHEC-YYF6Y4J/2022,915,929
hCoV-19/England/PHEC-YYF6BUS/2022,915,930
hCoV-19/England/PHEC-YYF6BOH/2022,915,930
hCoV-19/England/PHEC-YYF6BN3/2022,915,930
hCoV-19/England/PHEC-YYF6BKJ/2022,915,930
hCoV-19/England/PHEC-YYF6BJM/2022,915,930
hCoV-19/England/PHEC-YYF6BDZ/2022,915,930
hCoV-19/England/PHEC-YYF6AZZ/2022,915,930
hCoV-19/England/PHEC-YYF6AW7/2022,915,930
hCoV-19/England/PHEC-YYF6AS3/2022,915,930
hCoV-19/England/PHEC-YYF6A7M/2022,915,930
hCoV-19/England/PHEC-YYF6A6J/2022,915,930
hCoV-19/England/PHEC-YYF6A1B/2022,915,930
hCoV-19/England/PHEC-YYF69C8/2022,915,930
hCoV-19/England/PHEC-YYF64W5/2022,915,930
hCoV-19/England/PHEC-YYF64TB/2022,915,930
hCoV-19/England/PHEC-YYF64I3/2022,915,930
hCoV-19/England/PHEC-YYF64AU/2022,915,930
hCoV-19/England/PHEC-YYF634O/2022,915,930
hCoV-19/England/PHEC-YYF4GU3/2022,915,926
hCoV-19/England/PHEC-YYF47UN/2022,915,929
hCoV-19/England/PHEC-YYF46QC/2022,915,929
hCoV-19/England/LSPA-3EB5962/2022,915,921
hCoV-19/England/PHEC-YYGYHBH/2022,916,936
hCoV-19/England/PHEC-YYGN9JF/2022,916,937
hCoV-19/England/PHEC-YYGN4JK/2022,916,936
hCoV-19/England/PHEC-YYGDQOF/2022,916,938
hCoV-19/England/PHEC-YYFHPUQ/2022,916,929
hCoV-19/England/PHEC-YYFHFB5/2022,916,929
hCoV-19/England/PHEC-YYFHCXA/2022,916,929
hCoV-19/England/PHEC-YYFH9R5/2022,916,929
hCoV-19/England/PHEC-YYFH9Q8/2022,916,929
hCoV-19/England/PHEC-YYFH9MP/2022,916,929
hCoV-19/England/PHEC-YYFH9GZ/2022,916,929
hCoV-19/England/PHEC-YYFH9D7/2022,916,929
hCoV-19/England/PHEC-YYFH916/2022,916,929
hCoV-19/England/PHEC-YYFH63T/2022,916,929
hCoV-19/England/PHEC-YYF9AXG/2022,916,932
hCoV-19/England/PHEC-YYF9APK/2022,916,932
hCoV-19/England/PHEC-YYF9AGA/2022,916,932
hCoV-19/England/PHEC-YYF9ABN/2022,916,932
hCoV-19/England/PHEC-YYF98HH/2022,916,931
hCoV-19/England/PHEC-YYF91I9/2022,916,932
hCoV-19/England/PHEC-YYF91E4/2022,916,932
hCoV-19/England/PHEC-YYF6YME/2022,916,929
hCoV-19/England/PHEC-YYF6BQB/2022,916,930
hCoV-19/England/PHEC-YYF64NY/2022,916,930
hCoV-19/England/PHEC-YYF64GA/2022,916,930
hCoV-19/England/PHEC-YYGYT51/2022,917,933
hCoV-19/England/PHEC-YYGY9ZC/2022,917,936
hCoV-19/England/PHEC-YYGY9W1/2022,917,936
hCoV-19/England/PHEC-YYGY9HN/2022,917,936
hCoV-19/England/PHEC-YYGY9AK/2022,917,936
hCoV-19/England/PHEC-YYGR7JD/2022,917,940
hCoV-19/England/PHEC-YYGBW4X/2022,917,936
hCoV-19/England/PHEC-YYF9TN8/2022,917,932
hCoV-19/England/PHEC-YYF9TMI/2022,917,932
hCoV-19/England/PHEC-YYF9TH1/2022,917,932
hCoV-19/England/PHEC-YYF9TCU/2022,917,932
hCoV-19/England/PHEC-YYF9T7O/2022,917,932
hCoV-19/England/PHEC-YYF9T5W/2022,917,932
hCoV-19/England/PHEC-YYF9T4S/2022,917,932
hCoV-19/England/PHEC-YYF9T3A/2022,917,932
hCoV-19/England/PHEC-YYF9T1G/2022,917,932
hCoV-19/England/PHEC-YYF9OHU/2022,917,932
hCoV-19/England/PHEC-YYF9O9P/2022,917,932
hCoV-19/England/PHEC-YYF9O6X/2022,917,932
hCoV-19/England/PHEC-YYF9KC4/2022,917,931
hCoV-19/England/PHEC-YYF91YK/2022,917,932
hCoV-19/England/PHEC-YYF91QQ/2022,917,932
hCoV-19/England/PHEC-YYF91KS/2022,917,932
hCoV-19/England/PHEC-YYF91HT/2022,917,932
hCoV-19/England/PHEC-YYF91FY/2022,917,932
hCoV-19/England/PHEC-YYF91C1/2022,917,932
hCoV-19/England/PHEC-YYF91BE/2022,917,932
hCoV-19/England/PHEC-YYF914I/2022,917,932
hCoV-19/England/PHEC-YYF6CI8/2022,917,930
hCoV-19/England/PHEC-YYF64D6/2022,917,930
hCoV-19/England/PHEC-YYF636E/2022,917,930
hCoV-19/England/PHEC-YYGYPGB/2022,918,933
hCoV-19/England/PHEC-YYGYHRS/2022,918,936
hCoV-19/England/PHEC-YYGY9SQ/2022,918,936
hCoV-19/England/PHEC-YYGY7WW/2022,918,936
hCoV-19/England/PHEC-YYGY7AC/2022,918,936
hCoV-19/England/PHEC-YYGY6YH/2022,918,936
hCoV-19/England/PHEC-YYGY4XN/2022,918,936
hCoV-19/England/PHEC-YYGY4PG/2022,918,936
hCoV-19/England/PHEC-YYGY4O9/2022,918,936
hCoV-19/England/PHEC-YYGN4X6/2022,918,936
hCoV-19/England/PHEC-YYGN4QY/2022,918,936
hCoV-19/England/PHEC-YYGDXBD/2022,918,938
hCoV-19/England/PHEC-YYGDTGZ/2022,918,938
hCoV-19/England/PHEC-YYGDQHP/2022,918,938
hCoV-19/England/PHEC-YYGD15M/2022,918,938
hCoV-19/England/PHEC-YYGBYRO/2022,918,936
hCoV-19/England/PHEC-YYGBYP6/2022,918,936
hCoV-19/England/PHEC-YYGBYFQ/2022,918,936
hCoV-19/England/PHEC-YYGBWXG/2022,918,936
hCoV-19/England/PHEC-YYGBWPK/2022,918,936
hCoV-19/England/PHEC-YYGBWJ1/2022,918,936
hCoV-19/England/PHEC-YYGBWGA/2022,918,936
hCoV-19/England/PHEC-YYGBW5P/2022,918,936
hCoV-19/England/PHEC-YYGBRXS/2022,918,936
hCoV-19/England/PHEC-YYGBRTT/2022,918,936
hCoV-19/England/PHEC-YYGBN63/2022,918,936
hCoV-19/England/PHEC-YYGBDYI/2022,918,936
hCoV-19/England/PHEC-YYGBDSE/2022,918,936
hCoV-19/England/PHEC-YYGBDRP/2022,918,936
hCoV-19/England/PHEC-YYGBDBU/2022,918,936
hCoV-19/England/PHEC-YYGB3ZO/2022,918,936
hCoV-19/England/PHEC-YYGB3Y9/2022,918,936
hCoV-19/England/PHEC-YYGB3IW/2022,918,936
hCoV-19/England/PHEC-YYG8N7X/2022,918,943
hCoV-19/England/PHEC-YYF9TPT/2022,918,932
hCoV-19/England/PHEC-YYF9TOK/2022,918,932
hCoV-19/England/PHEC-YYF91NG/2022,918,932
hCoV-19/England/PHEC-YYGZFS3/2022,919,974
hCoV-19/England/PHEC-YYGYQYC/2022,919,933
hCoV-19/England/PHEC-YYGYQS9/2022,919,933
hCoV-19/England/PHEC-YYGYQRR/2022,919,933
hCoV-19/England/PHEC-YYGYQHU/2022,919,933
hCoV-19/England/PHEC-YYGYQFN/2022,919,933
hCoV-19/England/PHEC-YYGYQEH/2022,919,933
hCoV-19/England/PHEC-YYGYQDG/2022,919,933
hCoV-19/England/PHEC-YYGYQA5/2022,919,933
hCoV-19/England/PHEC-YYGYQ33/2022,919,933
hCoV-19/England/PHEC-YYGYPUG/2022,919,933
hCoV-19/England/PHEC-YYGYPTK/2022,919,933
hCoV-19/England/PHEC-YYGYPQT/2022,919,933
hCoV-19/England/PHEC-YYGYPOC/2022,919,933
hCoV-19/England/PHEC-YYGYPMZ/2022,919,933
hCoV-19/England/PHEC-YYGYPK3/2022,919,933
hCoV-19/England/PHEC-YYGYPJ5/2022,919,933
hCoV-19/England/PHEC-YYGYPIN/2022,919,933
hCoV-19/England/PHEC-YYGYPCI/2022,919,933
hCoV-19/England/PHEC-YYGYPAH/2022,919,933
hCoV-19/England/PHEC-YYGYP9Q/2022,919,933
hCoV-19/England/PHEC-YYGYP1E/2022,919,933
hCoV-19/England/PHEC-YYGYOZ5/2022,919,933
hCoV-19/England/PHEC-YYGYOXC/2022,919,933
hCoV-19/England/PHEC-YYGYOS7/2022,919,933
hCoV-19/England/PHEC-YYGYOPO/2022,919,933
hCoV-19/England/PHEC-YYGYO4I/2022,919,933
hCoV-19/England/PHEC-YYGYO3Z/2022,919,933
hCoV-19/England/PHEC-YYGYHY6/2022,919,936
hCoV-19/England/PHEC-YYGY9IO/2022,919,936
hCoV-19/England/PHEC-YYGY4ZT/2022,919,936
hCoV-19/England/PHEC-YYGY4MK/2022,919,936
hCoV-19/England/PHEC-YYGY4KC/2022,919,936
hCoV-19/England/PHEC-YYGY4JQ/2022,919,936
hCoV-19/England/PHEC-YYGY4II/2022,919,936
hCoV-19/England/PHEC-YYGY481/2022,919,936
hCoV-19/England/PHEC-YYGY45J/2022,919,936
hCoV-19/England/PHEC-YYGY43P/2022,919,936
hCoV-19/England/PHEC-YYGRW7D/2022,919,939
hCoV-19/England/PHEC-YYGNAIU/2022,919,936
hCoV-19/England/PHEC-YYGN98J/2022,919,937
hCoV-19/England/PHEC-YYGN4O5/2022,919,936
hCoV-19/England/PHEC-YYGDSHF/2022,919,938
hCoV-19/England/PHEC-YYGBWZI/2022,919,936
hCoV-19/England/PHEC-YYGBWTB/2022,919,936
hCoV-19/England/PHEC-YYGBWD6/2022,919,936
hCoV-19/England/PHEC-YYGBWCC/2022,919,936
hCoV-19/England/PHEC-YYGBSZU/2022,919,936
hCoV-19/England/PHEC-YYGBSR4/2022,919,936
hCoV-19/England/PHEC-YYGBSN6/2022,919,936
hCoV-19/England/PHEC-YYGBSIZ/2022,919,936
hCoV-19/England/PHEC-YYGBSBY/2022,919,936
hCoV-19/England/PHEC-YYGBRWM/2022,919,936
hCoV-19/England/PHEC-YYGBRP4/2022,919,936
hCoV-19/England/PHEC-YYGBR73/2022,919,936
hCoV-19/England/PHEC-YYGBNZ8/2022,919,936
hCoV-19/England/PHEC-YYGBNXA/2022,919,936
hCoV-19/England/PHEC-YYGBNSJ/2022,919,936
hCoV-19/England/PHEC-YYGBNOI/2022,919,936
hCoV-19/England/PHEC-YYGBN59/2022,919,936
hCoV-19/England/PHEC-YYGBN4B/2022,919,936
hCoV-19/England/PHEC-YYGBIW4/2022,919,936
hCoV-19/England/PHEC-YYGBIJT/2022,919,936
hCoV-19/England/PHEC-YYGBIGZ/2022,919,936
hCoV-19/England/PHEC-YYGBIA1/2022,919,936
hCoV-19/England/PHEC-YYGBI7E/2022,919,936
hCoV-19/England/PHEC-YYGBI5C/2022,919,936
hCoV-19/England/PHEC-YYGBFG8/2022,919,936
hCoV-19/England/PHEC-YYGBDXZ/2022,919,936
hCoV-19/England/PHEC-YYGBDIK/2022,919,936
hCoV-19/England/PHEC-YYGBDGJ/2022,919,936
hCoV-19/England/PHEC-YYGBDAR/2022,919,936
hCoV-19/England/PHEC-YYGBARA/2022,919,936
hCoV-19/England/PHEC-YYGBAD4/2022,919,936
hCoV-19/England/PHEC-YYGBA6D/2022,919,936
hCoV-19/England/PHEC-YYGB4Y6/2022,919,936
hCoV-19/England/PHEC-YYGB3WS/2022,919,936
hCoV-19/England/PHEC-YYGB3KM/2022,919,936
hCoV-19/England/PHEC-YYGB3JP/2022,919,936
hCoV-19/England/PHEC-YYGB3HG/2022,919,936
hCoV-19/England/PHEC-YYGB3GU/2022,919,936
hCoV-19/England/PHEC-YYGB34K/2022,919,936
hCoV-19/England/PHEC-YYGB314/2022,919,936
hCoV-19/England/PHEC-YYG1Y4Y/2022,919,957
hCoV-19/England/PHEC-YYF9OGY/2022,919,932
hCoV-19/England/PHEC-YYF9OEH/2022,919,932
hCoV-19/England/PHEC-YYGYQUF/2022,920,933
hCoV-19/England/PHEC-YYGYQTJ/2022,920,933
hCoV-19/England/PHEC-YYGYQP1/2022,920,933
hCoV-19/England/PHEC-YYGYQOM/2022,920,933
hCoV-19/England/PHEC-YYGYQ6X/2022,920,933
hCoV-19/England/PHEC-YYGYOYK/2022,920,933
hCoV-19/England/PHEC-YYGYOMW/2022,920,933
hCoV-19/England/PHEC-YYGPTHS/2022,920,950
hCoV-19/England/PHEC-YYGPT9O/2022,920,950
hCoV-19/England/PHEC-YYGNTBD/2022,920,936
hCoV-19/England/PHEC-YYGNOMO/2022,920,936
hCoV-19/England/PHEC-YYGNAPR/2022,920,936
hCoV-19/England/PHEC-YYGN4RW/2022,920,936
hCoV-19/England/PHEC-YYGDTR5/2022,920,938
hCoV-19/England/PHEC-YYGDSN4/2022,920,938
hCoV-19/England/PHEC-YYGDI7R/2022,920,938
hCoV-19/England/PHEC-YYGDC1D/2022,920,938
hCoV-19/England/PHEC-YYGBZWA/2022,920,936
hCoV-19/England/PHEC-YYGBZ5K/2022,920,936
hCoV-19/England/PHEC-YYGBY3F/2022,920,936
hCoV-19/England/PHEC-YYGBW9F/2022,920,936
hCoV-19/England/PHEC-YYGBW3T/2022,920,936
hCoV-19/England/PHEC-YYGBW19/2022,920,936
hCoV-19/England/PHEC-YYGBSYN/2022,920,936
hCoV-19/England/PHEC-YYGBSW3/2022,920,936
hCoV-19/England/PHEC-YYGBSKQ/2022,920,936
hCoV-19/England/PHEC-YYGBSJO/2022,920,936
hCoV-19/England/PHEC-YYGBSHJ/2022,920,936
hCoV-19/England/PHEC-YYGBSE1/2022,920,936
hCoV-19/England/PHEC-YYGBSDH/2022,920,936
hCoV-19/England/PHEC-YYGBSAT/2022,920,936
hCoV-19/England/PHEC-YYGBS4P/2022,920,936
hCoV-19/England/PHEC-YYGBRYW/2022,920,936
hCoV-19/England/PHEC-YYGBRM6/2022,920,936
hCoV-19/England/PHEC-YYGBNIM/2022,920,936
hCoV-19/England/PHEC-YYGBNEG/2022,920,936
hCoV-19/England/PHEC-YYGBN75/2022,920,936
hCoV-19/England/PHEC-YYGBIXF/2022,920,936
hCoV-19/England/PHEC-YYGBIMP/2022,920,936
hCoV-19/England/PHEC-YYGBI9R/2022,920,936
hCoV-19/England/PHEC-YYGBDP5/2022,920,936
hCoV-19/England/PHEC-YYGBD88/2022,920,936
hCoV-19/England/PHEC-YYGBAWZ/2022,920,936
hCoV-19/England/PHEC-YYGBAQR/2022,920,936
hCoV-19/England/PHEC-YYGBAFS/2022,920,936
hCoV-19/England/PHEC-YYGBA5J/2022,920,936
hCoV-19/England/PHEC-YYGB3N5/2022,920,936
hCoV-19/England/PHEC-YYG8RKW/2022,920,943
hCoV-19/England/PHEC-YYG1BRC/2022,920,957
hCoV-19/England/PHEC-YYG1BNO/2022,920,957
