hCoV-19/England/PHEC-YYG9YAK/2022,998,1013
hCoV-19/England/PHEC-YYG9SWH/2022,998,1016
hCoV-19/England/PHEC-YYG9QTK/2022,998,1013
hCoV-19/England/PHEC-YYG9QFD/2022,998,1013
hCoV-19/England/PHEC-YYG9Q4A/2022,998,1013
hCoV-19/England/PHEC-YYG9PSB/2022,998,1013
hCoV-19/England/PHEC-YYG9PK4/2022,998,1013
hCoV-19/England/PHEC-YYG9P7U/2022,998,1013
hCoV-19/England/PHEC-YYG9NX5/2022,998,1013
hCoV-19/England/PHEC-YYG9MEY/2022,998,1013
hCoV-19/England/PHEC-YYG9C44/2022,998,1013
hCoV-19/England/PHEC-YYG9C1K/2022,998,1013
hCoV-19/England/PHEC-YYG91Z4/2022,998,1015
hCoV-19/England/PHEC-YYG91I6/2022,998,1015
hCoV-19/England/PHEC-YYG9151/2022,998,1015
hCoV-19/England/PHEC-YYG914W/2022,998,1015
hCoV-19/England/PHEC-YYG7HYD/2022,998,1013
hCoV-19/England/PHEC-YYG7HON/2022,998,1013
hCoV-19/England/PHEC-YYG7HF3/2022,998,1013
hCoV-19/England/PHEC-YYG75XG/2022,998,1013
hCoV-19/England/PHEC-YYG757J/2022,998,1013
hCoV-19/England/PHEC-YYG754X/2022,998,1013
hCoV-19/England/PHEC-YYG74G3/2022,998,1013
hCoV-19/England/PHEC-YY8Y9PY/2022,998,1020
hCoV-19/England/PHEC-YY8RY6W/2022,998,1024
hCoV-19/England/QEUH-3259019B/2022,999,1017
hCoV-19/England/PHEC-YYG9ZU7/2022,999,1016
hCoV-19/England/PHEC-YYG9ZHM/2022,999,1016
hCoV-19/England/PHEC-YYG9Z19/2022,999,1016
hCoV-19/England/PHEC-YYG9Y7Y/2022,999,1013
hCoV-19/England/PHEC-YYG9XQO/2022,999,1013
hCoV-19/England/PHEC-YYG9XP1/2022,999,1013
hCoV-19/England/PHEC-YYG9XFN/2022,999,1013
hCoV-19/England/PHEC-YYG9UBG/2022,999,1015
hCoV-19/England/PHEC-YYG9STN/2022,999,1016
hCoV-19/England/PHEC-YYG9SQJ/2022,999,1016
hCoV-19/England/PHEC-YYG9SPM/2022,999,1016
hCoV-19/England/PHEC-YYG9SNB/2022,999,1016
hCoV-19/England/PHEC-YYG9QUG/2022,999,1013
hCoV-19/England/PHEC-YYG9QNJ/2022,999,1013
hCoV-19/England/PHEC-YYG9QK3/2022,999,1013
hCoV-19/England/PHEC-YYG9QHW/2022,999,1013
hCoV-19/England/PHEC-YYG9QBM/2022,999,1013
hCoV-19/England/PHEC-YYG9Q6O/2022,999,1013
hCoV-19/England/PHEC-YYG9PXO/2022,999,1013
hCoV-19/England/PHEC-YYG9PMA/2022,999,1013
hCoV-19/England/PHEC-YYG9PID/2022,999,1013
hCoV-19/England/PHEC-YYG9PA7/2022,999,1013
hCoV-19/England/PHEC-YYG9P43/2022,999,1013
hCoV-19/England/PHEC-YYG9P1J/2022,999,1013
hCoV-19/England/PHEC-YYG9OXP/2022,999,1013
hCoV-19/England/PHEC-YYG9OTE/2022,999,1013
hCoV-19/England/PHEC-YYG9OKZ/2022,999,1013
hCoV-19/England/PHEC-YYG9OIY/2022,999,1013
hCoV-19/England/PHEC-YYG9OFB/2022,999,1013
hCoV-19/England/PHEC-YYG9OE5/2022,999,1013
hCoV-19/England/PHEC-YYG9O4S/2022,999,1013
hCoV-19/England/PHEC-YYG9NRT/2022,999,1013
hCoV-19/England/PHEC-YYG9NJ8/2022,999,1013
hCoV-19/England/PHEC-YYG9N8M/2022,999,1013
hCoV-19/England/PHEC-YYG9IK1/2022,999,1016
hCoV-19/England/PHEC-YYG9ICQ/2022,999,1016
hCoV-19/England/PHEC-YYG9HO6/2022,999,1016
hCoV-19/England/PHEC-YYG9CUE/2022,999,1013
hCoV-19/England/PHEC-YYG9COQ/2022,999,1013
hCoV-19/England/PHEC-YYG97AP/2022,999,1016
hCoV-19/England/PHEC-YYG91HO/2022,999,1015
hCoV-19/England/PHEC-YYG7HQ8/2022,999,1013
hCoV-19/England/PHEC-YYG75PK/2022,999,1013
hCoV-19/England/PHEC-YYG75HM/2022,999,1013
hCoV-19/England/PHEC-YY8YWYF/2022,999,1020
hCoV-19/England/PHEC-YY8YERJ/2022,999,1017
hCoV-19/England/PHEC-YYG9ZF4/2022,1000,1016
hCoV-19/England/PHEC-YYG9ZEW/2022,1000,1016
hCoV-19/England/PHEC-YYG9XOM/2022,1000,1013
hCoV-19/England/PHEC-YYG9TBE/2022,1000,1013
hCoV-19/England/PHEC-YYG9SZS/2022,1000,1016
hCoV-19/England/PHEC-YYG9SBD/2022,1000,1016
hCoV-19/England/PHEC-YYG9O9C/2022,1000,1013
hCoV-19/England/PHEC-YYG9MW8/2022,1000,1013
hCoV-19/England/PHEC-YYG9MHZ/2022,1000,1013
hCoV-19/England/PHEC-YYG9IXE/2022,1000,1016
hCoV-19/England/PHEC-YYG9IU9/2022,1000,1016
hCoV-19/England/PHEC-YYG9IS3/2022,1000,1016
hCoV-19/England/PHEC-YYG9IAI/2022,1000,1016
hCoV-19/England/PHEC-YYG9HXB/2022,1000,1016
hCoV-19/England/PHEC-YYG9HRZ/2022,1000,1016
hCoV-19/England/PHEC-YYG9HD3/2022,1000,1016
hCoV-19/England/PHEC-YYG9CTC/2022,1000,1013
hCoV-19/England/PHEC-YYG9CHS/2022,1000,1013
hCoV-19/England/PHEC-YYG9CFF/2022,1000,1013
hCoV-19/England/PHEC-YYG9AYD/2022,1000,1016
hCoV-19/England/PHEC-YYG97O7/2022,1000,1016
hCoV-19/England/PHEC-YYG97JC/2022,1000,1016
hCoV-19/England/PHEC-YYG97IU/2022,1000,1016
hCoV-19/England/PHEC-YYG97BH/2022,1000,1016
hCoV-19/England/PHEC-YYG974J/2022,1000,1016
hCoV-19/England/PHEC-YYG95D4/2022,1000,1016
hCoV-19/England/PHEC-YYG91WY/2022,1000,1015
hCoV-19/England/PHEC-YYG91TG/2022,1000,1015
hCoV-19/England/PHEC-YY8YJ1M/2022,1000,1020
hCoV-19/England/PHEC-YY8YIBN/2022,1000,1020
hCoV-19/England/PHEC-YYG9ZMQ/2022,1001,1016
hCoV-19/England/PHEC-YYG9ZKO/2022,1001,1016
hCoV-19/England/PHEC-YYG9ZJ1/2022,1001,1016
hCoV-19/England/PHEC-YYG9ZI3/2022,1001,1016
hCoV-19/England/PHEC-YYG9ZAU/2022,1001,1016
hCoV-19/England/PHEC-YYG9Z4X/2022,1001,1016
hCoV-19/England/PHEC-YYG9Z3T/2022,1001,1016
hCoV-19/England/PHEC-YYG9XRR/2022,1001,1013
hCoV-19/England/PHEC-YYG9W7C/2022,1001,1016
hCoV-19/England/PHEC-YYG9URY/2022,1001,1015
hCoV-19/England/PHEC-YYG9TPO/2022,1001,1015
hCoV-19/England/PHEC-YYG9SU6/2022,1001,1016
hCoV-19/England/PHEC-YYG9SR7/2022,1001,1016
hCoV-19/England/PHEC-YYG9SMX/2022,1001,1016
hCoV-19/England/PHEC-YYG9SKT/2022,1001,1016
hCoV-19/England/PHEC-YYG9SJU/2022,1001,1016
hCoV-19/England/PHEC-YYG9SD9/2022,1001,1016
hCoV-19/England/PHEC-YYG9QIN/2022,1001,1013
hCoV-19/England/PHEC-YYG9OWN/2022,1001,1013
hCoV-19/England/PHEC-YYG9HKM/2022,1001,1016
hCoV-19/England/PHEC-YYG9HGU/2022,1001,1016
hCoV-19/England/PHEC-YYG9HC8/2022,1001,1016
hCoV-19/England/PHEC-YYG9HB7/2022,1001,1016
hCoV-19/England/PHEC-YYG9AXF/2022,1001,1016
hCoV-19/England/PHEC-YYG97N4/2022,1001,1016
hCoV-19/England/PHEC-YYG96JM/2022,1001,1016
hCoV-19/England/PHEC-YYG96DZ/2022,1001,1016
hCoV-19/England/PHEC-YYG95O9/2022,1001,1016
hCoV-19/England/PHEC-YYG95MK/2022,1001,1016
hCoV-19/England/PHEC-YYG95EO/2022,1001,1016
hCoV-19/England/PHEC-YY8YWTN/2022,1001,1020
hCoV-19/England/PHEC-YY8YWSA/2022,1001,1020
hCoV-19/England/PHEC-YY8YWNB/2022,1001,1020
hCoV-19/England/PHEC-YY8YWF5/2022,1001,1020
hCoV-19/England/PHEC-YY8YW1Y/2022,1001,1020
hCoV-19/England/PHEC-YY8YMXO/2022,1001,1020
hCoV-19/England/PHEC-YY8YMWF/2022,1001,1020
hCoV-19/England/PHEC-YY8YMSB/2022,1001,1020
hCoV-19/England/PHEC-YY8YMGN/2022,1001,1020
hCoV-19/England/PHEC-YY8YMDE/2022,1001,1020
hCoV-19/England/PHEC-YY8YM6T/2022,1001,1020
hCoV-19/England/PHEC-YY8YKSN/2022,1001,1020
hCoV-19/England/PHEC-YY8YK3H/2022,1001,1020
hCoV-19/England/PHEC-YY8YJ37/2022,1001,1020
hCoV-19/England/PHEC-YY8YEXU/2022,1001,1017
hCoV-19/England/PHEC-YY8YEUK/2022,1001,1017
hCoV-19/England/PHEC-YY8YEPZ/2022,1001,1017
hCoV-19/England/PHEC-YY8YEK7/2022,1001,1017
hCoV-19/England/PHEC-YY8YEJ9/2022,1001,1017
hCoV-19/England/PHEC-YY8YEGF/2022,1001,1017
hCoV-19/England/PHEC-YY8YEBX/2022,1001,1017
hCoV-19/England/PHEC-YY8YEAY/2022,1001,1017
hCoV-19/England/PHEC-YY8YE1C/2022,1001,1017
hCoV-19/England/PHEC-YY8YDUX/2022,1001,1017
hCoV-19/England/PHEC-YY8YAWA/2022,1001,1020
hCoV-19/England/PHEC-YY8Y8WJ/2022,1001,1017
hCoV-19/England/PHEC-YY8Y847/2022,1001,1017
hCoV-19/England/PHEC-YY8NSD3/2022,1001,1021
hCoV-19/England/PHEC-YY8DYJB/2022,1001,1021
hCoV-19/England/PHEC-YYG9H7R/2022,1002,1016
hCoV-19/England/PHEC-YYG9AON/2022,1002,1016
hCoV-19/England/PHEC-YYG9AN9/2022,1002,1016
hCoV-19/England/PHEC-YYG9AKX/2022,1002,1016
hCoV-19/England/PHEC-YYG9AJT/2022,1002,1016
hCoV-19/England/PHEC-YYG978O/2022,1002,1016
hCoV-19/England/PHEC-YYG96X9/2022,1002,1016
hCoV-19/England/PHEC-YYG96N3/2022,1002,1016
hCoV-19/England/PHEC-YYG96B5/2022,1002,1016
hCoV-19/England/PHEC-YYG95WZ/2022,1002,1016
hCoV-19/England/PHEC-YYG95QR/2022,1002,1016
hCoV-19/England/PHEC-YY8YWX8/2022,1002,1020
hCoV-19/England/PHEC-YY8YWR7/2022,1002,1020
hCoV-19/England/PHEC-YY8YWKT/2022,1002,1020
hCoV-19/England/PHEC-YY8YWD9/2022,1002,1020
hCoV-19/England/PHEC-YY8YWBD/2022,1002,1020
hCoV-19/England/PHEC-YY8YW7K/2022,1002,1020
hCoV-19/England/PHEC-YY8YW31/2022,1002,1020
hCoV-19/England/PHEC-YY8YUS3/2022,1002,1020
hCoV-19/England/PHEC-YY8YMJH/2022,1002,1020
hCoV-19/England/PHEC-YY8YM5Z/2022,1002,1020
hCoV-19/England/PHEC-YY8YKE9/2022,1002,1020
hCoV-19/England/PHEC-YY8YK61/2022,1002,1020
hCoV-19/England/PHEC-YY8YJ7I/2022,1002,1020
hCoV-19/England/PHEC-YY8YIEW/2022,1002,1020
hCoV-19/England/PHEC-YY8YGK9/2022,1002,1017
hCoV-19/England/PHEC-YY8YGFJ/2022,1002,1017
hCoV-19/England/PHEC-YY8YEWE/2022,1002,1017
hCoV-19/England/PHEC-YY8YETQ/2022,1002,1017
hCoV-19/England/PHEC-YY8YESR/2022,1002,1017
hCoV-19/England/PHEC-YY8YEQI/2022,1002,1017
hCoV-19/England/PHEC-YY8YEOO/2022,1002,1017
hCoV-19/England/PHEC-YY8YEIG/2022,1002,1017
hCoV-19/England/PHEC-YY8YDYS/2022,1002,1017
hCoV-19/England/PHEC-YY8YDIM/2022,1002,1017
hCoV-19/England/PHEC-YY8YDEG/2022,1002,1017
hCoV-19/England/PHEC-YY8YD4B/2022,1002,1017
hCoV-19/England/PHEC-YY8YAJX/2022,1002,1020
hCoV-19/England/PHEC-YY8YA8U/2022,1002,1020
hCoV-19/England/PHEC-YY8YA3Q/2022,1002,1020
hCoV-19/England/PHEC-YY8Y8ZD/2022,1002,1017
hCoV-19/England/PHEC-YY8Y8XW/2022,1002,1017
hCoV-19/England/PHEC-YY8Y8UM/2022,1002,1017
hCoV-19/England/PHEC-YY8Y8TX/2022,1002,1017
hCoV-19/England/PHEC-YY8Y8QS/2022,1002,1017
hCoV-19/England/PHEC-YY8Y8PA/2022,1002,1017
hCoV-19/England/PHEC-YY8Y8JY/2022,1002,1017
hCoV-19/England/PHEC-YY8Y8H3/2022,1002,1017
hCoV-19/England/PHEC-YY8Y8GG/2022,1002,1017
hCoV-19/England/PHEC-YY8Y8C4/2022,1002,1017
hCoV-19/England/PHEC-YY8Y89U/2022,1002,1017
hCoV-19/England/PHEC-YY8Y7UI/2022,1002,1020
hCoV-19/England/PHEC-YY8Y6NZ/2022,1002,1020
hCoV-19/England/PHEC-YY8Y1QM/2022,1002,1020
hCoV-19/England/PHEC-YY8RBDK/2022,1002,1024
hCoV-19/England/PHEC-YY8NHQ7/2022,1002,1021
hCoV-19/England/PHEC-YY8N4MF/2022,1002,1021
hCoV-19/England/PHEC-YY8N4GX/2022,1002,1021
hCoV-19/England/PHEC-YY8JC66/2022,1002,1037
hCoV-19/England/PHEC-YY8DWY9/2022,1002,1024
hCoV-19/England/PHEC-YYG9AIA/2022,1003,1016
hCoV-19/England/PHEC-YY8YWPM/2022,1003,1020
hCoV-19/England/PHEC-YY8YUTD/2022,1003,1020
hCoV-19/England/PHEC-YY8YU98/2022,1003,1020
hCoV-19/England/PHEC-YY8YSA1/2022,1003,1020
hCoV-19/England/PHEC-YY8YS3O/2022,1003,1020
hCoV-19/England/PHEC-YY8YRHH/2022,1003,1017
hCoV-19/England/PHEC-YY8YNOS/2022,1003,1017
hCoV-19/England/PHEC-YY8YNE8/2022,1003,1017
hCoV-19/England/PHEC-YY8YKXT/2022,1003,1020
hCoV-19/England/PHEC-YY8YJQW/2022,1003,1020
hCoV-19/England/PHEC-YY8YJPS/2022,1003,1020
hCoV-19/England/PHEC-YY8YJNC/2022,1003,1017
hCoV-19/England/PHEC-YY8YJHZ/2022,1003,1020
hCoV-19/England/PHEC-YY8YJDK/2022,1003,1017
hCoV-19/England/PHEC-YY8YIKO/2022,1003,1020
hCoV-19/England/PHEC-YY8YID6/2022,1003,1020
hCoV-19/England/PHEC-YY8YICC/2022,1003,1020
hCoV-19/England/PHEC-YY8YHWW/2022,1003,1020
hCoV-19/England/PHEC-YY8YHQB/2022,1003,1020
hCoV-19/England/PHEC-YY8YHPD/2022,1003,1020
hCoV-19/England/PHEC-YY8YHFU/2022,1003,1020
hCoV-19/England/PHEC-YY8YHCF/2022,1003,1020
hCoV-19/England/PHEC-YY8YH3K/2022,1003,1020
hCoV-19/England/PHEC-YY8YGP3/2022,1003,1017
hCoV-19/England/PHEC-YY8YGNX/2022,1003,1017
hCoV-19/England/PHEC-YY8YG9W/2022,1003,1017
hCoV-19/England/PHEC-YY8YE6W/2022,1003,1017
hCoV-19/England/PHEC-YY8YE54/2022,1003,1017
hCoV-19/England/PHEC-YY8YDGK/2022,1003,1017
hCoV-19/England/PHEC-YY8YAET/2022,1003,1020
hCoV-19/England/PHEC-YY8YAD5/2022,1003,1020
hCoV-19/England/PHEC-YY8Y8OT/2022,1003,1017
hCoV-19/England/PHEC-YY8Y8MH/2022,1003,1017
hCoV-19/England/PHEC-YY8Y8K6/2022,1003,1017
hCoV-19/England/PHEC-YY8Y8I8/2022,1003,1017
hCoV-19/England/PHEC-YY8Y8EN/2022,1003,1017
hCoV-19/England/PHEC-YY8Y7NA/2022,1003,1020
hCoV-19/England/PHEC-YY8Y7HD/2022,1003,1020
hCoV-19/England/PHEC-YY8Y7GO/2022,1003,1020
hCoV-19/England/PHEC-YY8Y7AM/2022,1003,1020
hCoV-19/England/PHEC-YY8Y769/2022,1003,1020
hCoV-19/England/PHEC-YY8Y75F/2022,1003,1020
hCoV-19/England/PHEC-YY8Y6B3/2022,1003,1020
hCoV-19/England/PHEC-YY8Y3SU/2022,1003,1020
hCoV-19/England/PHEC-YY8Y3PG/2022,1003,1020
hCoV-19/England/PHEC-YY8Y1PP/2022,1003,1020
hCoV-19/England/PHEC-YY8Y1DB/2022,1003,1020
hCoV-19/England/PHEC-YY8RBGR/2022,1003,1024
hCoV-19/England/PHEC-YY8NYHH/2022,1003,1020
hCoV-19/England/PHEC-YY8NSY9/2022,1003,1021
hCoV-19/England/PHEC-YY8NHNI/2022,1003,1021
hCoV-19/England/PHEC-YY8NHCB/2022,1003,1021
hCoV-19/England/PHEC-YY8NEK3/2022,1003,1020
hCoV-19/England/PHEC-YY8NEAH/2022,1003,1020
hCoV-19/England/PHEC-YY8N8Z9/2022,1003,1020
hCoV-19/England/PHEC-YY8N8ID/2022,1003,1020
hCoV-19/England/PHEC-YY8N5HB/2022,1003,1021
hCoV-19/England/PHEC-YY8JCHN/2022,1003,1037
hCoV-19/England/PHEC-YY8DYTO/2022,1003,1021
hCoV-19/England/PHEC-YY8DC7C/2022,1003,1023
hCoV-19/England/PHEC-YYG96US/2022,1004,1017
hCoV-19/England/PHEC-YY8YWZS/2022,1004,1020
hCoV-19/England/PHEC-YY8YWQJ/2022,1004,1020
hCoV-19/England/PHEC-YY8YWJU/2022,1004,1020
hCoV-19/England/PHEC-YY8YWEI/2022,1004,1020
hCoV-19/England/PHEC-YY8YUXE/2022,1004,1020
hCoV-19/England/PHEC-YY8YUMO/2022,1004,1020
hCoV-19/England/PHEC-YY8YU7M/2022,1004,1020
hCoV-19/England/PHEC-YY8YU5X/2022,1004,1020
hCoV-19/England/PHEC-YY8YU3U/2022,1004,1020
hCoV-19/England/PHEC-YY8YS7E/2022,1004,1020
hCoV-19/England/PHEC-YY8YJYO/2022,1004,1017
hCoV-19/England/PHEC-YY8YJCA/2022,1004,1020
hCoV-19/England/PHEC-YY8YJBQ/2022,1004,1017
hCoV-19/England/PHEC-YY8YIMQ/2022,1004,1020
hCoV-19/England/PHEC-YY8YGZR/2022,1004,1017
hCoV-19/England/PHEC-YY8YGUC/2022,1004,1017
hCoV-19/England/PHEC-YY8YGSG/2022,1004,1017
hCoV-19/England/PHEC-YY8YG7A/2022,1004,1017
hCoV-19/England/PHEC-YY8YG5H/2022,1004,1017
hCoV-19/England/PHEC-YY8YE91/2022,1004,1017
hCoV-19/England/PHEC-YY8YE7S/2022,1004,1017
hCoV-19/England/PHEC-YY8YE4H/2022,1004,1017
hCoV-19/England/PHEC-YY8YBEE/2022,1004,1017
hCoV-19/England/PHEC-YY8YAYB/2022,1004,1020
hCoV-19/England/PHEC-YY8YAN7/2022,1004,1020
hCoV-19/England/PHEC-YY8YAGI/2022,1004,1020
hCoV-19/England/PHEC-YY8YAFZ/2022,1004,1020
hCoV-19/England/PHEC-YY8YA7G/2022,1004,1020
hCoV-19/England/PHEC-YY8Y9SP/2022,1004,1020
hCoV-19/England/PHEC-YY8Y7DS/2022,1004,1020
hCoV-19/England/PHEC-YY8Y748/2022,1004,1020
hCoV-19/England/PHEC-YY8Y73J/2022,1004,1020
hCoV-19/England/PHEC-YY8Y4B7/2022,1004,1020
hCoV-19/England/PHEC-YY8Y45E/2022,1004,1020
hCoV-19/England/PHEC-YY8Y3QR/2022,1004,1020
hCoV-19/England/PHEC-YY8Y3NH/2022,1004,1020
hCoV-19/England/PHEC-YY8Y3EO/2022,1004,1020
hCoV-19/England/PHEC-YY8Y3AX/2022,1004,1020
hCoV-19/England/PHEC-YY8Y34M/2022,1004,1020
hCoV-19/England/PHEC-YY8Y1W6/2022,1004,1020
hCoV-19/England/PHEC-YY8Y1MT/2022,1004,1020
hCoV-19/England/PHEC-YY8Y1CX/2022,1004,1020
hCoV-19/England/PHEC-YY8RYM5/2022,1004,1024
hCoV-19/England/PHEC-YY8RY1C/2022,1004,1024
hCoV-19/England/PHEC-YY8NS3C/2022,1004,1021
hCoV-19/England/PHEC-YY8NRJ9/2022,1004,1020
hCoV-19/England/PHEC-YY8NHDU/2022,1004,1021
hCoV-19/England/PHEC-YY8NHBZ/2022,1004,1021
hCoV-19/England/PHEC-YY8NEZ6/2022,1004,1020
hCoV-19/England/PHEC-YY8N89X/2022,1004,1020
hCoV-19/England/PHEC-YY8N73F/2022,1004,1021
hCoV-19/England/PHEC-YY8N5AJ/2022,1004,1021
hCoV-19/England/PHEC-YY8FTFW/2022,1004,1029
hCoV-19/England/PHEC-YY8F8NR/2022,1004,1027
hCoV-19/England/PHEC-YY8DWFI/2022,1004,1024
hCoV-19/England/PHEC-YY8DAX7/2022,1004,1024
hCoV-19/England/PHEC-YY8D4NI/2022,1004,1024
hCoV-19/England/PHEC-YY8D3Q6/2022,1004,1024
hCoV-19/England/PHEC-YY8D14C/2022,1004,1024
