hCoV-19/England/PHEC-YYGAZRK/2022,970,985
hCoV-19/England/PHEC-YYGASK9/2022,970,985
hCoV-19/England/PHEC-YYGAIAD/2022,970,985
hCoV-19/England/PHEC-YYGAHZ6/2022,970,985
hCoV-19/England/PHEC-YYGAHCI/2022,970,985
hCoV-19/England/PHEC-YYGA9QQ/2022,970,985
hCoV-19/England/PHEC-YYGA9MW/2022,970,985
hCoV-19/England/PHEC-YYGA9JA/2022,970,985
hCoV-19/England/PHEC-YYGA9E4/2022,970,985
hCoV-19/England/PHEC-YYGA95U/2022,970,985
hCoV-19/England/PHEC-YYGA91F/2022,970,985
hCoV-19/England/PHEC-YYGA7WD/2022,970,985
hCoV-19/England/PHEC-YYGA7UF/2022,970,985
hCoV-19/England/PHEC-YYGA7S9/2022,970,985
hCoV-19/England/PHEC-YYGA7QO/2022,970,985
hCoV-19/England/PHEC-YYGA79P/2022,970,985
hCoV-19/England/PHEC-YYGA74Z/2022,970,985
hCoV-19/England/PHEC-YYGA6TE/2022,970,985
hCoV-19/England/PHEC-YYGA6PT/2022,970,985
hCoV-19/England/PHEC-YYGA5OP/2022,970,985
hCoV-19/England/PHEC-YYGA51J/2022,970,985
hCoV-19/England/PHEC-YYGA4XT/2022,970,985
hCoV-19/England/PHEC-YYGA4FF/2022,970,985
hCoV-19/England/PHEC-YYGA4A6/2022,970,985
hCoV-19/England/PHEC-YYG3UFK/2022,970,987
hCoV-19/England/PHEC-YYG3RXF/2022,970,985
hCoV-19/England/PHEC-YYG3RON/2022,970,985
hCoV-19/England/PHEC-YYG3NZS/2022,970,985
hCoV-19/England/PHEC-YYG3N8Z/2022,970,985
hCoV-19/England/PHEC-YYG3N5Q/2022,970,985
hCoV-19/England/PHEC-YYG3M97/2022,970,987
hCoV-19/England/PHEC-YYG3KX9/2022,970,985
hCoV-19/England/PHEC-YYG3KPD/2022,970,985
hCoV-19/England/PHEC-YYG3KJM/2022,970,985
hCoV-19/England/PHEC-YYG3KFU/2022,970,985
hCoV-19/England/PHEC-YYG3J7D/2022,970,985
hCoV-19/England/PHEC-YYG3FZU/2022,970,985
hCoV-19/England/PHEC-YYG3DRH/2022,970,985
hCoV-19/England/PHEC-YYG3CSQ/2022,970,987
hCoV-19/England/PHEC-YYG3BFH/2022,970,985
hCoV-19/England/PHEC-YYG3BDY/2022,970,985
hCoV-19/England/PHEC-YYGAZK6/2022,971,985
hCoV-19/England/PHEC-YYGAZEN/2022,971,985
hCoV-19/England/PHEC-YYGAHWR/2022,971,985
hCoV-19/England/PHEC-YYGAHOC/2022,971,985
hCoV-19/England/PHEC-YYGAHJ5/2022,971,985
hCoV-19/England/PHEC-YYGAHGB/2022,971,985
hCoV-19/England/PHEC-YYGAHE7/2022,971,985
hCoV-19/England/PHEC-YYGAHD8/2022,971,985
hCoV-19/England/PHEC-YYGAH89/2022,971,985
hCoV-19/England/PHEC-YYGAH4A/2022,971,985
hCoV-19/England/PHEC-YYGAH34/2022,971,985
hCoV-19/England/PHEC-YYGA9Z5/2022,971,985
hCoV-19/England/PHEC-YYGA9RN/2022,971,985
hCoV-19/England/PHEC-YYGA7XQ/2022,971,985
hCoV-19/England/PHEC-YYGA7RR/2022,971,985
hCoV-19/England/PHEC-YYGA7CW/2022,971,985
hCoV-19/England/PHEC-YYGA6FB/2022,971,985
hCoV-19/England/PHEC-YYGA61G/2022,971,985
hCoV-19/England/PHEC-YYGA4HS/2022,971,985
hCoV-19/England/PHEC-YYG3YG5/2022,971,985
hCoV-19/England/PHEC-YYG3YEZ/2022,971,985
hCoV-19/England/PHEC-YYG3WRM/2022,971,987
hCoV-19/England/PHEC-YYG3WFJ/2022,971,987
hCoV-19/England/PHEC-YYG3UXS/2022,971,987
hCoV-19/England/PHEC-YYG3UM6/2022,971,987
hCoV-19/England/PHEC-YYG3UKY/2022,971,987
hCoV-19/England/PHEC-YYG3UER/2022,971,987
hCoV-19/England/PHEC-YYG3U8G/2022,971,987
hCoV-19/England/PHEC-YYG3RIA/2022,971,985
hCoV-19/England/PHEC-YYG3QZK/2022,971,985
hCoV-19/England/PHEC-YYG3PQ6/2022,971,987
hCoV-19/England/PHEC-YYG3PO3/2022,971,987
hCoV-19/England/PHEC-YYG3NCP/2022,971,985
hCoV-19/England/PHEC-YYG3N31/2022,971,985
hCoV-19/England/PHEC-YYG3MRW/2022,971,987
hCoV-19/England/PHEC-YYG3MQY/2022,971,987
hCoV-19/England/PHEC-YYG3MGO/2022,971,987
hCoV-19/England/PHEC-YYG3MDS/2022,971,987
hCoV-19/England/PHEC-YYG3KY7/2022,971,985
hCoV-19/England/PHEC-YYG3KWW/2022,971,985
hCoV-19/England/PHEC-YYG3KQB/2022,971,985
hCoV-19/England/PHEC-YYG3KGT/2022,971,985
hCoV-19/England/PHEC-YYG3KEP/2022,971,985
hCoV-19/England/PHEC-YYG3KB5/2022,971,985
hCoV-19/England/PHEC-YYG3K8X/2022,971,985
hCoV-19/England/PHEC-YYG3JT5/2022,971,985
hCoV-19/England/PHEC-YYG3J99/2022,971,985
hCoV-19/England/PHEC-YYG3J13/2022,971,985
hCoV-19/England/PHEC-YYG3F4P/2022,971,985
hCoV-19/England/PHEC-YYG3F3X/2022,971,985
hCoV-19/England/PHEC-YYG3EUA/2022,971,985
hCoV-19/England/PHEC-YYG3CO4/2022,971,987
hCoV-19/England/PHEC-YYG3CAK/2022,971,987
hCoV-19/England/PHEC-YYG3B1B/2022,971,985
hCoV-19/England/PHEC-YYG346O/2022,971,989
hCoV-19/England/PHEC-YYG31M9/2022,971,987
hCoV-19/England/PHEC-YYGAS9W/2022,972,985
hCoV-19/England/PHEC-YYGA461/2022,972,985
hCoV-19/England/PHEC-YYG4IRE/2022,972,992
hCoV-19/England/PHEC-YYG4IJ6/2022,972,992
hCoV-19/England/PHEC-YYG4FD4/2022,972,992
hCoV-19/England/PHEC-YYG4ESO/2022,972,992
hCoV-19/England/PHEC-YYG4CTS/2022,972,992
hCoV-19/England/PHEC-YYG3YTR/2022,972,985
hCoV-19/England/PHEC-YYG3YS4/2022,972,985
hCoV-19/England/PHEC-YYG3YQM/2022,972,985
hCoV-19/England/PHEC-YYG3X77/2022,972,987
hCoV-19/England/PHEC-YYG3X5B/2022,972,987
hCoV-19/England/PHEC-YYG3WBT/2022,972,987
hCoV-19/England/PHEC-YYG3UIJ/2022,972,987
hCoV-19/England/PHEC-YYG3U9I/2022,972,987
hCoV-19/England/PHEC-YYG3R7E/2022,972,985
hCoV-19/England/PHEC-YYG3QU1/2022,972,985
hCoV-19/England/PHEC-YYG3OAG/2022,972,987
hCoV-19/England/PHEC-YYG3NR7/2022,972,985
hCoV-19/England/PHEC-YYG3N9G/2022,972,985
hCoV-19/England/PHEC-YYG3MX6/2022,972,987
hCoV-19/England/PHEC-YYG3MWU/2022,972,987
hCoV-19/England/PHEC-YYG3MSX/2022,972,987
hCoV-19/England/PHEC-YYG3MO5/2022,972,987
hCoV-19/England/PHEC-YYG3MKE/2022,972,987
hCoV-19/England/PHEC-YYG3MHD/2022,972,987
hCoV-19/England/PHEC-YYG3MCR/2022,972,987
hCoV-19/England/PHEC-YYG3MAM/2022,972,987
hCoV-19/England/PHEC-YYG3M5F/2022,972,987
hCoV-19/England/PHEC-YYG3M48/2022,972,987
hCoV-19/England/PHEC-YYG3M1Z/2022,972,987
hCoV-19/England/PHEC-YYG3KUS/2022,972,985
hCoV-19/England/PHEC-YYG3KSO/2022,972,987
hCoV-19/England/PHEC-YYG3K4E/2022,972,987
hCoV-19/England/PHEC-YYG3K1A/2022,972,985
hCoV-19/England/PHEC-YYG3JY6/2022,972,985
hCoV-19/England/PHEC-YYG3JWI/2022,972,985
hCoV-19/England/PHEC-YYG3JRS/2022,972,985
hCoV-19/England/PHEC-YYG3JO7/2022,972,985
hCoV-19/England/PHEC-YYG3JN4/2022,972,985
hCoV-19/England/PHEC-YYG3JKK/2022,972,985
hCoV-19/England/PHEC-YYG3JFW/2022,972,985
hCoV-19/England/PHEC-YYG3JBH/2022,972,985
hCoV-19/England/PHEC-YYG3J8O/2022,972,985
hCoV-19/England/PHEC-YYG3HRD/2022,972,989
hCoV-19/England/PHEC-YYG3HPT/2022,972,989
hCoV-19/England/PHEC-YYG3GR3/2022,972,985
hCoV-19/England/PHEC-YYG3GN7/2022,972,985
hCoV-19/England/PHEC-YYG3GKP/2022,972,985
hCoV-19/England/PHEC-YYG3GIS/2022,972,985
hCoV-19/England/PHEC-YYG3GB9/2022,972,985
hCoV-19/England/PHEC-YYG3GAO/2022,972,985
hCoV-19/England/PHEC-YYG3G3Q/2022,972,985
hCoV-19/England/PHEC-YYG3FT9/2022,972,985
hCoV-19/England/PHEC-YYG3FHJ/2022,972,985
hCoV-19/England/PHEC-YYG3F9D/2022,972,985
hCoV-19/England/PHEC-YYG3F5M/2022,972,985
hCoV-19/England/PHEC-YYG3CZC/2022,972,987
hCoV-19/England/PHEC-YYG3CRU/2022,972,987
hCoV-19/England/PHEC-YYG3CIO/2022,972,987
hCoV-19/England/PHEC-YYG3C4G/2022,972,987
hCoV-19/England/PHEC-YYG3C3E/2022,972,987
hCoV-19/England/PHEC-YYG3ASN/2022,972,989
hCoV-19/England/PHEC-YYG34BM/2022,972,989
hCoV-19/England/PHEC-YYG31UQ/2022,972,987
hCoV-19/England/PHEC-YYG31T1/2022,972,987
hCoV-19/England/PHEC-YYG31FM/2022,972,987
hCoV-19/England/PHEC-YYG3188/2022,972,987
hCoV-19/England/PHEC-YYG4R6R/2022,973,992
hCoV-19/England/PHEC-YYG4NKX/2022,973,989
hCoV-19/England/PHEC-YYG4JNA/2022,973,992
hCoV-19/England/PHEC-YYG4G7R/2022,973,992
hCoV-19/England/PHEC-YYG4E7N/2022,973,992
hCoV-19/England/PHEC-YYG4E5G/2022,973,992
hCoV-19/England/PHEC-YYG4E4E/2022,973,992
hCoV-19/England/PHEC-YYG4DAT/2022,973,992
hCoV-19/England/PHEC-YYG48N4/2022,973,992
hCoV-19/England/PHEC-YYG48FW/2022,973,992
hCoV-19/England/PHEC-YYG3XZJ/2022,973,987
hCoV-19/England/PHEC-YYG3XSM/2022,973,987
hCoV-19/England/PHEC-YYG3XD1/2022,973,985
hCoV-19/England/PHEC-YYG3XA8/2022,973,987
hCoV-19/England/PHEC-YYG3X4D/2022,973,987
hCoV-19/England/PHEC-YYG3X3F/2022,973,987
hCoV-19/England/PHEC-YYG3WYU/2022,973,987
hCoV-19/England/PHEC-YYG3WK9/2022,973,987
hCoV-19/England/PHEC-YYG3WC5/2022,973,987
hCoV-19/England/PHEC-YYG3UZF/2022,973,987
hCoV-19/England/PHEC-YYG3UNO/2022,973,987
hCoV-19/England/PHEC-YYG3UDQ/2022,973,987
hCoV-19/England/PHEC-YYG3U73/2022,973,987
hCoV-19/England/PHEC-YYG3TZ8/2022,973,987
hCoV-19/England/PHEC-YYG3TYS/2022,973,987
hCoV-19/England/PHEC-YYG3TUX/2022,973,987
hCoV-19/England/PHEC-YYG3TSJ/2022,973,987
hCoV-19/England/PHEC-YYG3TQ4/2022,973,987
hCoV-19/England/PHEC-YYG3TN1/2022,973,987
hCoV-19/England/PHEC-YYG3TJR/2022,973,987
hCoV-19/England/PHEC-YYG3TH7/2022,973,987
hCoV-19/England/PHEC-YYG3TGK/2022,973,987
hCoV-19/England/PHEC-YYG3TAF/2022,973,987
hCoV-19/England/PHEC-YYG3T4B/2022,973,987
hCoV-19/England/PHEC-YYG3SUK/2022,973,988
hCoV-19/England/PHEC-YYG3S36/2022,973,988
hCoV-19/England/PHEC-YYG3QHY/2022,973,985
hCoV-19/England/PHEC-YYG3OX3/2022,973,987
hCoV-19/England/PHEC-YYG3OH6/2022,973,987
hCoV-19/England/PHEC-YYG3O4N/2022,973,987
hCoV-19/England/PHEC-YYG3K7N/2022,973,987
hCoV-19/England/PHEC-YYG3K6Y/2022,973,987
hCoV-19/England/PHEC-YYG3JDA/2022,973,985
hCoV-19/England/PHEC-YYG3J3M/2022,973,985
hCoV-19/England/PHEC-YYG3EZO/2022,973,985
hCoV-19/England/PHEC-YYG3EWS/2022,973,985
hCoV-19/England/PHEC-YYG3ETH/2022,973,985
hCoV-19/England/PHEC-YYG3ERZ/2022,973,985
hCoV-19/England/PHEC-YYG3EQD/2022,973,985
hCoV-19/England/PHEC-YYG3EPF/2022,973,985
hCoV-19/England/PHEC-YYG3EMJ/2022,973,985
hCoV-19/England/PHEC-YYG3EKM/2022,973,985
hCoV-19/England/PHEC-YYG3EJP/2022,973,985
hCoV-19/England/PHEC-YYG3EIW/2022,973,985
hCoV-19/England/PHEC-YYG3EHG/2022,973,985
hCoV-19/England/PHEC-YYG3EGU/2022,973,985
hCoV-19/England/PHEC-YYG3EAQ/2022,973,985
hCoV-19/England/PHEC-YYG3E8T/2022,973,985
hCoV-19/England/PHEC-YYG3E6N/2022,973,985
hCoV-19/England/PHEC-YYG3E4K/2022,973,985
hCoV-19/England/PHEC-YYG3E3C/2022,973,985
hCoV-19/England/PHEC-YYG3E14/2022,973,985
hCoV-19/England/PHEC-YYG3AIR/2022,973,989
hCoV-19/England/PHEC-YYG3AHS/2022,973,989
hCoV-19/England/PHEC-YYG34Z6/2022,973,989
hCoV-19/England/PHEC-YYG34D8/2022,973,989
hCoV-19/England/PHEC-YYG341E/2022,973,989
hCoV-19/England/PHEC-YYG31NT/2022,973,987
hCoV-19/England/PHEC-YYG31DX/2022,973,987
hCoV-19/England/PHEC-YYG31BU/2022,973,987
hCoV-19/England/PHEC-YYG5NWA/2022,974,995
hCoV-19/England/PHEC-YYG5NIS/2022,974,995
hCoV-19/England/PHEC-YYG5N1H/2022,974,995
hCoV-19/England/PHEC-YYG4WHA/2022,974,992
hCoV-19/England/PHEC-YYG4W91/2022,974,992
hCoV-19/England/PHEC-YYG4SCZ/2022,974,994
hCoV-19/England/PHEC-YYG4RIS/2022,974,992
hCoV-19/England/PHEC-YYG4RB9/2022,974,992
hCoV-19/England/PHEC-YYG4NIA/2022,974,992
hCoV-19/England/PHEC-YYG4NGZ/2022,974,989
hCoV-19/England/PHEC-YYG4MZM/2022,974,992
hCoV-19/England/PHEC-YYG4MR1/2022,974,992
hCoV-19/England/PHEC-YYG4HSH/2022,974,995
hCoV-19/England/PHEC-YYG4HI6/2022,974,995
hCoV-19/England/PHEC-YYG4G9Y/2022,974,992
hCoV-19/England/PHEC-YYG4FB6/2022,974,992
hCoV-19/England/PHEC-YYG4EX9/2022,974,992
hCoV-19/England/PHEC-YYG4EM8/2022,974,992
hCoV-19/England/PHEC-YYG4EKJ/2022,974,992
hCoV-19/England/PHEC-YYG4E6Y/2022,974,992
hCoV-19/England/PHEC-YYG4CU1/2022,974,992
hCoV-19/England/PHEC-YYG4BF4/2022,974,989
hCoV-19/England/PHEC-YYG4BAU/2022,974,989
hCoV-19/England/PHEC-YYG48QN/2022,974,992
hCoV-19/England/PHEC-YYG48ME/2022,974,992
hCoV-19/England/PHEC-YYG48IU/2022,974,992
hCoV-19/England/PHEC-YYG3ZTP/2022,974,988
hCoV-19/England/PHEC-YYG3ZOX/2022,974,988
hCoV-19/England/PHEC-YYG3ZJ6/2022,974,988
hCoV-19/England/PHEC-YYG3ZEY/2022,974,988
hCoV-19/England/PHEC-YYG3ZA9/2022,974,988
hCoV-19/England/PHEC-YYG3XUT/2022,974,985
hCoV-19/England/PHEC-YYG3X1U/2022,974,985
hCoV-19/England/PHEC-YYG3WXI/2022,974,987
hCoV-19/England/PHEC-YYG3WTO/2022,974,987
hCoV-19/England/PHEC-YYG3WP3/2022,974,987
hCoV-19/England/PHEC-YYG3WJB/2022,974,987
hCoV-19/England/PHEC-YYG3W1Q/2022,974,987
hCoV-19/England/PHEC-YYG3UAD/2022,974,987
hCoV-19/England/PHEC-YYG3T59/2022,974,987
hCoV-19/England/PHEC-YYG3T3D/2022,974,987
hCoV-19/England/PHEC-YYG3SYT/2022,974,988
hCoV-19/England/PHEC-YYG3SRJ/2022,974,988
hCoV-19/England/PHEC-YYG3SF8/2022,974,988
hCoV-19/England/PHEC-YYG3QY3/2022,974,985
hCoV-19/England/PHEC-YYG3QRT/2022,974,985
hCoV-19/England/PHEC-YYG3QNI/2022,974,985
hCoV-19/England/PHEC-YYG3P79/2022,974,985
hCoV-19/England/PHEC-YYG3P67/2022,974,985
hCoV-19/England/PHEC-YYG3P5D/2022,974,985
hCoV-19/England/PHEC-YYG3OJF/2022,974,987
hCoV-19/England/PHEC-YYG3OBI/2022,974,987
hCoV-19/England/PHEC-YYG3K5G/2022,974,987
hCoV-19/England/PHEC-YYG3IAB/2022,974,988
hCoV-19/England/PHEC-YYG3I9U/2022,974,988
hCoV-19/England/PHEC-YYG3I6I/2022,974,988
hCoV-19/England/PHEC-YYG3AXT/2022,974,989
hCoV-19/England/PHEC-YYG3AQU/2022,974,989
hCoV-19/England/PHEC-YYG3AOQ/2022,974,989
hCoV-19/England/PHEC-YYG36Z4/2022,974,989
hCoV-19/England/PHEC-YYG36WY/2022,974,989
hCoV-19/England/PHEC-YYG36UN/2022,974,989
hCoV-19/England/PHEC-YYG36PX/2022,974,989
hCoV-19/England/PHEC-YYG34QT/2022,974,989
hCoV-19/England/PHEC-YYG34OC/2022,974,989
hCoV-19/England/PHEC-YYG34J5/2022,974,989
hCoV-19/England/PHEC-YYG31SE/2022,974,987
hCoV-19/England/PHEC-YYG31AR/2022,974,987
hCoV-19/England/PHEC-YYG3156/2022,974,987
hCoV-19/England/PHEC-YYG314Y/2022,974,987
hCoV-19/England/PHEC-YYGHZRN/2022,975,1006
hCoV-19/England/PHEC-YYGH13H/2022,975,1006
hCoV-19/England/PHEC-YYG4YD9/2022,975,989
hCoV-19/England/PHEC-YYG4RAO/2022,975,992
hCoV-19/England/PHEC-YYG4R1H/2022,975,992
hCoV-19/England/PHEC-YYG4OZG/2022,975,992
hCoV-19/England/PHEC-YYG4NZW/2022,975,992
hCoV-19/England/PHEC-YYG4NUH/2022,975,989
hCoV-19/England/PHEC-YYG4NTY/2022,975,989
hCoV-19/England/PHEC-YYG4NSS/2022,975,992
hCoV-19/England/PHEC-YYG4NR5/2022,975,989
hCoV-19/England/PHEC-YYG4NON/2022,975,989
hCoV-19/England/PHEC-YYG4NF3/2022,975,989
hCoV-19/England/PHEC-YYG4N7E/2022,975,992
hCoV-19/England/PHEC-YYG4N3O/2022,975,992
hCoV-19/England/PHEC-YYG4M67/2022,975,992
hCoV-19/England/PHEC-YYG4JYH/2022,975,992
hCoV-19/England/PHEC-YYG4JRW/2022,975,992
hCoV-19/England/PHEC-YYG4JGO/2022,975,992
hCoV-19/England/PHEC-YYG4J8Q/2022,975,992
hCoV-19/England/PHEC-YYG4GFI/2022,975,992
hCoV-19/England/PHEC-YYG4FMK/2022,975,992
hCoV-19/England/PHEC-YYG4FJQ/2022,975,992
hCoV-19/England/PHEC-YYG4EZQ/2022,975,992
hCoV-19/England/PHEC-YYG4ERI/2022,975,992
hCoV-19/England/PHEC-YYG4EQB/2022,975,992
hCoV-19/England/PHEC-YYG4EI1/2022,975,992
hCoV-19/England/PHEC-YYG4EHR/2022,975,992
hCoV-19/England/PHEC-YYG4EGT/2022,975,992
hCoV-19/England/PHEC-YYG4E8X/2022,975,992
hCoV-19/England/PHEC-YYG4E1A/2022,975,992
hCoV-19/England/PHEC-YYG4DYN/2022,975,992
hCoV-19/England/PHEC-YYG4DGS/2022,975,992
hCoV-19/England/PHEC-YYG4DBY/2022,975,992
hCoV-19/England/PHEC-YYG4BYR/2022,975,989
hCoV-19/England/PHEC-YYG4BW5/2022,975,989
hCoV-19/England/PHEC-YYG4BNY/2022,975,989
hCoV-19/England/PHEC-YYG4BKO/2022,975,989
hCoV-19/England/PHEC-YYG4BCC/2022,975,989
hCoV-19/England/PHEC-YYG4ANJ/2022,975,994
hCoV-19/England/PHEC-YYG48WI/2022,975,992
hCoV-19/England/PHEC-YYG48AP/2022,975,992
hCoV-19/England/PHEC-YYG4899/2022,975,992
hCoV-19/England/PHEC-YYG3X65/2022,975,987
hCoV-19/England/PHEC-YYG3S7S/2022,975,988
hCoV-19/England/PHEC-YYG3S6W/2022,975,988
hCoV-19/England/PHEC-YYG3H5W/2022,975,989
hCoV-19/England/PHEC-YYG3API/2022,975,989
hCoV-19/England/PHEC-YYG3AGD/2022,975,988
hCoV-19/England/PHEC-YYG3A9O/2022,975,989
hCoV-19/England/PHEC-YYG37YK/2022,975,989
hCoV-19/England/PHEC-YYG37RN/2022,975,989
hCoV-19/England/PHEC-YYG37PO/2022,975,989
hCoV-19/England/PHEC-YYG37MW/2022,975,989
hCoV-19/England/PHEC-YYG37KS/2022,975,989
hCoV-19/England/PHEC-YYG37E4/2022,975,989
hCoV-19/England/PHEC-YYG36NF/2022,975,989
hCoV-19/England/PHEC-YYG36MU/2022,975,989
hCoV-19/England/PHEC-YYG36E3/2022,975,989
hCoV-19/England/PHEC-YYGH144/2022,976,1006
hCoV-19/England/PHEC-YYG4YQJ/2022,976,989
hCoV-19/England/PHEC-YYG4YPM/2022,976,989
hCoV-19/England/PHEC-YYG4YG3/2022,976,989
hCoV-19/England/PHEC-YYG4Y8Z/2022,976,989
hCoV-19/England/PHEC-YYG4Y7K/2022,976,989
hCoV-19/England/PHEC-YYG4WSR/2022,976,992
hCoV-19/England/PHEC-YYG4W36/2022,976,992
hCoV-19/England/PHEC-YYG4SPI/2022,976,994
hCoV-19/England/PHEC-YYG4RSW/2022,976,992
hCoV-19/England/PHEC-YYG4RGI/2022,976,992
hCoV-19/England/PHEC-YYG4RET/2022,976,992
hCoV-19/England/PHEC-YYG4NXF/2022,976,989
hCoV-19/England/PHEC-YYG4N9R/2022,976,992
hCoV-19/England/PHEC-YYG4M1I/2022,976,992
hCoV-19/England/PHEC-YYG4KMF/2022,976,992
hCoV-19/England/PHEC-YYG4KAK/2022,976,992
hCoV-19/England/PHEC-YYG4IDK/2022,976,992
hCoV-19/England/PHEC-YYG4GN5/2022,976,992
hCoV-19/England/PHEC-YYG4GHG/2022,976,992
hCoV-19/England/PHEC-YYG4FSU/2022,976,992
hCoV-19/England/PHEC-YYG4FQR/2022,976,992
hCoV-19/England/PHEC-YYG4FII/2022,976,992
hCoV-19/England/PHEC-YYG4ET4/2022,976,992
hCoV-19/England/PHEC-YYG4EDZ/2022,976,992
hCoV-19/England/PHEC-YYG4EB5/2022,976,992
hCoV-19/England/PHEC-YYG4D78/2022,976,992
hCoV-19/England/PHEC-YYG4C8M/2022,976,992
hCoV-19/England/PHEC-YYG4BXG/2022,976,989
hCoV-19/England/PHEC-YYG4BTB/2022,976,989
hCoV-19/England/PHEC-YYG4BSZ/2022,976,989
hCoV-19/England/PHEC-YYG4BRH/2022,976,989
hCoV-19/England/PHEC-YYG4BQE/2022,976,989
hCoV-19/England/PHEC-YYG4B9F/2022,976,989
hCoV-19/England/PHEC-YYG4B4X/2022,976,989
hCoV-19/England/PHEC-YYG4AK3/2022,976,994
hCoV-19/England/PHEC-YYG4AHW/2022,976,994
hCoV-19/England/PHEC-YYG48O7/2022,976,992
hCoV-19/England/PHEC-YYG48DA/2022,976,992
hCoV-19/England/PHEC-YYG484J/2022,976,992
hCoV-19/England/PHEC-YYG457X/2022,976,995
hCoV-19/England/PHEC-YYG43A5/2022,976,995
hCoV-19/England/PHEC-YYG3HWN/2022,976,989
hCoV-19/England/PHEC-YYG3HS6/2022,976,989
hCoV-19/England/PHEC-YYG3HIY/2022,976,989
hCoV-19/England/PHEC-YYG3H7O/2022,976,989
hCoV-19/England/PHEC-YYG3H6Q/2022,976,989
hCoV-19/England/PHEC-YYG37XC/2022,976,989
hCoV-19/England/PHEC-YYG37HT/2022,976,989
hCoV-19/England/PHEC-YYG379M/2022,976,989
hCoV-19/England/PHEC-YYG374I/2022,976,989
hCoV-19/England/PHEC-YYG36CT/2022,976,989
