hCoV-19/Wales/PHWC-PEZGWY/2022,781,800
hCoV-19/Wales/PHWC-PEZBU8/2022,781,800
hCoV-19/Wales/PHWC-PESZ5D/2022,781,800
hCoV-19/Wales/PHWC-PES6QZ/2022,781,800
hCoV-19/Wales/LSPA-37D7855/2022,781,788
hCoV-19/Scotland/QEUH-37ECED3/2022,781,790
hCoV-19/Scotland/QEUH-37D4C01/2022,781,790
hCoV-19/Scotland/QEUH-37C8CF1/2022,781,790
hCoV-19/Scotland/QEUH-37C5BD9/2022,781,790
hCoV-19/Scotland/QEUH-37BD64C/2022,781,790
hCoV-19/Scotland/QEUH-37BB9CD/2022,781,790
hCoV-19/Scotland/QEUH-37B91A9/2022,781,790
hCoV-19/Scotland/CVR14579/2022,781,817
hCoV-19/Scotland/CVR14578/2022,781,817
hCoV-19/Scotland/CVR14281/2022,781,810
hCoV-19/Scotland/CVR14268/2022,781,810
hCoV-19/England/PHEP-YYRMXNU/2022,781,800
hCoV-19/England/PHEP-YYRMXFP/2022,781,800
hCoV-19/England/PHEP-YYRMO1T/2022,781,803
hCoV-19/England/PHEP-YYRMEY6/2022,781,800
hCoV-19/England/PHEP-YYRK64I/2022,781,799
hCoV-19/England/PHEC-YYNHRKP/2022,781,796
hCoV-19/England/PHEC-YYNHFQR/2022,781,796
hCoV-19/England/PHEC-YYNHFAX/2022,781,796
hCoV-19/England/PHEC-YYN9FPY/2022,781,797
hCoV-19/England/PHEC-YYN9FKG/2022,781,797
hCoV-19/England/PHEC-YYN7AG9/2022,781,796
hCoV-19/England/PHEC-YYN75UB/2022,781,796
hCoV-19/England/PHEC-YYN75O8/2022,781,796
hCoV-19/England/PHEC-YYN74CT/2022,781,796
hCoV-19/England/PHEC-YYN6ZS7/2022,781,796
hCoV-19/England/PHEC-YYN6Z9M/2022,781,796
hCoV-19/England/PHEC-YYN6I4Z/2022,781,796
hCoV-19/England/PHEC-YYN5RTY/2022,781,796
hCoV-19/England/PHEC-YYN5RSS/2022,781,796
hCoV-19/England/PHEC-YYN5R3O/2022,781,796
hCoV-19/England/PHEC-YYFY16C/2022,781,859
hCoV-19/England/PHEC-YYDSBXT/2022,781,824
hCoV-19/England/MILK-37C7630/2022,781,788
hCoV-19/England/MILK-37BA1B7/2022,781,788
hCoV-19/England/MILK-3795686/2022,781,790
hCoV-19/England/LSPA-37D74CA/2022,781,788
hCoV-19/England/LSPA-37CFEF4/2022,781,788
hCoV-19/England/DHSC-CYYTQBB/2022,781,796
hCoV-19/England/DHSC-CYDT3C7/2022,781,796
hCoV-19/England/DHSC-CYDSXM9/2022,781,796
hCoV-19/England/DHSC-CYD5XBJ/2022,781,831
hCoV-19/England/DHSC-CYBQBMY/2022,781,797
hCoV-19/England/DHSC-CYBGJME/2022,781,831
hCoV-19/Wales/PHWC-PEZW3E/2022,782,803
hCoV-19/Wales/PHWC-PE5WK9/2022,782,803
hCoV-19/Scotland/QEUH-37FEA8F/2022,782,790
hCoV-19/Scotland/QEUH-37FE8FE/2022,782,790
hCoV-19/Scotland/QEUH-37FC623/2022,782,790
hCoV-19/Scotland/QEUH-37F0BF3/2022,782,790
hCoV-19/Scotland/QEUH-37EBF3B/2022,782,790
hCoV-19/Scotland/QEUH-37EBCBC/2022,782,790
hCoV-19/Scotland/QEUH-37EBBDD/2022,782,790
hCoV-19/Scotland/QEUH-37EBB82/2022,782,790
hCoV-19/Scotland/QEUH-37EBAC1/2022,782,790
hCoV-19/Scotland/QEUH-37E61FE/2022,782,790
hCoV-19/Scotland/QEUH-37E605B/2022,782,790
hCoV-19/Scotland/QEUH-37E5D82/2022,782,790
hCoV-19/Scotland/QEUH-37E5D19/2022,782,790
hCoV-19/Scotland/QEUH-37E4433/2022,782,790
hCoV-19/Scotland/QEUH-37E4239/2022,782,790
hCoV-19/Scotland/QEUH-37E2FCB/2022,782,790
hCoV-19/Scotland/QEUH-37E28B1/2022,782,790
hCoV-19/Scotland/QEUH-37E0F45/2022,782,790
hCoV-19/Scotland/QEUH-37E0E93/2022,782,790
hCoV-19/Scotland/QEUH-37E0E0C/2022,782,790
hCoV-19/Scotland/QEUH-37E0CF3/2022,782,790
hCoV-19/Scotland/QEUH-37E0C4E/2022,782,790
hCoV-19/Scotland/QEUH-37E09FC/2022,782,790
hCoV-19/Scotland/CVR15039/2022,782,826
hCoV-19/Scotland/CVR15020/2022,782,826
hCoV-19/Scotland/CVR14654/2022,782,817
hCoV-19/Scotland/CVR14653/2022,782,817
hCoV-19/Scotland/CVR14643/2022,782,817
hCoV-19/Scotland/CVR14314/2022,782,810
hCoV-19/Scotland/CVR14310/2022,782,810
hCoV-19/Scotland/CVR14305/2022,782,810
hCoV-19/Scotland/CVR14254/2022,782,810
hCoV-19/Scotland/CVR14251/2022,782,810
hCoV-19/Scotland/CVR14239/2022,782,810
hCoV-19/Scotland/CVR14238/2022,782,810
hCoV-19/Scotland/CVR14224/2022,782,810
hCoV-19/Scotland/CVR14214/2022,782,810
hCoV-19/England/QEUH-380E809/2022,782,790
hCoV-19/England/QEUH-380768E/2022,782,789
hCoV-19/England/PHEP-YYRMXMB/2022,782,800
hCoV-19/England/PHEP-YYRMTQ3/2022,782,803
hCoV-19/England/PHEP-YYRMJRI/2022,782,800
hCoV-19/England/PHEC-YYNH3MS/2022,782,796
hCoV-19/England/PHEC-YYN9ZUB/2022,782,799
hCoV-19/England/PHEC-YYN9SOE/2022,782,799
hCoV-19/England/PHEC-YYN9R66/2022,782,797
hCoV-19/England/PHEC-YYN9GEJ/2022,782,797
hCoV-19/England/PHEC-YYN9FY4/2022,782,797
hCoV-19/England/PHEC-YYN9FBA/2022,782,797
hCoV-19/England/PHEC-YYN9CYU/2022,782,799
hCoV-19/England/PHEC-YYN9CSG/2022,782,799
hCoV-19/England/PHEC-YYN9C8F/2022,782,799
hCoV-19/England/PHEC-YYN981U/2022,782,797
hCoV-19/England/PHEC-YYN7HZA/2022,782,796
hCoV-19/England/PHEC-YYN7HQM/2022,782,796
hCoV-19/England/PHEC-YYN7HJI/2022,782,796
hCoV-19/England/PHEC-YYN7H5O/2022,782,796
hCoV-19/England/PHEC-YYN75Z3/2022,782,796
hCoV-19/England/PHEC-YYN75PQ/2022,782,796
hCoV-19/England/PHEC-YYN75I7/2022,782,796
hCoV-19/England/PHEC-YYN75F6/2022,782,796
hCoV-19/England/PHEC-YYN759J/2022,782,796
hCoV-19/England/PHEC-YYN6SN8/2022,782,796
hCoV-19/England/PHEC-YYN6HNB/2022,782,796
hCoV-19/England/PHEC-YYN6A7Q/2022,782,796
hCoV-19/England/PHEC-YYN65OF/2022,782,796
hCoV-19/England/PHEC-YYN64KU/2022,782,796
hCoV-19/England/PHEC-YYDEK4Q/2022,782,810
hCoV-19/England/PHEC-YYDEGS4/2022,782,810
hCoV-19/England/PHEC-YYDBT4I/2022,782,803
hCoV-19/England/MILK-37F6FB5/2022,782,789
hCoV-19/England/MILK-37F6F00/2022,782,789
hCoV-19/England/LSPA-3865AFB/2022,782,792
hCoV-19/England/LSPA-37EF395/2022,782,789
hCoV-19/England/LSPA-37EF32C/2022,782,789
hCoV-19/England/LSPA-37E1481/2022,782,788
hCoV-19/England/HSLL-382C02B/2022,782,790
hCoV-19/England/DHSC-CYYOIHF/2022,782,803
hCoV-19/England/DHSC-CYDSTJB/2022,782,797
hCoV-19/England/DHSC-CYBWYJA/2022,782,831
hCoV-19/England/ALDP-381B186/2022,782,790
hCoV-19/England/ALDP-3804618/2022,782,789
hCoV-19/Wales/PHWC-PEAPGW/2022,783,803
hCoV-19/Wales/PHWC-PE5ZTP/2022,783,803
hCoV-19/Scotland/SCOT-6603/2022,783,806
hCoV-19/Scotland/SCOT-6589/2022,783,806
hCoV-19/Scotland/QEUH-384DD69/2022,783,791
hCoV-19/Scotland/QEUH-384DD4B/2022,783,791
hCoV-19/Scotland/QEUH-3847EF3/2022,783,791
hCoV-19/Scotland/QEUH-3847EC6/2022,783,791
hCoV-19/Scotland/QEUH-3830419/2022,783,790
hCoV-19/Scotland/QEUH-38284D8/2022,783,790
hCoV-19/Scotland/QEUH-38247C4/2022,783,790
hCoV-19/Scotland/QEUH-3813A83/2022,783,790
hCoV-19/Scotland/QEUH-3812565/2022,783,790
hCoV-19/Scotland/QEUH-3811D7D/2022,783,790
hCoV-19/Scotland/QEUH-38100B1/2022,783,790
hCoV-19/Scotland/QEUH-380D22A/2022,783,790
hCoV-19/Scotland/QEUH-380C021/2022,783,790
hCoV-19/Scotland/QEUH-380B20E/2022,783,790
hCoV-19/Scotland/QEUH-380B09B/2022,783,790
hCoV-19/Scotland/QEUH-3807554/2022,783,790
hCoV-19/Scotland/QEUH-38073B4/2022,783,790
hCoV-19/Scotland/CVR15044/2022,783,826
hCoV-19/Scotland/CVR15035/2022,783,826
hCoV-19/Scotland/CVR15022/2022,783,826
hCoV-19/Scotland/CVR14666/2022,783,817
hCoV-19/Scotland/CVR14662/2022,783,817
hCoV-19/Scotland/CVR14655/2022,783,817
hCoV-19/Scotland/CVR14644/2022,783,817
hCoV-19/Scotland/CVR14631/2022,783,817
hCoV-19/Scotland/CVR14630/2022,783,817
hCoV-19/Scotland/CVR14612/2022,783,817
hCoV-19/Scotland/CVR14605/2022,783,817
hCoV-19/Scotland/CVR14595/2022,783,817
hCoV-19/Scotland/CVR14504/2022,783,817
hCoV-19/Scotland/CVR14498/2022,783,817
hCoV-19/Scotland/CVR14496/2022,783,817
hCoV-19/Scotland/CVR14412/2022,783,817
hCoV-19/Scotland/CVR14410/2022,783,817
hCoV-19/Scotland/CVR14407/2022,783,817
hCoV-19/Scotland/CVR14318/2022,783,810
hCoV-19/England/QEUH-381CEBB/2022,783,790
hCoV-19/England/PHEP-YYRMYPC/2022,783,799
hCoV-19/England/PHEP-YYRM1WM/2022,783,803
hCoV-19/England/PHEC-YYRHDII/2022,783,852
hCoV-19/England/PHEC-YYN9ZQC/2022,783,799
hCoV-19/England/PHEC-YYN9ZNR/2022,783,799
hCoV-19/England/PHEC-YYN9ZJS/2022,783,799
hCoV-19/England/PHEC-YYN9ZBG/2022,783,799
hCoV-19/England/PHEC-YYN9ZAZ/2022,783,799
hCoV-19/England/PHEC-YYN9Z5T/2022,783,799
hCoV-19/England/PHEC-YYN9Z3I/2022,783,799
hCoV-19/England/PHEC-YYN9STG/2022,783,799
hCoV-19/England/PHEC-YYN9SPX/2022,783,799
hCoV-19/England/PHEC-YYN9SKI/2022,783,799
hCoV-19/England/PHEC-YYN9SJZ/2022,783,799
hCoV-19/England/PHEC-YYN9SE3/2022,783,799
hCoV-19/England/PHEC-YYN9SCT/2022,783,799
hCoV-19/England/PHEC-YYN9S9K/2022,783,799
hCoV-19/England/PHEC-YYN9S3S/2022,783,799
hCoV-19/England/PHEC-YYN9PY1/2022,783,799
hCoV-19/England/PHEC-YYN9PMH/2022,783,799
hCoV-19/England/PHEC-YYN9PJY/2022,783,799
hCoV-19/England/PHEC-YYN9MTT/2022,783,799
hCoV-19/England/PHEC-YYN9CUC/2022,783,799
hCoV-19/England/PHEC-YYN9CP3/2022,783,799
hCoV-19/England/PHEC-YYN9CH4/2022,783,799
hCoV-19/England/PHEC-YYN9C6S/2022,783,799
hCoV-19/England/PHEC-YYN96MM/2022,783,799
hCoV-19/England/PHEC-YYN96IS/2022,783,799
hCoV-19/England/PHEC-YYN6PYW/2022,783,796
hCoV-19/England/PHEC-YYN6HTN/2022,783,796
hCoV-19/England/PHEC-YYN6CT1/2022,783,796
hCoV-19/England/PHEC-YYN6CIK/2022,783,796
hCoV-19/England/PHEC-YYN6C6A/2022,783,796
hCoV-19/England/PHEC-YYN65NN/2022,783,796
hCoV-19/England/PHEC-YYN64IH/2022,783,796
hCoV-19/England/PHEC-YYFK984/2022,783,880
hCoV-19/England/PHEC-YYDYS9E/2022,783,803
hCoV-19/England/PHEC-YYDY8AF/2022,783,800
hCoV-19/England/PHEC-YYDEGW6/2022,783,810
hCoV-19/England/PHEC-YYDEGUY/2022,783,810
hCoV-19/England/PHEC-YYDEG1N/2022,783,810
hCoV-19/England/PHEC-YYDE8TD/2022,783,810
hCoV-19/England/PHEC-YYDE8K1/2022,783,810
hCoV-19/England/PHEC-YYDE8G4/2022,783,810
hCoV-19/England/PHEC-YYDE8CQ/2022,783,810
hCoV-19/England/PHEC-YYDBOXP/2022,783,803
hCoV-19/England/PHEC-5X070ZBB/2022,783,807
hCoV-19/England/PHEC-5X06AZFA/2022,783,807
hCoV-19/England/MILK-382A236/2022,783,790
hCoV-19/England/MILK-381C89F/2022,783,790
hCoV-19/England/LSPA-3828EDA/2022,783,790
hCoV-19/England/LSPA-3815007/2022,783,790
hCoV-19/England/LSPA-380C522/2022,783,790
hCoV-19/England/LOND-YYBGUFS/2022,783,803
hCoV-19/England/LOND-YYBG5ZJ/2022,783,803
hCoV-19/England/LOND-YYBF6SK/2022,783,796
hCoV-19/England/DHSC-CYYWMYY/2022,783,803
hCoV-19/England/DHSC-CYYP8AN/2022,783,803
hCoV-19/England/DHSC-CYN16UE/2022,783,803
hCoV-19/England/DHSC-CYBS63I/2022,783,831
hCoV-19/Wales/PHWC-PE5ZX1/2022,784,803
hCoV-19/Wales/PHWC-PE5EKM/2022,784,803
hCoV-19/Wales/PHWC-PE4BTF/2022,784,803
hCoV-19/Scotland/QEUH-3859DB5/2022,784,792
hCoV-19/Scotland/QEUH-38509E7/2022,784,791
hCoV-19/Scotland/QEUH-383E5DC/2022,784,791
hCoV-19/Scotland/QEUH-383AB74/2022,784,791
hCoV-19/Scotland/QEUH-3832AF7/2022,784,791
hCoV-19/Scotland/CVR15060/2022,784,826
hCoV-19/Scotland/CVR15058/2022,784,826
hCoV-19/Scotland/CVR15057/2022,784,826
hCoV-19/Scotland/CVR15054/2022,784,826
hCoV-19/Scotland/CVR15052/2022,784,826
hCoV-19/Scotland/CVR15047/2022,784,826
hCoV-19/Scotland/CVR15040/2022,784,826
hCoV-19/Scotland/CVR15018/2022,784,826
hCoV-19/Scotland/CVR15016/2022,784,826
hCoV-19/Scotland/CVR15011/2022,784,826
hCoV-19/Scotland/CVR15008/2022,784,826
hCoV-19/Scotland/CVR15006/2022,784,826
hCoV-19/Scotland/CVR14702/2022,784,826
hCoV-19/Scotland/CVR14675/2022,784,817
hCoV-19/Scotland/CVR14673/2022,784,817
hCoV-19/Scotland/CVR14672/2022,784,817
hCoV-19/Scotland/CVR14664/2022,784,817
hCoV-19/Scotland/CVR14661/2022,784,817
hCoV-19/Scotland/CVR14647/2022,784,817
hCoV-19/Scotland/CVR14646/2022,784,817
hCoV-19/England/PHEP-YYRMUIE/2022,784,803
hCoV-19/England/PHEC-YYN9ZHX/2022,784,799
hCoV-19/England/PHEC-YYN9ZGH/2022,784,799
hCoV-19/England/PHEC-YYN9ZF6/2022,784,799
hCoV-19/England/PHEC-YYN9ZEA/2022,784,799
hCoV-19/England/PHEC-YYN9Z9J/2022,784,799
hCoV-19/England/PHEC-YYN9Z6M/2022,784,799
hCoV-19/England/PHEC-YYN9SZ4/2022,784,799
hCoV-19/England/PHEC-YYN9SHO/2022,784,799
hCoV-19/England/PHEC-YYN9SAA/2022,784,799
hCoV-19/England/PHEC-YYN9S4W/2022,784,799
hCoV-19/England/PHEC-YYN9P8R/2022,784,799
hCoV-19/England/PHEC-YYN9MZF/2022,784,799
hCoV-19/England/PHEC-YYN9MIJ/2022,784,799
hCoV-19/England/PHEC-YYN9M3B/2022,784,799
hCoV-19/England/PHEC-YYN9KQ3/2022,784,799
hCoV-19/England/PHEC-YYN9JRQ/2022,784,799
hCoV-19/England/PHEC-YYN9JFC/2022,784,799
hCoV-19/England/PHEC-YYN9C46/2022,784,799
hCoV-19/England/PHEC-YYN9AZA/2022,784,799
hCoV-19/England/PHEC-YYN9AY8/2022,784,799
hCoV-19/England/PHEC-YYN9AR9/2022,784,799
hCoV-19/England/PHEC-YYN9AQM/2022,784,799
hCoV-19/England/PHEC-YYN9AND/2022,784,799
hCoV-19/England/PHEC-YYN9AKU/2022,784,799
hCoV-19/England/PHEC-YYN9AEZ/2022,784,799
hCoV-19/England/PHEC-YYN9ADB/2022,784,799
hCoV-19/England/PHEC-YYN9ABF/2022,784,799
hCoV-19/England/PHEC-YYN96WA/2022,784,799
hCoV-19/England/PHEC-YYN96SW/2022,784,799
hCoV-19/England/PHEC-YYN96OY/2022,784,799
hCoV-19/England/PHEC-YYN96AO/2022,784,799
hCoV-19/England/PHEC-YYN964C/2022,784,799
hCoV-19/England/PHEC-YYN6CM9/2022,784,796
hCoV-19/England/PHEC-YYN65FH/2022,784,796
hCoV-19/England/PHEC-YYN65BR/2022,784,796
hCoV-19/England/PHEC-YYDYUWB/2022,784,803
hCoV-19/England/PHEC-YYDYNEM/2022,784,799
hCoV-19/England/PHEC-YYDYNCD/2022,784,799
hCoV-19/England/PHEC-YYDYBKE/2022,784,799
hCoV-19/England/PHEC-YYDYBHD/2022,784,799
hCoV-19/England/PHEC-YYDYBGO/2022,784,799
hCoV-19/England/PHEC-YYDY8Q4/2022,784,800
hCoV-19/England/PHEC-YYDEGY8/2022,784,810
hCoV-19/England/PHEC-YYDBYJJ/2022,784,803
hCoV-19/England/PHEC-YYDBWTR/2022,784,803
hCoV-19/England/PHEC-YYDBTJA/2022,784,803
hCoV-19/England/PHEC-YYDBN3G/2022,784,803
hCoV-19/England/PHEC-5X070Z15/2022,784,807
hCoV-19/England/PHEC-5X06DZ3D/2022,784,807
hCoV-19/England/MILK-3847AA4/2022,784,790
hCoV-19/England/MILK-384727F/2022,784,790
hCoV-19/England/MILK-38433AD/2022,784,790
hCoV-19/England/MILK-383BA0D/2022,784,790
hCoV-19/England/LSPA-385061D/2022,784,790
hCoV-19/England/LSPA-3841916/2022,784,790
hCoV-19/England/DHSC-CYDSUDM/2022,784,803
hCoV-19/England/DHSC-CYDH9J8/2022,784,803
hCoV-19/Wales/PHWC-PEA5WJ/2022,785,803
hCoV-19/Wales/PHWC-PE5ZFG/2022,785,803
hCoV-19/Wales/PHWC-PE5TWP/2022,785,803
hCoV-19/Scotland/QEUH-3868DB3/2022,785,793
hCoV-19/Scotland/QEUH-3868D59/2022,785,793
hCoV-19/Scotland/QEUH-3868D2C/2022,785,793
hCoV-19/Scotland/QEUH-386783B/2022,785,792
hCoV-19/Scotland/QEUH-386782C/2022,785,792
hCoV-19/Scotland/QEUH-3867710/2022,785,792
hCoV-19/Scotland/QEUH-3861A68/2022,785,792
hCoV-19/Scotland/QEUH-385FD91/2022,785,792
hCoV-19/Scotland/QEUH-385C21D/2022,785,792
hCoV-19/Scotland/QEUH-385BB04/2022,785,792
hCoV-19/Scotland/CVR15068/2022,785,826
hCoV-19/Scotland/CVR15067/2022,785,826
hCoV-19/Scotland/CVR14703/2022,785,826
hCoV-19/England/PHEP-YYRMPCB/2022,785,800
hCoV-19/England/PHEP-YYRMBMX/2022,785,799
hCoV-19/England/PHEC-YYN9MYW/2022,785,799
hCoV-19/England/PHEC-YYN9KUQ/2022,785,799
hCoV-19/England/PHEC-YYN9KT1/2022,785,799
hCoV-19/England/PHEC-YYN9KM9/2022,785,799
hCoV-19/England/PHEC-YYN9KHH/2022,785,799
hCoV-19/England/PHEC-YYN9KDX/2022,785,799
hCoV-19/England/PHEC-YYN9K9S/2022,785,799
hCoV-19/England/PHEC-YYN9K88/2022,785,799
hCoV-19/England/PHEC-YYN9K56/2022,785,799
hCoV-19/England/PHEC-YYN9K1O/2022,785,799
hCoV-19/England/PHEC-YYN9JYS/2022,785,799
hCoV-19/England/PHEC-YYN9JXA/2022,785,799
hCoV-19/England/PHEC-YYN9JQ4/2022,785,799
hCoV-19/England/PHEC-YYN9JN1/2022,785,799
hCoV-19/England/PHEC-YYN9JKN/2022,785,799
hCoV-19/England/PHEC-YYN9JEG/2022,785,799
hCoV-19/England/PHEC-YYN9JBW/2022,785,799
hCoV-19/England/PHEC-YYN9J63/2022,785,799
hCoV-19/England/PHEC-YYN9J3D/2022,785,799
hCoV-19/England/PHEC-YYN9E9A/2022,785,799
hCoV-19/England/PHEC-YYN9E64/2022,785,799
hCoV-19/England/PHEC-YYN9AW6/2022,785,799
hCoV-19/England/PHEC-YYN9AUY/2022,785,799
hCoV-19/England/PHEC-YYN9ATR/2022,785,799
hCoV-19/England/PHEC-YYN9AS4/2022,785,799
hCoV-19/England/PHEC-YYN9ACX/2022,785,799
hCoV-19/England/PHEC-YYN9A41/2022,785,799
hCoV-19/England/PHEC-YYN6PWM/2022,785,796
hCoV-19/England/PHEC-YYDYWG7/2022,785,803
hCoV-19/England/PHEC-YYDYUT8/2022,785,803
hCoV-19/England/PHEC-YYDYTWD/2022,785,803
hCoV-19/England/PHEC-YYDYKDP/2022,785,805
hCoV-19/England/PHEC-YYDYJNO/2022,785,805
hCoV-19/England/PHEC-YYDYIQC/2022,785,803
hCoV-19/England/PHEC-YYDGKPP/2022,785,810
hCoV-19/England/PHEC-YYDEGXJ/2022,785,810
hCoV-19/England/PHEC-YYDBZ9F/2022,785,803
hCoV-19/England/PHEC-YYDBX7T/2022,785,803
hCoV-19/England/PHEC-YYDBO7O/2022,785,803
hCoV-19/England/PHEC-YYDBNZK/2022,785,803
hCoV-19/England/PHEC-YYDBNSC/2022,785,803
hCoV-19/England/PHEC-YYDBAW4/2022,785,803
hCoV-19/England/PHEC-YYDB4IS/2022,785,803
hCoV-19/England/MILK-3866632/2022,785,792
hCoV-19/England/MILK-3864EA5/2022,785,792
hCoV-19/England/MILK-385B032/2022,785,792
hCoV-19/England/MILK-385A200/2022,785,792
hCoV-19/England/MILK-3855830/2022,785,792
hCoV-19/England/LSPA-3878EEA/2022,785,793
hCoV-19/England/LSPA-386590D/2022,785,792
hCoV-19/England/LSPA-38592B6/2022,785,792
hCoV-19/England/LSPA-38591E6/2022,785,792
hCoV-19/England/DHSC-CYYRPXB/2022,785,831
hCoV-19/England/DHSC-CYN8A6X/2022,785,831
hCoV-19/Scotland/QEUH-3888B3B/2022,786,797
hCoV-19/Scotland/QEUH-38734B0/2022,786,793
hCoV-19/Scotland/QEUH-386C4AB/2022,786,793
hCoV-19/Scotland/QEUH-386C49C/2022,786,793
hCoV-19/Scotland/QEUH-38689DD/2022,786,793
hCoV-19/Scotland/QEUH-386873D/2022,786,793
hCoV-19/Scotland/QEUH-3867D5A/2022,786,793
hCoV-19/England/QEUH-3885FAB/2022,786,793
hCoV-19/England/QEUH-388380C/2022,786,793
hCoV-19/England/PHEP-YYRMJQB/2022,786,800
hCoV-19/England/PHEC-YYN9JZ8/2022,786,799
hCoV-19/England/PHEC-YYN9JUX/2022,786,799
hCoV-19/England/PHEC-YYN9JPH/2022,786,799
hCoV-19/England/PHEC-YYN9JIM/2022,786,799
hCoV-19/England/PHEC-YYN9J1T/2022,786,799
hCoV-19/England/PHEC-YYDYUS7/2022,786,803
hCoV-19/England/PHEC-YYDYUJA/2022,786,803
hCoV-19/England/PHEC-YYDYUDR/2022,786,803
hCoV-19/England/PHEC-YYDYOPU/2022,786,803
hCoV-19/England/PHEC-YYDYO4A/2022,786,803
hCoV-19/England/PHEC-YYDYJIJ/2022,786,805
hCoV-19/England/PHEC-YYDYJAD/2022,786,805
hCoV-19/England/PHEC-YYDYINR/2022,786,803
hCoV-19/England/PHEC-YYDYEAR/2022,786,805
hCoV-19/England/PHEC-YYDYE4Y/2022,786,805
hCoV-19/England/PHEC-YYDYE1O/2022,786,805
hCoV-19/England/PHEC-YYDYA7K/2022,786,803
hCoV-19/England/PHEC-YYDY65E/2022,786,803
hCoV-19/England/PHEC-YYDY4D7/2022,786,803
hCoV-19/England/PHEC-YYDY3MQ/2022,786,803
hCoV-19/England/PHEC-YYDY3EW/2022,786,803
hCoV-19/England/PHEC-YYDY1RD/2022,786,803
hCoV-19/England/PHEC-YYDY1BJ/2022,786,803
hCoV-19/England/PHEC-YYDY19C/2022,786,803
hCoV-19/England/PHEC-YYDY14S/2022,786,803
hCoV-19/England/PHEC-YYDRXNN/2022,786,859
hCoV-19/England/PHEC-YYDRGA6/2022,786,805
hCoV-19/England/PHEC-YYDRDRK/2022,786,804
hCoV-19/England/PHEC-YYDRDMH/2022,786,804
hCoV-19/England/PHEC-YYDNXZ5/2022,786,803
hCoV-19/England/PHEC-YYDEPYY/2022,786,810
hCoV-19/England/PHEC-YYDEPFS/2022,786,810
hCoV-19/England/PHEC-YYDEMFA/2022,786,810
hCoV-19/England/PHEC-YYDEMBY/2022,786,810
hCoV-19/England/PHEC-YYDBUQC/2022,786,803
hCoV-19/England/PHEC-YYDBOZH/2022,786,803
hCoV-19/England/PHEC-YYDBO6Q/2022,786,803
hCoV-19/England/PHEC-YYDBNWO/2022,786,803
hCoV-19/England/PHEC-YYDBNKF/2022,786,803
hCoV-19/England/PHEC-YYDBNIQ/2022,786,803
hCoV-19/England/PHEC-YYDBN5N/2022,786,803
hCoV-19/England/MILK-386E236/2022,786,793
hCoV-19/England/DHSC-CYBDUPY/2022,786,831
hCoV-19/England/BRBR-388EC32/2022,786,794
hCoV-19/England/PHEP-YYRMWJY/2022,787,803
hCoV-19/England/PHEP-YYRCD6R/2022,787,806
hCoV-19/England/PHEC-YYDYWJZ/2022,787,803
hCoV-19/England/PHEC-YYDYUQQ/2022,787,803
hCoV-19/England/PHEC-YYDYUMW/2022,787,803
hCoV-19/England/PHEC-YYDYUHT/2022,787,803
hCoV-19/England/PHEC-YYDYTXQ/2022,787,803
hCoV-19/England/PHEC-YYDYMPA/2022,787,800
hCoV-19/England/PHEC-YYDYHAO/2022,787,803
hCoV-19/England/PHEC-YYDY7JQ/2022,787,803
hCoV-19/England/PHEC-YYDY6UA/2022,787,803
hCoV-19/England/PHEC-YYDY6AQ/2022,787,803
hCoV-19/England/PHEC-YYDY614/2022,787,803
hCoV-19/England/PHEC-YYDY4IA/2022,787,803
hCoV-19/England/PHEC-YYDY1QX/2022,787,803
hCoV-19/England/PHEC-YYDY1PT/2022,787,803
hCoV-19/England/PHEC-YYDY1H1/2022,787,803
hCoV-19/England/PHEC-YYDY1G9/2022,787,803
hCoV-19/England/PHEC-YYDY1FB/2022,787,803
hCoV-19/England/PHEC-YYDY16Q/2022,787,803
hCoV-19/England/PHEC-YYDRNK9/2022,787,804
hCoV-19/England/PHEC-YYDRGUE/2022,787,805
hCoV-19/England/PHEC-YYDRDH3/2022,787,804
hCoV-19/England/PHEC-YYDR8MA/2022,787,805
hCoV-19/England/PHEC-YYDR1D7/2022,787,859
hCoV-19/England/PHEC-YYDNZR4/2022,787,803
hCoV-19/England/PHEC-YYDNXPO/2022,787,803
hCoV-19/England/PHEC-YYDNX4I/2022,787,803
hCoV-19/England/PHEC-YYDNGO1/2022,787,803
hCoV-19/England/PHEC-YYDNA9N/2022,787,803
hCoV-19/England/PHEC-YYDEPXN/2022,787,810
hCoV-19/England/PHEC-YYDEP6D/2022,787,810
hCoV-19/England/PHEC-YYDEP3P/2022,787,810
hCoV-19/England/PHEC-YYDBYGX/2022,787,803
hCoV-19/England/PHEC-YYDBY8P/2022,787,803
hCoV-19/England/PHEC-YYDBXIB/2022,787,803
hCoV-19/England/PHEC-YYDBOPT/2022,787,803
hCoV-19/England/PHEC-5X06EZ2B/2022,787,807
hCoV-19/England/PHEC-5X06BZ8E/2022,787,807
hCoV-19/England/PHEC-5X06BZ33/2022,787,807
hCoV-19/England/PHEC-5X069Z39/2022,787,807
hCoV-19/England/MILK-3889095/2022,787,793
hCoV-19/England/MILK-3868014/2022,787,793
hCoV-19/England/BRBR-38815AD/2022,787,794
