hCoV-19/Scotland/QEUH-33F9208/2022,753,763
hCoV-19/Scotland/QEUH-33EB97D/2022,753,762
hCoV-19/Scotland/EDB41709/2022,753,785
hCoV-19/England/QEUH-33F1B14/2022,753,761
hCoV-19/England/QEUH-33EBB3B/2022,753,760
hCoV-19/England/PHEC-5X0BBZD4/2022,753,821
hCoV-19/England/NORW-3157A1F/2022,753,774
hCoV-19/England/NEWC-33E23C3/2022,753,761
hCoV-19/England/MILK-33E730A/2022,753,760
hCoV-19/England/HSLL-3411A10/2022,753,761
hCoV-19/Wales/PHWC-P8WID5/2022,754,771
hCoV-19/Wales/PHWC-P84W8E/2022,754,773
hCoV-19/Scotland/SCOT-4578/2022,754,777
hCoV-19/Scotland/SCOT-4567/2022,754,777
hCoV-19/Scotland/QEUH-3415BBF/2022,754,762
hCoV-19/England/PLYM-340679F/2022,754,761
hCoV-19/England/PHEC-YYNTETO/2022,754,783
hCoV-19/England/PHEC-YYNTEBT/2022,754,783
hCoV-19/England/PHEC-YYNT8YW/2022,754,783
hCoV-19/England/PHEC-YYNOXU8/2022,754,783
hCoV-19/England/PHEC-YYNOX9X/2022,754,783
hCoV-19/England/PHEC-YYNKGSZ/2022,754,775
hCoV-19/England/PHEC-YYNIRDJ/2022,754,789
hCoV-19/England/PHEC-YYNC9W6/2022,754,779
hCoV-19/England/PHEC-YYNC6W9/2022,754,779
hCoV-19/England/PHEC-YYN1DPH/2022,754,784
hCoV-19/England/MILK-34371B5/2022,754,762
hCoV-19/England/MILK-342285E/2022,754,761
hCoV-19/England/MILK-3417643/2022,754,762
hCoV-19/England/MILK-34059F4/2022,754,761
hCoV-19/England/MILK-33FF888/2022,754,761
hCoV-19/England/MILK-33EFB82/2022,754,761
hCoV-19/England/DHSC-CYNZSHW/2022,754,831
hCoV-19/England/DHSC-CYN8RYY/2022,754,831
hCoV-19/England/DHSC-CYB5OBK/2022,754,831
hCoV-19/England/ALDP-342A328/2022,754,764
hCoV-19/Wales/ALDP-346B974/2022,755,766
hCoV-19/Scotland/NORT-YB6XUC/2022,755,773
hCoV-19/England/PLYM-345AD5E/2022,755,762
hCoV-19/England/PHEC-YYNT4GI/2022,755,784
hCoV-19/England/PHEC-YYNQYSI/2022,755,779
hCoV-19/England/PHEC-YYNOQ9O/2022,755,783
hCoV-19/England/PHEC-YYNC6HX/2022,755,779
hCoV-19/England/PHEC-YYN18WJ/2022,755,784
hCoV-19/England/NORT-YNBHYHJ/2022,755,789
hCoV-19/England/NORT-YNBHR7D/2022,755,789
hCoV-19/England/NORT-YNBHGUI/2022,755,789
hCoV-19/England/NORT-YNBHG7B/2022,755,789
hCoV-19/England/NORT-YNBHG3J/2022,755,789
hCoV-19/England/NORT-YNB5U7S/2022,755,785
hCoV-19/England/NORT-YNB5T1Q/2022,755,785
hCoV-19/England/NORT-YNB5QBW/2022,755,785
hCoV-19/England/NORT-YNB5KMR/2022,755,785
hCoV-19/England/NORT-YNB5KDW/2022,755,785
hCoV-19/England/NORT-YNB5J4G/2022,755,785
hCoV-19/England/NORT-YNB5CUT/2022,755,785
hCoV-19/England/NORT-YNB59MX/2022,755,789
hCoV-19/England/NORT-YNB55I6/2022,755,785
hCoV-19/England/NORT-YNB55F9/2022,755,785
hCoV-19/England/MILK-3404588/2022,755,761
hCoV-19/England/MILK-3404245/2022,755,761
hCoV-19/England/LOND-YYBFGWG/2022,755,789
hCoV-19/England/DHSC-CYNBRNE/2022,755,831
hCoV-19/England/DHSC-CYBT6EN/2022,755,803
hCoV-19/England/BRBR-3421AFF/2022,755,761
hCoV-19/England/ALDP-34696E8/2022,755,764
hCoV-19/England/ALDP-341EE44/2022,755,762
hCoV-19/Wales/ALDP-34702DB/2022,756,766
hCoV-19/England/PHEC-YYNU1MX/2022,756,786
hCoV-19/England/PHEC-YYNTJMH/2022,756,783
hCoV-19/England/PHEC-YYNQYFA/2022,756,779
hCoV-19/England/PHEC-YYNC9R9/2022,756,779
hCoV-19/England/PHEC-YYN18I8/2022,756,784
hCoV-19/England/PHEC-5X0BEZCC/2022,756,821
hCoV-19/England/PHEC-5X0BDZ65/2022,756,821
hCoV-19/England/PHEC-5X06AZBE/2022,756,807
hCoV-19/England/PHEC-5X04FZ93/2022,756,807
hCoV-19/England/PHEC-5X04CZAB/2022,756,807
hCoV-19/England/NORW-3163C22/2022,756,774
hCoV-19/England/MILK-345498D/2022,756,762
hCoV-19/England/MILK-34453FA/2022,756,762
hCoV-19/England/LSPA-34B6A3B/2022,756,766
hCoV-19/England/DHSC-CYBRY7O/2022,756,831
hCoV-19/England/ALDP-347AA15/2022,756,765
hCoV-19/England/ALDP-3475FB1/2022,756,764
hCoV-19/England/PLYM-34692E4/2022,757,764
hCoV-19/England/PLYM-3469220/2022,757,764
hCoV-19/England/PHEC-YYNXS4I/2022,757,783
hCoV-19/England/PHEC-YYNWYQ3/2022,757,790
hCoV-19/England/PHEC-YYNWBFK/2022,757,790
hCoV-19/England/PHEC-YYNU9BS/2022,757,789
hCoV-19/England/PHEC-YYNU1PM/2022,757,786
hCoV-19/England/PHEC-YYNQY4P/2022,757,779
hCoV-19/England/PHEC-YYNCW9U/2022,757,778
hCoV-19/England/PHEC-YYN7SWR/2022,757,796
hCoV-19/England/PHEC-YYN7EJJ/2022,757,796
hCoV-19/England/PHEC-YYN1WYF/2022,757,784
hCoV-19/England/PHEC-YYN1TW9/2022,757,784
hCoV-19/England/PHEC-5X0BEZ71/2022,757,821
hCoV-19/England/PHEC-5X0BAZF5/2022,757,821
hCoV-19/England/PHEC-5X048Z98/2022,757,807
hCoV-19/England/MILK-346D365/2022,757,763
hCoV-19/England/LSPA-34B25E3/2022,757,768
hCoV-19/England/LOND-YYBF63R/2022,757,796
hCoV-19/England/DHSC-CYNTNJ5/2022,757,831
hCoV-19/England/DHSC-CYD15HA/2022,757,831
hCoV-19/England/ALDP-3477F55/2022,757,764
hCoV-19/England/ALDP-3476141/2022,757,764
hCoV-19/England/ALDP-34745DE/2022,757,764
hCoV-19/Scotland/QEUH-3493393/2022,758,766
hCoV-19/Scotland/EDB43979/2022,758,798
hCoV-19/England/PHEP-YYRBNJG/2022,758,777
hCoV-19/England/PHEC-YYNXS6P/2022,758,783
hCoV-19/England/PHEC-YYNWYFM/2022,758,790
hCoV-19/England/PHEC-YYNWYBU/2022,758,790
hCoV-19/England/PHEC-YYNU965/2022,758,789
hCoV-19/England/PHEC-YYNQ6ZI/2022,758,779
hCoV-19/England/PHEC-YYN1UTD/2022,758,784
hCoV-19/England/PHEC-YYN1UAI/2022,758,784
hCoV-19/England/NORW-319BD9E/2022,758,803
hCoV-19/England/MILK-347D1A4/2022,758,766
hCoV-19/England/LSPA-34BFCC3/2022,758,767
hCoV-19/England/LSPA-34BFABA/2022,758,767
hCoV-19/England/LSPA-34AD77C/2022,758,767
hCoV-19/England/LOND-YYBGN54/2022,758,803
hCoV-19/England/LOND-YYBFQUY/2022,758,789
hCoV-19/England/LOND-YYBFQMT/2022,758,789
hCoV-19/England/LOND-YYBFPF6/2022,758,789
hCoV-19/England/LOND-YYBF81J/2022,758,789
hCoV-19/England/ALDP-348D280/2022,758,766
hCoV-19/England/ALDP-3487954/2022,758,766
hCoV-19/Scotland/EDB43962/2022,759,798
hCoV-19/England/PHEC-YYNXGWT/2022,759,783
hCoV-19/England/PHEC-YYNUAXB/2022,759,786
hCoV-19/England/PHEC-YYNT1OE/2022,759,784
hCoV-19/England/PHEC-YYNKIUQ/2022,759,776
hCoV-19/England/PHEC-YYNI7C6/2022,759,791
hCoV-19/England/PHEC-YYNCZM3/2022,759,778
hCoV-19/England/PHEC-YYNCZCZ/2022,759,778
hCoV-19/England/MILK-348B738/2022,759,766
hCoV-19/England/LSPA-34D28B7/2022,759,767
hCoV-19/England/DHSC-CYYO1GI/2022,759,789
hCoV-19/England/DHSC-CYBGKKJ/2022,759,831
hCoV-19/England/DHSC-CYBEDT7/2022,759,786
hCoV-19/England/ALDP-34C6A56/2022,759,767
