hCoV-19/England/PHEC-YY8YUYG/2022,1005,1020
hCoV-19/England/PHEC-YY8YUBR/2022,1005,1020
hCoV-19/England/PHEC-YY8YUAI/2022,1005,1020
hCoV-19/England/PHEC-YY8YSYD/2022,1005,1020
hCoV-19/England/PHEC-YY8YS4Q/2022,1005,1020
hCoV-19/England/PHEC-YY8YQS6/2022,1005,1020
hCoV-19/England/PHEC-YY8YIZI/2022,1005,1020
hCoV-19/England/PHEC-YY8YI5P/2022,1005,1020
hCoV-19/England/PHEC-YY8YHSO/2022,1005,1020
hCoV-19/England/PHEC-YY8YHRI/2022,1005,1020
hCoV-19/England/PHEC-YY8YHI1/2022,1005,1020
hCoV-19/England/PHEC-YY8YHEP/2022,1005,1020
hCoV-19/England/PHEC-YY8YHAC/2022,1005,1020
hCoV-19/England/PHEC-YY8YGWK/2022,1005,1017
hCoV-19/England/PHEC-YY8YGTO/2022,1005,1017
hCoV-19/England/PHEC-YY8YG1Q/2022,1005,1017
hCoV-19/England/PHEC-YY8YAB9/2022,1005,1020
hCoV-19/England/PHEC-YY8YA9N/2022,1005,1020
hCoV-19/England/PHEC-YY8YA6R/2022,1005,1020
hCoV-19/England/PHEC-YY8Y9UU/2022,1005,1020
hCoV-19/England/PHEC-YY8Y7YH/2022,1005,1020
hCoV-19/England/PHEC-YY8Y7X6/2022,1005,1020
hCoV-19/England/PHEC-YY8Y7MG/2022,1005,1020
hCoV-19/England/PHEC-YY8Y7JK/2022,1005,1020
hCoV-19/England/PHEC-YY8Y7CR/2022,1005,1020
hCoV-19/England/PHEC-YY8Y78Q/2022,1005,1020
hCoV-19/England/PHEC-YY8Y6AK/2022,1005,1020
hCoV-19/England/PHEC-YY8Y4XB/2022,1005,1020
hCoV-19/England/PHEC-YY8Y3JQ/2022,1005,1020
hCoV-19/England/PHEC-YY8Y1ZA/2022,1005,1020
hCoV-19/England/PHEC-YY8Y1HQ/2022,1005,1020
hCoV-19/England/PHEC-YY8Y1AS/2022,1005,1020
hCoV-19/England/PHEC-YY8Y15O/2022,1005,1020
hCoV-19/England/PHEC-YY8Y141/2022,1005,1020
hCoV-19/England/PHEC-YY8Y13W/2022,1005,1020
hCoV-19/England/PHEC-YY8R1N5/2022,1005,1027
hCoV-19/England/PHEC-YY8NYM9/2022,1005,1020
hCoV-19/England/PHEC-YY8NYFM/2022,1005,1020
hCoV-19/England/PHEC-YY8NY9S/2022,1005,1020
hCoV-19/England/PHEC-YY8NSFI/2022,1005,1021
hCoV-19/England/PHEC-YY8NS14/2022,1005,1021
hCoV-19/England/PHEC-YY8NHRT/2022,1005,1021
hCoV-19/England/PHEC-YY8NHKF/2022,1005,1021
hCoV-19/England/PHEC-YY8NEOC/2022,1005,1020
hCoV-19/England/PHEC-YY8NENJ/2022,1005,1020
hCoV-19/England/PHEC-YY8NEMZ/2022,1005,1020
hCoV-19/England/PHEC-YY8NED8/2022,1005,1020
hCoV-19/England/PHEC-YY8N8WF/2022,1005,1020
hCoV-19/England/PHEC-YY8N8U8/2022,1005,1020
hCoV-19/England/PHEC-YY8N8Q1/2022,1005,1020
hCoV-19/England/PHEC-YY8N8K4/2022,1005,1020
hCoV-19/England/PHEC-YY8N74D/2022,1005,1021
hCoV-19/England/PHEC-YY8N5UU/2022,1005,1021
hCoV-19/England/PHEC-YY8N567/2022,1005,1021
hCoV-19/England/PHEC-YY8N4DI/2022,1005,1021
hCoV-19/England/PHEC-YY8N48P/2022,1005,1021
hCoV-19/England/PHEC-YY8DYWK/2022,1005,1021
hCoV-19/England/PHEC-YY8DYUC/2022,1005,1021
hCoV-19/England/PHEC-YY8DUSU/2022,1005,1024
hCoV-19/England/PHEC-YY8DURA/2022,1005,1024
hCoV-19/England/PHEC-YY8DU6D/2022,1005,1024
hCoV-19/England/PHEC-YY8D3MR/2022,1005,1024
hCoV-19/England/PHEC-YY8YW9G/2022,1006,1020
hCoV-19/England/PHEC-YY8YUZZ/2022,1006,1020
hCoV-19/England/PHEC-YY8YUW7/2022,1006,1020
hCoV-19/England/PHEC-YY8YU1B/2022,1006,1020
hCoV-19/England/PHEC-YY8YIYR/2022,1006,1020
hCoV-19/England/PHEC-YY8YIXG/2022,1006,1020
hCoV-19/England/PHEC-YY8YIW5/2022,1006,1020
hCoV-19/England/PHEC-YY8YIU7/2022,1006,1020
hCoV-19/England/PHEC-YY8YISZ/2022,1006,1020
hCoV-19/England/PHEC-YY8YIAU/2022,1006,1020
hCoV-19/England/PHEC-YY8YI9F/2022,1006,1020
hCoV-19/England/PHEC-YY8YI4X/2022,1006,1020
hCoV-19/England/PHEC-YY8YI3T/2022,1006,1020
hCoV-19/England/PHEC-YY8YI19/2022,1006,1020
hCoV-19/England/PHEC-YY8YHZQ/2022,1006,1020
hCoV-19/England/PHEC-YY8YHX9/2022,1006,1020
hCoV-19/England/PHEC-YY8YHKJ/2022,1006,1020
hCoV-19/England/PHEC-YY8YH8X/2022,1006,1020
hCoV-19/England/PHEC-YY8YH6Y/2022,1006,1020
hCoV-19/England/PHEC-YY8Y9Y4/2022,1006,1020
hCoV-19/England/PHEC-YY8Y9BA/2022,1006,1020
hCoV-19/England/PHEC-YY8Y7T3/2022,1006,1020
hCoV-19/England/PHEC-YY8Y7RW/2022,1006,1020
hCoV-19/England/PHEC-YY8Y6ZC/2022,1006,1020
hCoV-19/England/PHEC-YY8Y6X7/2022,1006,1020
hCoV-19/England/PHEC-YY8Y6W1/2022,1006,1020
hCoV-19/England/PHEC-YY8Y6UW/2022,1006,1020
hCoV-19/England/PHEC-YY8Y6TA/2022,1006,1020
hCoV-19/England/PHEC-YY8Y6RU/2022,1006,1020
hCoV-19/England/PHEC-YY8Y6Q9/2022,1006,1020
hCoV-19/England/PHEC-YY8Y6O4/2022,1006,1020
hCoV-19/England/PHEC-YY8Y6MF/2022,1006,1020
hCoV-19/England/PHEC-YY8Y6K8/2022,1006,1020
hCoV-19/England/PHEC-YY8Y6JJ/2022,1006,1020
hCoV-19/England/PHEC-YY8Y6IO/2022,1006,1020
hCoV-19/England/PHEC-YY8Y6FT/2022,1006,1020
hCoV-19/England/PHEC-YY8Y6DI/2022,1006,1020
hCoV-19/England/PHEC-YY8Y6CD/2022,1006,1020
hCoV-19/England/PHEC-YY8Y63E/2022,1006,1020
hCoV-19/England/PHEC-YY8RBRE/2022,1006,1024
hCoV-19/England/PHEC-YY8R1FI/2022,1006,1027
hCoV-19/England/PHEC-YY8R18T/2022,1006,1027
hCoV-19/England/PHEC-YY8NHX5/2022,1006,1021
hCoV-19/England/PHEC-YY8NHMD/2022,1006,1021
hCoV-19/England/PHEC-YY8NHGP/2022,1006,1021
hCoV-19/England/PHEC-YY8NH8M/2022,1006,1021
hCoV-19/England/PHEC-YY8NGXT/2022,1006,1020
hCoV-19/England/PHEC-YY8NGWG/2022,1006,1020
hCoV-19/England/PHEC-YY8NGIR/2022,1006,1020
hCoV-19/England/PHEC-YY8NFZB/2022,1006,1020
hCoV-19/England/PHEC-YY8NFW8/2022,1006,1020
hCoV-19/England/PHEC-YY8NFUJ/2022,1006,1020
hCoV-19/England/PHEC-YY8NFSD/2022,1006,1020
hCoV-19/England/PHEC-YY8NF45/2022,1006,1020
hCoV-19/England/PHEC-YY8NF37/2022,1006,1020
hCoV-19/England/PHEC-YY8NEJ5/2022,1006,1020
hCoV-19/England/PHEC-YY8NEIN/2022,1006,1020
hCoV-19/England/PHEC-YY8NE4A/2022,1006,1020
hCoV-19/England/PHEC-YY8NDUM/2022,1006,1020
hCoV-19/England/PHEC-YY8NDRK/2022,1006,1020
hCoV-19/England/PHEC-YY8NDQS/2022,1006,1020
hCoV-19/England/PHEC-YY8NDAB/2022,1006,1020
hCoV-19/England/PHEC-YY8NBXS/2022,1006,1020
hCoV-19/England/PHEC-YY8NBQA/2022,1006,1020
hCoV-19/England/PHEC-YY8N9H7/2022,1006,1021
hCoV-19/England/PHEC-YY8N8TM/2022,1006,1020
hCoV-19/England/PHEC-YY8N8MA/2022,1006,1020
hCoV-19/England/PHEC-YY8N8CS/2022,1006,1020
hCoV-19/England/PHEC-YY8N87U/2022,1006,1020
hCoV-19/England/PHEC-YY8N5IX/2022,1006,1021
hCoV-19/England/PHEC-YY8N579/2022,1006,1021
hCoV-19/England/PHEC-YY8N4X7/2022,1006,1021
hCoV-19/England/PHEC-YY8N4HN/2022,1006,1021
hCoV-19/England/PHEC-YY8N3AM/2022,1006,1021
hCoV-19/England/PHEC-YY8DZMG/2022,1006,1024
hCoV-19/England/PHEC-YY8DYK9/2022,1006,1021
hCoV-19/England/PHEC-YY8DY8F/2022,1006,1021
hCoV-19/England/PHEC-YY8DWO6/2022,1006,1024
hCoV-19/England/PHEC-YY8DWN5/2022,1006,1024
hCoV-19/England/PHEC-YY8DWGU/2022,1006,1024
hCoV-19/England/PHEC-YY8DWD3/2022,1006,1024
hCoV-19/England/PHEC-YY8DWC8/2022,1006,1024
hCoV-19/England/PHEC-YY8DWB7/2022,1006,1024
hCoV-19/England/PHEC-YY8DW8T/2022,1006,1024
hCoV-19/England/PHEC-YY8DUWZ/2022,1006,1024
hCoV-19/England/PHEC-YY8DUMK/2022,1006,1024
hCoV-19/England/PHEC-YY8DUKC/2022,1006,1024
hCoV-19/England/PHEC-YY8DUJQ/2022,1006,1024
hCoV-19/England/PHEC-YY8DUGW/2022,1006,1024
hCoV-19/England/PHEC-YY8DUD4/2022,1006,1024
hCoV-19/England/PHEC-YY8DUB6/2022,1006,1024
hCoV-19/England/PHEC-YY8DU81/2022,1006,1024
hCoV-19/England/PHEC-YY8DU5J/2022,1006,1024
hCoV-19/England/PHEC-YY8DAB3/2022,1006,1024
hCoV-19/England/PHEC-YY8D4RT/2022,1006,1024
hCoV-19/England/PHEC-YY8D4DU/2022,1006,1024
hCoV-19/England/PHEC-YY8D31I/2022,1006,1024
hCoV-19/England/LOND-YYBKSBU/2022,1006,1024
hCoV-19/England/PHEC-YY8YSZW/2022,1007,1020
hCoV-19/England/PHEC-YY8YSR5/2022,1007,1020
hCoV-19/England/PHEC-YY8YSMP/2022,1007,1020
hCoV-19/England/PHEC-YY8YSIA/2022,1007,1020
hCoV-19/England/PHEC-YY8YSEU/2022,1007,1020
hCoV-19/England/PHEC-YY8YSD7/2022,1007,1020
hCoV-19/England/PHEC-YY8YH7N/2022,1007,1020
hCoV-19/England/PHEC-YY8Y6HN/2022,1007,1020
hCoV-19/England/PHEC-YY8Y65R/2022,1007,1020
hCoV-19/England/PHEC-YY8Y64G/2022,1007,1020
hCoV-19/England/PHEC-YY8Y61S/2022,1007,1020
hCoV-19/England/PHEC-YY8RYPZ/2022,1007,1024
hCoV-19/England/PHEC-YY8R1XB/2022,1007,1027
hCoV-19/England/PHEC-YY8PJYS/2022,1007,1055
hCoV-19/England/PHEC-YY8NZST/2022,1007,1021
hCoV-19/England/PHEC-YY8NZIU/2022,1007,1021
hCoV-19/England/PHEC-YY8NZHF/2022,1007,1021
hCoV-19/England/PHEC-YY8NZFW/2022,1007,1021
hCoV-19/England/PHEC-YY8NRXU/2022,1007,1020
hCoV-19/England/PHEC-YY8NRHA/2022,1007,1020
hCoV-19/England/PHEC-YY8NHP9/2022,1007,1021
hCoV-19/England/PHEC-YY8NHFX/2022,1007,1021
hCoV-19/England/PHEC-YY8NGTC/2022,1007,1020
hCoV-19/England/PHEC-YY8NGSN/2022,1007,1020
hCoV-19/England/PHEC-YY8NGOQ/2022,1007,1020
hCoV-19/England/PHEC-YY8NFNC/2022,1007,1020
hCoV-19/England/PHEC-YY8NFKH/2022,1007,1020
hCoV-19/England/PHEC-YY8NAZQ/2022,1007,1021
hCoV-19/England/PHEC-YY8NACF/2022,1007,1021
hCoV-19/England/PHEC-YY8N9Z8/2022,1007,1021
hCoV-19/England/PHEC-YY8N9SJ/2022,1007,1021
hCoV-19/England/PHEC-YY8N9EG/2022,1007,1021
hCoV-19/England/PHEC-YY8N9BW/2022,1007,1021
hCoV-19/England/PHEC-YY8N963/2022,1007,1021
hCoV-19/England/PHEC-YY8N959/2022,1007,1021
hCoV-19/England/PHEC-YY8N7X4/2022,1007,1021
hCoV-19/England/PHEC-YY8N7QH/2022,1007,1021
hCoV-19/England/PHEC-YY8N7H9/2022,1007,1021
hCoV-19/England/PHEC-YY8N6ZE/2022,1007,1021
hCoV-19/England/PHEC-YY8N6SK/2022,1007,1021
hCoV-19/England/PHEC-YY8N6MB/2022,1007,1021
hCoV-19/England/PHEC-YY8N6H6/2022,1007,1021
hCoV-19/England/PHEC-YY8N64N/2022,1007,1021
hCoV-19/England/PHEC-YY8N63R/2022,1007,1021
hCoV-19/England/PHEC-YY8N5O3/2022,1007,1021
hCoV-19/England/PHEC-YY8N595/2022,1007,1021
hCoV-19/England/PHEC-YY8N4FT/2022,1007,1021
hCoV-19/England/PHEC-YY8N466/2022,1007,1021
hCoV-19/England/PHEC-YY8N3X6/2022,1007,1021
hCoV-19/England/PHEC-YY8N3F1/2022,1007,1021
hCoV-19/England/PHEC-YY8FTJC/2022,1007,1029
hCoV-19/England/PHEC-YY8DZQY/2022,1007,1024
hCoV-19/England/PHEC-YY8DZ69/2022,1007,1024
hCoV-19/England/PHEC-YY8DYRM/2022,1007,1021
hCoV-19/England/PHEC-YY8DYNX/2022,1007,1021
hCoV-19/England/PHEC-YY8DYG8/2022,1007,1021
hCoV-19/England/PHEC-YY8DYFJ/2022,1007,1021
hCoV-19/England/PHEC-YY8DYDP/2022,1007,1021
hCoV-19/England/PHEC-YY8DYC5/2022,1007,1021
hCoV-19/England/PHEC-YY8DY1Q/2022,1007,1021
hCoV-19/England/PHEC-YY8DUXN/2022,1007,1024
hCoV-19/England/PHEC-YY8DUFS/2022,1007,1024
hCoV-19/England/PHEC-YY8DU15/2022,1007,1024
hCoV-19/England/PHEC-YY8DQYF/2022,1007,1023
hCoV-19/England/PHEC-YY8DQX8/2022,1007,1023
hCoV-19/England/PHEC-YY8DQR7/2022,1007,1023
hCoV-19/England/PHEC-YY8DQPM/2022,1007,1023
hCoV-19/England/PHEC-YY8DQKT/2022,1007,1023
hCoV-19/England/PHEC-YY8DPYG/2022,1007,1023
hCoV-19/England/PHEC-YY8DPXE/2022,1007,1023
hCoV-19/England/PHEC-YY8DPW7/2022,1007,1023
hCoV-19/England/PHEC-YY8DPS3/2022,1007,1023
hCoV-19/England/PHEC-YY8DPOF/2022,1007,1023
hCoV-19/England/PHEC-YY8DPHP/2022,1007,1023
hCoV-19/England/PHEC-YY8DP98/2022,1007,1023
hCoV-19/England/PHEC-YY8DP8A/2022,1007,1023
hCoV-19/England/PHEC-YY8DP4T/2022,1007,1023
hCoV-19/England/PHEC-YY8DP1B/2022,1007,1023
hCoV-19/England/PHEC-YY8DMRY/2022,1007,1023
hCoV-19/England/PHEC-YY8DMF6/2022,1007,1023
hCoV-19/England/PHEC-YY8DMDN/2022,1007,1023
hCoV-19/England/PHEC-YY8DK9K/2022,1007,1023
hCoV-19/England/PHEC-YY8DK7Q/2022,1007,1023
hCoV-19/England/PHEC-YY8DK51/2022,1007,1023
hCoV-19/England/PHEC-YY8DHWQ/2022,1007,1024
hCoV-19/England/PHEC-YY8DCS4/2022,1007,1023
hCoV-19/England/PHEC-YY8DC41/2022,1007,1023
hCoV-19/England/PHEC-YY8DC1N/2022,1007,1023
hCoV-19/England/PHEC-YY8DBDC/2022,1007,1021
hCoV-19/England/PHEC-YY8D5CY/2022,1007,1024
hCoV-19/England/PHEC-YY8D5BS/2022,1007,1024
hCoV-19/England/PHEC-YY8D51U/2022,1007,1024
hCoV-19/England/PHEC-YY8D4J8/2022,1007,1024
hCoV-19/England/PHEC-YY8D4AE/2022,1007,1024
hCoV-19/England/PHEC-YY8D45N/2022,1007,1024
hCoV-19/England/PHEC-YY8D3XH/2022,1007,1024
hCoV-19/England/PHEC-YY8D367/2022,1007,1024
hCoV-19/England/PHEC-YY8YSPJ/2022,1008,1020
hCoV-19/England/PHEC-YY8YSON/2022,1008,1020
hCoV-19/England/PHEC-YY8YSJT/2022,1008,1020
hCoV-19/England/PHEC-YY8YSF3/2022,1008,1020
hCoV-19/England/PHEC-YY8Y9NS/2022,1008,1020
hCoV-19/England/PHEC-YY8RESH/2022,1008,1027
hCoV-19/England/PHEC-YY8R1QD/2022,1008,1027
hCoV-19/England/PHEC-YY8PJN1/2022,1008,1055
hCoV-19/England/PHEC-YY8NZ13/2022,1008,1021
hCoV-19/England/PHEC-YY8NRQI/2022,1008,1020
hCoV-19/England/PHEC-YY8NGJ7/2022,1008,1020
hCoV-19/England/PHEC-YY8NGE9/2022,1008,1020
hCoV-19/England/PHEC-YY8NG7W/2022,1008,1020
hCoV-19/England/PHEC-YY8NG44/2022,1008,1020
hCoV-19/England/PHEC-YY8NAT4/2022,1008,1021
hCoV-19/England/PHEC-YY8N9WP/2022,1008,1021
hCoV-19/England/PHEC-YY8N9UX/2022,1008,1021
hCoV-19/England/PHEC-YY8N9TU/2022,1008,1021
hCoV-19/England/PHEC-YY8N9JR/2022,1008,1021
hCoV-19/England/PHEC-YY8N9IM/2022,1008,1021
hCoV-19/England/PHEC-YY8N975/2022,1008,1021
hCoV-19/England/PHEC-YY8N8YQ/2022,1008,1020
hCoV-19/England/PHEC-YY8N8NK/2022,1008,1020
hCoV-19/England/PHEC-YY8N8DE/2022,1008,1020
hCoV-19/England/PHEC-YY8N7WX/2022,1008,1021
hCoV-19/England/PHEC-YY8N7UT/2022,1008,1021
hCoV-19/England/PHEC-YY8N765/2022,1008,1021
hCoV-19/England/PHEC-YY8N75B/2022,1008,1021
hCoV-19/England/PHEC-YY8N6X3/2022,1008,1021
hCoV-19/England/PHEC-YY8N6WQ/2022,1008,1021
hCoV-19/England/PHEC-YY8N6IC/2022,1008,1021
hCoV-19/England/PHEC-YY8N6BI/2022,1008,1021
hCoV-19/England/PHEC-YY8N6AG/2022,1008,1021
hCoV-19/England/PHEC-YY8N611/2022,1008,1021
hCoV-19/England/PHEC-YY8N5WT/2022,1008,1021
hCoV-19/England/PHEC-YY8N5R1/2022,1008,1021
hCoV-19/England/PHEC-YY8N5NS/2022,1008,1021
hCoV-19/England/PHEC-YY8N5KG/2022,1008,1021
hCoV-19/England/PHEC-YY8N4K8/2022,1008,1021
hCoV-19/England/PHEC-YY8N3SX/2022,1008,1021
hCoV-19/England/PHEC-YY8N3JK/2022,1008,1021
hCoV-19/England/PHEC-YY8N3CR/2022,1008,1021
hCoV-19/England/PHEC-YY8N348/2022,1008,1021
hCoV-19/England/PHEC-YY8FIPY/2022,1008,1029
hCoV-19/England/PHEC-YY8FIO3/2022,1008,1029
hCoV-19/England/PHEC-YY8FIJE/2022,1008,1029
hCoV-19/England/PHEC-YY8FI79/2022,1008,1029
hCoV-19/England/PHEC-YY8FI67/2022,1008,1029
hCoV-19/England/PHEC-YY8DZ1Z/2022,1008,1024
hCoV-19/England/PHEC-YY8DYSG/2022,1008,1021
hCoV-19/England/PHEC-YY8DYP3/2022,1008,1021
hCoV-19/England/PHEC-YY8DYO1/2022,1008,1021
hCoV-19/England/PHEC-YY8DYH4/2022,1008,1021
hCoV-19/England/PHEC-YY8DY9W/2022,1008,1021
hCoV-19/England/PHEC-YY8DY7A/2022,1008,1021
hCoV-19/England/PHEC-YY8DY6S/2022,1008,1021
hCoV-19/England/PHEC-YY8DXKO/2022,1008,1023
hCoV-19/England/PHEC-YY8DXJ1/2022,1008,1023
hCoV-19/England/PHEC-YY8DXF4/2022,1008,1023
hCoV-19/England/PHEC-YY8DXCC/2022,1008,1023
hCoV-19/England/PHEC-YY8DX7J/2022,1008,1023
hCoV-19/England/PHEC-YY8DWMJ/2022,1008,1024
hCoV-19/England/PHEC-YY8DUQR/2022,1008,1024
hCoV-19/England/PHEC-YY8DTZU/2022,1008,1024
hCoV-19/England/PHEC-YY8DTSI/2022,1008,1024
hCoV-19/England/PHEC-YY8DTHJ/2022,1008,1024
hCoV-19/England/PHEC-YY8DTFA/2022,1008,1023
hCoV-19/England/PHEC-YY8DTDH/2022,1008,1023
hCoV-19/England/PHEC-YY8DT6F/2022,1008,1024
hCoV-19/England/PHEC-YY8DT4P/2022,1008,1024
hCoV-19/England/PHEC-YY8DQNB/2022,1008,1023
hCoV-19/England/PHEC-YY8DQMX/2022,1008,1023
hCoV-19/England/PHEC-YY8DQF5/2022,1008,1023
hCoV-19/England/PHEC-YY8DQCP/2022,1008,1023
hCoV-19/England/PHEC-YY8DQBD/2022,1008,1023
hCoV-19/England/PHEC-YY8DQ9G/2022,1008,1023
hCoV-19/England/PHEC-YY8DPU9/2022,1008,1023
hCoV-19/England/PHEC-YY8DPTD/2022,1008,1023
hCoV-19/England/PHEC-YY8DPQK/2022,1008,1023
hCoV-19/England/PHEC-YY8DPMO/2022,1008,1023
hCoV-19/England/PHEC-YY8DPFH/2022,1008,1023
hCoV-19/England/PHEC-YY8DPES/2022,1008,1023
hCoV-19/England/PHEC-YY8DP5X/2022,1008,1023
hCoV-19/England/PHEC-YY8DMQC/2022,1008,1023
hCoV-19/England/PHEC-YY8DMPQ/2022,1008,1023
hCoV-19/England/PHEC-YY8DMKW/2022,1008,1023
hCoV-19/England/PHEC-YY8DMJS/2022,1008,1023
hCoV-19/England/PHEC-YY8DMHX/2022,1008,1023
hCoV-19/England/PHEC-YY8DM84/2022,1008,1023
hCoV-19/England/PHEC-YY8DM6M/2022,1008,1023
hCoV-19/England/PHEC-YY8DK6C/2022,1008,1023
hCoV-19/England/PHEC-YY8DK4W/2022,1008,1023
hCoV-19/England/PHEC-YY8DHDT/2022,1008,1024
hCoV-19/England/PHEC-YY8DCXJ/2022,1008,1023
hCoV-19/England/PHEC-YY8DCR9/2022,1008,1023
hCoV-19/England/PHEC-YY8DCPP/2022,1008,1023
hCoV-19/England/PHEC-YY8DCOG/2022,1008,1023
hCoV-19/England/PHEC-YY8DCND/2022,1008,1023
hCoV-19/England/PHEC-YY8DCKU/2022,1008,1023
hCoV-19/England/PHEC-YY8DCJI/2022,1008,1023
hCoV-19/England/PHEC-YY8DCIH/2022,1008,1023
hCoV-19/England/PHEC-YY8DCDB/2022,1008,1023
hCoV-19/England/PHEC-YY8DCBF/2022,1008,1023
hCoV-19/England/PHEC-YY8DC6K/2022,1008,1023
hCoV-19/England/PHEC-YY8DC5O/2022,1008,1023
hCoV-19/England/PHEC-YY8DBY1/2022,1008,1021
hCoV-19/England/PHEC-YY8DAUW/2022,1008,1024
hCoV-19/England/PHEC-YY8DATA/2022,1008,1024
hCoV-19/England/PHEC-YY8DASQ/2022,1008,1024
hCoV-19/England/PHEC-YY8DACD/2022,1008,1024
hCoV-19/England/PHEC-YY8DA8P/2022,1008,1024
hCoV-19/England/PHEC-YY8D9JN/2022,1008,1024
hCoV-19/England/PHEC-YY8D5X4/2022,1008,1024
hCoV-19/England/PHEC-YY8D5P6/2022,1008,1024
hCoV-19/England/PHEC-YY8D5KR/2022,1008,1024
hCoV-19/England/PHEC-YY8D5FQ/2022,1008,1024
hCoV-19/England/PHEC-YY8D5EE/2022,1008,1024
hCoV-19/England/PHEC-YY8D4MD/2022,1008,1024
hCoV-19/England/PHEC-YY8D43G/2022,1008,1024
hCoV-19/England/PHEC-YY8D1YB/2022,1008,1024
hCoV-19/England/PHEC-YY8D1SW/2022,1008,1024
hCoV-19/England/PHEC-YY8D1R3/2022,1008,1024
hCoV-19/England/PHEC-YY8D1P8/2022,1008,1024
hCoV-19/England/PHEC-YY8D1MM/2022,1008,1024
hCoV-19/England/PHEC-YY8D1JX/2022,1008,1024
hCoV-19/England/PHEC-YY8D1HE/2022,1008,1024
hCoV-19/England/PHEC-YY8D1GI/2022,1008,1024
hCoV-19/England/PHEC-YY8D1FZ/2022,1008,1024
hCoV-19/England/PHEC-YY8D1ET/2022,1008,1024
hCoV-19/England/PHEC-YY8D1CJ/2022,1008,1024
hCoV-19/England/PHEC-YY8D1AO/2022,1008,1024
hCoV-19/England/PHEC-YY8D19N/2022,1008,1024
hCoV-19/England/PHEC-YY8D18U/2022,1008,1024
hCoV-19/England/PHEC-YY8RIYH/2022,1009,1027
hCoV-19/England/PHEC-YY8RIF1/2022,1009,1027
hCoV-19/England/PHEC-YY8NHZK/2022,1009,1021
hCoV-19/England/PHEC-YY8NH76/2022,1009,1021
hCoV-19/England/PHEC-YY8NH6H/2022,1009,1021
hCoV-19/England/PHEC-YY8NH4R/2022,1009,1021
hCoV-19/England/PHEC-YY8NH1W/2022,1009,1021
hCoV-19/England/PHEC-YY8NAPD/2022,1009,1021
hCoV-19/England/PHEC-YY8N9XA/2022,1009,1021
hCoV-19/England/PHEC-YY8N9PH/2022,1009,1021
hCoV-19/England/PHEC-YY8N9OI/2022,1009,1021
hCoV-19/England/PHEC-YY8N9MY/2022,1009,1021
hCoV-19/England/PHEC-YY8N9KN/2022,1009,1021
hCoV-19/England/PHEC-YY8N9C6/2022,1009,1021
hCoV-19/England/PHEC-YY8N7KR/2022,1009,1021
hCoV-19/England/PHEC-YY8N7D1/2022,1009,1021
hCoV-19/England/PHEC-YY8N6JF/2022,1009,1021
hCoV-19/England/PHEC-YY8N6FP/2022,1009,1021
hCoV-19/England/PHEC-YY8N6E8/2022,1009,1021
hCoV-19/England/PHEC-YY8N6DT/2022,1009,1021
hCoV-19/England/PHEC-YY8N6C9/2022,1009,1021
hCoV-19/England/PHEC-YY8N5TZ/2022,1009,1021
hCoV-19/England/PHEC-YY8N5MR/2022,1009,1021
hCoV-19/England/PHEC-YY8FTUZ/2022,1009,1029
hCoV-19/England/PHEC-YY8FTST/2022,1009,1029
hCoV-19/England/PHEC-YY8FSRT/2022,1009,1029
hCoV-19/England/PHEC-YY8FSNI/2022,1009,1029
hCoV-19/England/PHEC-YY8FSDU/2022,1009,1029
hCoV-19/England/PHEC-YY8F8HX/2022,1009,1027
hCoV-19/England/PHEC-YY8F89J/2022,1009,1027
hCoV-19/England/PHEC-YY8F81D/2022,1009,1027
hCoV-19/England/PHEC-YY8DZWU/2022,1009,1024
hCoV-19/England/PHEC-YY8DZHD/2022,1009,1024
hCoV-19/England/PHEC-YY8DZ3J/2022,1009,1024
hCoV-19/England/PHEC-YY8DY46/2022,1009,1021
hCoV-19/England/PHEC-YY8DXNY/2022,1009,1023
hCoV-19/England/PHEC-YY8DXMQ/2022,1009,1023
hCoV-19/England/PHEC-YY8DXHM/2022,1009,1023
hCoV-19/England/PHEC-YY8DXEW/2022,1009,1023
hCoV-19/England/PHEC-YY8DXD6/2022,1009,1023
hCoV-19/England/PHEC-YY8DTR4/2022,1009,1023
hCoV-19/England/PHEC-YY8DTN6/2022,1009,1023
hCoV-19/England/PHEC-YY8DTMC/2022,1009,1023
hCoV-19/England/PHEC-YY8DTJO/2022,1009,1023
hCoV-19/England/PHEC-YY8DTGS/2022,1009,1023
hCoV-19/England/PHEC-YY8DTE1/2022,1009,1023
hCoV-19/England/PHEC-YY8DTBY/2022,1009,1023
hCoV-19/England/PHEC-YY8DT8W/2022,1009,1023
hCoV-19/England/PHEC-YY8DQU6/2022,1009,1023
hCoV-19/England/PHEC-YY8DQSA/2022,1009,1023
hCoV-19/England/PHEC-YY8DQI4/2022,1009,1023
hCoV-19/England/PHEC-YY8DPK1/2022,1009,1023
hCoV-19/England/PHEC-YY8DPJW/2022,1009,1023
hCoV-19/England/PHEC-YY8DPG4/2022,1009,1023
hCoV-19/England/PHEC-YY8DPCQ/2022,1009,1023
hCoV-19/England/PHEC-YY8DP7M/2022,1009,1023
hCoV-19/England/PHEC-YY8DM3I/2022,1009,1023
hCoV-19/England/PHEC-YY8DKHO/2022,1009,1023
hCoV-19/England/PHEC-YY8DKAA/2022,1009,1023
hCoV-19/England/PHEC-YY8DHRX/2022,1009,1024
hCoV-19/England/PHEC-YY8DHNU/2022,1009,1024
hCoV-19/England/PHEC-YY8DH11/2022,1009,1024
hCoV-19/England/PHEC-YY8DCY8/2022,1009,1023
hCoV-19/England/PHEC-YY8DCW6/2022,1009,1023
hCoV-19/England/PHEC-YY8DCTR/2022,1009,1023
hCoV-19/England/PHEC-YY8DAZC/2022,1009,1024
hCoV-19/England/PHEC-YY8DAW1/2022,1009,1024
hCoV-19/England/PHEC-YY8DARU/2022,1009,1024
hCoV-19/England/PHEC-YY8DAGX/2022,1009,1024
hCoV-19/England/PHEC-YY8DA5R/2022,1009,1024
hCoV-19/England/PHEC-YY8DA4G/2022,1009,1024
hCoV-19/England/PHEC-YY8DA3E/2022,1009,1024
hCoV-19/England/PHEC-YY8D6P5/2022,1009,1024
hCoV-19/England/PHEC-YY8D5ZJ/2022,1009,1024
hCoV-19/England/PHEC-YY8D5WX/2022,1009,1024
hCoV-19/England/PHEC-YY8D5UT/2022,1009,1024
hCoV-19/England/PHEC-YY8D5H9/2022,1009,1024
hCoV-19/England/PHEC-YY8D5D1/2022,1009,1024
hCoV-19/England/PHEC-YY8D5A8/2022,1009,1024
hCoV-19/England/PHEC-YY8D577/2022,1009,1024
hCoV-19/England/PHEC-YY8D565/2022,1009,1024
hCoV-19/England/PHEC-YY8D54D/2022,1009,1024
hCoV-19/England/PHEC-YY8D4X5/2022,1009,1024
hCoV-19/England/PHEC-YY8D4Q7/2022,1009,1024
hCoV-19/England/PHEC-YY8D4P9/2022,1009,1024
hCoV-19/England/PHEC-YY8D4FX/2022,1009,1024
hCoV-19/England/PHEC-YY8D4EJ/2022,1009,1024
hCoV-19/England/PHEC-YY8D3Y4/2022,1009,1024
hCoV-19/England/PHEC-YY8D3PY/2022,1009,1024
hCoV-19/England/PHEC-YY8D3KG/2022,1009,1024
hCoV-19/England/PHEC-YY8D3EK/2022,1009,1024
hCoV-19/England/PHEC-YY8D3BA/2022,1009,1024
hCoV-19/England/PHEC-YY8RYK7/2022,1010,1024
hCoV-19/England/PHEC-YY8RYIG/2022,1010,1024
hCoV-19/England/PHEC-YY8RWJM/2022,1010,1027
hCoV-19/England/PHEC-YY8RWHR/2022,1010,1027
hCoV-19/England/PHEC-YY8RUZX/2022,1010,1027
hCoV-19/England/PHEC-YY8RSZC/2022,1010,1027
hCoV-19/England/PHEC-YY8RSTA/2022,1010,1027
hCoV-19/England/PHEC-YY8RSHN/2022,1010,1027
hCoV-19/England/PHEC-YY8RS9H/2022,1010,1027
hCoV-19/England/PHEC-YY8RD43/2022,1010,1027
hCoV-19/England/PHEC-YY8R1S1/2022,1010,1027
hCoV-19/England/PHEC-YY8FTG1/2022,1010,1029
hCoV-19/England/PHEC-YY8FTEQ/2022,1010,1029
hCoV-19/England/PHEC-YY8FSX5/2022,1010,1029
hCoV-19/England/PHEC-YY8FSKF/2022,1010,1029
hCoV-19/England/PHEC-YY8FSFX/2022,1010,1029
hCoV-19/England/PHEC-YY8FS1W/2022,1010,1029
hCoV-19/England/PHEC-YY8FOPF/2022,1010,1029
hCoV-19/England/PHEC-YY8FOJP/2022,1010,1029
hCoV-19/England/PHEC-YY8FOC8/2022,1010,1029
hCoV-19/England/PHEC-YY8FMYR/2022,1010,1027
hCoV-19/England/PHEC-YY8FIFO/2022,1010,1029
hCoV-19/England/PHEC-YY8FGRB/2022,1010,1027
hCoV-19/England/PHEC-YY8FGF9/2022,1010,1027
hCoV-19/England/PHEC-YY8FD18/2022,1010,1027
hCoV-19/England/PHEC-YY8F8JS/2022,1010,1027
hCoV-19/England/PHEC-YY8F1EP/2022,1010,1029
hCoV-19/England/PHEC-YY8F1B5/2022,1010,1029
hCoV-19/England/PHEC-YY8F18X/2022,1010,1029
hCoV-19/England/PHEC-YY8DTKQ/2022,1010,1023
hCoV-19/England/PHEC-YY8DMW9/2022,1010,1023
hCoV-19/England/PHEC-YY8DMI7/2022,1010,1023
hCoV-19/England/PHEC-YY8DMAZ/2022,1010,1023
hCoV-19/England/PHEC-YY8DHX3/2022,1010,1024
hCoV-19/England/PHEC-YY8DHQ5/2022,1010,1024
hCoV-19/England/PHEC-YY8DHP7/2022,1010,1024
hCoV-19/England/PHEC-YY8DHKD/2022,1010,1024
hCoV-19/England/PHEC-YY8DHGM/2022,1010,1024
hCoV-19/England/PHEC-YY8DHE8/2022,1010,1024
hCoV-19/England/PHEC-YY8DHC9/2022,1010,1024
hCoV-19/England/PHEC-YY8DH8J/2022,1010,1024
hCoV-19/England/PHEC-YY8DH7H/2022,1010,1024
hCoV-19/England/PHEC-YY8DA66/2022,1010,1024
hCoV-19/England/PHEC-YY8D6YI/2022,1010,1024
hCoV-19/England/PHEC-YY8D6M9/2022,1010,1024
hCoV-19/England/PHEC-YY8D3WT/2022,1010,1024
hCoV-19/England/PHEC-YY8D3UU/2022,1010,1024
hCoV-19/England/PHEC-YY8D3SP/2022,1010,1024
hCoV-19/England/PHEC-YY8RZNS/2022,1011,1027
hCoV-19/England/PHEC-YY8RZDW/2022,1011,1027
hCoV-19/England/PHEC-YY8RZ95/2022,1011,1027
hCoV-19/England/PHEC-YY8RZ67/2022,1011,1027
hCoV-19/England/PHEC-YY8RYWE/2022,1011,1024
hCoV-19/England/PHEC-YY8RYGF/2022,1011,1024
hCoV-19/England/PHEC-YY8RYEB/2022,1011,1024
hCoV-19/England/PHEC-YY8RWPD/2022,1011,1027
hCoV-19/England/PHEC-YY8RS66/2022,1011,1027
hCoV-19/England/PHEC-YY8RBZB/2022,1011,1024
hCoV-19/England/PHEC-YY8RBA9/2022,1011,1024
hCoV-19/England/PHEC-YY8RADU/2022,1011,1027
hCoV-19/England/PHEC-YY8RABZ/2022,1011,1027
hCoV-19/England/PHEC-YY8GHBX/2022,1011,1034
hCoV-19/England/PHEC-YY8G8ES/2022,1011,1034
hCoV-19/England/PHEC-YY8FZH9/2022,1011,1029
hCoV-19/England/PHEC-YY8FT99/2022,1011,1029
hCoV-19/England/PHEC-YY8FT3M/2022,1011,1029
hCoV-19/England/PHEC-YY8FSQ7/2022,1011,1029
hCoV-19/England/PHEC-YY8FSP9/2022,1011,1029
hCoV-19/England/PHEC-YY8FSOA/2022,1011,1029
hCoV-19/England/PHEC-YY8FSBZ/2022,1011,1029
hCoV-19/England/PHEC-YY8FJNN/2022,1011,1027
hCoV-19/England/PHEC-YY8FIXH/2022,1011,1029
hCoV-19/England/PHEC-YY8DXW5/2022,1011,1023
hCoV-19/England/PHEC-YY8DXTB/2022,1011,1023
hCoV-19/England/PHEC-YY8DXQE/2022,1011,1023
hCoV-19/England/PHEC-YY8DTXR/2022,1011,1023
hCoV-19/England/PHEC-YY8DTPE/2022,1011,1023
hCoV-19/England/PHEC-YY8DTOB/2022,1011,1023
hCoV-19/England/PHEC-YY8DH64/2022,1011,1024
hCoV-19/England/PHEC-YY8D9M6/2022,1011,1024
hCoV-19/England/PHEC-YY8D9H5/2022,1011,1024
hCoV-19/England/PHEC-YY8D6OW/2022,1011,1024
hCoV-19/England/PHEC-YY8D3FO/2022,1011,1024
