hCoV-19/Wales/PHWC-P8EXII/2022,739,758
hCoV-19/Wales/PHWC-P8EEXJ/2022,739,758
hCoV-19/Wales/PHWC-P8EA7H/2022,739,758
hCoV-19/Wales/PHWC-P8E9GR/2022,739,758
hCoV-19/Wales/PHWC-P8E3C6/2022,739,758
hCoV-19/Wales/PHWC-P88HNT/2022,739,758
hCoV-19/Scotland/SCOT-3295/2022,739,760
hCoV-19/Scotland/EDB36966/2022,739,763
hCoV-19/England/QEUH-3215BEE/2022,739,748
hCoV-19/England/QEUH-31E8A7F/2022,739,747
hCoV-19/England/PHEC-YYNZWTA/2022,739,791
hCoV-19/England/PHEC-YYNZW5R/2022,739,791
hCoV-19/England/PHEC-YYNZ3Z8/2022,739,791
hCoV-19/England/PHEC-YYNZ3SJ/2022,739,791
hCoV-19/England/PHEC-YYNZ3Q4/2022,739,791
hCoV-19/England/PHEC-YYNYRO3/2022,739,758
hCoV-19/England/PHEC-YYNR5RU/2022,739,763
hCoV-19/England/PHEC-YYNFZ4E/2022,739,765
hCoV-19/England/PHEC-YYNFXG3/2022,739,764
hCoV-19/England/PHEC-YYNEQU3/2022,739,770
hCoV-19/England/PHEC-YYNE5QZ/2022,739,771
hCoV-19/England/PHEC-YYNCFP8/2022,739,778
hCoV-19/England/PHEC-YYNCF9N/2022,739,778
hCoV-19/England/PHEC-YYNCF4C/2022,739,778
hCoV-19/England/PHEC-YYNCF3Q/2022,739,778
hCoV-19/England/PHEC-YYNC8N5/2022,739,778
hCoV-19/England/PHEC-YYNC8GU/2022,739,778
hCoV-19/England/PHEC-YYNC8EX/2022,739,778
hCoV-19/England/PHEC-YYNACMM/2022,739,792
hCoV-19/England/PHEC-YYB9TXT/2022,739,757
hCoV-19/England/PHEC-6M0A9Z53/2022,739,826
hCoV-19/England/PHEC-6M0A7Z4A/2022,739,826
hCoV-19/England/PHEC-6M0A6Z5C/2022,739,826
hCoV-19/England/PHEC-6M0A5Z7D/2022,739,826
hCoV-19/England/PHEC-5X070ZAC/2022,739,807
hCoV-19/England/PHEC-5X06FZ82/2022,739,807
hCoV-19/England/PHEC-5X06EZ58/2022,739,807
hCoV-19/England/PHEC-5X06BZ24/2022,739,807
hCoV-19/England/PHEC-5X050ZCC/2022,739,807
hCoV-19/England/PHEC-5X048Z4D/2022,739,807
hCoV-19/England/PHEC-5X03FZFE/2022,739,807
hCoV-19/England/PHEC-5X03DZE5/2022,739,807
hCoV-19/England/PHEC-5X03CZF7/2022,739,807
hCoV-19/England/PHEC-5X03CZ15/2022,739,807
hCoV-19/England/PHEC-5W044Z76/2022,739,798
hCoV-19/England/PHEC-5W043Z1F/2022,739,798
hCoV-19/England/PHEC-5W042Z9A/2022,739,798
hCoV-19/England/PHEC-5W041Z24/2022,739,798
hCoV-19/England/PHEC-5W040ZEB/2022,739,798
hCoV-19/England/PHEC-5V03CZ33/2022,739,789
hCoV-19/England/PHEC-5N0ABZD5/2022,739,771
hCoV-19/England/NORT-YBIMDD/2022,739,759
hCoV-19/England/NEWC-31DEBD3/2022,739,747
hCoV-19/England/NEWC-31DE8FA/2022,739,747
hCoV-19/England/NEWC-31D1587/2022,739,746
hCoV-19/England/MILK-31E392C/2022,739,747
hCoV-19/England/MILK-31D4029/2022,739,749
hCoV-19/England/MILK-31BE0DA/2022,739,746
hCoV-19/England/LSPA-3270BB4/2022,739,750
hCoV-19/England/LSPA-326E2C3/2022,739,750
hCoV-19/England/LSPA-3267E11/2022,739,751
hCoV-19/England/LSPA-3224DC8/2022,739,749
hCoV-19/England/LSPA-322327F/2022,739,751
hCoV-19/England/LSPA-320E69C/2022,739,748
hCoV-19/England/LSPA-31F9413/2022,739,747
hCoV-19/England/LSPA-31F93DA/2022,739,747
hCoV-19/England/LSPA-31F90F1/2022,739,747
hCoV-19/England/HSLL-329F487/2022,739,752
hCoV-19/England/DHSC-CYYOE3A/2022,739,789
hCoV-19/England/DHSC-CYNXPG5/2022,739,831
hCoV-19/England/DHSC-CYNQT1Y/2022,739,786
hCoV-19/England/DHSC-CYNH8QS/2022,739,786
hCoV-19/England/DHSC-CYDUATX/2022,739,789
hCoV-19/England/DHSC-CYDTUEM/2022,739,831
hCoV-19/England/DHSC-CYDJSYJ/2022,739,831
hCoV-19/England/DHSC-CYDF9EA/2022,739,786
hCoV-19/England/DHSC-CYBEONX/2022,739,831
hCoV-19/England/DHSC-CYB1374/2022,739,831
hCoV-19/England/ALDP-322DAC8/2022,739,749
hCoV-19/Wales/PHWC-P8PY6E/2022,740,765
hCoV-19/Wales/PHWC-P88P5P/2022,740,758
hCoV-19/Scotland/SCOT-4074/2022,740,773
hCoV-19/Scotland/SCOT-3806/2022,740,765
hCoV-19/Scotland/SCOT-3458/2022,740,760
hCoV-19/Scotland/QEUH-322D22A/2022,740,749
hCoV-19/Scotland/QEUH-3228E94/2022,740,749
hCoV-19/Scotland/QEUH-321E58D/2022,740,748
hCoV-19/Scotland/QEUH-31FD725/2022,740,748
hCoV-19/Scotland/QEUH-31F20DA/2022,740,748
hCoV-19/Scotland/QEUH-31ED00F/2022,740,748
hCoV-19/Scotland/QEUH-319AAE5/2022,740,745
hCoV-19/Scotland/EDB37991/2022,740,764
hCoV-19/Scotland/EDB37503/2022,740,756
hCoV-19/England/QEUH-329870D/2022,740,752
hCoV-19/England/QEUH-3228A27/2022,740,749
hCoV-19/England/QEUH-3221192/2022,740,748
hCoV-19/England/QEUH-31F2210/2022,740,747
hCoV-19/England/PLYM-3222683/2022,740,749
hCoV-19/England/PHEC-YYNYF1W/2022,740,758
hCoV-19/England/PHEC-YYNREHI/2022,740,761
hCoV-19/England/PHEC-YYNEMZW/2022,740,770
hCoV-19/England/PHEC-YYNCF1H/2022,740,778
hCoV-19/England/PHEC-YYNBQ7U/2022,740,760
hCoV-19/England/PHEC-YYB9J9A/2022,740,757
hCoV-19/England/PHEC-YYB91SB/2022,740,757
hCoV-19/England/PHEC-YYB91MA/2022,740,757
hCoV-19/England/PHEC-YYB91JH/2022,740,757
hCoV-19/England/PHEC-YYB91GN/2022,740,757
hCoV-19/England/PHEC-6M0A5Z22/2022,740,826
hCoV-19/England/PHEC-5X06FZ28/2022,740,807
hCoV-19/England/PHEC-5X069ZEE/2022,740,807
hCoV-19/England/PHEC-5X050ZAE/2022,740,807
hCoV-19/England/PHEC-5X04EZ87/2022,740,807
hCoV-19/England/PHEC-5X04CZ50/2022,740,807
hCoV-19/England/PHEC-5X047Z22/2022,740,807
hCoV-19/England/PHEC-5X03BZCD/2022,740,807
hCoV-19/England/PHEC-5U068ZB4/2022,740,785
hCoV-19/England/PHEC-5U055Z81/2022,740,785
hCoV-19/England/PHEC-5U054Z66/2022,740,785
hCoV-19/England/PHEC-5Q0ABZ99/2022,740,779
hCoV-19/England/PHEC-5P0B7ZFE/2022,740,777
hCoV-19/England/PHEC-5P0B7Z76/2022,740,777
hCoV-19/England/PHEC-5P0B7Z67/2022,740,777
hCoV-19/England/NORW-316E692/2022,740,774
hCoV-19/England/NORT-YBSE7X/2022,740,762
hCoV-19/England/NEWC-3200A43/2022,740,748
hCoV-19/England/MILK-321AB34/2022,740,749
hCoV-19/England/MILK-320461E/2022,740,748
hCoV-19/England/MILK-31FAB4A/2022,740,747
hCoV-19/England/MILK-31F970B/2022,740,749
hCoV-19/England/MILK-31F8881/2022,740,749
hCoV-19/England/MILK-31F70C6/2022,740,749
hCoV-19/England/MILK-31F5B4F/2022,740,747
hCoV-19/England/MILK-31F530B/2022,740,747
hCoV-19/England/MILK-31F52A4/2022,740,747
hCoV-19/England/MILK-31EB12C/2022,740,747
hCoV-19/England/MILK-31E4CF5/2022,740,747
hCoV-19/England/MILK-31E3D6C/2022,740,747
hCoV-19/England/MILK-31E1320/2022,740,747
hCoV-19/England/MILK-31BAF95/2022,740,746
hCoV-19/England/MILK-31BAF2C/2022,740,746
hCoV-19/England/LSPA-32B4598/2022,740,752
hCoV-19/England/LSPA-3299A6D/2022,740,752
hCoV-19/England/LSPA-329709A/2022,740,752
hCoV-19/England/LSPA-3293F0A/2022,740,751
hCoV-19/England/LSPA-329281F/2022,740,752
hCoV-19/England/LSPA-32913C4/2022,740,751
hCoV-19/England/LSPA-328AAE7/2022,740,752
hCoV-19/England/LSPA-328A337/2022,740,754
hCoV-19/England/LSPA-326E032/2022,740,750
hCoV-19/England/LSPA-3266683/2022,740,749
hCoV-19/England/LSPA-3250121/2022,740,751
hCoV-19/England/DHSC-CYYMYDA/2022,740,831
hCoV-19/England/DHSC-CYYHDEE/2022,740,786
hCoV-19/England/DHSC-CYYFSQA/2022,740,789
hCoV-19/England/DHSC-CYNNWDW/2022,740,786
hCoV-19/England/DHSC-CYDRMFW/2022,740,786
hCoV-19/England/DHSC-CYDKSR9/2022,740,786
hCoV-19/England/DHSC-CYD1WBS/2022,740,831
hCoV-19/England/DHSC-CYBT9K7/2022,740,786
hCoV-19/England/DHSC-CYBDAFM/2022,740,786
hCoV-19/England/BRBR-31FFB54/2022,740,748
hCoV-19/England/ALDP-325A1BE/2022,740,751
hCoV-19/England/ALDP-323C880/2022,740,749
hCoV-19/England/ALDP-323C52F/2022,740,749
hCoV-19/England/ALDP-323C38F/2022,740,749
hCoV-19/England/ALDP-323AEBD/2022,740,749
hCoV-19/England/ALDP-3230C80/2022,740,749
hCoV-19/England/ALDP-322ED19/2022,740,749
hCoV-19/England/ALDP-322EC1C/2022,740,749
hCoV-19/England/ALDP-32292B5/2022,740,749
hCoV-19/England/ALDP-3226081/2022,740,749
hCoV-19/Wales/PHWC-P8MEAO/2022,741,764
hCoV-19/Wales/PHWC-P8JTWU/2022,741,760
hCoV-19/Wales/MILK-320DA37/2022,741,749
hCoV-19/Scotland/SCOT-4091/2022,741,773
hCoV-19/Scotland/SCOT-3830/2022,741,765
hCoV-19/Scotland/QEUH-3242B06/2022,741,750
hCoV-19/Scotland/QEUH-322D196/2022,741,749
hCoV-19/Scotland/QEUH-3222F3D/2022,741,751
hCoV-19/Scotland/QEUH-32057ED/2022,741,748
hCoV-19/Scotland/QEUH-32055D4/2022,741,748
hCoV-19/England/QEUH-32478FB/2022,741,751
hCoV-19/England/QEUH-324308E/2022,741,750
hCoV-19/England/QEUH-3228ADC/2022,741,749
hCoV-19/England/PLYM-3221DE9/2022,741,748
hCoV-19/England/PHEP-YYRGD9Q/2022,741,783
hCoV-19/England/PHEC-YYNX1Z9/2022,741,783
hCoV-19/England/PHEC-YYNSG5W/2022,741,789
hCoV-19/England/PHEC-YYNFCDN/2022,741,764
hCoV-19/England/PHEC-6M0A7Z1D/2022,741,826
hCoV-19/England/PHEC-6M0A3ZA0/2022,741,826
hCoV-19/England/PHEC-6M0A3Z64/2022,741,826
hCoV-19/England/PHEC-6M0A2Z58/2022,741,826
hCoV-19/England/PHEC-5X0BEZ53/2022,741,821
hCoV-19/England/PHEC-5X0BDZ0B/2022,741,821
hCoV-19/England/PHEC-5X0BAZ04/2022,741,821
hCoV-19/England/PHEC-5X070Z24/2022,741,807
hCoV-19/England/PHEC-5X06FZ55/2022,741,807
hCoV-19/England/PHEC-5X06EZFE/2022,741,807
hCoV-19/England/PHEC-5X06EZA3/2022,741,807
hCoV-19/England/PHEC-5X06EZ85/2022,741,807
hCoV-19/England/PHEC-5X06DZ6A/2022,741,807
hCoV-19/England/PHEC-5X06CZE5/2022,741,807
hCoV-19/England/PHEC-5X06BZ60/2022,741,807
hCoV-19/England/PHEC-5X069Z48/2022,741,807
hCoV-19/England/PHEC-5X068ZE1/2022,741,807
hCoV-19/England/PHEC-5X054Z39/2022,741,807
hCoV-19/England/PHEC-5X051Z7E/2022,741,807
hCoV-19/England/PHEC-5X051Z14/2022,741,807
hCoV-19/England/PHEC-5X050Z35/2022,741,807
hCoV-19/England/PHEC-5X04FZEE/2022,741,807
hCoV-19/England/PHEC-5X04FZDF/2022,741,807
hCoV-19/England/PHEC-5X04DZF3/2022,741,807
hCoV-19/England/PHEC-5X04CZ05/2022,741,807
hCoV-19/England/PHEC-5X04BZ71/2022,741,807
hCoV-19/England/PHEC-5X049Z59/2022,741,807
hCoV-19/England/PHEC-5X049Z4A/2022,741,807
hCoV-19/England/PHEC-5X03DZB8/2022,741,807
hCoV-19/England/PHEC-5X03AZ48/2022,741,807
hCoV-19/England/PHEC-5X03AZ0C/2022,741,807
hCoV-19/England/PHEC-5X038ZF3/2022,741,807
hCoV-19/England/PHEC-5U069Z0C/2022,741,785
hCoV-19/England/PHEC-5U067ZE4/2022,741,785
hCoV-19/England/PHEC-5U067ZD5/2022,741,785
hCoV-19/England/PHEC-5U055ZAF/2022,741,785
hCoV-19/England/PHEC-5U054ZC0/2022,741,785
hCoV-19/England/PHEC-5U051Z23/2022,741,785
hCoV-19/England/PHEC-5U050Z17/2022,741,785
hCoV-19/England/NORW-31810AF/2022,741,774
hCoV-19/England/NORT-YBSTXD/2022,741,762
hCoV-19/England/NORT-YBS1U3/2022,741,768
hCoV-19/England/MILK-323F0A3/2022,741,750
hCoV-19/England/MILK-323B353/2022,741,749
hCoV-19/England/MILK-321A35A/2022,741,749
hCoV-19/England/MILK-3213360/2022,741,749
hCoV-19/England/MILK-32128BD/2022,741,749
hCoV-19/England/LSPA-3292949/2022,741,752
hCoV-19/England/LSPA-329117F/2022,741,751
hCoV-19/England/LSPA-328AF7F/2022,741,752
hCoV-19/England/LSPA-328AF42/2022,741,752
hCoV-19/England/LSPA-328ACA5/2022,741,752
hCoV-19/England/LOND-YYBN7DA/2022,741,760
hCoV-19/England/DHSC-CYYIROR/2022,741,831
hCoV-19/England/DHSC-CYYC1S7/2022,741,786
hCoV-19/England/DHSC-CYN5X9P/2022,741,789
hCoV-19/England/DHSC-CYDZEXH/2022,741,786
hCoV-19/England/DHSC-CYDM1PX/2022,741,831
hCoV-19/England/DHSC-CYD4YF1/2022,741,786
hCoV-19/England/DHSC-CYD3CC4/2022,741,786
hCoV-19/England/DHSC-CYBSC4F/2022,741,831
hCoV-19/England/DHSC-CYBO5RX/2022,741,786
hCoV-19/England/DHSC-CYBGKRI/2022,741,831
hCoV-19/England/DHSC-CYB1YU8/2022,741,786
hCoV-19/England/BRBR-326F338/2022,741,751
hCoV-19/England/ALDP-326A6BC/2022,741,751
hCoV-19/England/ALDP-3265059/2022,741,750
hCoV-19/England/ALDP-325F2B6/2022,741,751
hCoV-19/England/ALDP-325CEE2/2022,741,750
hCoV-19/England/ALDP-325CD12/2022,741,750
hCoV-19/England/ALDP-325C86C/2022,741,750
hCoV-19/England/ALDP-32594E3/2022,741,750
hCoV-19/England/ALDP-323C2FB/2022,741,749
hCoV-19/England/ALDP-323C2DD/2022,741,749
hCoV-19/England/ALDP-323BCEF/2022,741,749
hCoV-19/England/ALDP-3238ACA/2022,741,749
hCoV-19/England/ALDP-32385BA/2022,741,749
hCoV-19/England/ALDP-32375D9/2022,741,749
hCoV-19/England/ALDP-3235A36/2022,741,749
hCoV-19/England/ALDP-32358F0/2022,741,749
hCoV-19/England/ALDP-3233E4B/2022,741,749
hCoV-19/England/ALDP-322ECC1/2022,741,749
hCoV-19/Wales/PHWC-P8TYF1/2022,742,767
hCoV-19/Wales/PHWC-P8TR5B/2022,742,767
hCoV-19/Wales/PHWC-P8TKOT/2022,742,767
hCoV-19/Wales/PHWC-P8TBEM/2022,742,767
hCoV-19/Wales/PHWC-P8OQJ6/2022,742,767
hCoV-19/Wales/PHWC-P8OA5X/2022,742,767
hCoV-19/Wales/PHWC-P8MHGB/2022,742,765
hCoV-19/Wales/MILK-324BBC1/2022,742,755
hCoV-19/Wales/MILK-3243EDF/2022,742,751
hCoV-19/Scotland/SCOT-4579/2022,742,777
hCoV-19/Scotland/SCOT-3833/2022,742,765
hCoV-19/Scotland/SCOT-3645/2022,742,765
hCoV-19/Scotland/SCOT-3602/2022,742,765
hCoV-19/Scotland/SCOT-3532/2022,742,765
hCoV-19/Scotland/QEUH-32367E3/2022,742,749
hCoV-19/Scotland/QEUH-32366B9/2022,742,749
hCoV-19/Scotland/QEUH-3232C9D/2022,742,749
hCoV-19/Scotland/QEUH-32329E1/2022,742,749
hCoV-19/England/PLYM-32486F0/2022,742,751
hCoV-19/England/PLYM-3244F35/2022,742,749
hCoV-19/England/PHWC-P8O9JP/2022,742,769
hCoV-19/England/PHEC-YYN87DP/2022,742,769
hCoV-19/England/PHEC-YYN4W88/2022,742,793
hCoV-19/England/PHEC-YYN4TUT/2022,742,793
hCoV-19/England/PHEC-YYN4TCY/2022,742,793
hCoV-19/England/PHEC-YYN4TA8/2022,742,793
hCoV-19/England/PHEC-YYN4C96/2022,742,793
hCoV-19/England/PHEC-YYB9UWR/2022,742,757
hCoV-19/England/PHEC-YYB9UTK/2022,742,757
hCoV-19/England/PHEC-YYB9UPU/2022,742,757
hCoV-19/England/PHEC-YYB9UNJ/2022,742,757
hCoV-19/England/PHEC-YYB9UIN/2022,742,757
hCoV-19/England/PHEC-YYB9UD8/2022,742,757
hCoV-19/England/PHEC-YYB9UBM/2022,742,757
hCoV-19/England/PHEC-YYB919X/2022,742,757
hCoV-19/England/PHEC-6M0A8Z38/2022,742,826
hCoV-19/England/PHEC-6M0A8Z1A/2022,742,826
hCoV-19/England/PHEC-6M0A3ZBF/2022,742,826
hCoV-19/England/PHEC-6M0A2Z85/2022,742,826
hCoV-19/England/PHEC-6M0A2Z76/2022,742,826
hCoV-19/England/PHEC-5X0BEZ80/2022,742,821
hCoV-19/England/PHEC-5X0BDZ38/2022,742,821
hCoV-19/England/PHEC-5X0BCZFF/2022,742,821
hCoV-19/England/PHEC-5X0BCZ59/2022,742,821
hCoV-19/England/PHEC-5X0BBZ6B/2022,742,821
hCoV-19/England/PHEC-5X0B9ZF8/2022,742,821
hCoV-19/England/PHEC-5X0B9ZCB/2022,742,821
hCoV-19/England/PHEC-5X0B8Z37/2022,742,821
hCoV-19/England/PHEC-5X0B8Z19/2022,742,821
hCoV-19/England/PHEC-5X0B7ZFE/2022,742,821
hCoV-19/England/PHEC-5X06FZEC/2022,742,807
hCoV-19/England/PHEC-5X06FZ64/2022,742,807
hCoV-19/England/PHEC-5X06FZ46/2022,742,807
hCoV-19/England/PHEC-5X06FZ19/2022,742,807
hCoV-19/England/PHEC-5X06CZ21/2022,742,807
hCoV-19/England/PHEC-5X06AZAF/2022,742,807
hCoV-19/England/PHEC-5X069Z2A/2022,742,807
hCoV-19/England/PHEC-5X068ZB4/2022,742,807
hCoV-19/England/PHEC-5X03EZD3/2022,742,807
hCoV-19/England/PHEC-5X03EZB5/2022,742,807
hCoV-19/England/PHEC-5X03AZ57/2022,742,807
hCoV-19/England/PHEC-5X039Z2D/2022,742,807
hCoV-19/England/PHEC-5X039Z1E/2022,742,807
hCoV-19/England/PHEC-5V034Z86/2022,742,789
hCoV-19/England/PHEC-5V031ZDA/2022,742,785
hCoV-19/England/PHEC-5U0BDZ47/2022,742,785
hCoV-19/England/PHEC-5U068ZE1/2022,742,785
hCoV-19/England/PHEC-5U054Z93/2022,742,785
hCoV-19/England/PHEC-5P0B8Z28/2022,742,777
hCoV-19/England/PHEC-5P0B8Z0A/2022,742,777
hCoV-19/England/PHEC-5P0B7ZEF/2022,742,777
hCoV-19/England/PHEC-5P0B7ZD0/2022,742,777
hCoV-19/England/NEWC-3270FD6/2022,742,750
hCoV-19/England/NEWC-326FE55/2022,742,750
hCoV-19/England/MILK-3242483/2022,742,749
hCoV-19/England/MILK-323B6E1/2022,742,749
hCoV-19/England/LSPA-32B6165/2022,742,752
hCoV-19/England/LSPA-3297917/2022,742,752
hCoV-19/England/LOND-YYBN8RC/2022,742,759
hCoV-19/England/DHSC-CYNI9AZ/2022,742,786
hCoV-19/England/DHSC-CYNARGT/2022,742,789
hCoV-19/England/DHSC-CYDG5WB/2022,742,786
hCoV-19/England/DHSC-CYD5OT8/2022,742,786
hCoV-19/England/DHSC-CYBT5RP/2022,742,786
hCoV-19/England/BRBR-326F59C/2022,742,751
hCoV-19/England/BRBR-3269A0C/2022,742,752
hCoV-19/England/BRBR-3266B57/2022,742,751
hCoV-19/England/ARCH-002548C9/2022,742,767
hCoV-19/England/ALDP-326A8A7/2022,742,751
hCoV-19/England/ALDP-3264E23/2022,742,750
hCoV-19/England/ALDP-325B539/2022,742,751
hCoV-19/England/ALDP-3257A2F/2022,742,751
hCoV-19/Wales/MILK-3273E8B/2022,743,752
hCoV-19/Scotland/QEUH-328BA8C/2022,743,752
hCoV-19/Scotland/QEUH-32852A8/2022,743,751
hCoV-19/Scotland/QEUH-327A9B0/2022,743,755
hCoV-19/Scotland/QEUH-3260FCA/2022,743,750
hCoV-19/Scotland/QEUH-3260F60/2022,743,750
hCoV-19/Scotland/QEUH-3260E54/2022,743,750
hCoV-19/England/QEUH-329A774/2022,743,752
hCoV-19/England/QEUH-329A05B/2022,743,752
hCoV-19/England/QEUH-3299D46/2022,743,752
hCoV-19/England/QEUH-3299D0A/2022,743,752
hCoV-19/England/QEUH-328E6C1/2022,743,752
hCoV-19/England/QEUH-328BB98/2022,743,752
hCoV-19/England/QEUH-328B873/2022,743,752
hCoV-19/England/QEUH-327ACC6/2022,743,753
hCoV-19/England/QEUH-327AA17/2022,743,753
hCoV-19/England/QEUH-3263E60/2022,743,751
hCoV-19/England/PLYM-32746DD/2022,743,751
hCoV-19/England/PLYM-3273CFA/2022,743,751
hCoV-19/England/PHEP-YYRGNCS/2022,743,783
hCoV-19/England/PHEP-YYRGN1J/2022,743,783
hCoV-19/England/PHEC-YYNACXD/2022,743,792
hCoV-19/England/PHEC-YYB9WDG/2022,743,757
hCoV-19/England/PHEC-5X0BEZ44/2022,743,821
hCoV-19/England/PHEC-5X0BCZ77/2022,743,821
hCoV-19/England/PHEC-5X0BBZ10/2022,743,821
hCoV-19/England/PHEC-5X0B9Z8F/2022,743,821
hCoV-19/England/PHEC-5X0B7ZA3/2022,743,821
hCoV-19/England/PHEC-5V037Z14/2022,743,789
hCoV-19/England/PHEC-5V036Z9F/2022,743,789
hCoV-19/England/PHEC-5V035ZCF/2022,743,789
hCoV-19/England/PHEC-5V035ZA1/2022,743,789
hCoV-19/England/PHEC-5V031Z43/2022,743,785
hCoV-19/England/PHEC-5V030ZFB/2022,743,785
hCoV-19/England/PHEC-5R0B7Z3A/2022,743,783
hCoV-19/England/NORW-31459B0/2022,743,768
hCoV-19/England/NORT-YNYH9D/2022,743,775
hCoV-19/England/NEWC-32A97AF/2022,743,752
hCoV-19/England/MILK-3279C12/2022,743,751
hCoV-19/England/MILK-3275C34/2022,743,751
hCoV-19/England/MILK-3274F5A/2022,743,749
hCoV-19/England/MILK-3273E30/2022,743,751
hCoV-19/England/MILK-32717CE/2022,743,750
hCoV-19/England/MILK-3271658/2022,743,750
hCoV-19/England/MILK-3271500/2022,743,750
hCoV-19/England/MILK-3270422/2022,743,750
hCoV-19/England/LOND-YYBRHX7/2022,743,789
hCoV-19/England/LOND-YYBRHTA/2022,743,789
hCoV-19/England/LOND-YYBN9QY/2022,743,760
hCoV-19/England/DHSC-CYYFTCB/2022,743,789
hCoV-19/England/DHSC-CYNGBHC/2022,743,789
hCoV-19/England/DHSC-CYD6B7A/2022,743,786
hCoV-19/England/DHSC-CYBFKN5/2022,743,786
hCoV-19/England/BRBR-32897D2/2022,743,751
hCoV-19/England/ALDP-32BD447/2022,743,753
hCoV-19/England/ALDP-32BBA56/2022,743,754
hCoV-19/England/ALDP-32B84B5/2022,743,752
hCoV-19/England/ALDP-327ECE0/2022,743,751
hCoV-19/England/ALDP-327B07E/2022,743,751
hCoV-19/Wales/ALDP-32BDF46/2022,744,755
hCoV-19/Scotland/SCOT-5313/2022,744,785
hCoV-19/Scotland/QEUH-32DCB6B/2022,744,755
hCoV-19/Scotland/QEUH-32B2E44/2022,744,752
hCoV-19/Scotland/QEUH-3285B07/2022,744,751
hCoV-19/Scotland/EDB38700/2022,744,765
hCoV-19/England/QEUH-32DCCA4/2022,744,753
hCoV-19/England/QEUH-32C1765/2022,744,755
hCoV-19/England/QEUH-32B413A/2022,744,752
hCoV-19/England/QEUH-32B0EFB/2022,744,753
hCoV-19/England/QEUH-32949B0/2022,744,752
hCoV-19/England/QEUH-328B57C/2022,744,752
hCoV-19/England/QEUH-3277FEE/2022,744,751
hCoV-19/England/PLYM-332FD44/2022,744,756
hCoV-19/England/PHEC-YYNXM88/2022,744,783
hCoV-19/England/PHEC-YYNWHZK/2022,744,790
hCoV-19/England/PHEC-YYNJXFU/2022,744,773
hCoV-19/England/PHEC-YYNJC81/2022,744,773
hCoV-19/England/PHEC-YYNEJD9/2022,744,770
hCoV-19/England/PHEC-YYNCZIR/2022,744,779
hCoV-19/England/PHEC-YYNCATM/2022,744,779
hCoV-19/England/PHEC-YYN8T4K/2022,744,768
hCoV-19/England/PHEC-YYN87AN/2022,744,769
hCoV-19/England/PHEC-YYN8746/2022,744,769
hCoV-19/England/PHEC-YYN7XDQ/2022,744,796
hCoV-19/England/PHEC-5X0BCZD1/2022,744,821
hCoV-19/England/PHEC-5X0BCZA4/2022,744,821
hCoV-19/England/PHEC-5X0BCZ1D/2022,744,821
hCoV-19/England/PHEC-5X0BBZB6/2022,744,821
hCoV-19/England/PHEC-5X0BAZB9/2022,744,821
hCoV-19/England/PHEC-5X0B7ZB2/2022,744,821
hCoV-19/England/PHEC-5X0B7Z67/2022,744,821
hCoV-19/England/PHEC-5X049Z95/2022,744,807
hCoV-19/England/PHEC-5R0B7Z58/2022,744,783
hCoV-19/England/PHEC-5R0B7Z49/2022,744,783
hCoV-19/England/PHEC-5R0B7Z2B/2022,744,783
hCoV-19/England/PHEC-5R0B7Z1C/2022,744,783
hCoV-19/England/NEWC-32A5785/2022,744,752
hCoV-19/England/MILK-32B3380/2022,744,752
hCoV-19/England/MILK-329432B/2022,744,752
hCoV-19/England/MILK-327F8EB/2022,744,751
hCoV-19/England/MILK-327E1B4/2022,744,751
hCoV-19/England/MILK-327C0D7/2022,744,753
hCoV-19/England/MILK-3276F67/2022,744,751
hCoV-19/England/LSPA-329FA3A/2022,744,754
hCoV-19/England/DHSC-CYNSWSR/2022,744,831
hCoV-19/England/DHSC-CYNQABH/2022,744,789
hCoV-19/England/DHSC-CYDUXEM/2022,744,831
hCoV-19/England/DHSC-CYDRG16/2022,744,831
hCoV-19/England/BRBR-3286456/2022,744,751
hCoV-19/England/BRBR-328640B/2022,744,751
hCoV-19/England/BRBR-32863D1/2022,744,751
hCoV-19/England/BRBR-32845CE/2022,744,751
hCoV-19/England/BRBR-32840DC/2022,744,751
hCoV-19/England/ALDP-32BD22F/2022,744,753
hCoV-19/England/ALDP-32BBA74/2022,744,754
hCoV-19/England/ALDP-32BADA9/2022,744,754
hCoV-19/England/ALDP-32BA2C8/2022,744,752
hCoV-19/England/ALDP-32B8172/2022,744,752
hCoV-19/England/ALDP-32A6502/2022,744,752
hCoV-19/England/ALDP-32A3FDA/2022,744,752
hCoV-19/England/ALDP-32A2111/2022,744,752
hCoV-19/England/ALDP-327B72E/2022,744,751
hCoV-19/Wales/PHWC-P8PH7Q/2022,745,765
hCoV-19/Wales/ALDP-32C9C7D/2022,745,755
hCoV-19/Wales/ALDP-32C3E22/2022,745,755
hCoV-19/Wales/ALDP-32C24D6/2022,745,755
hCoV-19/Scotland/QEUH-32E714D/2022,745,755
hCoV-19/Scotland/QEUH-32CE0A9/2022,745,755
hCoV-19/Scotland/QEUH-329D3C8/2022,745,752
hCoV-19/England/QEUH-32D8B9C/2022,745,753
hCoV-19/England/QEUH-32A7A6C/2022,745,752
hCoV-19/England/PLYM-32FF19D/2022,745,754
hCoV-19/England/PHEC-YYNZHZR/2022,745,791
hCoV-19/England/PHEC-YYNXZPX/2022,745,783
hCoV-19/England/PHEC-YYNOA5Q/2022,745,783
hCoV-19/England/PHEC-YYN81UZ/2022,745,768
hCoV-19/England/PHEC-5X0BBZ01/2022,745,821
hCoV-19/England/PHEC-5X0B9ZAD/2022,745,821
hCoV-19/England/PHEC-5V03CZAC/2022,745,789
hCoV-19/England/PHEC-5R0B7Z67/2022,745,783
hCoV-19/England/NORW-31826B5/2022,745,774
hCoV-19/England/NEWC-32CEE63/2022,745,753
hCoV-19/England/NEWC-32CCDB3/2022,745,753
hCoV-19/England/MILK-32FC29D/2022,745,754
hCoV-19/England/MILK-32B0ABB/2022,745,752
hCoV-19/England/MILK-32A6238/2022,745,754
hCoV-19/England/MILK-32A4F9D/2022,745,752
hCoV-19/England/MILK-32A4935/2022,745,752
hCoV-19/England/MILK-32A46F2/2022,745,752
hCoV-19/England/MILK-32A3972/2022,745,752
hCoV-19/England/LOND-YYBNTQQ/2022,745,759
hCoV-19/England/LOND-YYBNORD/2022,745,759
hCoV-19/England/LOND-YYBNO4S/2022,745,759
hCoV-19/England/DHSC-CYNXBXI/2022,745,831
hCoV-19/England/DHSC-CYNQBYI/2022,745,831
hCoV-19/England/DHSC-CYN81BO/2022,745,831
hCoV-19/England/DHSC-CYDBUMG/2022,745,831
hCoV-19/England/DHSC-CYD6NBO/2022,745,831
hCoV-19/England/DHSC-CYBTFG9/2022,745,831
hCoV-19/England/DHSC-CYBGRZW/2022,745,831
hCoV-19/England/BRBR-32A3E28/2022,745,752
hCoV-19/England/ALDP-32D93FD/2022,745,753
hCoV-19/England/ALDP-32CB24C/2022,745,753
hCoV-19/England/ALDP-32CB23D/2022,745,753
