hCoV-19/Scotland/CVR16059/2022,823,848
hCoV-19/Scotland/CVR16030/2022,823,848
hCoV-19/Scotland/CVR16003/2022,823,848
hCoV-19/Scotland/CVR16002/2022,823,848
hCoV-19/Scotland/CVR15991/2022,823,848
hCoV-19/Scotland/CVR15990/2022,823,848
hCoV-19/Scotland/CVR15989/2022,823,848
hCoV-19/Scotland/CVR15988/2022,823,848
hCoV-19/Scotland/CVR15973/2022,823,848
hCoV-19/Scotland/CVR15970/2022,823,848
hCoV-19/Scotland/CVR15962/2022,823,848
hCoV-19/Scotland/CVR15954/2022,823,848
hCoV-19/Scotland/CVR15949/2022,823,848
hCoV-19/Scotland/CVR15947/2022,823,848
hCoV-19/Scotland/CVR15946/2022,823,848
hCoV-19/Scotland/CVR15888/2022,823,848
hCoV-19/Scotland/CVR15887/2022,823,848
hCoV-19/Scotland/CVR15884/2022,823,848
hCoV-19/Scotland/CVR15879/2022,823,848
hCoV-19/Scotland/CVR15878/2022,823,848
hCoV-19/Scotland/CVR15867/2022,823,848
hCoV-19/England/QEUH-3D0F5C0/2022,823,869
hCoV-19/England/PHEC-YYRX7SW/2022,823,840
hCoV-19/England/PHEC-YYRX7MM/2022,823,840
hCoV-19/England/PHEC-YYRX79N/2022,823,840
hCoV-19/England/PHEC-YYRX5BB/2022,823,840
hCoV-19/England/PHEC-YYRX3TN/2022,823,840
hCoV-19/England/PHEC-YYRWNRJ/2022,823,845
hCoV-19/England/PHEC-YYRWIFW/2022,823,845
hCoV-19/England/PHEC-YYRWAX7/2022,823,845
hCoV-19/England/PHEC-YYRTQOK/2022,823,841
hCoV-19/England/PHEC-YYRTPCW/2022,823,841
hCoV-19/England/PHEC-YYRTOXM/2022,823,841
hCoV-19/England/PHEC-YYRTORB/2022,823,841
hCoV-19/England/PHEC-YYRTGZR/2022,823,841
hCoV-19/England/PHEC-YYRQYO9/2022,823,838
hCoV-19/England/PHEC-YYRQUBM/2022,823,839
hCoV-19/England/PHEC-YYRQTOQ/2022,823,839
hCoV-19/England/PHEC-YYRQO7I/2022,823,839
hCoV-19/England/PHEC-YYRQHYR/2022,823,839
hCoV-19/England/PHEC-YYRQHPK/2022,823,839
hCoV-19/England/PHEC-YYRQHF4/2022,823,839
hCoV-19/England/PHEC-YYRQHD6/2022,823,839
hCoV-19/England/PHEC-YYRQHBN/2022,823,839
hCoV-19/England/PHEC-YYRQ4FH/2022,823,839
hCoV-19/England/PHEC-YYRPJCB/2022,823,838
hCoV-19/England/PHEC-YYRPH1B/2022,823,838
hCoV-19/England/PHEC-YYRP9Q8/2022,823,838
hCoV-19/England/PHEC-YYRP87Y/2022,823,838
hCoV-19/England/PHEC-YYRP7G3/2022,823,838
hCoV-19/England/PHEC-YYRP6EW/2022,823,838
hCoV-19/England/PHEC-YYRP5ND/2022,823,838
hCoV-19/England/PHEC-YYRP4YE/2022,823,838
hCoV-19/England/PHEC-YYRP3Z4/2022,823,838
hCoV-19/England/PHEC-YYROR7H/2022,823,841
hCoV-19/England/PHEC-YYROR4N/2022,823,841
hCoV-19/England/PHEC-YYROH9Y/2022,823,841
hCoV-19/England/PHEC-YYROFWP/2022,823,841
hCoV-19/England/PHEC-YYROFBW/2022,823,841
hCoV-19/England/PHEC-YYROCQU/2022,823,841
hCoV-19/England/PHEC-YYRO9KE/2022,823,841
hCoV-19/England/PHEC-YYRO7Y6/2022,823,841
hCoV-19/England/PHEC-YYRO6QB/2022,823,841
hCoV-19/England/PHEC-YYRIZUU/2022,823,845
hCoV-19/England/PHEC-YYRI4OS/2022,823,845
hCoV-19/England/PHEC-YYRES63/2022,823,838
hCoV-19/England/PHEC-YYREAZF/2022,823,838
hCoV-19/England/PHEC-YYREATT/2022,823,838
hCoV-19/England/PHEC-YYREA73/2022,823,838
hCoV-19/England/PHEC-YYREA6Z/2022,823,838
hCoV-19/England/PHEC-YYREA57/2022,823,838
hCoV-19/England/PHEC-YYRE3JB/2022,823,838
hCoV-19/England/PHEC-YYRCRO9/2022,823,838
hCoV-19/England/PHEC-YYRCRJQ/2022,823,838
hCoV-19/England/PHEC-YYRCQUX/2022,823,838
hCoV-19/England/PHEC-YYRCQSJ/2022,823,838
hCoV-19/England/PHEC-YYRCQFC/2022,823,838
hCoV-19/England/PHEC-YYRCPOS/2022,823,838
hCoV-19/England/PHEC-YYRCPIC/2022,823,838
hCoV-19/England/PHEC-YYRCPC9/2022,823,838
hCoV-19/England/PHEC-YYRCP7H/2022,823,838
hCoV-19/England/PHEC-YYRCMSC/2022,823,838
hCoV-19/England/PHEC-YYRCKZM/2022,823,838
hCoV-19/England/PHEC-YYRCKXH/2022,823,838
hCoV-19/England/PHEC-YYRCKQ6/2022,823,838
hCoV-19/England/PHEC-YYRCJX7/2022,823,838
hCoV-19/England/PHEC-YYRCJW1/2022,823,838
hCoV-19/England/PHEC-YYRCJQ9/2022,823,838
hCoV-19/England/PHEC-YYRCJMF/2022,823,838
hCoV-19/England/PHEC-YYRCJAK/2022,823,838
hCoV-19/England/PHEC-YYRC8Y7/2022,823,838
hCoV-19/England/PHEC-YYRC8X9/2022,823,838
hCoV-19/England/PHEC-YYRC8PD/2022,823,838
hCoV-19/England/PHEC-YYRC8N3/2022,823,838
hCoV-19/England/PHEC-YYRC8M8/2022,823,838
hCoV-19/England/PHEC-YYRC8HR/2022,823,838
hCoV-19/England/PHEC-YYRC8GT/2022,823,838
hCoV-19/England/PHEC-YYRC8DZ/2022,823,838
hCoV-19/England/PHEC-YYRC8AC/2022,823,838
hCoV-19/England/PHEC-YYRAQWW/2022,823,848
hCoV-19/England/PHEC-YYRAOJJ/2022,823,848
hCoV-19/England/PHEC-YYRAOGX/2022,823,848
hCoV-19/England/PHEC-YYRAO1S/2022,823,848
hCoV-19/England/PHEC-YYRAGWH/2022,823,848
hCoV-19/England/PHEC-YYRAF6J/2022,823,848
hCoV-19/England/PHEC-YYRA61E/2022,823,849
hCoV-19/England/PHEC-YYR5NON/2022,823,852
hCoV-19/England/PHEC-YYR5NGZ/2022,823,852
hCoV-19/England/PHEC-YYR5BXG/2022,823,852
hCoV-19/England/PHEC-YYR48KC/2022,823,849
hCoV-19/England/PHEC-YYR1RTO/2022,823,842
hCoV-19/England/PHEC-YYR1RP3/2022,823,842
hCoV-19/England/PHEC-YYR1RO1/2022,823,842
hCoV-19/England/PHEC-YYR1HZC/2022,823,845
hCoV-19/England/PHEC-YYR1GYT/2022,823,842
hCoV-19/England/PHEC-YYR1G54/2022,823,842
hCoV-19/England/PHEC-YYR1FUM/2022,823,842
hCoV-19/England/PHEC-YYR1FOT/2022,823,842
hCoV-19/England/PHEC-YYR1FI8/2022,823,842
hCoV-19/England/PHEC-YYR1FGG/2022,823,842
hCoV-19/England/PHEC-YYR1F55/2022,823,842
hCoV-19/England/PHEC-YYR1DQA/2022,823,842
hCoV-19/England/PHEC-YYR1D9I/2022,823,842
hCoV-19/England/PHEC-YYR16KF/2022,823,845
hCoV-19/England/PHEC-YYR13IU/2022,823,845
hCoV-19/England/PHEC-YYFBC89/2022,823,859
hCoV-19/England/LSPA-3D1D495/2022,823,831
hCoV-19/England/CLIMB-CM7YRUDP/2022,823,1311
hCoV-19/England/CLIMB-CM7YKSNQ/2022,823,1310
hCoV-19/England/CLIMB-CM7YK6D9/2022,823,1311
hCoV-19/England/CLIMB-CM7YG37Y/2022,823,1311
hCoV-19/England/CLIMB-CM7YF36Z/2022,823,1311
hCoV-19/England/CLIMB-CM7Y8XJZ/2022,823,1311
hCoV-19/Scotland/QEUH-3D1A42F/2022,824,832
hCoV-19/Scotland/QEUH-3D19903/2022,824,832
hCoV-19/Scotland/QEUH-3D18B86/2022,824,832
hCoV-19/Scotland/CVR16171/2022,824,848
hCoV-19/Scotland/CVR16169/2022,824,848
hCoV-19/Scotland/CVR16091/2022,824,848
hCoV-19/Scotland/CVR16088/2022,824,848
hCoV-19/Scotland/CVR16087/2022,824,848
hCoV-19/Scotland/CVR16078/2022,824,848
hCoV-19/Scotland/CVR16064/2022,824,848
hCoV-19/Scotland/CVR16060/2022,824,848
hCoV-19/Scotland/CVR16054/2022,824,848
hCoV-19/Scotland/CVR16053/2022,824,848
hCoV-19/Scotland/CVR16052/2022,824,848
hCoV-19/Scotland/CVR16033/2022,824,848
hCoV-19/Scotland/CVR16032/2022,824,848
hCoV-19/Scotland/CVR16027/2022,824,848
hCoV-19/Scotland/CVR16016/2022,824,848
hCoV-19/Scotland/CVR15974/2022,824,848
hCoV-19/Scotland/CVR15959/2022,824,848
hCoV-19/Scotland/CVR15956/2022,824,848
hCoV-19/Scotland/CVR15953/2022,824,848
hCoV-19/Scotland/CVR15952/2022,824,848
hCoV-19/Scotland/CVR15951/2022,824,848
hCoV-19/Scotland/CVR15950/2022,824,848
hCoV-19/Scotland/CVR15948/2022,824,848
hCoV-19/Scotland/CVR15944/2022,824,848
hCoV-19/Scotland/CVR15871/2022,824,848
hCoV-19/England/QEUH-3D1EB26/2022,824,919
hCoV-19/England/QEUH-3D1C803/2022,824,919
hCoV-19/England/PHEP-YYR3W56/2022,824,845
hCoV-19/England/PHEC-YYRZ1EM/2022,824,848
hCoV-19/England/PHEC-YYRXPIG/2022,824,840
hCoV-19/England/PHEC-YYRXCH3/2022,824,840
hCoV-19/England/PHEC-YYRX9WS/2022,824,841
hCoV-19/England/PHEC-YYRX9RZ/2022,824,841
hCoV-19/England/PHEC-YYRX7HE/2022,824,840
hCoV-19/England/PHEC-YYRX76R/2022,824,840
hCoV-19/England/PHEC-YYRX73Q/2022,824,840
hCoV-19/England/PHEC-YYRX47J/2022,824,840
hCoV-19/England/PHEC-YYRX3OR/2022,824,840
hCoV-19/England/PHEC-YYRX3G3/2022,824,840
hCoV-19/England/PHEC-YYRWZWU/2022,824,845
hCoV-19/England/PHEC-YYRWZO5/2022,824,845
hCoV-19/England/PHEC-YYRWX9F/2022,824,845
hCoV-19/England/PHEC-YYRWX5P/2022,824,845
hCoV-19/England/PHEC-YYRWS7N/2022,824,845
hCoV-19/England/PHEC-YYRWQ7K/2022,824,845
hCoV-19/England/PHEC-YYRWOSS/2022,824,845
hCoV-19/England/PHEC-YYRWON9/2022,824,845
hCoV-19/England/PHEC-YYRWNAY/2022,824,845
hCoV-19/England/PHEC-YYRWN36/2022,824,845
hCoV-19/England/PHEC-YYRWIG1/2022,824,845
hCoV-19/England/PHEC-YYRWI4J/2022,824,845
hCoV-19/England/PHEC-YYRWADI/2022,824,845
hCoV-19/England/PHEC-YYRUWR3/2022,824,845
hCoV-19/England/PHEC-YYRUQ1N/2022,824,845
hCoV-19/England/PHEC-YYRUCF9/2022,824,845
hCoV-19/England/PHEC-YYRU1JT/2022,824,845
hCoV-19/England/PHEC-YYRU1F3/2022,824,845
hCoV-19/England/PHEC-YYRTOWY/2022,824,841
hCoV-19/England/PHEC-YYRTOQP/2022,824,841
hCoV-19/England/PHEC-YYRTCNJ/2022,824,841
hCoV-19/England/PHEC-YYRTCMZ/2022,824,841
hCoV-19/England/PHEC-YYRSQYB/2022,824,845
hCoV-19/England/PHEC-YYRQWHU/2022,824,839
hCoV-19/England/PHEC-YYRQIMI/2022,824,839
hCoV-19/England/PHEC-YYRQIJ3/2022,824,839
hCoV-19/England/PHEC-YYRQIE5/2022,824,839
hCoV-19/England/PHEC-YYRQI87/2022,824,839
hCoV-19/England/PHEC-YYRQ4QK/2022,824,839
hCoV-19/England/PHEC-YYRQ4JW/2022,824,839
hCoV-19/England/PHEC-YYRQ48A/2022,824,839
hCoV-19/England/PHEC-YYRQ3W6/2022,824,839
hCoV-19/England/PHEC-YYRQ3IH/2022,824,839
hCoV-19/England/PHEC-YYRPSFN/2022,824,838
hCoV-19/England/PHEC-YYRPHR6/2022,824,838
hCoV-19/England/PHEC-YYRPHPC/2022,824,838
hCoV-19/England/PHEC-YYRPHFH/2022,824,838
hCoV-19/England/PHEC-YYRP7HC/2022,824,838
hCoV-19/England/PHEC-YYRP731/2022,824,838
hCoV-19/England/PHEC-YYRP6ZI/2022,824,838
hCoV-19/England/PHEC-YYRP6TB/2022,824,838
hCoV-19/England/PHEC-YYRP6AU/2022,824,838
hCoV-19/England/PHEC-YYRP5IH/2022,824,838
hCoV-19/England/PHEC-YYRP5BF/2022,824,838
hCoV-19/England/PHEC-YYRP5AS/2022,824,838
hCoV-19/England/PHEC-YYRP541/2022,824,838
hCoV-19/England/PHEC-YYRP4XK/2022,824,838
hCoV-19/England/PHEC-YYRP4W9/2022,824,838
hCoV-19/England/PHEC-YYRP4RY/2022,824,838
hCoV-19/England/PHEC-YYRP4QC/2022,824,838
hCoV-19/England/PHEC-YYRP4NR/2022,824,838
hCoV-19/England/PHEC-YYRP4KW/2022,824,838
hCoV-19/England/PHEC-YYRP484/2022,824,838
hCoV-19/England/PHEC-YYRP47P/2022,824,838
hCoV-19/England/PHEC-YYRP46M/2022,824,838
hCoV-19/England/PHEC-YYRP45T/2022,824,838
hCoV-19/England/PHEC-YYRP43I/2022,824,838
hCoV-19/England/PHEC-YYRP3XM/2022,824,838
hCoV-19/England/PHEC-YYRP3UN/2022,824,838
hCoV-19/England/PHEC-YYRP3QP/2022,824,838
hCoV-19/England/PHEC-YYRP3I6/2022,824,838
hCoV-19/England/PHEC-YYRP3HO/2022,824,838
hCoV-19/England/PHEC-YYRP37Q/2022,824,838
hCoV-19/England/PHEC-YYRP36C/2022,824,838
hCoV-19/England/PHEC-YYROXIB/2022,824,841
hCoV-19/England/PHEC-YYROH3C/2022,824,841
hCoV-19/England/PHEC-YYROFYS/2022,824,841
hCoV-19/England/PHEC-YYROFKN/2022,824,841
hCoV-19/England/PHEC-YYROFC6/2022,824,841
hCoV-19/England/PHEC-YYRI4TW/2022,824,845
hCoV-19/England/PHEC-YYRI4MB/2022,824,845
hCoV-19/England/PHEC-YYRI43R/2022,824,845
hCoV-19/England/PHEC-YYRI3RO/2022,824,845
hCoV-19/England/PHEC-YYRI3QH/2022,824,845
hCoV-19/England/PHEC-YYRI3KR/2022,824,845
hCoV-19/England/PHEC-YYRHJCN/2022,824,852
hCoV-19/England/PHEC-YYRCXWC/2022,824,838
hCoV-19/England/PHEC-YYRCXT1/2022,824,838
hCoV-19/England/PHEC-YYRCXNT/2022,824,838
hCoV-19/England/PHEC-YYRCXKB/2022,824,838
hCoV-19/England/PHEC-YYRCXDX/2022,824,838
hCoV-19/England/PHEC-YYRCXBU/2022,824,838
hCoV-19/England/PHEC-YYRCX88/2022,824,838
hCoV-19/England/PHEC-YYRCQYS/2022,824,838
hCoV-19/England/PHEC-YYRCQJR/2022,824,838
hCoV-19/England/PHEC-YYRCQEG/2022,824,838
hCoV-19/England/PHEC-YYRCQBW/2022,824,838
hCoV-19/England/PHEC-YYRCQ59/2022,824,838
hCoV-19/England/PHEC-YYRCQ4B/2022,824,838
hCoV-19/England/PHEC-YYRCPX3/2022,824,838
hCoV-19/England/PHEC-YYRCPWQ/2022,824,838
hCoV-19/England/PHEC-YYRCPTW/2022,824,838
hCoV-19/England/PHEC-YYRCP3R/2022,824,838
hCoV-19/England/PHEC-YYRCMGP/2022,824,838
hCoV-19/England/PHEC-YYRCMFX/2022,824,838
hCoV-19/England/PHEC-YYRCMDU/2022,824,838
hCoV-19/England/PHEC-YYRCKWT/2022,824,838
hCoV-19/England/PHEC-YYRCKUU/2022,824,838
hCoV-19/England/PHEC-YYRCKSP/2022,824,838
hCoV-19/England/PHEC-YYRCKPY/2022,824,838
hCoV-19/England/PHEC-YYRCKO3/2022,824,838
hCoV-19/England/PHEC-YYRCKMR/2022,824,838
hCoV-19/England/PHEC-YYRCKFO/2022,824,838
hCoV-19/England/PHEC-YYRCKCN/2022,824,838
hCoV-19/England/PHEC-YYRCKAJ/2022,824,838
hCoV-19/England/PHEC-YYRCK95/2022,824,838
hCoV-19/England/PHEC-YYRCK5D/2022,824,838
hCoV-19/England/PHEC-YYRCK4F/2022,824,838
hCoV-19/England/PHEC-YYRCK1I/2022,824,838
hCoV-19/England/PHEC-YYRCJTA/2022,824,838
hCoV-19/England/PHEC-YYRCJHN/2022,824,838
hCoV-19/England/PHEC-YYRCJ9H/2022,824,838
hCoV-19/England/PHEC-YYRCJ66/2022,824,838
hCoV-19/England/PHEC-YYRCJ4G/2022,824,838
hCoV-19/England/PHEC-YYRC84E/2022,824,838
hCoV-19/England/PHEC-YYRAXKE/2022,824,848
hCoV-19/England/PHEC-YYRASAR/2022,824,848
hCoV-19/England/PHEC-YYRAONZ/2022,824,848
hCoV-19/England/PHEC-YYRAEBB/2022,824,848
hCoV-19/England/PHEC-YYR5BU7/2022,824,852
hCoV-19/England/PHEC-YYR5BMQ/2022,824,852
hCoV-19/England/PHEC-YYR4RKX/2022,824,849
hCoV-19/England/PHEC-YYR4EGU/2022,824,849
hCoV-19/England/PHEC-YYR4DTB/2022,824,849
hCoV-19/England/PHEC-YYR4DQE/2022,824,849
hCoV-19/England/PHEC-YYR48U3/2022,824,849
hCoV-19/England/PHEC-YYR48II/2022,824,849
hCoV-19/England/PHEC-YYR48H8/2022,824,849
hCoV-19/England/PHEC-YYR3EKP/2022,824,849
hCoV-19/England/PHEC-YYR1ZWZ/2022,824,842
hCoV-19/England/PHEC-YYR1RUC/2022,824,842
hCoV-19/England/PHEC-YYR1RIE/2022,824,842
hCoV-19/England/PHEC-YYR1GZN/2022,824,842
hCoV-19/England/PHEC-YYR1GXU/2022,824,842
hCoV-19/England/PHEC-YYR1GWE/2022,824,842
hCoV-19/England/PHEC-YYR1GSR/2022,824,842
hCoV-19/England/PHEC-YYR1GRJ/2022,824,842
hCoV-19/England/PHEC-YYR1GOO/2022,824,842
hCoV-19/England/PHEC-YYR1GM5/2022,824,842
hCoV-19/England/PHEC-YYR1GIG/2022,824,842
hCoV-19/England/PHEC-YYR1GDM/2022,824,842
hCoV-19/England/PHEC-YYR1FMH/2022,824,842
hCoV-19/England/PHEC-YYR1FJY/2022,824,842
hCoV-19/England/PHEC-YYR18NC/2022,824,842
hCoV-19/England/PHEC-YYR16NI/2022,824,845
hCoV-19/England/PHEC-YYR16DU/2022,824,845
hCoV-19/England/PHEC-YYFBCSY/2022,824,859
hCoV-19/England/PHEC-YYFBCNJ/2022,824,859
hCoV-19/England/PHEC-YYFBCK3/2022,824,859
hCoV-19/England/CLIMB-CM7YRMSW/2022,824,1311
hCoV-19/England/CLIMB-CM7YRKD3/2022,824,1310
hCoV-19/England/CLIMB-CM7YMPPG/2022,824,1310
hCoV-19/England/CLIMB-CM7YMP78/2022,824,1311
hCoV-19/England/CLIMB-CM7YMGUQ/2022,824,1310
hCoV-19/England/CLIMB-CM7YM8YI/2022,824,1310
hCoV-19/England/CLIMB-CM7YKIHQ/2022,824,1310
hCoV-19/England/CLIMB-CM7YKE7X/2022,824,1311
hCoV-19/England/CLIMB-CM7YK46F/2022,824,1310
hCoV-19/England/CLIMB-CM7YJJ9S/2022,824,1310
hCoV-19/England/CLIMB-CM7YJHAJ/2022,824,1310
hCoV-19/England/CLIMB-CM7YGYNF/2022,824,1310
hCoV-19/England/CLIMB-CM7YGN1A/2022,824,1311
hCoV-19/England/CLIMB-CM7YGD4J/2022,824,1310
hCoV-19/England/CLIMB-CM7YFSRZ/2022,824,1310
hCoV-19/England/CLIMB-CM7YFON8/2022,824,1311
hCoV-19/England/CLIMB-CM7YFMDS/2022,824,1311
hCoV-19/England/CLIMB-CM7YF8QF/2022,824,1311
hCoV-19/England/CLIMB-CM7YEIDK/2022,824,1310
hCoV-19/England/CLIMB-CM7YEB57/2022,824,1311
hCoV-19/England/CLIMB-CM7YEAFJ/2022,824,1310
hCoV-19/England/CLIMB-CM7YE7NW/2022,824,1311
hCoV-19/England/CLIMB-CM7Y8GI5/2022,824,1311
hCoV-19/England/CLIMB-CM7Y8DC9/2022,824,1311
hCoV-19/Scotland/CVR16096/2022,825,848
hCoV-19/Scotland/CVR16094/2022,825,848
hCoV-19/Scotland/CVR16082/2022,825,848
hCoV-19/Scotland/CVR16077/2022,825,848
hCoV-19/Scotland/CVR16076/2022,825,848
hCoV-19/Scotland/CVR16074/2022,825,848
hCoV-19/Scotland/CVR16073/2022,825,848
hCoV-19/Scotland/CVR16071/2022,825,848
hCoV-19/Scotland/CVR16070/2022,825,848
hCoV-19/Scotland/CVR16068/2022,825,848
hCoV-19/Scotland/CVR16061/2022,825,848
hCoV-19/Scotland/CVR16050/2022,825,848
hCoV-19/Scotland/CVR16049/2022,825,848
hCoV-19/Scotland/CVR16020/2022,825,848
hCoV-19/England/PHEC-YYRZTNA/2022,825,848
hCoV-19/England/PHEC-YYRXTE7/2022,825,840
hCoV-19/England/PHEC-YYRXQRE/2022,825,840
hCoV-19/England/PHEC-YYRXQNC/2022,825,840
hCoV-19/England/PHEC-YYRXQDK/2022,825,840
hCoV-19/England/PHEC-YYRXPZN/2022,825,840
hCoV-19/England/PHEC-YYRXPXU/2022,825,840
hCoV-19/England/PHEC-YYRXP36/2022,825,840
hCoV-19/England/PHEC-YYRXOID/2022,825,840
hCoV-19/England/PHEC-YYRXCZD/2022,825,840
hCoV-19/England/PHEC-YYRXCPA/2022,825,840
hCoV-19/England/PHEC-YYRXCJY/2022,825,840
hCoV-19/England/PHEC-YYRXC1P/2022,825,840
hCoV-19/England/PHEC-YYRX9ZO/2022,825,841
hCoV-19/England/PHEC-YYRX9Y9/2022,825,841
hCoV-19/England/PHEC-YYRX9MJ/2022,825,841
hCoV-19/England/PHEC-YYRX9FI/2022,825,841
hCoV-19/England/PHEC-YYRX16X/2022,825,840
hCoV-19/England/PHEC-YYRWSJM/2022,825,845
hCoV-19/England/PHEC-YYRWS3K/2022,825,845
hCoV-19/England/PHEC-YYRWQI4/2022,825,845
hCoV-19/England/PHEC-YYRWEIY/2022,825,845
hCoV-19/England/PHEC-YYRWB9U/2022,825,845
hCoV-19/England/PHEC-YYRW4X5/2022,825,845
hCoV-19/England/PHEC-YYRW4RT/2022,825,845
hCoV-19/England/PHEC-YYRW3R1/2022,825,845
hCoV-19/England/PHEC-YYRUY88/2022,825,842
hCoV-19/England/PHEC-YYRUTZI/2022,825,845
hCoV-19/England/PHEC-YYRURGF/2022,825,845
hCoV-19/England/PHEC-YYRUBNO/2022,825,845
hCoV-19/England/PHEC-YYRU1CM/2022,825,845
hCoV-19/England/PHEC-YYRSXFS/2022,825,845
hCoV-19/England/PHEC-YYRSQHE/2022,825,845
hCoV-19/England/PHEC-YYRSPMC/2022,825,845
hCoV-19/England/PHEC-YYRSCQ8/2022,825,845
hCoV-19/England/PHEC-YYRSCPJ/2022,825,845
hCoV-19/England/PHEC-YYRQRX6/2022,825,838
hCoV-19/England/PHEC-YYRQRT3/2022,825,838
hCoV-19/England/PHEC-YYRQRQY/2022,825,838
hCoV-19/England/PHEC-YYRQRMG/2022,825,838
hCoV-19/England/PHEC-YYRQRDS/2022,825,838
hCoV-19/England/PHEC-YYRQRCR/2022,825,838
hCoV-19/England/PHEC-YYRQDWW/2022,825,838
hCoV-19/England/PHEC-YYRQDUS/2022,825,838
hCoV-19/England/PHEC-YYRQDT4/2022,825,838
hCoV-19/England/PHEC-YYRQDI1/2022,825,838
hCoV-19/England/PHEC-YYRQDAC/2022,825,838
hCoV-19/England/PHEC-YYRQD7N/2022,825,838
hCoV-19/England/PHEC-YYRQD5G/2022,825,838
hCoV-19/England/PHEC-YYRQD4E/2022,825,838
hCoV-19/England/PHEC-YYRQD3K/2022,825,838
hCoV-19/England/PHEC-YYRQ3AS/2022,825,839
hCoV-19/England/PHEC-YYRP64X/2022,825,838
hCoV-19/England/PHEC-YYRP4DN/2022,825,838
hCoV-19/England/PHEC-YYROYHN/2022,825,841
hCoV-19/England/PHEC-YYROYFT/2022,825,841
hCoV-19/England/PHEC-YYROYCD/2022,825,841
hCoV-19/England/PHEC-YYROY1S/2022,825,841
hCoV-19/England/PHEC-YYROXUF/2022,825,841
hCoV-19/England/PHEC-YYROXJ4/2022,825,841
hCoV-19/England/PHEC-YYROQ34/2022,825,841
hCoV-19/England/PHEC-YYRONRT/2022,825,841
hCoV-19/England/PHEC-YYRONGP/2022,825,841
hCoV-19/England/PHEC-YYRONBZ/2022,825,841
hCoV-19/England/PHEC-YYROBY4/2022,825,841
hCoV-19/England/PHEC-YYROBWT/2022,825,841
hCoV-19/England/PHEC-YYROBUU/2022,825,841
hCoV-19/England/PHEC-YYROBSP/2022,825,841
hCoV-19/England/PHEC-YYROBR1/2022,825,841
hCoV-19/England/PHEC-YYROBQ6/2022,825,841
hCoV-19/England/PHEC-YYROBNS/2022,825,841
hCoV-19/England/PHEC-YYROBMR/2022,825,841
hCoV-19/England/PHEC-YYROBFO/2022,825,841
hCoV-19/England/PHEC-YYRO7DA/2022,825,841
hCoV-19/England/PHEC-YYRIJGH/2022,825,845
hCoV-19/England/PHEC-YYRIAZK/2022,825,845
hCoV-19/England/PHEC-YYRI5N1/2022,825,845
hCoV-19/England/PHEC-YYRI5EG/2022,825,845
hCoV-19/England/PHEC-YYRI4ZE/2022,825,845
hCoV-19/England/PHEC-YYRI4NU/2022,825,845
hCoV-19/England/PHEC-YYRI4DT/2022,825,845
hCoV-19/England/PHEC-YYRI4BI/2022,825,845
hCoV-19/England/PHEC-YYRI3WX/2022,825,845
hCoV-19/England/PHEC-YYRI3P6/2022,825,845
hCoV-19/England/PHEC-YYRI3A8/2022,825,845
hCoV-19/England/PHEC-YYRI377/2022,825,845
hCoV-19/England/PHEC-YYRI365/2022,825,845
hCoV-19/England/PHEC-YYRI31U/2022,825,845
hCoV-19/England/PHEC-YYRAZUP/2022,825,848
hCoV-19/England/PHEC-YYRAZNO/2022,825,848
hCoV-19/England/PHEC-YYRAWRX/2022,825,848
hCoV-19/England/PHEC-YYRAUSM/2022,825,848
hCoV-19/England/PHEC-YYRAST1/2022,825,848
hCoV-19/England/PHEC-YYRASKB/2022,825,848
hCoV-19/England/PHEC-YYRARTR/2022,825,848
hCoV-19/England/PHEC-YYRARCX/2022,825,848
hCoV-19/England/PHEC-YYRAPT5/2022,825,848
hCoV-19/England/PHEC-YYRAEZW/2022,825,848
hCoV-19/England/PHEC-YYRAED7/2022,825,848
hCoV-19/England/PHEC-YYRAE3O/2022,825,848
hCoV-19/England/PHEC-YYRA1AE/2022,825,848
hCoV-19/England/PHEC-YYR4RUH/2022,825,849
hCoV-19/England/PHEC-YYR4G5K/2022,825,849
hCoV-19/England/PHEC-YYR4F4P/2022,825,849
hCoV-19/England/PHEC-YYR4EMJ/2022,825,849
hCoV-19/England/PHEC-YYR4DZI/2022,825,849
hCoV-19/England/PHEC-YYR4DI3/2022,825,849
hCoV-19/England/PHEC-YYR4DHM/2022,825,849
hCoV-19/England/PHEC-YYR4D7J/2022,825,849
hCoV-19/England/PHEC-YYR37CW/2022,825,849
hCoV-19/England/PHEC-YYR1ZMK/2022,825,842
hCoV-19/England/PHEC-YYR1WF3/2022,825,842
hCoV-19/England/PHEC-YYR1WEU/2022,825,842
hCoV-19/England/PHEC-YYR1WCM/2022,825,842
hCoV-19/England/PHEC-YYR1W8I/2022,825,842
hCoV-19/England/PHEC-YYR1U5P/2022,825,842
hCoV-19/England/PHEC-YYR1JCS/2022,825,842
hCoV-19/England/PHEC-YYR1IZU/2022,825,842
hCoV-19/England/PHEC-YYR1IAT/2022,825,842
hCoV-19/England/PHEC-YYR15UI/2022,825,845
hCoV-19/England/PHEC-YYFBQA4/2022,825,859
hCoV-19/England/PHEC-YYFBCYP/2022,825,859
hCoV-19/England/PHEC-YYFBCUG/2022,825,859
hCoV-19/England/LSPA-3D2031A/2022,825,831
hCoV-19/England/CLIMB-CM7YRX3K/2022,825,1310
hCoV-19/England/CLIMB-CM7YRS9X/2022,825,1311
hCoV-19/England/CLIMB-CM7YRR1G/2022,825,1310
hCoV-19/England/CLIMB-CM7YR9CP/2022,825,1311
hCoV-19/England/CLIMB-CM7YR6HF/2022,825,1310
hCoV-19/England/CLIMB-CM7YR3DM/2022,825,1311
hCoV-19/England/CLIMB-CM7YMSGG/2022,825,1310
hCoV-19/England/CLIMB-CM7YMOTA/2022,825,1310
hCoV-19/England/CLIMB-CM7YMGHY/2022,825,1310
hCoV-19/England/CLIMB-CM7YMFZD/2022,825,1310
hCoV-19/England/CLIMB-CM7YMAOI/2022,825,1310
hCoV-19/England/CLIMB-CM7YKXOK/2022,825,1310
hCoV-19/England/CLIMB-CM7YKRS6/2022,825,1311
hCoV-19/England/CLIMB-CM7YKOG1/2022,825,1311
hCoV-19/England/CLIMB-CM7YKK4N/2022,825,1310
hCoV-19/England/CLIMB-CM7YKJPF/2022,825,1310
hCoV-19/England/CLIMB-CM7YKBW1/2022,825,1310
hCoV-19/England/CLIMB-CM7YKAUY/2022,825,1311
hCoV-19/England/CLIMB-CM7YJYET/2022,825,1311
hCoV-19/England/CLIMB-CM7YJTU9/2022,825,1311
hCoV-19/England/CLIMB-CM7YJPZJ/2022,825,1311
hCoV-19/England/CLIMB-CM7YJMS6/2022,825,1310
hCoV-19/England/CLIMB-CM7YJF3F/2022,825,1310
hCoV-19/England/CLIMB-CM7YJ8EM/2022,825,1310
hCoV-19/England/CLIMB-CM7YJ6NS/2022,825,1310
hCoV-19/England/CLIMB-CM7YJ57C/2022,825,1310
hCoV-19/England/CLIMB-CM7YGSDZ/2022,825,1310
hCoV-19/England/CLIMB-CM7YGSDE/2022,825,1311
hCoV-19/England/CLIMB-CM7YGS3B/2022,825,1310
hCoV-19/England/CLIMB-CM7YGR4Z/2022,825,1311
hCoV-19/England/CLIMB-CM7YGA1P/2022,825,1310
hCoV-19/England/CLIMB-CM7YG9FJ/2022,825,1310
hCoV-19/England/CLIMB-CM7YG9D1/2022,825,1310
hCoV-19/England/CLIMB-CM7YG4RN/2022,825,1311
hCoV-19/England/CLIMB-CM7YFSN6/2022,825,1310
hCoV-19/England/CLIMB-CM7YFP6W/2022,825,1310
hCoV-19/England/CLIMB-CM7YFMGK/2022,825,1311
hCoV-19/England/CLIMB-CM7YFHDR/2022,825,1311
hCoV-19/England/CLIMB-CM7YFF4J/2022,825,1311
hCoV-19/England/CLIMB-CM7YF1WC/2022,825,1310
hCoV-19/England/CLIMB-CM7YF1RE/2022,825,1311
hCoV-19/England/CLIMB-CM7YEZ6T/2022,825,1310
hCoV-19/England/CLIMB-CM7YEOHO/2022,825,1310
hCoV-19/England/CLIMB-CM7YEMCS/2022,825,1311
hCoV-19/England/CLIMB-CM7YEIB3/2022,825,1310
hCoV-19/England/CLIMB-CM7YE9MO/2022,825,1311
hCoV-19/England/CLIMB-CM7YE6I4/2022,825,1310
hCoV-19/England/CLIMB-CM7YE563/2022,825,1310
hCoV-19/England/CLIMB-CM7Y8OF5/2022,825,1310
hCoV-19/England/CLIMB-CM7Y8DDU/2022,825,1310
hCoV-19/England/CLIMB-CM7Y87CR/2022,825,1311
hCoV-19/Scotland/SCOT-10313/2022,826,849
hCoV-19/Scotland/CVR16012/2022,826,848
hCoV-19/England/PHEC-YYRZFKW/2022,826,848
hCoV-19/England/PHEC-YYRZF84/2022,826,848
hCoV-19/England/PHEC-YYRZ1Q9/2022,826,848
hCoV-19/England/PHEC-YYRXURD/2022,826,840
hCoV-19/England/PHEC-YYRXOK4/2022,826,840
hCoV-19/England/PHEC-YYRX9PF/2022,826,841
hCoV-19/England/PHEC-YYRX9C8/2022,826,841
hCoV-19/England/PHEC-YYRX98T/2022,826,841
hCoV-19/England/PHEC-YYRX96N/2022,826,841
hCoV-19/England/PHEC-YYRX95E/2022,826,841
hCoV-19/England/PHEC-YYRX914/2022,826,841
hCoV-19/England/PHEC-YYRX6H8/2022,826,841
hCoV-19/England/PHEC-YYRX64M/2022,826,841
hCoV-19/England/PHEC-YYRX63P/2022,826,841
hCoV-19/England/PHEC-YYRX1XQ/2022,826,840
hCoV-19/England/PHEC-YYRX15I/2022,826,840
hCoV-19/England/PHEC-YYRWRQU/2022,826,845
hCoV-19/England/PHEC-YYRWROQ/2022,826,845
hCoV-19/England/PHEC-YYRWRDJ/2022,826,845
hCoV-19/England/PHEC-YYRWFZ9/2022,826,845
hCoV-19/England/PHEC-YYRWFPW/2022,826,845
hCoV-19/England/PHEC-YYRWFJH/2022,826,845
hCoV-19/England/PHEC-YYRWFID/2022,826,845
hCoV-19/England/PHEC-YYRWFCS/2022,826,845
hCoV-19/England/PHEC-YYRWF6T/2022,826,845
hCoV-19/England/PHEC-YYRWEZH/2022,826,845
hCoV-19/England/PHEC-YYRWD9T/2022,826,845
hCoV-19/England/PHEC-YYRW7PH/2022,826,845
hCoV-19/England/PHEC-YYRW7EG/2022,826,845
hCoV-19/England/PHEC-YYRUWMM/2022,826,845
hCoV-19/England/PHEC-YYRUTCC/2022,826,845
hCoV-19/England/PHEC-YYRUHNI/2022,826,845
hCoV-19/England/PHEC-YYRUHGP/2022,826,845
hCoV-19/England/PHEC-YYRUHDU/2022,826,845
hCoV-19/England/PHEC-YYRUHAE/2022,826,845
hCoV-19/England/PHEC-YYRUH3G/2022,826,845
hCoV-19/England/PHEC-YYRUC4W/2022,826,845
hCoV-19/England/PHEC-YYRUBH5/2022,826,845
hCoV-19/England/PHEC-YYRUBDQ/2022,826,845
hCoV-19/England/PHEC-YYRU1EU/2022,826,845
hCoV-19/England/PHEC-YYRTU5X/2022,826,842
hCoV-19/England/PHEC-YYRSXEO/2022,826,845
hCoV-19/England/PHEC-YYRSXD4/2022,826,845
hCoV-19/England/PHEC-YYRSQZ1/2022,826,845
hCoV-19/England/PHEC-YYRSQXD/2022,826,845
hCoV-19/England/PHEC-YYRSQWA/2022,826,845
hCoV-19/England/PHEC-YYRSQT6/2022,826,845
hCoV-19/England/PHEC-YYRSQKP/2022,826,845
hCoV-19/England/PHEC-YYRSQET/2022,826,845
hCoV-19/England/PHEC-YYRSQD5/2022,826,845
hCoV-19/England/PHEC-YYRSQAO/2022,826,845
hCoV-19/England/PHEC-YYRSQ8U/2022,826,845
hCoV-19/England/PHEC-YYRSQ6R/2022,826,845
hCoV-19/England/PHEC-YYRSQ4C/2022,826,845
hCoV-19/England/PHEC-YYRSQ3Q/2022,826,845
hCoV-19/England/PHEC-YYRSPYN/2022,826,845
hCoV-19/England/PHEC-YYRSPXR/2022,826,845
hCoV-19/England/PHEC-YYRSPW3/2022,826,845
hCoV-19/England/PHEC-YYRSPU5/2022,826,845
hCoV-19/England/PHEC-YYRSPT9/2022,826,845
hCoV-19/England/PHEC-YYRSPR4/2022,826,845
hCoV-19/England/PHEC-YYRSPOB/2022,826,845
hCoV-19/England/PHEC-YYRSPJO/2022,826,845
hCoV-19/England/PHEC-YYRSPIZ/2022,826,845
hCoV-19/England/PHEC-YYRSPGS/2022,826,845
hCoV-19/England/PHEC-YYRSPFA/2022,826,845
hCoV-19/England/PHEC-YYRSPE1/2022,826,845
hCoV-19/England/PHEC-YYRSP78/2022,826,845
hCoV-19/England/PHEC-YYRSP6F/2022,826,845
hCoV-19/England/PHEC-YYRSCW4/2022,826,845
hCoV-19/England/PHEC-YYRSCTY/2022,826,845
hCoV-19/England/PHEC-YYRSCMP/2022,826,845
hCoV-19/England/PHEC-YYRSCIA/2022,826,845
hCoV-19/England/PHEC-YYRSC8I/2022,826,845
hCoV-19/England/PHEC-YYRSC4Q/2022,826,845
hCoV-19/England/PHEC-YYRQRUI/2022,826,838
hCoV-19/England/PHEC-YYRQNY6/2022,826,838
hCoV-19/England/PHEC-YYRQNUZ/2022,826,838
hCoV-19/England/PHEC-YYRQNT5/2022,826,838
hCoV-19/England/PHEC-YYRQNQN/2022,826,838
hCoV-19/England/PHEC-YYRQNO7/2022,826,838
hCoV-19/England/PHEC-YYRQNKK/2022,826,838
hCoV-19/England/PHEC-YYRQNJC/2022,826,838
hCoV-19/England/PHEC-YYRQNIU/2022,826,838
hCoV-19/England/PHEC-YYRQNG1/2022,826,838
hCoV-19/England/PHEC-YYRQNFW/2022,826,838
hCoV-19/England/PHEC-YYRQNEQ/2022,826,838
hCoV-19/England/PHEC-YYRQNBH/2022,826,838
hCoV-19/England/PHEC-YYRQN99/2022,826,838
hCoV-19/England/PHEC-YYRQN7D/2022,826,838
hCoV-19/England/PHEC-YYRQN6B/2022,826,838
hCoV-19/England/PHEC-YYRQDZQ/2022,826,838
hCoV-19/England/PHEC-YYRQDSO/2022,826,838
hCoV-19/England/PHEC-YYRQDRI/2022,826,838
hCoV-19/England/PHEC-YYRQDPD/2022,826,838
hCoV-19/England/PHEC-YYRQDB5/2022,826,838
hCoV-19/England/PHEC-YYRQB7R/2022,826,838
hCoV-19/England/PHEC-YYRQB5E/2022,826,838
hCoV-19/England/PHEC-YYRQB4K/2022,826,838
hCoV-19/England/PHEC-YYROYW1/2022,826,841
hCoV-19/England/PHEC-YYROYUW/2022,826,841
hCoV-19/England/PHEC-YYROYRU/2022,826,841
hCoV-19/England/PHEC-YYROYO4/2022,826,841
hCoV-19/England/PHEC-YYROYMF/2022,826,841
hCoV-19/England/PHEC-YYROYIO/2022,826,841
hCoV-19/England/PHEC-YYROY9H/2022,826,841
hCoV-19/England/PHEC-YYROY8P/2022,826,841
hCoV-19/England/PHEC-YYROY7Y/2022,826,841
hCoV-19/England/PHEC-YYROY4G/2022,826,841
hCoV-19/England/PHEC-YYRORSK/2022,826,841
hCoV-19/England/PHEC-YYRONX5/2022,826,841
hCoV-19/England/PHEC-YYRONQ7/2022,826,841
hCoV-19/England/PHEC-YYRONFX/2022,826,841
hCoV-19/England/PHEC-YYRON1W/2022,826,841
hCoV-19/England/PHEC-YYROBXH/2022,826,841
hCoV-19/England/PHEC-YYROBTZ/2022,826,841
hCoV-19/England/PHEC-YYROBDW/2022,826,841
hCoV-19/England/PHEC-YYROB1I/2022,826,841
hCoV-19/England/PHEC-YYRIU7D/2022,826,845
hCoV-19/England/PHEC-YYRIRZ6/2022,826,845
hCoV-19/England/PHEC-YYRIRSY/2022,826,845
hCoV-19/England/PHEC-YYRIR6O/2022,826,845
hCoV-19/England/PHEC-YYRIJF6/2022,826,845
hCoV-19/England/PHEC-YYRIGXP/2022,826,845
hCoV-19/England/PHEC-YYRIGTE/2022,826,845
hCoV-19/England/PHEC-YYRIGRD/2022,826,845
hCoV-19/England/PHEC-YYRIGOK/2022,826,845
hCoV-19/England/PHEC-YYRIGMI/2022,826,845
hCoV-19/England/PHEC-YYRIGKZ/2022,826,845
hCoV-19/England/PHEC-YYRIG9C/2022,826,845
hCoV-19/England/PHEC-YYRIFXQ/2022,826,845
hCoV-19/England/PHEC-YYRIFTJ/2022,826,845
hCoV-19/England/PHEC-YYRIFQO/2022,826,845
hCoV-19/England/PHEC-YYRIFP1/2022,826,845
hCoV-19/England/PHEC-YYRIFMS/2022,826,845
hCoV-19/England/PHEC-YYRIFJ4/2022,826,845
hCoV-19/England/PHEC-YYRIEQP/2022,826,845
hCoV-19/England/PHEC-YYRIENF/2022,826,845
hCoV-19/England/PHEC-YYRIEKI/2022,826,845
hCoV-19/England/PHEC-YYRIAU1/2022,826,845
hCoV-19/England/PHEC-YYRIA4R/2022,826,845
hCoV-19/England/PHEC-YYRIA3G/2022,826,845
hCoV-19/England/PHEC-YYRAWSK/2022,826,848
hCoV-19/England/PHEC-YYRAWP7/2022,826,848
hCoV-19/England/PHEC-YYRAWMB/2022,826,848
hCoV-19/England/PHEC-YYRARHQ/2022,826,848
hCoV-19/England/PHEC-YYRAPST/2022,826,848
hCoV-19/England/PHEC-YYRAO4G/2022,826,848
hCoV-19/England/PHEC-YYRAFXE/2022,826,848
hCoV-19/England/PHEC-YYRAFQK/2022,826,848
hCoV-19/England/PHEC-YYRA9TJ/2022,826,849
hCoV-19/England/PHEC-YYRA5NC/2022,826,849
hCoV-19/England/PHEC-YYRA4XU/2022,826,849
hCoV-19/England/PHEC-YYRA4M5/2022,826,849
hCoV-19/England/PHEC-YYRA4IG/2022,826,849
hCoV-19/England/PHEC-YYRA47S/2022,826,849
hCoV-19/England/PHEC-YYRA3SF/2022,826,849
hCoV-19/England/PHEC-YYR4YR9/2022,826,849
hCoV-19/England/PHEC-YYR4YEZ/2022,826,849
hCoV-19/England/PHEC-YYR4RHK/2022,826,849
hCoV-19/England/PHEC-YYR4RD7/2022,826,849
hCoV-19/England/PHEC-YYR4RA1/2022,826,849
hCoV-19/England/PHEC-YYR4R7E/2022,826,849
hCoV-19/England/PHEC-YYR4R5C/2022,826,849
hCoV-19/England/PHEC-YYR4FZU/2022,826,849
hCoV-19/England/PHEC-YYR4FYN/2022,826,849
hCoV-19/England/PHEC-YYR4FSI/2022,826,849
hCoV-19/England/PHEC-YYR4FMC/2022,826,849
hCoV-19/England/PHEC-YYR4FIZ/2022,826,849
hCoV-19/England/PHEC-YYR4FDH/2022,826,849
hCoV-19/England/PHEC-YYR4F8W/2022,826,849
hCoV-19/England/PHEC-YYR4F3X/2022,826,849
hCoV-19/England/PHEC-YYR4DKO/2022,826,849
hCoV-19/England/PHEC-YYR36S6/2022,826,849
hCoV-19/England/PHEC-YYR36RD/2022,826,849
hCoV-19/England/PHEC-YYR1ZXN/2022,826,842
hCoV-19/England/PHEC-YYR1ZRA/2022,826,842
hCoV-19/England/PHEC-YYR1ZQR/2022,826,842
hCoV-19/England/PHEC-YYR1ZKC/2022,826,842
hCoV-19/England/PHEC-YYR1ZJQ/2022,826,842
hCoV-19/England/PHEC-YYR1ZH8/2022,826,842
hCoV-19/England/PHEC-YYR1ZEO/2022,826,842
hCoV-19/England/PHEC-YYR1ZD4/2022,826,842
hCoV-19/England/PHEC-YYR1WUH/2022,826,842
hCoV-19/England/PHEC-YYR1WR5/2022,826,842
hCoV-19/England/PHEC-YYR1WPJ/2022,826,842
hCoV-19/England/PHEC-YYR1WON/2022,826,842
hCoV-19/England/PHEC-YYR1WN9/2022,826,842
hCoV-19/England/PHEC-YYR1WD7/2022,826,842
hCoV-19/England/PHEC-YYR1WA1/2022,826,842
hCoV-19/England/PHEC-YYR1W9R/2022,826,842
hCoV-19/England/PHEC-YYR1UYR/2022,826,842
hCoV-19/England/PHEC-YYR1UW5/2022,826,842
hCoV-19/England/PHEC-YYR1USZ/2022,826,842
hCoV-19/England/PHEC-YYR1UQE/2022,826,842
hCoV-19/England/PHEC-YYR1UPK/2022,826,842
hCoV-19/England/PHEC-YYR1UNY/2022,826,842
hCoV-19/England/PHEC-YYR1UMQ/2022,826,842
hCoV-19/England/PHEC-YYR1UKO/2022,826,842
hCoV-19/England/PHEC-YYR1UI3/2022,826,842
hCoV-19/England/PHEC-YYR1UHM/2022,826,842
hCoV-19/England/PHEC-YYR1UCC/2022,826,842
hCoV-19/England/PHEC-YYR1UBN/2022,826,842
hCoV-19/England/PHEC-YYR1UAU/2022,826,842
hCoV-19/England/PHEC-YYR1U7J/2022,826,842
hCoV-19/England/PHEC-YYR1U3T/2022,826,842
hCoV-19/England/PHEC-YYR1U19/2022,826,842
hCoV-19/England/PHEC-YYR1THP/2022,826,842
hCoV-19/England/PHEC-YYR1T7M/2022,826,842
hCoV-19/England/PHEC-YYR1T6J/2022,826,842
hCoV-19/England/PHEC-YYR1SXD/2022,826,842
hCoV-19/England/PHEC-YYR1SOY/2022,826,842
hCoV-19/England/PHEC-YYR1S9N/2022,826,842
hCoV-19/England/PHEC-YYR1S7G/2022,826,842
hCoV-19/England/PHEC-YYR1S6R/2022,826,842
hCoV-19/England/PHEC-YYR1IPE/2022,826,842
hCoV-19/England/PHEC-YYR1IMC/2022,826,842
hCoV-19/England/PHEC-YYR1IJO/2022,826,842
hCoV-19/England/PHEC-YYR1IHJ/2022,826,842
hCoV-19/England/PHEC-YYR1IGS/2022,826,842
hCoV-19/England/PHEC-YYR1IFA/2022,826,842
hCoV-19/England/PHEC-YYR1IBY/2022,826,842
hCoV-19/England/PHEC-YYR1I8W/2022,826,842
hCoV-19/England/PHEC-YYR19X4/2022,826,842
hCoV-19/England/PHEC-YYR1965/2022,826,842
hCoV-19/England/PHEC-YYFOTKI/2022,826,905
hCoV-19/England/PHEC-YYFBXDR/2022,826,859
hCoV-19/England/PHEC-YYFBX8H/2022,826,859
hCoV-19/England/PHEC-YYFBQIY/2022,826,859
hCoV-19/England/PHEC-YYFBM6T/2022,826,859
hCoV-19/England/PHEC-YYFBC4A/2022,826,859
hCoV-19/England/CLIMB-CM7YRSXC/2022,826,1310
hCoV-19/England/CLIMB-CM7YRPEE/2022,826,1311
hCoV-19/England/CLIMB-CM7YRKTN/2022,826,1311
hCoV-19/England/CLIMB-CM7YRKMW/2022,826,1310
hCoV-19/England/CLIMB-CM7YRKBG/2022,826,1310
hCoV-19/England/CLIMB-CM7YRJTC/2022,826,1311
hCoV-19/England/CLIMB-CM7YRGWP/2022,826,1310
hCoV-19/England/CLIMB-CM7YR5XQ/2022,826,1310
hCoV-19/England/CLIMB-CM7YMYOE/2022,826,1310
hCoV-19/England/CLIMB-CM7YMKQM/2022,826,1310
hCoV-19/England/CLIMB-CM7YMENQ/2022,826,1311
hCoV-19/England/CLIMB-CM7YKM3X/2022,826,1310
hCoV-19/England/CLIMB-CM7YKIJ5/2022,826,1310
hCoV-19/England/CLIMB-CM7YKHOJ/2022,826,1311
hCoV-19/England/CLIMB-CM7YKCWE/2022,826,1310
hCoV-19/England/CLIMB-CM7YKB3G/2022,826,1311
hCoV-19/England/CLIMB-CM7YK9AJ/2022,826,1310
hCoV-19/England/CLIMB-CM7YK7K6/2022,826,1311
hCoV-19/England/CLIMB-CM7YK5GB/2022,826,1310
hCoV-19/England/CLIMB-CM7YJGJK/2022,826,1310
hCoV-19/England/CLIMB-CM7YJFH4/2022,826,1311
hCoV-19/England/CLIMB-CM7YJ6O1/2022,826,1310
hCoV-19/England/CLIMB-CM7YJ4BG/2022,826,1311
hCoV-19/England/CLIMB-CM7YGH4F/2022,826,1310
hCoV-19/England/CLIMB-CM7YGFNW/2022,826,1310
hCoV-19/England/CLIMB-CM7YGB6I/2022,826,1311
hCoV-19/England/CLIMB-CM7YG7XA/2022,826,1311
hCoV-19/England/CLIMB-CM7YFWBJ/2022,826,1310
hCoV-19/England/CLIMB-CM7YFSHN/2022,826,1310
hCoV-19/England/CLIMB-CM7YFS3E/2022,826,1310
hCoV-19/England/CLIMB-CM7YFOQ6/2022,826,1310
hCoV-19/England/CLIMB-CM7YFNDI/2022,826,1310
hCoV-19/England/CLIMB-CM7YF9FY/2022,826,1310
hCoV-19/England/CLIMB-CM7YF95C/2022,826,1310
hCoV-19/England/CLIMB-CM7YF5NR/2022,826,1310
hCoV-19/England/CLIMB-CM7YEYR7/2022,826,1311
hCoV-19/England/CLIMB-CM7YEURO/2022,826,1310
hCoV-19/England/CLIMB-CM7YENFO/2022,826,1310
hCoV-19/England/CLIMB-CM7YEKF3/2022,826,1311
hCoV-19/England/CLIMB-CM7YEBT3/2022,826,1310
hCoV-19/England/CLIMB-CM7YE1IH/2022,826,1311
hCoV-19/England/CLIMB-CM7YE1H4/2022,826,1311
hCoV-19/England/CLIMB-CM7Y8W6O/2022,826,1311
hCoV-19/England/CLIMB-CM7Y8USP/2022,826,1310
hCoV-19/England/CLIMB-CM7Y8CXN/2022,826,1310
hCoV-19/England/CLIMB-CM7Y87P1/2022,826,1310
hCoV-19/Scotland/SCOT-10436/2022,827,849
hCoV-19/England/PHEC-YYRZHM5/2022,827,848
hCoV-19/England/PHEC-YYRZETN/2022,827,848
hCoV-19/England/PHEC-YYRZEOR/2022,827,848
hCoV-19/England/PHEC-YYRXQX1/2022,827,840
hCoV-19/England/PHEC-YYRXQW8/2022,827,840
hCoV-19/England/PHEC-YYRXQJ6/2022,827,840
hCoV-19/England/PHEC-YYRXQ37/2022,827,840
hCoV-19/England/PHEC-YYRX9O6/2022,827,841
hCoV-19/England/PHEC-YYRWR3H/2022,827,845
hCoV-19/England/PHEC-YYRWHFP/2022,827,845
hCoV-19/England/PHEC-YYRWFTM/2022,827,845
hCoV-19/England/PHEC-YYRWFOP/2022,827,845
hCoV-19/England/PHEC-YYRWEUR/2022,827,845
hCoV-19/England/PHEC-YYRWE6Q/2022,827,845
hCoV-19/England/PHEC-YYRWE5W/2022,827,845
hCoV-19/England/PHEC-YYRW6M9/2022,827,845
hCoV-19/England/PHEC-YYRW6AR/2022,827,845
hCoV-19/England/PHEC-YYRW4SC/2022,827,845
hCoV-19/England/PHEC-YYRW1OY/2022,827,845
hCoV-19/England/PHEC-YYRW1KP/2022,827,845
hCoV-19/England/PHEC-YYRW1JX/2022,827,845
hCoV-19/England/PHEC-YYRURYT/2022,827,845
hCoV-19/England/PHEC-YYRURPZ/2022,827,845
hCoV-19/England/PHEC-YYRUNED/2022,827,845
hCoV-19/England/PHEC-YYRUHX5/2022,827,845
hCoV-19/England/PHEC-YYRUHU1/2022,827,845
hCoV-19/England/PHEC-YYRUHTS/2022,827,845
hCoV-19/England/PHEC-YYRUHKF/2022,827,845
hCoV-19/England/PHEC-YYRUHJ8/2022,827,845
hCoV-19/England/PHEC-YYRUHBZ/2022,827,845
hCoV-19/England/PHEC-YYRUG44/2022,827,845
hCoV-19/England/PHEC-YYRUBQA/2022,827,845
hCoV-19/England/PHEC-YYRUAUS/2022,827,845
hCoV-19/England/PHEC-YYRU5MR/2022,827,845
hCoV-19/England/PHEC-YYRU3B4/2022,827,845
hCoV-19/England/PHEC-YYRSRXP/2022,827,845
hCoV-19/England/PHEC-YYRSRG9/2022,827,845
hCoV-19/England/PHEC-YYRSRDF/2022,827,845
hCoV-19/England/PHEC-YYRSB9X/2022,827,845
hCoV-19/England/PHEC-YYRS3SJ/2022,827,847
hCoV-19/England/PHEC-YYROYQ9/2022,827,841
hCoV-19/England/PHEC-YYRORX3/2022,827,841
hCoV-19/England/PHEC-YYRORWQ/2022,827,841
hCoV-19/England/PHEC-YYRORTW/2022,827,841
hCoV-19/England/PHEC-YYRORNU/2022,827,841
hCoV-19/England/PHEC-YYRORIC/2022,827,841
hCoV-19/England/PHEC-YYRORGM/2022,827,841
hCoV-19/England/PHEC-YYRORBI/2022,827,841
hCoV-19/England/PHEC-YYROR8J/2022,827,841
hCoV-19/England/PHEC-YYRONY3/2022,827,841
hCoV-19/England/PHEC-YYRONWO/2022,827,841
hCoV-19/England/PHEC-YYRONIQ/2022,827,841
hCoV-19/England/PHEC-YYRON76/2022,827,841
hCoV-19/England/PHEC-YYRON6H/2022,827,841
hCoV-19/England/PHEC-YYRON5N/2022,827,841
hCoV-19/England/PHEC-YYRON4R/2022,827,841
hCoV-19/England/PHEC-YYRON3G/2022,827,841
hCoV-19/England/PHEC-YYRIZDW/2022,827,845
hCoV-19/England/PHEC-YYRIW1A/2022,827,845
hCoV-19/England/PHEC-YYRIRTK/2022,827,845
hCoV-19/England/PHEC-YYRIRD8/2022,827,845
hCoV-19/England/PHEC-YYRIJNR/2022,827,845
hCoV-19/England/PHEC-YYRIJDN/2022,827,845
hCoV-19/England/PHEC-YYRIGZH/2022,827,845
hCoV-19/England/PHEC-YYRIGWN/2022,827,845
hCoV-19/England/PHEC-YYRIGUR/2022,827,845
hCoV-19/England/PHEC-YYRIGS6/2022,827,845
hCoV-19/England/PHEC-YYRIGIY/2022,827,845
hCoV-19/England/PHEC-YYRIGH1/2022,827,845
hCoV-19/England/PHEC-YYRIGA4/2022,827,845
hCoV-19/England/PHEC-YYRIG5W/2022,827,845
hCoV-19/England/PHEC-YYRIG4S/2022,827,845
hCoV-19/England/PHEC-YYRIG1G/2022,827,845
hCoV-19/England/PHEC-YYRIF4Z/2022,827,845
hCoV-19/England/PHEC-YYRIF18/2022,827,845
hCoV-19/England/PHEC-YYRIEXM/2022,827,845
hCoV-19/England/PHEC-YYRIERB/2022,827,845
hCoV-19/England/PHEC-YYRIEPX/2022,827,845
hCoV-19/England/PHEC-YYRIEOE/2022,827,845
hCoV-19/England/PHEC-YYRIEG7/2022,827,845
hCoV-19/England/PHEC-YYRIEAA/2022,827,845
hCoV-19/England/PHEC-YYRIE7Q/2022,827,845
hCoV-19/England/PHEC-YYRIE6C/2022,827,845
hCoV-19/England/PHEC-YYRIE51/2022,827,845
hCoV-19/England/PHEC-YYRIE3S/2022,827,845
hCoV-19/England/PHEC-YYRIE1R/2022,827,845
hCoV-19/England/PHEC-YYRIDYQ/2022,827,845
hCoV-19/England/PHEC-YYRID9X/2022,827,845
hCoV-19/England/PHEC-YYRICSA/2022,827,845
hCoV-19/England/PHEC-YYRIC1Y/2022,827,845
hCoV-19/England/PHEC-YYRIAHY/2022,827,845
hCoV-19/England/PHEC-YYRI8XC/2022,827,845
hCoV-19/England/PHEC-YYRI8QQ/2022,827,845
hCoV-19/England/PHEC-YYRI8PO/2022,827,845
hCoV-19/England/PHEC-YYRI8KS/2022,827,845
hCoV-19/England/PHEC-YYRI8A3/2022,827,845
hCoV-19/England/PHEC-YYRI84I/2022,827,845
hCoV-19/England/PHEC-YYRHPOI/2022,827,852
hCoV-19/England/PHEC-YYRHMA8/2022,827,852
hCoV-19/England/PHEC-YYRHFST/2022,827,852
hCoV-19/England/PHEC-YYRHFBH/2022,827,852
hCoV-19/England/PHEC-YYRAWAG/2022,827,848
hCoV-19/England/PHEC-YYRAW3R/2022,827,848
hCoV-19/England/PHEC-YYRAUWX/2022,827,848
hCoV-19/England/PHEC-YYRAUP6/2022,827,848
hCoV-19/England/PHEC-YYRAUKR/2022,827,848
hCoV-19/England/PHEC-YYRAIYS/2022,827,848
hCoV-19/England/PHEC-YYRA5X1/2022,827,849
hCoV-19/England/PHEC-YYRA5UJ/2022,827,849
hCoV-19/England/PHEC-YYRA5TP/2022,827,849
hCoV-19/England/PHEC-YYRA5PS/2022,827,849
hCoV-19/England/PHEC-YYRA5IF/2022,827,849
hCoV-19/England/PHEC-YYRA5GR/2022,827,849
hCoV-19/England/PHEC-YYRA5EY/2022,827,849
hCoV-19/England/PHEC-YYRA5A9/2022,827,849
hCoV-19/England/PHEC-YYRA57I/2022,827,849
hCoV-19/England/PHEC-YYRA56U/2022,827,849
hCoV-19/England/PHEC-YYRA4ZN/2022,827,849
hCoV-19/England/PHEC-YYRA4TQ/2022,827,849
hCoV-19/England/PHEC-YYRA4RJ/2022,827,849
hCoV-19/England/PHEC-YYRA4QI/2022,827,849
hCoV-19/England/PHEC-YYRA4HA/2022,827,849
hCoV-19/England/PHEC-YYRA4GF/2022,827,849
hCoV-19/England/PHEC-YYRA4F8/2022,827,849
hCoV-19/England/PHEC-YYRA4C3/2022,827,849
hCoV-19/England/PHEC-YYRA48D/2022,827,849
hCoV-19/England/PHEC-YYRA46W/2022,827,849
hCoV-19/England/PHEC-YYRA454/2022,827,849
hCoV-19/England/PHEC-YYRA3H3/2022,827,849
hCoV-19/England/PHEC-YYRA347/2022,827,849
hCoV-19/England/PHEC-YYR4QJ8/2022,827,852
hCoV-19/England/PHEC-YYR4QFX/2022,827,852
hCoV-19/England/PHEC-YYR4PWT/2022,827,852
hCoV-19/England/PHEC-YYR4DNY/2022,827,849
hCoV-19/England/PHEC-YYR1ZII/2022,827,842
hCoV-19/England/PHEC-YYR1WSS/2022,827,842
hCoV-19/England/PHEC-YYR1WQ8/2022,827,842
hCoV-19/England/PHEC-YYR1WIA/2022,827,842
hCoV-19/England/PHEC-YYR1ST6/2022,827,842
hCoV-19/England/PHEC-YYR1SR3/2022,827,842
hCoV-19/England/PHEC-YYR1SQF/2022,827,842
hCoV-19/England/PHEC-YYR1SGI/2022,827,842
hCoV-19/England/PHEC-YYR1SFZ/2022,827,842
hCoV-19/England/PHEC-YYR1S4C/2022,827,842
hCoV-19/England/PHEC-YYR1Q3S/2022,827,842
hCoV-19/England/PHEC-YYR1K9Q/2022,827,842
hCoV-19/England/PHEC-YYR1I6F/2022,827,842
hCoV-19/England/PHEC-YYR1I5M/2022,827,842
hCoV-19/England/PHEC-YYR1I4P/2022,827,842
hCoV-19/England/PHEC-YYR1ARZ/2022,827,842
hCoV-19/England/PHEC-YYR1AGU/2022,827,842
hCoV-19/England/PHEC-YYFNAPF/2022,827,862
hCoV-19/England/PHEC-YYFBXT8/2022,827,859
hCoV-19/England/PHEC-YYFBXBE/2022,827,859
hCoV-19/England/PHEC-YYFBQZH/2022,827,859
hCoV-19/England/PHEC-YYFBQXP/2022,827,859
hCoV-19/England/PHEC-YYFBQPT/2022,827,859
hCoV-19/England/PHEC-YYFBQOK/2022,827,859
hCoV-19/England/PHEC-YYFBQMI/2022,827,859
hCoV-19/England/PHEC-YYFBQH1/2022,827,859
hCoV-19/England/PHEC-YYFBQFB/2022,827,859
hCoV-19/England/PHEC-YYFBQDF/2022,827,859
hCoV-19/England/PHEC-YYFBQ9C/2022,827,859
hCoV-19/England/PHEC-YYFBCMZ/2022,827,859
hCoV-19/England/PHEC-YYFBCHW/2022,827,859
hCoV-19/England/PHEC-YYFBCFD/2022,827,859
hCoV-19/England/PHEC-YYFBCAH/2022,827,859
hCoV-19/England/PHEC-YYFBC6O/2022,827,859
hCoV-19/England/LSPA-3D33280/2022,827,835
hCoV-19/England/CLIMB-CM7YRE7R/2022,827,1311
hCoV-19/England/CLIMB-CM7YRAOY/2022,827,1310
hCoV-19/England/CLIMB-CM7YMTEI/2022,827,1310
hCoV-19/England/CLIMB-CM7YMR3X/2022,827,1310
hCoV-19/England/CLIMB-CM7YMQD9/2022,827,1310
hCoV-19/England/CLIMB-CM7YKZK1/2022,827,1310
hCoV-19/England/CLIMB-CM7YKUEX/2022,827,1310
hCoV-19/England/CLIMB-CM7YKRDI/2022,827,1310
hCoV-19/England/CLIMB-CM7YKR6D/2022,827,1310
hCoV-19/England/CLIMB-CM7YKQOT/2022,827,1311
hCoV-19/England/CLIMB-CM7YKQ9T/2022,827,1310
hCoV-19/England/CLIMB-CM7YKNBJ/2022,827,1311
hCoV-19/England/CLIMB-CM7YKD5T/2022,827,1311
hCoV-19/England/CLIMB-CM7YK8QA/2022,827,1310
hCoV-19/England/CLIMB-CM7YJXUY/2022,827,1310
hCoV-19/England/CLIMB-CM7YJS4W/2022,827,1310
hCoV-19/England/CLIMB-CM7YJ8JD/2022,827,1311
hCoV-19/England/CLIMB-CM7YJ31U/2022,827,1311
hCoV-19/England/CLIMB-CM7YGZQP/2022,827,1311
hCoV-19/England/CLIMB-CM7YGRNY/2022,827,1311
hCoV-19/England/CLIMB-CM7YGRCU/2022,827,1311
hCoV-19/England/CLIMB-CM7YGHN3/2022,827,1311
hCoV-19/England/CLIMB-CM7YGHEY/2022,827,1311
hCoV-19/England/CLIMB-CM7YG79N/2022,827,1310
hCoV-19/England/CLIMB-CM7YG1HJ/2022,827,1311
hCoV-19/England/CLIMB-CM7YFUDY/2022,827,1310
hCoV-19/England/CLIMB-CM7YFMW8/2022,827,1310
hCoV-19/England/CLIMB-CM7YFMHO/2022,827,1311
hCoV-19/England/CLIMB-CM7YFHKA/2022,827,1310
hCoV-19/England/CLIMB-CM7YFBGX/2022,827,1310
hCoV-19/England/CLIMB-CM7YF8RD/2022,827,1311
hCoV-19/England/CLIMB-CM7YEGTB/2022,827,1310
hCoV-19/England/CLIMB-CM7YEAHA/2022,827,1311
hCoV-19/England/CLIMB-CM7Y8WRT/2022,827,1311
hCoV-19/England/CLIMB-CM7Y8DFP/2022,827,1311
hCoV-19/England/CLIMB-CM7Y88GS/2022,827,1311
hCoV-19/England/PHEC-YYRZXZX/2022,828,848
hCoV-19/England/PHEC-YYRZXUZ/2022,828,848
hCoV-19/England/PHEC-YYRZXKK/2022,828,848
hCoV-19/England/PHEC-YYRZPXN/2022,828,848
hCoV-19/England/PHEC-YYRZPFS/2022,828,848
hCoV-19/England/PHEC-YYRZEWH/2022,828,848
hCoV-19/England/PHEC-YYRZEQJ/2022,828,848
hCoV-19/England/PHEC-YYRZEPM/2022,828,848
hCoV-19/England/PHEC-YYRZENB/2022,828,848
hCoV-19/England/PHEC-YYRZE4O/2022,828,848
hCoV-19/England/PHEC-YYRZE31/2022,828,848
hCoV-19/England/PHEC-YYRWRK5/2022,828,845
hCoV-19/England/PHEC-YYRWRJ7/2022,828,845
hCoV-19/England/PHEC-YYRWRHS/2022,828,845
hCoV-19/England/PHEC-YYRWKE3/2022,828,845
hCoV-19/England/PHEC-YYRWH11/2022,828,845
hCoV-19/England/PHEC-YYRWFDE/2022,828,845
hCoV-19/England/PHEC-YYRWETE/2022,828,845
hCoV-19/England/PHEC-YYRWES6/2022,828,845
hCoV-19/England/PHEC-YYRW9ZF/2022,828,845
hCoV-19/England/PHEC-YYRW6YI/2022,828,845
hCoV-19/England/PHEC-YYRW6WC/2022,828,845
hCoV-19/England/PHEC-YYRW6OW/2022,828,845
hCoV-19/England/PHEC-YYRW6NT/2022,828,845
hCoV-19/England/PHEC-YYRW6KB/2022,828,845
hCoV-19/England/PHEC-YYRW6HH/2022,828,845
hCoV-19/England/PHEC-YYRW69S/2022,828,845
hCoV-19/England/PHEC-YYRW61O/2022,828,845
hCoV-19/England/PHEC-YYRUNTO/2022,828,845
hCoV-19/England/PHEC-YYRUNK9/2022,828,845
hCoV-19/England/PHEC-YYRUN9W/2022,828,845
hCoV-19/England/PHEC-YYRUN46/2022,828,845
hCoV-19/England/PHEC-YYRUN1Q/2022,828,845
hCoV-19/England/PHEC-YYRUHOA/2022,828,845
hCoV-19/England/PHEC-YYRUH5N/2022,828,845
hCoV-19/England/PHEC-YYRUGUE/2022,828,845
hCoV-19/England/PHEC-YYRUGTC/2022,828,845
hCoV-19/England/PHEC-YYRUF6U/2022,828,845
hCoV-19/England/PHEC-YYRUED8/2022,828,845
hCoV-19/England/PHEC-YYRUDSF/2022,828,845
hCoV-19/England/PHEC-YYRUDEN/2022,828,845
hCoV-19/England/PHEC-YYRUBXS/2022,828,845
hCoV-19/England/PHEC-YYRUBWM/2022,828,845
hCoV-19/England/PHEC-YYRUBUP/2022,828,845
hCoV-19/England/PHEC-YYRUB57/2022,828,845
hCoV-19/England/PHEC-YYRU7WX/2022,828,845
hCoV-19/England/PHEC-YYRU7UT/2022,828,845
hCoV-19/England/PHEC-YYRU7P6/2022,828,845
hCoV-19/England/PHEC-YYRU7NW/2022,828,845
hCoV-19/England/PHEC-YYRU7JG/2022,828,845
hCoV-19/England/PHEC-YYRU7IP/2022,828,845
hCoV-19/England/PHEC-YYRU7H9/2022,828,845
hCoV-19/England/PHEC-YYRU7BS/2022,828,845
hCoV-19/England/PHEC-YYRU74D/2022,828,845
hCoV-19/England/PHEC-YYRU6NU/2022,828,845
hCoV-19/England/PHEC-YYRU5XH/2022,828,845
hCoV-19/England/PHEC-YYRU5PY/2022,828,845
hCoV-19/England/PHEC-YYRU595/2022,828,845
hCoV-19/England/PHEC-YYRU579/2022,828,845
hCoV-19/England/PHEC-YYRU567/2022,828,845
hCoV-19/England/PHEC-YYRU54F/2022,828,845
hCoV-19/England/PHEC-YYRSRYM/2022,828,845
hCoV-19/England/PHEC-YYRSRKZ/2022,828,845
hCoV-19/England/PHEC-YYRSDQO/2022,828,845
hCoV-19/England/PHEC-YYRONSC/2022,828,841
hCoV-19/England/PHEC-YYRIYRJ/2022,828,845
hCoV-19/England/PHEC-YYRIYF8/2022,828,845
hCoV-19/England/PHEC-YYRIXOB/2022,828,845
hCoV-19/England/PHEC-YYRIX3X/2022,828,845
hCoV-19/England/PHEC-YYRIRMZ/2022,828,845
hCoV-19/England/PHEC-YYRIRK3/2022,828,845
hCoV-19/England/PHEC-YYRIRJ5/2022,828,845
hCoV-19/England/PHEC-YYRIRBM/2022,828,845
hCoV-19/England/PHEC-YYRINSN/2022,828,845
hCoV-19/England/PHEC-YYRINHS/2022,828,845
hCoV-19/England/PHEC-YYRINA6/2022,828,845
hCoV-19/England/PHEC-YYRIN9O/2022,828,845
hCoV-19/England/PHEC-YYRIN61/2022,828,845
hCoV-19/England/PHEC-YYRIMHP/2022,828,845
hCoV-19/England/PHEC-YYRIFWD/2022,828,845
hCoV-19/England/PHEC-YYRIFHU/2022,828,845
hCoV-19/England/PHEC-YYRIF6X/2022,828,845
hCoV-19/England/PHEC-YYRIDZ9/2022,828,845
hCoV-19/England/PHEC-YYRIDE6/2022,828,845
hCoV-19/England/PHEC-YYRIDBC/2022,828,845
hCoV-19/England/PHEC-YYRID8Y/2022,828,845
hCoV-19/England/PHEC-YYRICPM/2022,828,845
hCoV-19/England/PHEC-YYRICKT/2022,828,845
hCoV-19/England/PHEC-YYRIC6E/2022,828,845
hCoV-19/England/PHEC-YYRI8JA/2022,828,845
hCoV-19/England/PHEC-YYRI1Y9/2022,828,845
hCoV-19/England/PHEC-YYRHRPF/2022,828,852
hCoV-19/England/PHEC-YYRHPC6/2022,828,852
hCoV-19/England/PHEC-YYRHKZK/2022,828,852
hCoV-19/England/PHEC-YYRHKSC/2022,828,852
hCoV-19/England/PHEC-YYRHGY7/2022,828,852
hCoV-19/England/PHEC-YYRHFHF/2022,828,852
hCoV-19/England/PHEC-YYRHC8J/2022,828,852
hCoV-19/England/PHEC-YYRHC3R/2022,828,852
hCoV-19/England/PHEC-YYRAYTE/2022,828,848
hCoV-19/England/PHEC-YYRAYIY/2022,828,848
hCoV-19/England/PHEC-YYRAWH6/2022,828,848
hCoV-19/England/PHEC-YYRAWGM/2022,828,848
hCoV-19/England/PHEC-YYRAW9A/2022,828,848
hCoV-19/England/PHEC-YYRAUFQ/2022,828,848
hCoV-19/England/PHEC-YYRAUA8/2022,828,848
hCoV-19/England/PHEC-YYRAU77/2022,828,848
hCoV-19/England/PHEC-YYRAU65/2022,828,848
hCoV-19/England/PHEC-YYRANAA/2022,828,848
hCoV-19/England/PHEC-YYRAIMY/2022,828,848
hCoV-19/England/PHEC-YYRAIBW/2022,828,848
hCoV-19/England/PHEC-YYRABS7/2022,828,848
hCoV-19/England/PHEC-YYRABHT/2022,828,848
hCoV-19/England/PHEC-YYRA4YT/2022,828,849
hCoV-19/England/PHEC-YYR4YMT/2022,828,849
hCoV-19/England/PHEC-YYR4YKU/2022,828,849
hCoV-19/England/PHEC-YYR4QY3/2022,828,852
hCoV-19/England/PHEC-YYR4QRT/2022,828,852
hCoV-19/England/PHEC-YYR4QNI/2022,828,852
hCoV-19/England/PHEC-YYR4QKF/2022,828,852
hCoV-19/England/PHEC-YYR4QEJ/2022,828,852
hCoV-19/England/PHEC-YYR4QBZ/2022,828,852
hCoV-19/England/PHEC-YYR4Q8M/2022,828,852
hCoV-19/England/PHEC-YYR4PFO/2022,828,852
hCoV-19/England/PHEC-YYR4PAJ/2022,828,852
hCoV-19/England/PHEC-YYR4CX7/2022,828,852
hCoV-19/England/PHEC-YYR4CSQ/2022,828,852
hCoV-19/England/PHEC-YYR4C4G/2022,828,852
hCoV-19/England/PHEC-YYR3SRM/2022,828,849
hCoV-19/England/PHEC-YYR3IWM/2022,828,849
hCoV-19/England/PHEC-YYR1SWA/2022,828,842
hCoV-19/England/PHEC-YYR1SJX/2022,828,842
hCoV-19/England/PHEC-YYR1SET/2022,828,842
hCoV-19/England/PHEC-YYR1SB9/2022,828,842
hCoV-19/England/PHEC-YYR1PI9/2022,828,842
hCoV-19/England/PHEC-YYFBXQQ/2022,828,859
hCoV-19/England/PHEC-YYFBXNG/2022,828,859
hCoV-19/England/PHEC-YYFBQBJ/2022,828,859
hCoV-19/England/LSPA-3D3B17C/2022,828,835
hCoV-19/England/LSPA-3D372AA/2022,828,835
hCoV-19/England/CLIMB-CM7YRERP/2022,828,1310
hCoV-19/England/CLIMB-CM7YR774/2022,828,1310
hCoV-19/England/CLIMB-CM7YMUF1/2022,828,1310
hCoV-19/England/CLIMB-CM7YMU1Q/2022,828,1310
hCoV-19/England/CLIMB-CM7YGMYG/2022,828,1310
hCoV-19/England/CLIMB-CM7YFSHR/2022,828,1310
hCoV-19/England/CLIMB-CM7YFKMI/2022,828,1310
hCoV-19/England/CLIMB-CM7YFI6M/2022,828,1310
hCoV-19/England/CLIMB-CM7YF8HI/2022,828,1310
hCoV-19/England/CLIMB-CM7YEQI9/2022,828,1310
hCoV-19/England/CLIMB-CM7YE5MA/2022,828,1310
hCoV-19/England/CLIMB-CM7Y8PP5/2022,828,1310
hCoV-19/England/PHEC-YYRZXWI/2022,829,848
hCoV-19/England/PHEC-YYRZU8C/2022,829,848
hCoV-19/England/PHEC-YYRZQXB/2022,829,848
hCoV-19/England/PHEC-YYRZQKM/2022,829,848
hCoV-19/England/PHEC-YYRZQ14/2022,829,848
hCoV-19/England/PHEC-YYRZPZT/2022,829,848
hCoV-19/England/PHEC-YYRZPT7/2022,829,848
hCoV-19/England/PHEC-YYRZPKC/2022,829,848
hCoV-19/England/PHEC-YYRZJU7/2022,829,848
hCoV-19/England/PHEC-YYRZJ19/2022,829,848
hCoV-19/England/PHEC-YYRZEZS/2022,829,848
hCoV-19/England/PHEC-YYRZEJU/2022,829,848
hCoV-19/England/PHEC-YYRZC6R/2022,829,848
hCoV-19/England/PHEC-YYRZ166/2022,829,848
hCoV-19/England/PHEC-YYRWR7W/2022,829,845
hCoV-19/England/PHEC-YYRWEA4/2022,829,845
hCoV-19/England/PHEC-YYRWE4S/2022,829,845
hCoV-19/England/PHEC-YYRW9UP/2022,829,845
hCoV-19/England/PHEC-YYRW91X/2022,829,845
hCoV-19/England/PHEC-YYRW7IM/2022,829,845
hCoV-19/England/PHEC-YYRW6FM/2022,829,845
hCoV-19/England/PHEC-YYRUNWK/2022,829,845
hCoV-19/England/PHEC-YYRUNRM/2022,829,845
hCoV-19/England/PHEC-YYRUNQZ/2022,829,845
hCoV-19/England/PHEC-YYRUNJB/2022,829,845
hCoV-19/England/PHEC-YYRUNFJ/2022,829,845
hCoV-19/England/PHEC-YYRUNBT/2022,829,845
hCoV-19/England/PHEC-YYRUNAN/2022,829,845
hCoV-19/England/PHEC-YYRUHQ7/2022,829,845
hCoV-19/England/PHEC-YYRUDXW/2022,829,845
hCoV-19/England/PHEC-YYRUBZF/2022,829,845
hCoV-19/England/PHEC-YYRUBRC/2022,829,845
hCoV-19/England/PHEC-YYRUBAD/2022,829,845
hCoV-19/England/PHEC-YYRUAM8/2022,829,845
hCoV-19/England/PHEC-YYRU7X4/2022,829,845
hCoV-19/England/PHEC-YYRU7OZ/2022,829,845
hCoV-19/England/PHEC-YYRU5UU/2022,829,845
hCoV-19/England/PHEC-YYRU5AJ/2022,829,845
hCoV-19/England/PHEC-YYRU3WU/2022,829,845
hCoV-19/England/PHEC-YYRU3MG/2022,829,845
hCoV-19/England/PHEC-YYRSEDB/2022,829,845
hCoV-19/England/PHEC-YYRSDXQ/2022,829,845
hCoV-19/England/PHEC-YYRSDKA/2022,829,845
hCoV-19/England/PHEC-YYRSD33/2022,829,845
hCoV-19/England/PHEC-YYRS3Q4/2022,829,847
hCoV-19/England/PHEC-YYRS3GK/2022,829,847
hCoV-19/England/PHEC-YYRIYIG/2022,829,845
hCoV-19/England/PHEC-YYRIYDM/2022,829,845
hCoV-19/England/PHEC-YYRIYC3/2022,829,845
hCoV-19/England/PHEC-YYRIWHR/2022,829,845
hCoV-19/England/PHEC-YYRIPKO/2022,829,845
hCoV-19/England/PHEC-YYRINOQ/2022,829,845
hCoV-19/England/PHEC-YYRINIR/2022,829,845
hCoV-19/England/PHEC-YYRIMES/2022,829,845
hCoV-19/England/PHEC-YYRIKXJ/2022,829,845
hCoV-19/England/PHEC-YYRIKTR/2022,829,845
hCoV-19/England/PHEC-YYRIDXO/2022,829,845
hCoV-19/England/PHEC-YYRIDWF/2022,829,845
hCoV-19/England/PHEC-YYRIDTM/2022,829,845
hCoV-19/England/PHEC-YYRIDMA/2022,829,845
hCoV-19/England/PHEC-YYRIDK4/2022,829,845
hCoV-19/England/PHEC-YYRIDCS/2022,829,845
hCoV-19/England/PHEC-YYRIDA7/2022,829,845
hCoV-19/England/PHEC-YYRID5Z/2022,829,845
hCoV-19/England/PHEC-YYRICX8/2022,829,845
hCoV-19/England/PHEC-YYRAYPT/2022,829,848
hCoV-19/England/PHEC-YYRAUEE/2022,829,848
hCoV-19/England/PHEC-YYRAHR8/2022,829,849
hCoV-19/England/PHEC-YYRAHK5/2022,829,849
hCoV-19/England/PHEC-YYRAHGD/2022,829,849
hCoV-19/England/PHEC-YYRAH1K/2022,829,849
hCoV-19/England/PHEC-YYR6SUN/2022,829,855
hCoV-19/England/PHEC-YYR6IOJ/2022,829,855
hCoV-19/England/PHEC-YYR5F15/2022,829,852
hCoV-19/England/PHEC-YYR5DFA/2022,829,852
hCoV-19/England/PHEC-YYR4QDU/2022,829,852
hCoV-19/England/PHEC-YYR4PY4/2022,829,852
hCoV-19/England/PHEC-YYR4N4O/2022,829,849
hCoV-19/England/PHEC-YYR4MHD/2022,829,852
hCoV-19/England/PHEC-YYR4M69/2022,829,852
hCoV-19/England/PHEC-YYR4CZC/2022,829,852
hCoV-19/England/PHEC-YYR4CW1/2022,829,852
hCoV-19/England/PHEC-YYR4CTA/2022,829,852
hCoV-19/England/PHEC-YYR4CAK/2022,829,852
hCoV-19/England/PHEC-YYR4C66/2022,829,852
hCoV-19/England/PHEC-YYR4C5R/2022,829,852
hCoV-19/England/PHEC-YYR4C3E/2022,829,852
hCoV-19/England/PHEC-YYR3SNX/2022,829,849
hCoV-19/England/PHEC-YYR3SG8/2022,829,849
hCoV-19/England/PHEC-YYR3SFJ/2022,829,849
hCoV-19/England/PHEC-YYR3I57/2022,829,849
hCoV-19/England/PHEC-YYR1TZZ/2022,829,842
hCoV-19/England/PHEC-YYFBQ3A/2022,829,859
hCoV-19/England/CLIMB-CM7YRRJ1/2022,829,1310
hCoV-19/England/CLIMB-CM7YRQJH/2022,829,1310
hCoV-19/England/CLIMB-CM7YRJDT/2022,829,1310
hCoV-19/England/CLIMB-CM7YMD6A/2022,829,1310
hCoV-19/England/CLIMB-CM7YMAYO/2022,829,1310
hCoV-19/England/CLIMB-CM7YKUXW/2022,829,1310
hCoV-19/England/CLIMB-CM7YKMQI/2022,829,1310
hCoV-19/England/CLIMB-CM7YKH55/2022,829,1310
hCoV-19/England/CLIMB-CM7YJKR9/2022,829,1310
hCoV-19/England/CLIMB-CM7YGEYK/2022,829,1310
hCoV-19/England/CLIMB-CM7YG8WA/2022,829,1310
hCoV-19/England/CLIMB-CM7YFOXB/2022,829,1310
hCoV-19/England/CLIMB-CM7YFIE9/2022,829,1310
hCoV-19/England/CLIMB-CM7YEHZN/2022,829,1310
