hCoV-19/Scotland/QEUH-3E432F5/2022,830,895
hCoV-19/Scotland/QEUH-3E4328C/2022,830,895
hCoV-19/Scotland/QEUH-3D45397/2022,830,839
hCoV-19/Scotland/QEUH-3D4535B/2022,830,839
hCoV-19/Scotland/QEUH-3D44F49/2022,830,839
hCoV-19/Scotland/QEUH-3D44741/2022,830,839
hCoV-19/Scotland/QEUH-3D43D13/2022,830,839
hCoV-19/England/PHEC-YYRZUXH/2022,830,848
hCoV-19/England/PHEC-YYRZUTZ/2022,830,848
hCoV-19/England/PHEC-YYRZUR1/2022,830,848
hCoV-19/England/PHEC-YYRZUMR/2022,830,848
hCoV-19/England/PHEC-YYRZUKG/2022,830,848
hCoV-19/England/PHEC-YYRZUDW/2022,830,848
hCoV-19/England/PHEC-YYRZU1I/2022,830,848
hCoV-19/England/PHEC-YYRZQWS/2022,830,848
hCoV-19/England/PHEC-YYRZQ5E/2022,830,848
hCoV-19/England/PHEC-YYRZP5J/2022,830,848
hCoV-19/England/PHEC-YYRZP4M/2022,830,848
hCoV-19/England/PHEC-YYRZMKQ/2022,830,848
hCoV-19/England/PHEC-YYRZM8W/2022,830,848
hCoV-19/England/PHEC-YYRZK9R/2022,830,848
hCoV-19/England/PHEC-YYRZK7E/2022,830,848
hCoV-19/England/PHEC-YYRZK5C/2022,830,848
hCoV-19/England/PHEC-YYRZHWE/2022,830,848
hCoV-19/England/PHEC-YYRZGOG/2022,830,848
hCoV-19/England/PHEC-YYRZGDB/2022,830,848
hCoV-19/England/PHEC-YYRZEYF/2022,830,848
hCoV-19/England/PHEC-YYRZEU6/2022,830,848
hCoV-19/England/PHEC-YYRZER7/2022,830,848
hCoV-19/England/PHEC-YYRZEAW/2022,830,848
hCoV-19/England/PHEC-YYRZE8Z/2022,830,848
hCoV-19/England/PHEC-YYRZE7K/2022,830,848
hCoV-19/England/PHEC-YYRZCHE/2022,830,848
hCoV-19/England/PHEC-YYRZ1SQ/2022,830,848
hCoV-19/England/PHEC-YYRZ1IO/2022,830,848
hCoV-19/England/PHEC-YYRZ19H/2022,830,848
hCoV-19/England/PHEC-YYRZ15R/2022,830,848
hCoV-19/England/PHEC-YYRW9QA/2022,830,845
hCoV-19/England/PHEC-YYRW9P4/2022,830,845
hCoV-19/England/PHEC-YYRW9KY/2022,830,845
hCoV-19/England/PHEC-YYRW9CH/2022,830,845
hCoV-19/England/PHEC-YYRW973/2022,830,845
hCoV-19/England/PHEC-YYRW8UF/2022,830,845
hCoV-19/England/PHEC-YYRUNIE/2022,830,845
hCoV-19/England/PHEC-YYRUBGE/2022,830,845
hCoV-19/England/PHEC-YYRUBFK/2022,830,845
hCoV-19/England/PHEC-YYRUAT4/2022,830,845
hCoV-19/England/PHEC-YYRU5WT/2022,830,845
hCoV-19/England/PHEC-YYRU5IX/2022,830,845
hCoV-19/England/PHEC-YYRU51I/2022,830,845
hCoV-19/England/PHEC-YYRSRBJ/2022,830,845
hCoV-19/England/PHEC-YYRSKWH/2022,830,845
hCoV-19/England/PHEC-YYRSKQJ/2022,830,845
hCoV-19/England/PHEC-YYRSKPM/2022,830,845
hCoV-19/England/PHEC-YYRSKI4/2022,830,845
hCoV-19/England/PHEC-YYRSKHC/2022,830,845
hCoV-19/England/PHEC-YYRSK9G/2022,830,845
hCoV-19/England/PHEC-YYRSK8Z/2022,830,845
hCoV-19/England/PHEC-YYRSK5Q/2022,830,845
hCoV-19/England/PHEC-YYRSK31/2022,830,845
hCoV-19/England/PHEC-YYRSJ98/2022,830,845
hCoV-19/England/PHEC-YYRSDTJ/2022,830,845
hCoV-19/England/PHEC-YYRSDS9/2022,830,845
hCoV-19/England/PHEC-YYRSDIB/2022,830,845
hCoV-19/England/PHEC-YYRSDA5/2022,830,845
hCoV-19/England/PHEC-YYRSD5I/2022,830,845
hCoV-19/England/PHEC-YYRSD18/2022,830,845
hCoV-19/England/PHEC-YYRS1GT/2022,830,846
hCoV-19/England/PHEC-YYRIY91/2022,830,845
hCoV-19/England/PHEC-YYRIQUH/2022,830,845
hCoV-19/England/PHEC-YYRIQ16/2022,830,845
hCoV-19/England/PHEC-YYRINDJ/2022,830,845
hCoV-19/England/PHEC-YYRINCZ/2022,830,845
hCoV-19/England/PHEC-YYRIN5A/2022,830,845
hCoV-19/England/PHEC-YYRIH4Y/2022,830,845
hCoV-19/England/PHEC-YYRIDID/2022,830,845
hCoV-19/England/PHEC-YYRICTN/2022,830,845
hCoV-19/England/PHEC-YYRICI4/2022,830,845
hCoV-19/England/PHEC-YYRICBD/2022,830,845
hCoV-19/England/PHEC-YYRIBGR/2022,830,845
hCoV-19/England/PHEC-YYRHMRO/2022,830,852
hCoV-19/England/PHEC-YYRHJKG/2022,830,852
hCoV-19/England/PHEC-YYRAK4C/2022,830,848
hCoV-19/England/PHEC-YYRAD7P/2022,830,848
hCoV-19/England/PHEC-YYRABI9/2022,830,848
hCoV-19/England/PHEC-YYR6SPX/2022,830,855
hCoV-19/England/PHEC-YYR6FDW/2022,830,854
hCoV-19/England/PHEC-YYR5FT7/2022,830,852
hCoV-19/England/PHEC-YYR5DKQ/2022,830,852
hCoV-19/England/PHEC-YYR4YOG/2022,830,849
hCoV-19/England/PHEC-YYR4YIH/2022,830,849
hCoV-19/England/PHEC-YYR4PQ6/2022,830,852
hCoV-19/England/PHEC-YYR4PMR/2022,830,852
hCoV-19/England/PHEC-YYR4PKG/2022,830,852
hCoV-19/England/PHEC-YYR4PEK/2022,830,852
hCoV-19/England/PHEC-YYR4P79/2022,830,852
hCoV-19/England/PHEC-YYR4P5D/2022,830,852
hCoV-19/England/PHEC-YYR4P4F/2022,830,852
hCoV-19/England/PHEC-YYR4NHC/2022,830,849
hCoV-19/England/PHEC-YYR4E5E/2022,830,849
hCoV-19/England/PHEC-YYR3SXI/2022,830,849
hCoV-19/England/PHEC-YYR3SP3/2022,830,849
hCoV-19/England/PHEC-YYR3SO1/2022,830,849
hCoV-19/England/PHEC-YYR3SK9/2022,830,849
hCoV-19/England/PHEC-YYR3SC5/2022,830,849
hCoV-19/England/PHEC-YYR3IH5/2022,830,849
hCoV-19/England/CLIMB-CM7YRMH4/2022,830,1310
hCoV-19/England/CLIMB-CM7YRHPD/2022,830,1310
hCoV-19/England/CLIMB-CM7YFX4J/2022,830,1310
hCoV-19/England/CLIMB-CM7YEYDA/2022,830,1310
hCoV-19/England/CLIMB-CM7YEIOF/2022,830,1310
hCoV-19/England/CLIMB-CM7YE55D/2022,830,1310
hCoV-19/England/CLIMB-CM7Y8NQ9/2022,830,1310
hCoV-19/Wales/PHWC-PJ3C7D/2022,831,852
hCoV-19/Scotland/QEUH-3E2CA63/2022,831,884
hCoV-19/Scotland/QEUH-3D4B434/2022,831,839
hCoV-19/Scotland/EDB58368/2022,831,859
hCoV-19/England/PHEP-YYR4JEQ/2022,831,847
hCoV-19/England/PHEC-YYRZWX5/2022,831,848
hCoV-19/England/PHEC-YYRZWRT/2022,831,848
hCoV-19/England/PHEC-YYRZWOA/2022,831,848
hCoV-19/England/PHEC-YYRZWBZ/2022,831,848
hCoV-19/England/PHEC-YYRZW76/2022,831,848
hCoV-19/England/PHEC-YYRZW4R/2022,831,848
hCoV-19/England/PHEC-YYRZUWT/2022,831,848
hCoV-19/England/PHEC-YYRZUQ6/2022,831,848
hCoV-19/England/PHEC-YYRZUJE/2022,831,848
hCoV-19/England/PHEC-YYRZUIX/2022,831,848
hCoV-19/England/PHEC-YYRZUEK/2022,831,848
hCoV-19/England/PHEC-YYRZSP7/2022,831,848
hCoV-19/England/PHEC-YYRZRWY/2022,831,847
hCoV-19/England/PHEC-YYRZRQP/2022,831,847
hCoV-19/England/PHEC-YYRZROE/2022,831,847
hCoV-19/England/PHEC-YYRZRNF/2022,831,847
hCoV-19/England/PHEC-YYRZRJZ/2022,831,847
hCoV-19/England/PHEC-YYRZRG7/2022,831,847
hCoV-19/England/PHEC-YYRZR9K/2022,831,847
hCoV-19/England/PHEC-YYRZQFI/2022,831,848
hCoV-19/England/PHEC-YYRZN9C/2022,831,847
hCoV-19/England/PHEC-YYRZMW3/2022,831,848
hCoV-19/England/PHEC-YYRZMT9/2022,831,848
hCoV-19/England/PHEC-YYRZMR4/2022,831,848
hCoV-19/England/PHEC-YYRZKTY/2022,831,848
hCoV-19/England/PHEC-YYRZKR5/2022,831,848
hCoV-19/England/PHEC-YYRZKD7/2022,831,848
hCoV-19/England/PHEC-YYRZKCM/2022,831,848
hCoV-19/England/PHEC-YYRZK4Q/2022,831,848
hCoV-19/England/PHEC-YYRZJHM/2022,831,848
hCoV-19/England/PHEC-YYRZJAU/2022,831,848
hCoV-19/England/PHEC-YYRZIRO/2022,831,848
hCoV-19/England/PHEC-YYRZIOZ/2022,831,848
hCoV-19/England/PHEC-YYRZI8K/2022,831,848
hCoV-19/England/PHEC-YYRZGZA/2022,831,848
hCoV-19/England/PHEC-YYRZGXJ/2022,831,848
hCoV-19/England/PHEC-YYRZGW6/2022,831,848
hCoV-19/England/PHEC-YYRZGPP/2022,831,848
hCoV-19/England/PHEC-YYRZGAS/2022,831,848
hCoV-19/England/PHEC-YYRZG3W/2022,831,848
hCoV-19/England/PHEC-YYRZG1N/2022,831,848
hCoV-19/England/PHEC-YYRZF9J/2022,831,848
hCoV-19/England/PHEC-YYRZDZ5/2022,831,847
hCoV-19/England/PHEC-YYRZDWB/2022,831,847
hCoV-19/England/PHEC-YYRZDUD/2022,831,847
hCoV-19/England/PHEC-YYRZDS7/2022,831,847
hCoV-19/England/PHEC-YYRZDRN/2022,831,847
hCoV-19/England/PHEC-YYRZDQQ/2022,831,847
hCoV-19/England/PHEC-YYRZDA3/2022,831,847
hCoV-19/England/PHEC-YYRZD9M/2022,831,847
hCoV-19/England/PHEC-YYRZD8H/2022,831,847
hCoV-19/England/PHEC-YYRZD7X/2022,831,847
hCoV-19/England/PHEC-YYRZD5U/2022,831,847
hCoV-19/England/PHEC-YYRZD3Z/2022,831,847
hCoV-19/England/PHEC-YYRZD1F/2022,831,847
hCoV-19/England/PHEC-YYRZCWA/2022,831,848
hCoV-19/England/PHEC-YYRZCT6/2022,831,848
hCoV-19/England/PHEC-YYRZCQF/2022,831,848
hCoV-19/England/PHEC-YYRZCP8/2022,831,848
hCoV-19/England/PHEC-YYRZCIS/2022,831,848
hCoV-19/England/PHEC-YYRZC9N/2022,831,848
hCoV-19/England/PHEC-YYRZC8U/2022,831,848
hCoV-19/England/PHEC-YYRZC5K/2022,831,848
hCoV-19/England/PHEC-YYRZC1H/2022,831,848
hCoV-19/England/PHEC-YYRZAQ3/2022,831,848
hCoV-19/England/PHEC-YYRZAC7/2022,831,848
hCoV-19/England/PHEC-YYRZ9A7/2022,831,848
hCoV-19/England/PHEC-YYRZ97U/2022,831,848
hCoV-19/England/PHEC-YYRZ95Z/2022,831,848
hCoV-19/England/PHEC-YYRZ8TD/2022,831,848
hCoV-19/England/PHEC-YYRZ8R6/2022,831,848
hCoV-19/England/PHEC-YYRZ8QK/2022,831,848
hCoV-19/England/PHEC-YYRZ8PC/2022,831,848
hCoV-19/England/PHEC-YYRZ8DY/2022,831,848
hCoV-19/England/PHEC-YYRZ8AI/2022,831,848
hCoV-19/England/PHEC-YYRZ41Q/2022,831,848
hCoV-19/England/PHEC-YYRZ13E/2022,831,848
hCoV-19/England/PHEC-YYRW957/2022,831,845
hCoV-19/England/PHEC-YYRUBJN/2022,831,845
hCoV-19/England/PHEC-YYRSZCY/2022,831,846
hCoV-19/England/PHEC-YYRSYQU/2022,831,845
hCoV-19/England/PHEC-YYRSYA6/2022,831,845
hCoV-19/England/PHEC-YYRSKX8/2022,831,845
hCoV-19/England/PHEC-YYRSK4O/2022,831,845
hCoV-19/England/PHEC-YYRSDRR/2022,831,845
hCoV-19/England/PHEC-YYRSD6X/2022,831,845
hCoV-19/England/PHEC-YYRS4XZ/2022,831,847
hCoV-19/England/PHEC-YYRIQYD/2022,831,845
hCoV-19/England/PHEC-YYRIQJT/2022,831,845
hCoV-19/England/PHEC-YYRIQCM/2022,831,845
hCoV-19/England/PHEC-YYRIQBB/2022,831,845
hCoV-19/England/PHEC-YYRIQ8I/2022,831,845
hCoV-19/England/PHEC-YYRIHT1/2022,831,845
hCoV-19/England/PHEC-YYRIH3N/2022,831,845
hCoV-19/England/PHEC-YYRI63Y/2022,831,845
hCoV-19/England/PHEC-YYRI61Q/2022,831,845
hCoV-19/England/PHEC-YYRI5WP/2022,831,845
hCoV-19/England/PHEC-YYRHMOZ/2022,831,852
hCoV-19/England/PHEC-YYRHKRT/2022,831,852
hCoV-19/England/PHEC-YYRHKNI/2022,831,852
hCoV-19/England/PHEC-YYRHJSP/2022,831,852
hCoV-19/England/PHEC-YYRHJNS/2022,831,852
hCoV-19/England/PHEC-YYRHJIX/2022,831,852
hCoV-19/England/PHEC-YYRHJ95/2022,831,852
hCoV-19/England/PHEC-YYRAYBJ/2022,831,848
hCoV-19/England/PHEC-YYRANWY/2022,831,848
hCoV-19/England/PHEC-YYRAMD4/2022,831,848
hCoV-19/England/PHEC-YYRAKT6/2022,831,848
hCoV-19/England/PHEC-YYRAKET/2022,831,848
hCoV-19/England/PHEC-YYRAD1D/2022,831,848
hCoV-19/England/PHEC-YYRABWB/2022,831,848
hCoV-19/England/PHEC-YYRAB6P/2022,831,848
hCoV-19/England/PHEC-YYR6ZTF/2022,831,855
hCoV-19/England/PHEC-YYR6REM/2022,831,853
hCoV-19/England/PHEC-YYR6RB3/2022,831,853
hCoV-19/England/PHEC-YYR6N3K/2022,831,853
hCoV-19/England/PHEC-YYR5PZJ/2022,831,852
hCoV-19/England/PHEC-YYR5PYA/2022,831,852
hCoV-19/England/PHEC-YYR5PRO/2022,831,852
hCoV-19/England/PHEC-YYR5PKR/2022,831,852
hCoV-19/England/PHEC-YYR5PH9/2022,831,852
hCoV-19/England/PHEC-YYR5PFQ/2022,831,852
hCoV-19/England/PHEC-YYR5PD1/2022,831,852
hCoV-19/England/PHEC-YYR5PA8/2022,831,852
hCoV-19/England/PHEC-YYR5P8K/2022,831,852
hCoV-19/England/PHEC-YYR5C76/2022,831,852
hCoV-19/England/PHEC-YYR4PTZ/2022,831,852
hCoV-19/England/PHEC-YYR4M97/2022,831,852
hCoV-19/England/PHEC-YYR4JDA/2022,831,849
hCoV-19/England/PHEC-YYR4CK8/2022,831,852
hCoV-19/England/PHEC-YYR3ZWJ/2022,831,849
hCoV-19/England/PHEC-YYR3ZSF/2022,831,849
hCoV-19/England/PHEC-YYR3ZRK/2022,831,849
hCoV-19/England/PHEC-YYR3ZBO/2022,831,849
hCoV-19/England/PHEC-YYR3Z47/2022,831,849
hCoV-19/England/PHEC-YYR3SYU/2022,831,849
hCoV-19/England/PHEC-YYR3SIE/2022,831,849
hCoV-19/England/PHEC-YYR3S1Q/2022,831,849
hCoV-19/England/PHEC-YYR3IXS/2022,831,849
hCoV-19/England/PHEC-YYR3IQA/2022,831,849
hCoV-19/England/PHEC-YYR3I6Z/2022,831,849
hCoV-19/England/CLIMB-CM7YKB7U/2022,831,1310
hCoV-19/England/CLIMB-CM7YJQRJ/2022,831,1310
hCoV-19/England/PHEC-YYRZUSP/2022,832,848
hCoV-19/England/PHEC-YYRZUHB/2022,832,848
hCoV-19/England/PHEC-YYRZUAJ/2022,832,848
hCoV-19/England/PHEC-YYRZU95/2022,832,848
hCoV-19/England/PHEC-YYRZRZ4/2022,832,847
hCoV-19/England/PHEC-YYRZRXM/2022,832,847
hCoV-19/England/PHEC-YYRZRTG/2022,832,847
hCoV-19/England/PHEC-YYRZRPX/2022,832,847
hCoV-19/England/PHEC-YYRZRKI/2022,832,847
hCoV-19/England/PHEC-YYRZRI6/2022,832,847
hCoV-19/England/PHEC-YYRZRE3/2022,832,847
hCoV-19/England/PHEC-YYRZRDD/2022,832,847
hCoV-19/England/PHEC-YYRZRAA/2022,832,847
hCoV-19/England/PHEC-YYRZR51/2022,832,847
hCoV-19/England/PHEC-YYRZR4W/2022,832,847
hCoV-19/England/PHEC-YYRZR3S/2022,832,847
hCoV-19/England/PHEC-YYRZR1R/2022,832,847
hCoV-19/England/PHEC-YYRZNZH/2022,832,847
hCoV-19/England/PHEC-YYRZNXP/2022,832,847
hCoV-19/England/PHEC-YYRZNWN/2022,832,847
hCoV-19/England/PHEC-YYRZNS6/2022,832,847
hCoV-19/England/PHEC-YYRZNQX/2022,832,847
hCoV-19/England/PHEC-YYRZNIY/2022,832,847
hCoV-19/England/PHEC-YYRZNH1/2022,832,847
hCoV-19/England/PHEC-YYRZNA4/2022,832,847
hCoV-19/England/PHEC-YYRZN4S/2022,832,847
hCoV-19/England/PHEC-YYRZN3A/2022,832,847
hCoV-19/England/PHEC-YYRZMIZ/2022,832,848
hCoV-19/England/PHEC-YYRZMHJ/2022,832,848
hCoV-19/England/PHEC-YYRZM78/2022,832,848
hCoV-19/England/PHEC-YYRZM4P/2022,832,848
hCoV-19/England/PHEC-YYRZKON/2022,832,848
hCoV-19/England/PHEC-YYRZJPK/2022,832,848
hCoV-19/England/PHEC-YYRZIYA/2022,832,848
hCoV-19/England/PHEC-YYRZIBS/2022,832,848
hCoV-19/England/PHEC-YYRZFYE/2022,832,847
hCoV-19/England/PHEC-YYRZFXK/2022,832,848
hCoV-19/England/PHEC-YYRZFW9/2022,832,848
hCoV-19/England/PHEC-YYRZFUB/2022,832,848
hCoV-19/England/PHEC-YYRZFTF/2022,832,848
hCoV-19/England/PHEC-YYRZFQC/2022,832,848
hCoV-19/England/PHEC-YYRZFO8/2022,832,848
hCoV-19/England/PHEC-YYRZFHX/2022,832,848
hCoV-19/England/PHEC-YYRZFDN/2022,832,847
hCoV-19/England/PHEC-YYRZFBG/2022,832,847
hCoV-19/England/PHEC-YYRZF6M/2022,832,848
hCoV-19/England/PHEC-YYRZF1D/2022,832,848
hCoV-19/England/PHEC-YYRZDXC/2022,832,847
hCoV-19/England/PHEC-YYRZDPO/2022,832,847
hCoV-19/England/PHEC-YYRZDNG/2022,832,847
hCoV-19/England/PHEC-YYRZDJA/2022,832,847
hCoV-19/England/PHEC-YYRZDHT/2022,832,847
hCoV-19/England/PHEC-YYRZDFY/2022,832,847
hCoV-19/England/PHEC-YYRZDBE/2022,832,847
hCoV-19/England/PHEC-YYRZD6P/2022,832,847
hCoV-19/England/PHEC-YYRZD4I/2022,832,847
hCoV-19/England/PHEC-YYRZCYB/2022,832,848
hCoV-19/England/PHEC-YYRZCMM/2022,832,848
hCoV-19/England/PHEC-YYRZAIK/2022,832,848
hCoV-19/England/PHEC-YYRZ8FH/2022,832,848
hCoV-19/England/PHEC-YYRZ8CQ/2022,832,848
hCoV-19/England/PHEC-YYRZ5WJ/2022,832,848
hCoV-19/England/PHEC-YYRZ51P/2022,832,848
hCoV-19/England/PHEC-YYRZ3JN/2022,832,848
hCoV-19/England/PHEC-YYRSYWG/2022,832,845
hCoV-19/England/PHEC-YYRSYDJ/2022,832,845
hCoV-19/England/PHEC-YYRSYCZ/2022,832,845
hCoV-19/England/PHEC-YYRSY9O/2022,832,845
hCoV-19/England/PHEC-YYRHKWO/2022,832,852
hCoV-19/England/PHEC-YYRHKOA/2022,832,852
hCoV-19/England/PHEC-YYRHKGP/2022,832,852
hCoV-19/England/PHEC-YYRHKFX/2022,832,852
hCoV-19/England/PHEC-YYRHJHB/2022,832,852
hCoV-19/England/PHEC-YYRHJAJ/2022,832,852
hCoV-19/England/PHEC-YYRHJ5D/2022,832,852
hCoV-19/England/PHEC-YYRHGN3/2022,832,852
hCoV-19/England/PHEC-YYRHDU3/2022,832,852
hCoV-19/England/PHEC-YYRHDPG/2022,832,852
hCoV-19/England/PHEC-YYRAMRA/2022,832,848
hCoV-19/England/PHEC-YYRAKR3/2022,832,848
hCoV-19/England/PHEC-YYRAK9N/2022,832,848
hCoV-19/England/PHEC-YYRAK1H/2022,832,848
hCoV-19/England/PHEC-YYRADBG/2022,832,848
hCoV-19/England/PHEC-YYR6Z1D/2022,832,855
hCoV-19/England/PHEC-YYR6SG7/2022,832,855
hCoV-19/England/PHEC-YYR6S1R/2022,832,855
hCoV-19/England/PHEC-YYR6RIO/2022,832,854
hCoV-19/England/PHEC-YYR6I9M/2022,832,855
hCoV-19/England/PHEC-YYR6DNA/2022,832,853
hCoV-19/England/PHEC-YYR5ROY/2022,832,852
hCoV-19/England/PHEC-YYR5RGI/2022,832,852
hCoV-19/England/PHEC-YYR5RCJ/2022,832,852
hCoV-19/England/PHEC-YYR5PX4/2022,832,852
hCoV-19/England/PHEC-YYR5PWX/2022,832,852
hCoV-19/England/PHEC-YYR5PUT/2022,832,852
hCoV-19/England/PHEC-YYR5PSM/2022,832,852
hCoV-19/England/PHEC-YYR5POZ/2022,832,852
hCoV-19/England/PHEC-YYR5P1U/2022,832,852
hCoV-19/England/PHEC-YYR5JYH/2022,832,852
hCoV-19/England/PHEC-YYR5JNA/2022,832,852
hCoV-19/England/PHEC-YYR5JGO/2022,832,852
hCoV-19/England/PHEC-YYR5CZK/2022,832,852
hCoV-19/England/PHEC-YYR5CX5/2022,832,852
hCoV-19/England/PHEC-YYR5CWO/2022,832,852
hCoV-19/England/PHEC-YYR5CIQ/2022,832,852
hCoV-19/England/PHEC-YYR5C5N/2022,832,852
hCoV-19/England/PHEC-YYR5C3G/2022,832,852
hCoV-19/England/PHEC-YYR3ZXW/2022,832,849
hCoV-19/England/PHEC-YYR3ZUM/2022,832,849
hCoV-19/England/PHEC-YYR3ZPA/2022,832,849
hCoV-19/England/PHEC-YYR3ZMH/2022,832,849
hCoV-19/England/PHEC-YYR3ZEN/2022,832,849
hCoV-19/England/PHEC-YYR3ZC4/2022,832,849
hCoV-19/England/PHEC-YYR3ZAB/2022,832,849
hCoV-19/England/PHEC-YYR3Z55/2022,832,849
hCoV-19/England/PHEC-YYR3WRP/2022,832,849
hCoV-19/England/PHEC-YYR3S9W/2022,832,849
hCoV-19/England/PHEC-YYR3S7A/2022,832,849
hCoV-19/England/PHEC-YYR3IKY/2022,832,849
hCoV-19/England/PHEC-YYR3461/2022,832,849
hCoV-19/England/PHEC-YYFBMDE/2022,832,859
hCoV-19/England/PHEC-YYRZFZ3/2022,833,848
hCoV-19/England/PHEC-YYRZ4QZ/2022,833,848
hCoV-19/England/PHEC-YYRZ4JB/2022,833,848
hCoV-19/England/PHEC-YYRZ4C5/2022,833,848
hCoV-19/England/PHEC-YYRZ373/2022,833,848
hCoV-19/England/PHEC-YYRHZHU/2022,833,852
hCoV-19/England/PHEC-YYR9WUN/2022,833,856
hCoV-19/England/PHEC-YYR9WCT/2022,833,856
hCoV-19/England/PHEC-YYR9NDI/2022,833,856
hCoV-19/England/PHEC-YYR6ZGH/2022,833,855
hCoV-19/England/PHEC-YYR6ZDN/2022,833,855
hCoV-19/England/PHEC-YYR6Y14/2022,833,853
hCoV-19/England/PHEC-YYR6TDE/2022,833,855
hCoV-19/England/PHEC-YYR6SYJ/2022,833,855
hCoV-19/England/PHEC-YYR6SWY/2022,833,855
hCoV-19/England/PHEC-YYR6STG/2022,833,855
hCoV-19/England/PHEC-YYR6SRB/2022,833,855
hCoV-19/England/PHEC-YYR6SJZ/2022,833,855
hCoV-19/England/PHEC-YYR6S7Q/2022,833,855
hCoV-19/England/PHEC-YYR6RX7/2022,833,854
hCoV-19/England/PHEC-YYR6NI1/2022,833,853
hCoV-19/England/PHEC-YYR6NDZ/2022,833,853
hCoV-19/England/PHEC-YYR6IHT/2022,833,855
hCoV-19/England/PHEC-YYR6IA3/2022,833,855
hCoV-19/England/PHEC-YYR6DWU/2022,833,853
hCoV-19/England/PHEC-YYR5ZWF/2022,833,852
hCoV-19/England/PHEC-YYR5Z43/2022,833,852
hCoV-19/England/PHEC-YYR5RSW/2022,833,852
hCoV-19/England/PHEC-YYR5RB9/2022,833,852
hCoV-19/England/PHEC-YYR5RAO/2022,833,852
hCoV-19/England/PHEC-YYR5R4C/2022,833,852
hCoV-19/England/PHEC-YYR5QZE/2022,833,852
hCoV-19/England/PHEC-YYR5QWQ/2022,833,852
hCoV-19/England/PHEC-YYR5QP7/2022,833,852
hCoV-19/England/PHEC-YYR5QOS/2022,833,852
hCoV-19/England/PHEC-YYR5QC9/2022,833,852
hCoV-19/England/PHEC-YYR5Q11/2022,833,852
hCoV-19/England/PHEC-YYR5MY4/2022,833,852
hCoV-19/England/PHEC-YYR5MUU/2022,833,852
hCoV-19/England/PHEC-YYR5MSP/2022,833,852
hCoV-19/England/PHEC-YYR5MR1/2022,833,852
hCoV-19/England/PHEC-YYR5MQ6/2022,833,852
hCoV-19/England/PHEC-YYR5MO3/2022,833,852
hCoV-19/England/PHEC-YYR5MDW/2022,833,852
hCoV-19/England/PHEC-YYR5M79/2022,833,852
hCoV-19/England/PHEC-YYR5M67/2022,833,852
hCoV-19/England/PHEC-YYR5KSQ/2022,833,852
hCoV-19/England/PHEC-YYR5KQ9/2022,833,852
hCoV-19/England/PHEC-YYR5KNZ/2022,833,852
hCoV-19/England/PHEC-YYR5KCD/2022,833,852
hCoV-19/England/PHEC-YYR5KB3/2022,833,852
hCoV-19/England/PHEC-YYR5KAK/2022,833,852
hCoV-19/England/PHEC-YYR5K9H/2022,833,852
hCoV-19/England/PHEC-YYR5K5R/2022,833,852
hCoV-19/England/PHEC-YYR5K3E/2022,833,852
hCoV-19/England/PHEC-YYR5K1S/2022,833,852
hCoV-19/England/PHEC-YYR5JX6/2022,833,852
hCoV-19/England/PHEC-YYR5JUI/2022,833,852
hCoV-19/England/PHEC-YYR5JSX/2022,833,852
hCoV-19/England/PHEC-YYR5JHD/2022,833,852
hCoV-19/England/PHEC-YYR5JAM/2022,833,852
hCoV-19/England/PHEC-YYR5J7B/2022,833,852
hCoV-19/England/PHEC-YYR5J48/2022,833,852
hCoV-19/England/PHEC-YYR5DZU/2022,833,852
hCoV-19/England/PHEC-YYR5DR4/2022,833,852
hCoV-19/England/PHEC-YYR5DMC/2022,833,852
hCoV-19/England/PHEC-YYR5DAT/2022,833,852
hCoV-19/England/PHEC-YYR5D6F/2022,833,852
hCoV-19/England/PHEC-YYR5CRT/2022,833,852
hCoV-19/England/PHEC-YYR5CP9/2022,833,852
hCoV-19/England/PHEC-YYR5CNI/2022,833,852
hCoV-19/England/PHEC-YYR5CMD/2022,833,852
hCoV-19/England/PHEC-YYR5CJ8/2022,833,852
hCoV-19/England/PHEC-YYR5CDU/2022,833,852
hCoV-19/England/PHEC-YYR5C8M/2022,833,852
hCoV-19/England/PHEC-YYR5AQT/2022,833,852
hCoV-19/England/PHEC-YYR54FB/2022,833,852
hCoV-19/England/PHEC-YYR54CU/2022,833,852
hCoV-19/England/PHEC-YYR4X1U/2022,833,852
hCoV-19/England/PHEC-YYR4MQY/2022,833,849
hCoV-19/England/PHEC-YYR4JZX/2022,833,849
hCoV-19/England/PHEC-YYR4JO7/2022,833,849
hCoV-19/England/PHEC-YYR4J13/2022,833,849
hCoV-19/England/PHEC-YYR3ZH3/2022,833,849
hCoV-19/England/PHEC-YYR3Z1P/2022,833,849
hCoV-19/England/PHEC-YYR3WNT/2022,833,849
hCoV-19/England/PHEC-YYR3U59/2022,833,849
hCoV-19/England/PHEC-YYR34IR/2022,833,849
hCoV-19/England/PHEC-YYFGM3T/2022,833,866
hCoV-19/England/PHEC-YY8F8O8/2022,833,1027
hCoV-19/Scotland/QEUH-3D68501/2022,834,842
hCoV-19/Scotland/QEUH-3D67405/2022,834,842
hCoV-19/Scotland/QEUH-3D673CC/2022,834,842
hCoV-19/Scotland/QEUH-3D65FCA/2022,834,842
hCoV-19/England/PHEC-YYRHEUW/2022,834,852
hCoV-19/England/PHEC-YYRH6PM/2022,834,852
hCoV-19/England/PHEC-YYR9WPX/2022,834,856
hCoV-19/England/PHEC-YYR9WOE/2022,834,856
hCoV-19/England/PHEC-YYR9UJA/2022,834,856
hCoV-19/England/PHEC-YYR9U1F/2022,834,856
hCoV-19/England/PHEC-YYR9SND/2022,834,856
hCoV-19/England/PHEC-YYR9IW9/2022,834,856
hCoV-19/England/PHEC-YYR6O7W/2022,834,855
hCoV-19/England/PHEC-YYR6NHR/2022,834,853
hCoV-19/England/PHEC-YYR6NCF/2022,834,853
hCoV-19/England/PHEC-YYR5ZSB/2022,834,852
hCoV-19/England/PHEC-YYR5ZQ1/2022,834,852
hCoV-19/England/PHEC-YYR5ZA7/2022,834,852
hCoV-19/England/PHEC-YYR5Z1J/2022,834,852
hCoV-19/England/PHEC-YYR5XRQ/2022,834,852
hCoV-19/England/PHEC-YYR5XJR/2022,834,852
hCoV-19/England/PHEC-YYR5XEG/2022,834,852
hCoV-19/England/PHEC-YYR5XBW/2022,834,852
hCoV-19/England/PHEC-YYR5W1C/2022,834,852
hCoV-19/England/PHEC-YYR5QSK/2022,834,852
hCoV-19/England/PHEC-YYR5QMB/2022,834,852
hCoV-19/England/PHEC-YYR5QJF/2022,834,852
hCoV-19/England/PHEC-YYR5QH6/2022,834,852
hCoV-19/England/PHEC-YYR5QFP/2022,834,852
hCoV-19/England/PHEC-YYR5QE8/2022,834,852
hCoV-19/England/PHEC-YYR5QBI/2022,834,852
hCoV-19/England/PHEC-YYR5QAG/2022,834,852
hCoV-19/England/PHEC-YYR5Q4N/2022,834,852
hCoV-19/England/PHEC-YYR5Q3R/2022,834,852
hCoV-19/England/PHEC-YYR5D9D/2022,834,852
hCoV-19/England/PHEC-YYR5CY3/2022,834,852
hCoV-19/England/PHEC-YYR5APU/2022,834,852
hCoV-19/England/PHEC-YYR5AOC/2022,834,852
hCoV-19/England/PHEC-YYR5ANJ/2022,834,852
hCoV-19/England/PHEC-YYR5AMZ/2022,834,852
hCoV-19/England/PHEC-YYR5AJ5/2022,834,852
hCoV-19/England/PHEC-YYR5AFD/2022,834,852
hCoV-19/England/PHEC-YYR5AE7/2022,834,852
hCoV-19/England/PHEC-YYR5A89/2022,834,852
hCoV-19/England/PHEC-YYR54RD/2022,834,852
hCoV-19/England/PHEC-YYR4XQH/2022,834,852
hCoV-19/England/PHEC-YYR4QTS/2022,834,852
hCoV-19/England/PHEC-YYR4MZP/2022,834,849
hCoV-19/England/PHEC-YYR4MT3/2022,834,849
hCoV-19/England/PHEC-YYR4MSX/2022,834,849
hCoV-19/England/PHEC-YYR4MKE/2022,834,849
hCoV-19/England/PHEC-YYR4MDS/2022,834,849
hCoV-19/England/PHEC-YYR4M8Q/2022,834,849
hCoV-19/England/PHEC-YYR4KZQ/2022,834,849
hCoV-19/England/PHEC-YYR4KY7/2022,834,849
hCoV-19/England/PHEC-YYR4KSO/2022,834,849
hCoV-19/England/PHEC-YYR4KB5/2022,834,849
hCoV-19/England/PHEC-YYR4KAC/2022,834,849
hCoV-19/England/PHEC-YYR4K7N/2022,834,849
hCoV-19/England/PHEC-YYR4K5G/2022,834,849
hCoV-19/England/PHEC-YYR4K4E/2022,834,849
hCoV-19/England/PHEC-YYR4K3K/2022,834,849
hCoV-19/England/PHEC-YYR4JPR/2022,834,849
hCoV-19/England/PHEC-YYR3MUZ/2022,834,849
hCoV-19/England/PHEC-YYR3JPG/2022,834,849
hCoV-19/England/PHEC-YYFYSMX/2022,834,859
hCoV-19/England/PHEC-YYFYSG3/2022,834,859
hCoV-19/England/PHEC-YYFYSEI/2022,834,859
hCoV-19/England/PHEC-YYFYPSB/2022,834,859
hCoV-19/England/PHEC-YYFYIXE/2022,834,859
hCoV-19/England/PHEC-YYFYIQK/2022,834,859
hCoV-19/England/PHEC-YYFYICQ/2022,834,859
hCoV-19/England/PHEC-YYFN1JU/2022,834,861
hCoV-19/England/PHEC-YYFGM5P/2022,834,866
hCoV-19/England/PHEC-YYFBZMC/2022,834,859
hCoV-19/England/PHEC-YYFBZ4P/2022,834,859
hCoV-19/England/PHEC-YYFBUES/2022,834,859
hCoV-19/England/CLIMB-CM7YGEBA/2022,834,1310
hCoV-19/England/CLIMB-CM7YEP64/2022,834,1310
hCoV-19/Scotland/QEUH-3E36389/2022,835,888
hCoV-19/Scotland/QEUH-3D71550/2022,835,842
hCoV-19/England/PHEC-YYRHWJ7/2022,835,852
hCoV-19/England/PHEC-YYRH4E3/2022,835,852
hCoV-19/England/PHEC-YYR9UWB/2022,835,856
hCoV-19/England/PHEC-YYR9IUB/2022,835,856
hCoV-19/England/PHEC-YYR9IO8/2022,835,856
hCoV-19/England/PHEC-YYR9IBG/2022,835,856
hCoV-19/England/PHEC-YYR7KE8/2022,835,852
hCoV-19/England/PHEC-YYR7K3R/2022,835,852
hCoV-19/England/PHEC-YYR6YS1/2022,835,853
hCoV-19/England/PHEC-YYR6OTC/2022,835,855
hCoV-19/England/PHEC-YYR6OM3/2022,835,855
hCoV-19/England/PHEC-YYR6NOH/2022,835,853
hCoV-19/England/PHEC-YYR6NB5/2022,835,853
hCoV-19/England/PHEC-YYR6KZG/2022,835,854
hCoV-19/England/PHEC-YYR6KWC/2022,835,854
hCoV-19/England/PHEC-YYR6KIK/2022,835,854
hCoV-19/England/PHEC-YYR6JKN/2022,835,854
hCoV-19/England/PHEC-YYR6HR5/2022,835,855
hCoV-19/England/PHEC-YYR6HEU/2022,835,855
hCoV-19/England/PHEC-YYR6FQ6/2022,835,854
hCoV-19/England/PHEC-YYR6E9A/2022,835,854
hCoV-19/England/PHEC-YYR6BN4/2022,835,853
hCoV-19/England/PHEC-YYR6BDA/2022,835,853
hCoV-19/England/PHEC-YYR6B7D/2022,835,853
hCoV-19/England/PHEC-YYR5ZK4/2022,835,852
hCoV-19/England/PHEC-YYR5ZCS/2022,835,852
hCoV-19/England/PHEC-YYR5WTQ/2022,835,852
hCoV-19/England/PHEC-YYR5WOO/2022,835,852
hCoV-19/England/PHEC-YYR5QRX/2022,835,852
hCoV-19/England/PHEC-YYR5Q9A/2022,835,852
hCoV-19/England/PHEC-YYR5I1M/2022,835,852
hCoV-19/England/PHEC-YYR4Q4R/2022,835,852
hCoV-19/England/PHEC-YYR4Q3G/2022,835,852
hCoV-19/England/PHEC-YYR4KT4/2022,835,849
hCoV-19/England/PHEC-YYR4KOH/2022,835,849
hCoV-19/England/PHEC-YYR4KM8/2022,835,849
hCoV-19/England/PHEC-YYR4KJM/2022,835,849
hCoV-19/England/PHEC-YYR4KHR/2022,835,849
hCoV-19/England/PHEC-YYR4K96/2022,835,849
hCoV-19/England/PHEC-YYR4K1A/2022,835,849
hCoV-19/England/PHEC-YYR4J99/2022,835,849
hCoV-19/England/PHEC-YYR4J6B/2022,835,849
hCoV-19/England/PHEC-YYR4J4J/2022,835,849
hCoV-19/England/PHEC-YYR3MT5/2022,835,849
hCoV-19/England/PHEC-YYFYSNB/2022,835,859
hCoV-19/England/PHEC-YYFYPTM/2022,835,859
hCoV-19/England/PHEC-YYFN1SA/2022,835,861
hCoV-19/England/LSPA-3D72A7E/2022,835,843
hCoV-19/England/CLIMB-CM7YKKJA/2022,835,1310
hCoV-19/England/CLIMB-CM7YFU74/2022,835,1310
hCoV-19/England/PHEC-YYRHG96/2022,836,852
hCoV-19/England/PHEC-YYRH9RH/2022,836,852
hCoV-19/England/PHEC-YYRH9NY/2022,836,852
hCoV-19/England/PHEC-YYRH6SA/2022,836,852
hCoV-19/England/PHEC-YYRH65Q/2022,836,852
hCoV-19/England/PHEC-YYRH61Y/2022,836,852
hCoV-19/England/PHEC-YYR9W51/2022,836,856
hCoV-19/England/PHEC-YYR95XR/2022,836,856
hCoV-19/England/PHEC-YYR95AT/2022,836,856
hCoV-19/England/PHEC-YYR6TGN/2022,836,855
hCoV-19/England/PHEC-YYR6KOW/2022,836,854
hCoV-19/England/PHEC-YYR6HYD/2022,836,855
hCoV-19/England/PHEC-YYR6HMP/2022,836,855
hCoV-19/England/PHEC-YYR6BKK/2022,836,853
hCoV-19/England/PHEC-YYR6BIU/2022,836,853
hCoV-19/England/PHEC-YYR5ZRG/2022,836,852
hCoV-19/England/PHEC-YYR5ZGN/2022,836,852
hCoV-19/England/PHEC-YYR5ZBC/2022,836,852
hCoV-19/England/PHEC-YYR5IZB/2022,836,852
hCoV-19/England/PHEC-YYR5IUJ/2022,836,852
hCoV-19/England/PHEC-YYR5IHZ/2022,836,852
hCoV-19/England/PHEC-YYR5I9T/2022,836,852
hCoV-19/England/PHEC-YYR5I7I/2022,836,852
hCoV-19/England/PHEC-YYR5I45/2022,836,852
hCoV-19/England/PHEC-YYR5I37/2022,836,852
hCoV-19/England/PHEC-YYR4XZJ/2022,836,852
hCoV-19/England/PHEC-YYR4XWX/2022,836,852
hCoV-19/England/PHEC-YYR4XH9/2022,836,852
hCoV-19/England/PHEC-YYR4XBS/2022,836,852
hCoV-19/England/PHEC-YYR4XA8/2022,836,852
hCoV-19/England/PHEC-YYR4Q76/2022,836,852
hCoV-19/England/PHEC-YYR4O8J/2022,836,852
hCoV-19/England/PHEC-YYR4J3M/2022,836,849
hCoV-19/England/PHEC-YYR3CY7/2022,836,849
hCoV-19/England/PHEC-YYFYS1Y/2022,836,859
hCoV-19/England/PHEC-YYFYPWF/2022,836,859
hCoV-19/England/PHEC-YYFYP43/2022,836,859
