hCoV-19/England/PHEC-YYGRHXA/2022,921,940
hCoV-19/England/PHEC-YYGNXR9/2022,921,936
hCoV-19/England/PHEC-YYGNXDB/2022,921,936
hCoV-19/England/PHEC-YYGNXCX/2022,921,936
hCoV-19/England/PHEC-YYGNXAS/2022,921,936
hCoV-19/England/PHEC-YYGNX9E/2022,921,936
hCoV-19/England/PHEC-YYGNX6K/2022,921,936
hCoV-19/England/PHEC-YYGNT9G/2022,921,936
hCoV-19/England/PHEC-YYGNT4O/2022,921,936
hCoV-19/England/PHEC-YYGNSB6/2022,921,936
hCoV-19/England/PHEC-YYGNOYG/2022,921,936
hCoV-19/England/PHEC-YYGNOBR/2022,921,936
hCoV-19/England/PHEC-YYGNIOY/2022,921,936
hCoV-19/England/PHEC-YYGNAWI/2022,921,936
hCoV-19/England/PHEC-YYGNAUZ/2022,921,936
hCoV-19/England/PHEC-YYGNAQN/2022,921,936
hCoV-19/England/PHEC-YYGNAKK/2022,921,936
hCoV-19/England/PHEC-YYGN9E8/2022,921,937
hCoV-19/England/PHEC-YYGN7U1/2022,921,937
hCoV-19/England/PHEC-YYGN6QH/2022,921,937
hCoV-19/England/PHEC-YYGN6OZ/2022,921,937
hCoV-19/England/PHEC-YYGN677/2022,921,937
hCoV-19/England/PHEC-YYGN5B3/2022,921,937
hCoV-19/England/PHEC-YYGN4YH/2022,921,936
hCoV-19/England/PHEC-YYGN4NA/2022,921,936
hCoV-19/England/PHEC-YYGN48Q/2022,921,936
hCoV-19/England/PHEC-YYGN469/2022,921,937
hCoV-19/England/PHEC-YYGN43J/2022,921,937
hCoV-19/England/PHEC-YYGN3WW/2022,921,936
hCoV-19/England/PHEC-YYGN3SO/2022,921,936
hCoV-19/England/PHEC-YYGN3I1/2022,921,936
hCoV-19/England/PHEC-YYGN37N/2022,921,936
hCoV-19/England/PHEC-YYGN36Y/2022,921,936
hCoV-19/England/PHEC-YYGN1YR/2022,921,936
hCoV-19/England/PHEC-YYGN1EW/2022,921,936
hCoV-19/England/PHEC-YYGJKME/2022,921,945
hCoV-19/England/PHEC-YYGJKJC/2022,921,945
hCoV-19/England/PHEC-YYGDX4O/2022,921,938
hCoV-19/England/PHEC-YYGDTN9/2022,921,938
hCoV-19/England/PHEC-YYGDTKX/2022,921,938
hCoV-19/England/PHEC-YYGDC7P/2022,921,938
hCoV-19/England/PHEC-YYGBZXD/2022,921,936
hCoV-19/England/PHEC-YYGBZQF/2022,921,936
hCoV-19/England/PHEC-YYGBZP8/2022,921,936
hCoV-19/England/PHEC-YYGBZOY/2022,921,936
hCoV-19/England/PHEC-YYGBZN7/2022,921,936
hCoV-19/England/PHEC-YYGBZJX/2022,921,936
hCoV-19/England/PHEC-YYGBZAO/2022,921,936
hCoV-19/England/PHEC-YYGBZ9N/2022,921,936
hCoV-19/England/PHEC-YYGBZ8U/2022,921,936
hCoV-19/England/PHEC-YYGBYD1/2022,921,936
hCoV-19/England/PHEC-YYGBY77/2022,921,936
hCoV-19/England/PHEC-YYGBWMQ/2022,921,936
hCoV-19/England/PHEC-YYGBRNO/2022,921,936
hCoV-19/England/PHEC-YYGBRDQ/2022,921,936
hCoV-19/England/PHEC-YYGBIUH/2022,921,936
hCoV-19/England/PHEC-YYGBIQ8/2022,921,936
hCoV-19/England/PHEC-YYGBIKX/2022,921,936
hCoV-19/England/PHEC-YYGBIBB/2022,921,936
hCoV-19/England/PHEC-YYGBD56/2022,921,936
hCoV-19/England/PHEC-YYGBAII/2022,921,936
hCoV-19/England/PHEC-YYGBAH8/2022,921,936
hCoV-19/England/PHEC-YYGBA3P/2022,921,936
hCoV-19/England/PHEC-YYG8RXK/2022,921,943
hCoV-19/England/PHEC-YYG8RQC/2022,921,943
hCoV-19/England/PHEC-YYG8RCO/2022,921,943
hCoV-19/Scotland/SCOT-16661/2022,922,945
hCoV-19/England/PHEC-YYGYQWD/2022,922,933
hCoV-19/England/PHEC-YYGYQIB/2022,922,933
hCoV-19/England/PHEC-YYGYHWI/2022,922,936
hCoV-19/England/PHEC-YYGYHUZ/2022,922,936
hCoV-19/England/PHEC-YYGYHT5/2022,922,936
hCoV-19/England/PHEC-YYGYHQN/2022,922,936
hCoV-19/England/PHEC-YYGYHG1/2022,922,936
hCoV-19/England/PHEC-YYGYHEQ/2022,922,936
hCoV-19/England/PHEC-YYGY9X7/2022,922,936
hCoV-19/England/PHEC-YYGY9MF/2022,922,936
hCoV-19/England/PHEC-YYGY9FT/2022,922,936
hCoV-19/England/PHEC-YYGY9CD/2022,922,936
hCoV-19/England/PHEC-YYGY97Y/2022,922,936
hCoV-19/England/PHEC-YYGY966/2022,922,936
hCoV-19/England/PHEC-YYGY91S/2022,922,936
hCoV-19/England/PHEC-YYGY6WU/2022,922,936
hCoV-19/England/PHEC-YYGY6UI/2022,922,936
hCoV-19/England/PHEC-YYGY6MG/2022,922,936
hCoV-19/England/PHEC-YYGRNKH/2022,922,939
hCoV-19/England/PHEC-YYGRNJ6/2022,922,939
hCoV-19/England/PHEC-YYGRN37/2022,922,939
hCoV-19/England/PHEC-YYGRH63/2022,922,940
hCoV-19/England/PHEC-YYGRH59/2022,922,940
hCoV-19/England/PHEC-YYGRGUF/2022,922,939
hCoV-19/England/PHEC-YYGRGP1/2022,922,939
hCoV-19/England/PHEC-YYGRGHU/2022,922,939
hCoV-19/England/PHEC-YYGRG18/2022,922,939
hCoV-19/England/PHEC-YYGRDXT/2022,922,939
hCoV-19/England/PHEC-YYGRDWG/2022,922,939
hCoV-19/England/PHEC-YYGRDTC/2022,922,939
hCoV-19/England/PHEC-YYGRDHS/2022,922,939
hCoV-19/England/PHEC-YYGRDA6/2022,922,939
hCoV-19/England/PHEC-YYGRD9O/2022,922,939
hCoV-19/England/PHEC-YYGRD61/2022,922,939
hCoV-19/England/PHEC-YYGRD44/2022,922,939
hCoV-19/England/PHEC-YYGR8YM/2022,922,939
hCoV-19/England/PHEC-YYGNZIW/2022,922,936
hCoV-19/England/PHEC-YYGNXUY/2022,922,936
hCoV-19/England/PHEC-YYGNXTR/2022,922,936
hCoV-19/England/PHEC-YYGNXQM/2022,922,936
hCoV-19/England/PHEC-YYGNXOG/2022,922,936
hCoV-19/England/PHEC-YYGNXEZ/2022,922,936
hCoV-19/England/PHEC-YYGNX7C/2022,922,936
hCoV-19/England/PHEC-YYGNX5O/2022,922,936
hCoV-19/England/PHEC-YYGNX41/2022,922,936
hCoV-19/England/PHEC-YYGNWYN/2022,922,936
hCoV-19/England/PHEC-YYGNWCK/2022,922,936
hCoV-19/England/PHEC-YYGNW8W/2022,922,936
hCoV-19/England/PHEC-YYGNW4P/2022,922,936
hCoV-19/England/PHEC-YYGNU9R/2022,922,936
hCoV-19/England/PHEC-YYGNU5C/2022,922,936
hCoV-19/England/PHEC-YYGNU3O/2022,922,936
hCoV-19/England/PHEC-YYGNTSA/2022,922,936
hCoV-19/England/PHEC-YYGNTEI/2022,922,936
hCoV-19/England/PHEC-YYGNTAW/2022,922,936
hCoV-19/England/PHEC-YYGNT6E/2022,922,936
hCoV-19/England/PHEC-YYGNSWZ/2022,922,936
hCoV-19/England/PHEC-YYGNSO9/2022,922,936
hCoV-19/England/PHEC-YYGNO98/2022,922,936
hCoV-19/England/PHEC-YYGNO5X/2022,922,936
hCoV-19/England/PHEC-YYGNJPU/2022,922,936
hCoV-19/England/PHEC-YYGNIMM/2022,922,936
hCoV-19/England/PHEC-YYGNI6R/2022,922,936
hCoV-19/England/PHEC-YYGNHY4/2022,922,937
hCoV-19/England/PHEC-YYGNHKG/2022,922,937
hCoV-19/England/PHEC-YYGNHIX/2022,922,937
hCoV-19/England/PHEC-YYGNAO7/2022,922,936
hCoV-19/England/PHEC-YYGNA99/2022,922,936
hCoV-19/England/PHEC-YYGNA3M/2022,922,936
hCoV-19/England/PHEC-YYGN9RX/2022,922,937
hCoV-19/England/PHEC-YYGN9BI/2022,922,937
hCoV-19/England/PHEC-YYGN7WO/2022,922,937
hCoV-19/England/PHEC-YYGN7OA/2022,922,937
hCoV-19/England/PHEC-YYGN7IQ/2022,922,937
hCoV-19/England/PHEC-YYGN6EE/2022,922,937
hCoV-19/England/PHEC-YYGN6A8/2022,922,937
hCoV-19/England/PHEC-YYGN63F/2022,922,937
hCoV-19/England/PHEC-YYGN61U/2022,922,937
hCoV-19/England/PHEC-YYGN5W1/2022,922,937
hCoV-19/England/PHEC-YYGN5IO/2022,922,937
hCoV-19/England/PHEC-YYGN5HN/2022,922,937
hCoV-19/England/PHEC-YYGN59H/2022,922,937
hCoV-19/England/PHEC-YYGN4ZP/2022,922,937
hCoV-19/England/PHEC-YYGN4WU/2022,922,937
hCoV-19/England/PHEC-YYGN4T3/2022,922,936
hCoV-19/England/PHEC-YYGN4MG/2022,922,936
hCoV-19/England/PHEC-YYGN4KE/2022,922,936
hCoV-19/England/PHEC-YYGN4GO/2022,922,936
hCoV-19/England/PHEC-YYGN4F1/2022,922,936
hCoV-19/England/PHEC-YYGN4CR/2022,922,936
hCoV-19/England/PHEC-YYGN4B4/2022,922,936
hCoV-19/England/PHEC-YYGN3US/2022,922,936
hCoV-19/England/PHEC-YYGN3N3/2022,922,936
hCoV-19/England/PHEC-YYGN1NY/2022,922,936
hCoV-19/England/PHEC-YYGN1J1/2022,922,936
hCoV-19/England/PHEC-YYGN1F4/2022,922,936
hCoV-19/England/PHEC-YYGJKY6/2022,922,945
hCoV-19/England/PHEC-YYGDZPD/2022,922,938
hCoV-19/England/PHEC-YYGDPMT/2022,922,938
hCoV-19/England/PHEC-YYGDIGU/2022,922,938
hCoV-19/England/PHEC-YYGDCZ3/2022,922,938
hCoV-19/England/PHEC-YYGDCW9/2022,922,938
hCoV-19/England/PHEC-YYGDCUB/2022,922,938
hCoV-19/England/PHEC-YYGBZMM/2022,922,936
hCoV-19/England/PHEC-YYGBZET/2022,922,936
hCoV-19/England/PHEC-YYGBZCJ/2022,922,936
hCoV-19/England/PHEC-YYGBYNW/2022,922,936
hCoV-19/England/PHEC-YYGBY8K/2022,922,936
hCoV-19/England/PHEC-YYGBST9/2022,922,936
hCoV-19/England/PHEC-YYGBS78/2022,922,936
hCoV-19/England/PHEC-YYGBRCH/2022,922,936
hCoV-19/England/PHEC-YYGBIF3/2022,922,936
hCoV-19/England/PHEC-YYGBA4M/2022,922,936
hCoV-19/England/PHEC-YYG8UZK/2022,922,943
hCoV-19/England/PHEC-YYG8RTF/2022,922,943
hCoV-19/England/PHEC-YYG8NZ5/2022,922,943
hCoV-19/England/PHEC-YYG8NS7/2022,922,943
hCoV-19/England/PHEC-YYG8NA3/2022,922,943
hCoV-19/England/PHEC-YYG8DUN/2022,922,943
hCoV-19/England/PHEC-YYGY6ZP/2022,923,936
hCoV-19/England/PHEC-YYGY6X6/2022,923,936
hCoV-19/England/PHEC-YYGY6T3/2022,923,936
hCoV-19/England/PHEC-YYGY6QY/2022,923,936
hCoV-19/England/PHEC-YYGY6HD/2022,923,936
hCoV-19/England/PHEC-YYGY6CR/2022,923,936
hCoV-19/England/PHEC-YYGY697/2022,923,936
hCoV-19/England/PHEC-YYGY65F/2022,923,936
hCoV-19/England/PHEC-YYGY61Z/2022,923,936
hCoV-19/England/PHEC-YYGRNZB/2022,923,939
hCoV-19/England/PHEC-YYGRNW8/2022,923,939
hCoV-19/England/PHEC-YYGRNQW/2022,923,939
hCoV-19/England/PHEC-YYGRNOX/2022,923,939
hCoV-19/England/PHEC-YYGRNIF/2022,923,939
hCoV-19/England/PHEC-YYGRNCA/2022,923,939
hCoV-19/England/PHEC-YYGRNA9/2022,923,939
hCoV-19/England/PHEC-YYGRN6U/2022,923,939
hCoV-19/England/PHEC-YYGRN45/2022,923,939
hCoV-19/England/PHEC-YYGRN1M/2022,923,939
hCoV-19/England/PHEC-YYGRGS9/2022,923,939
hCoV-19/England/PHEC-YYGRGFN/2022,923,939
hCoV-19/England/PHEC-YYGRGDG/2022,923,939
hCoV-19/England/PHEC-YYGRDUE/2022,923,939
hCoV-19/England/PHEC-YYGRDR8/2022,923,939
hCoV-19/England/PHEC-YYGRDGD/2022,923,939
hCoV-19/England/PHEC-YYGRDFF/2022,923,939
hCoV-19/England/PHEC-YYGRDE9/2022,923,939
hCoV-19/England/PHEC-YYGRD5A/2022,923,939
hCoV-19/England/PHEC-YYGR9ED/2022,923,940
hCoV-19/England/PHEC-YYGR7DX/2022,923,940
hCoV-19/England/PHEC-YYGR7BU/2022,923,940
hCoV-19/England/PHEC-YYGR73N/2022,923,940
hCoV-19/England/PHEC-YYGR6ZF/2022,923,940
hCoV-19/England/PHEC-YYGR6AD/2022,923,940
hCoV-19/England/PHEC-YYGNZXB/2022,923,936
hCoV-19/England/PHEC-YYGNZWS/2022,923,936
hCoV-19/England/PHEC-YYGNZTH/2022,923,936
hCoV-19/England/PHEC-YYGNZS1/2022,923,936
hCoV-19/England/PHEC-YYGNZAQ/2022,923,936
hCoV-19/England/PHEC-YYGNZ5E/2022,923,936
hCoV-19/England/PHEC-YYGNXKU/2022,923,936
hCoV-19/England/PHEC-YYGNX3W/2022,923,936
hCoV-19/England/PHEC-YYGNWU5/2022,923,936
hCoV-19/England/PHEC-YYGNWR4/2022,923,936
hCoV-19/England/PHEC-YYGNWPE/2022,923,936
hCoV-19/England/PHEC-YYGNWN6/2022,923,936
hCoV-19/England/PHEC-YYGNWMC/2022,923,936
hCoV-19/England/PHEC-YYGNWIZ/2022,923,936
hCoV-19/England/PHEC-YYGNWBY/2022,923,936
hCoV-19/England/PHEC-YYGNWAT/2022,923,936
hCoV-19/England/PHEC-YYGNW6F/2022,923,936
hCoV-19/England/PHEC-YYGNW5M/2022,923,936
hCoV-19/England/PHEC-YYGNW3X/2022,923,936
hCoV-19/England/PHEC-YYGNUZW/2022,923,936
hCoV-19/England/PHEC-YYGNUXF/2022,923,936
hCoV-19/England/PHEC-YYGNUTY/2022,923,936
hCoV-19/England/PHEC-YYGNUSS/2022,923,936
hCoV-19/England/PHEC-YYGNUR5/2022,923,936
hCoV-19/England/PHEC-YYGNUPJ/2022,923,936
hCoV-19/England/PHEC-YYGNUJT/2022,923,936
hCoV-19/England/PHEC-YYGNUIA/2022,923,936
hCoV-19/England/PHEC-YYGNUGZ/2022,923,936
hCoV-19/England/PHEC-YYGNUF3/2022,923,936
hCoV-19/England/PHEC-YYGNUEU/2022,923,936
hCoV-19/England/PHEC-YYGNUD7/2022,923,936
hCoV-19/England/PHEC-YYGNU8I/2022,923,936
hCoV-19/England/PHEC-YYGNU16/2022,923,936
hCoV-19/England/PHEC-YYGNTX8/2022,923,936
hCoV-19/England/PHEC-YYGNTWH/2022,923,936
hCoV-19/England/PHEC-YYGNTKT/2022,923,936
hCoV-19/England/PHEC-YYGNTHC/2022,923,936
hCoV-19/England/PHEC-YYGNTCP/2022,923,936
hCoV-19/England/PHEC-YYGNT7K/2022,923,936
hCoV-19/England/PHEC-YYGNT31/2022,923,936
hCoV-19/England/PHEC-YYGNIYB/2022,923,936
hCoV-19/England/PHEC-YYGNIXD/2022,923,936
hCoV-19/England/PHEC-YYGNIWA/2022,923,936
hCoV-19/England/PHEC-YYGNISW/2022,923,936
hCoV-19/England/PHEC-YYGNIR3/2022,923,936
hCoV-19/England/PHEC-YYGNIP8/2022,923,936
hCoV-19/England/PHEC-YYGNIN7/2022,923,936
hCoV-19/England/PHEC-YYGNIKP/2022,923,936
hCoV-19/England/PHEC-YYGNIJX/2022,923,936
hCoV-19/England/PHEC-YYGNIHE/2022,923,936
hCoV-19/England/PHEC-YYGNIGI/2022,923,936
hCoV-19/England/PHEC-YYGNIFZ/2022,923,936
hCoV-19/England/PHEC-YYGNIET/2022,923,936
hCoV-19/England/PHEC-YYGNID5/2022,923,936
hCoV-19/England/PHEC-YYGNICJ/2022,923,936
hCoV-19/England/PHEC-YYGNIB9/2022,923,936
hCoV-19/England/PHEC-YYGNIAO/2022,923,936
hCoV-19/England/PHEC-YYGNI9N/2022,923,936
hCoV-19/England/PHEC-YYGNI1H/2022,923,936
hCoV-19/England/PHEC-YYGNHZM/2022,923,937
hCoV-19/England/PHEC-YYGNHXH/2022,923,937
hCoV-19/England/PHEC-YYGNHTZ/2022,923,937
hCoV-19/England/PHEC-YYGNHSP/2022,923,937
hCoV-19/England/PHEC-YYGNHNS/2022,923,937
hCoV-19/England/PHEC-YYGNHMR/2022,923,937
hCoV-19/England/PHEC-YYGNAZX/2022,923,936
hCoV-19/England/PHEC-YYGNAFW/2022,923,936
hCoV-19/England/PHEC-YYGN9ZE/2022,923,937
hCoV-19/England/PHEC-YYGN9TW/2022,923,937
hCoV-19/England/PHEC-YYGN9C9/2022,923,937
hCoV-19/England/PHEC-YYGN964/2022,923,937
hCoV-19/England/PHEC-YYGN7Y3/2022,923,937
hCoV-19/England/PHEC-YYGN7HY/2022,923,937
hCoV-19/England/PHEC-YYGN7EJ/2022,923,937
hCoV-19/England/PHEC-YYGN78M/2022,923,937
hCoV-19/England/PHEC-YYGN5ZC/2022,923,937
hCoV-19/England/PHEC-YYGN5UW/2022,923,937
hCoV-19/England/PHEC-YYGN5TA/2022,923,937
hCoV-19/England/PHEC-YYGN5RU/2022,923,937
hCoV-19/England/PHEC-YYGN5O4/2022,923,937
hCoV-19/England/PHEC-YYGN5NZ/2022,923,937
hCoV-19/England/PHEC-YYGN5EM/2022,923,937
hCoV-19/England/PHEC-YYGN54G/2022,923,937
hCoV-19/England/PHEC-YYGN51S/2022,923,937
hCoV-19/England/PHEC-YYGN4HD/2022,923,937
hCoV-19/England/PHEC-YYGN47B/2022,923,937
hCoV-19/England/PHEC-YYGN3RI/2022,923,936
hCoV-19/England/PHEC-YYGN3FU/2022,923,936
hCoV-19/England/PHEC-YYGN3B5/2022,923,936
hCoV-19/England/PHEC-YYGKZIR/2022,923,947
hCoV-19/England/PHEC-YYGJE4M/2022,923,945
hCoV-19/England/PHEC-YYGFYSD/2022,923,940
hCoV-19/England/PHEC-YYGFXAO/2022,923,943
hCoV-19/England/PHEC-YYGFT9Y/2022,923,943
hCoV-19/England/PHEC-YYGFQMC/2022,923,943
hCoV-19/England/PHEC-YYGFQKQ/2022,923,943
hCoV-19/England/PHEC-YYGF1RS/2022,923,943
hCoV-19/England/PHEC-YYGF1ME/2022,923,943
hCoV-19/England/PHEC-YYGF1JC/2022,923,943
hCoV-19/England/PHEC-YYGEXJJ/2022,923,944
hCoV-19/England/PHEC-YYGEX8P/2022,923,944
hCoV-19/England/PHEC-YYGEMFI/2022,923,943
hCoV-19/England/PHEC-YYGEKGW/2022,923,943
hCoV-19/England/PHEC-YYGEKEO/2022,923,943
hCoV-19/England/PHEC-YYGDW6D/2022,923,938
hCoV-19/England/PHEC-YYGBAB6/2022,923,936
hCoV-19/England/PHEC-YYG8UFX/2022,923,943
hCoV-19/England/PHEC-YYG8UDU/2022,923,943
hCoV-19/England/PHEC-YYG8QDA/2022,923,943
hCoV-19/England/PHEC-YYG8NRN/2022,923,943
hCoV-19/England/PHEC-YYG8DZ4/2022,923,943
hCoV-19/England/PHEC-YYG8DTG/2022,923,943
hCoV-19/England/PHEC-YYG8DI6/2022,923,943
hCoV-19/England/PHEC-YYG8D51/2022,923,943
hCoV-19/England/PHEC-YYG81TZ/2022,923,943
hCoV-19/England/PHEC-YYGRNRE/2022,924,939
hCoV-19/England/PHEC-YYGRNDK/2022,924,939
hCoV-19/England/PHEC-YYGRHYS/2022,924,939
hCoV-19/England/PHEC-YYGRHN1/2022,924,939
hCoV-19/England/PHEC-YYGRDK5/2022,924,939
hCoV-19/England/PHEC-YYGRDCZ/2022,924,939
hCoV-19/England/PHEC-YYGRB91/2022,924,939
hCoV-19/England/PHEC-YYGR7GJ/2022,924,940
hCoV-19/England/PHEC-YYGR6RC/2022,924,940
hCoV-19/England/PHEC-YYGR6QA/2022,924,940
hCoV-19/England/PHEC-YYGR6P4/2022,924,940
hCoV-19/England/PHEC-YYGR6M6/2022,924,940
hCoV-19/England/PHEC-YYGR6KY/2022,924,940
hCoV-19/England/PHEC-YYGR6JN/2022,924,940
hCoV-19/England/PHEC-YYGR6CH/2022,924,940
hCoV-19/England/PHEC-YYGR6B1/2022,924,940
hCoV-19/England/PHEC-YYGR54N/2022,924,939
hCoV-19/England/PHEC-YYGR4ZJ/2022,924,939
hCoV-19/England/PHEC-YYGR4EE/2022,924,939
hCoV-19/England/PHEC-YYGR45B/2022,924,939
hCoV-19/England/PHEC-YYGR376/2022,924,939
hCoV-19/England/PHEC-YYGR34R/2022,924,939
hCoV-19/England/PHEC-YYGNZN5/2022,924,936
hCoV-19/England/PHEC-YYGNZMJ/2022,924,936
hCoV-19/England/PHEC-YYGNZJP/2022,924,936
hCoV-19/England/PHEC-YYGNZD3/2022,924,936
hCoV-19/England/PHEC-YYGNZC8/2022,924,936
hCoV-19/England/PHEC-YYGNZ9Y/2022,924,936
hCoV-19/England/PHEC-YYGNZ8T/2022,924,936
hCoV-19/England/PHEC-YYGNWT9/2022,924,936
hCoV-19/England/PHEC-YYGNWOB/2022,924,936
hCoV-19/England/PHEC-YYGNWGS/2022,924,936
hCoV-19/England/PHEC-YYGNW9D/2022,924,936
hCoV-19/England/PHEC-YYGNUMP/2022,924,936
hCoV-19/England/PHEC-YYGNUKX/2022,924,936
hCoV-19/England/PHEC-YYGNUCM/2022,924,936
hCoV-19/England/PHEC-YYGNUBB/2022,924,936
hCoV-19/England/PHEC-YYGNSU3/2022,924,936
hCoV-19/England/PHEC-YYGNSJQ/2022,924,936
hCoV-19/England/PHEC-YYGNSII/2022,924,936
hCoV-19/England/PHEC-YYGNSH8/2022,924,936
hCoV-19/England/PHEC-YYGNSEO/2022,924,936
hCoV-19/England/PHEC-YYGNSD4/2022,924,936
hCoV-19/England/PHEC-YYGNS4M/2022,924,936
hCoV-19/England/PHEC-YYGNS15/2022,924,936
hCoV-19/England/PHEC-YYGNIZ1/2022,924,936
hCoV-19/England/PHEC-YYGNHWT/2022,924,937
hCoV-19/England/PHEC-YYGNARS/2022,924,936
hCoV-19/England/PHEC-YYGNABH/2022,924,936
hCoV-19/England/PHEC-YYGN75N/2022,924,937
hCoV-19/England/PHEC-YYGN1XG/2022,924,936
hCoV-19/England/PHEC-YYGN1SZ/2022,924,936
hCoV-19/England/PHEC-YYGN1PK/2022,924,936
hCoV-19/England/PHEC-YYGN1KO/2022,924,936
hCoV-19/England/PHEC-YYGN1AU/2022,924,936
hCoV-19/England/PHEC-YYGN19F/2022,924,936
hCoV-19/England/PHEC-YYGN15P/2022,924,936
hCoV-19/England/PHEC-YYGJUBU/2022,924,946
hCoV-19/England/PHEC-YYGJNJW/2022,924,945
hCoV-19/England/PHEC-YYGJNI5/2022,924,945
hCoV-19/England/PHEC-YYGJN4T/2022,924,945
hCoV-19/England/PHEC-YYGJN1B/2022,924,945
hCoV-19/England/PHEC-YYGJMGT/2022,924,945
hCoV-19/England/PHEC-YYGJM8X/2022,924,945
hCoV-19/England/PHEC-YYGJKWI/2022,924,945
hCoV-19/England/PHEC-YYGJK13/2022,924,945
hCoV-19/England/PHEC-YYGJDMX/2022,924,945
hCoV-19/England/PHEC-YYGJD31/2022,924,945
hCoV-19/England/PHEC-YYGFXIS/2022,924,943
hCoV-19/England/PHEC-YYGFX5K/2022,924,943
hCoV-19/England/PHEC-YYGFT7R/2022,924,943
hCoV-19/England/PHEC-YYGFQYN/2022,924,943
hCoV-19/England/PHEC-YYGFQN6/2022,924,943
hCoV-19/England/PHEC-YYGFQFA/2022,924,943
hCoV-19/England/PHEC-YYGFPON/2022,924,943
hCoV-19/England/PHEC-YYGFPKX/2022,924,943
hCoV-19/England/PHEC-YYGFP7E/2022,924,943
hCoV-19/England/PHEC-YYGFP5C/2022,924,943
hCoV-19/England/PHEC-YYGF1QN/2022,924,943
hCoV-19/England/PHEC-YYGF1PR/2022,924,943
hCoV-19/England/PHEC-YYGF1O7/2022,924,943
hCoV-19/England/PHEC-YYGF1FW/2022,924,943
hCoV-19/England/PHEC-YYGF1BH/2022,924,943
hCoV-19/England/PHEC-YYGEQ7B/2022,924,944
hCoV-19/England/PHEC-YYGEQ5F/2022,924,944
hCoV-19/England/PHEC-YYGEPY7/2022,924,943
hCoV-19/England/PHEC-YYGEPM8/2022,924,943
hCoV-19/England/PHEC-YYGEMPF/2022,924,943
hCoV-19/England/PHEC-YYGEM9Y/2022,924,943
hCoV-19/England/PHEC-YYGEKQR/2022,924,943
hCoV-19/England/PHEC-YYGEKMK/2022,924,943
hCoV-19/England/PHEC-YYGEKH8/2022,924,943
hCoV-19/England/PHEC-YYG8URT/2022,924,943
hCoV-19/England/PHEC-YYG8QZX/2022,924,943
hCoV-19/England/PHEC-YYG8QPR/2022,924,943
hCoV-19/England/PHEC-YYG8QN4/2022,924,943
hCoV-19/England/PHEC-YYG8C6D/2022,924,947
hCoV-19/England/PHEC-YYG81UU/2022,924,943
hCoV-19/England/PHEC-YYG81SP/2022,924,943
hCoV-19/England/PHEC-YYG81IX/2022,924,943
hCoV-19/England/PHEC-YYGRHRQ/2022,925,939
hCoV-19/England/PHEC-YYGRHKN/2022,925,939
hCoV-19/England/PHEC-YYGRHJR/2022,925,939
hCoV-19/England/PHEC-YYGRHFC/2022,925,939
hCoV-19/England/PHEC-YYGRHEG/2022,925,939
hCoV-19/England/PHEC-YYGRHC6/2022,925,939
hCoV-19/England/PHEC-YYGRHBW/2022,925,939
hCoV-19/England/PHEC-YYGRH8E/2022,925,939
hCoV-19/England/PHEC-YYGR5P7/2022,925,939
hCoV-19/England/PHEC-YYGR5NU/2022,925,939
hCoV-19/England/PHEC-YYGR5DT/2022,925,939
hCoV-19/England/PHEC-YYGR5BI/2022,925,939
hCoV-19/England/PHEC-YYGR511/2022,925,939
hCoV-19/England/PHEC-YYGR4SM/2022,925,939
hCoV-19/England/PHEC-YYGR4P6/2022,925,939
hCoV-19/England/PHEC-YYGR4OZ/2022,925,939
hCoV-19/England/PHEC-YYGR4IP/2022,925,939
hCoV-19/England/PHEC-YYGR4BS/2022,925,939
hCoV-19/England/PHEC-YYGR4A8/2022,925,939
hCoV-19/England/PHEC-YYGR41U/2022,925,939
hCoV-19/England/PHEC-YYGR3ZK/2022,925,939
hCoV-19/England/PHEC-YYGR3SC/2022,925,939
hCoV-19/England/PHEC-YYGR3HY/2022,925,939
hCoV-19/England/PHEC-YYGR36H/2022,925,939
hCoV-19/England/PHEC-YYGJKPR/2022,925,945
hCoV-19/England/PHEC-YYGFQXR/2022,925,943
hCoV-19/England/PHEC-YYGFQT9/2022,925,943
hCoV-19/England/PHEC-YYGFQR4/2022,925,943
hCoV-19/England/PHEC-YYGFQIZ/2022,925,943
hCoV-19/England/PHEC-YYGFQCK/2022,925,943
hCoV-19/England/PHEC-YYGFPXF/2022,925,943
hCoV-19/England/PHEC-YYGFPQ8/2022,925,943
hCoV-19/England/PHEC-YYGFPMP/2022,925,943
hCoV-19/England/PHEC-YYGFP4Q/2022,925,943
hCoV-19/England/PHEC-YYGFKW7/2022,925,943
hCoV-19/England/PHEC-YYGFKS3/2022,925,943
hCoV-19/England/PHEC-YYGFKHP/2022,925,943
hCoV-19/England/PHEC-YYGFKAI/2022,925,943
hCoV-19/England/PHEC-YYGEQ3J/2022,925,944
hCoV-19/England/PHEC-YYGEPEP/2022,925,943
hCoV-19/England/PHEC-YYGEMD3/2022,925,943
hCoV-19/England/PHEC-YYG8WRO/2022,925,943
hCoV-19/England/PHEC-YYG8WNW/2022,925,943
hCoV-19/England/PHEC-YYG8WFQ/2022,925,943
hCoV-19/England/PHEC-YYG8UY3/2022,925,943
hCoV-19/England/PHEC-YYG8UMD/2022,925,943
hCoV-19/England/PHEC-YYG8UKF/2022,925,943
hCoV-19/England/PHEC-YYG8U76/2022,925,943
hCoV-19/England/PHEC-YYG8U6H/2022,925,943
hCoV-19/England/PHEC-YYG8RZ3/2022,925,943
hCoV-19/England/PHEC-YYG8P5E/2022,925,943
hCoV-19/England/PHEC-YYG8GYG/2022,925,943
hCoV-19/England/PHEC-YYG8GFH/2022,925,943
hCoV-19/England/PHEC-YYG8FJI/2022,925,943
hCoV-19/England/PHEC-YYG8CT7/2022,925,947
hCoV-19/England/PHEC-YYGR5JF/2022,926,939
hCoV-19/England/PHEC-YYGJXIQ/2022,926,946
hCoV-19/England/PHEC-YYGJXCB/2022,926,946
hCoV-19/England/PHEC-YYGJMJM/2022,926,945
hCoV-19/England/PHEC-YYGJM4E/2022,926,945
hCoV-19/England/PHEC-YYGJKZX/2022,926,945
hCoV-19/England/PHEC-YYGFXR3/2022,926,943
hCoV-19/England/PHEC-YYGFXFZ/2022,926,943
hCoV-19/England/PHEC-YYGFXD5/2022,926,943
hCoV-19/England/PHEC-YYGFTHG/2022,926,943
hCoV-19/England/PHEC-YYGFT5E/2022,926,943
hCoV-19/England/PHEC-YYGFQZU/2022,926,943
hCoV-19/England/PHEC-YYGFQAT/2022,926,943
hCoV-19/England/PHEC-YYGFQ9D/2022,926,943
hCoV-19/England/PHEC-YYGFQ78/2022,926,943
hCoV-19/England/PHEC-YYGFQ6F/2022,926,943
hCoV-19/England/PHEC-YYGFPUH/2022,926,943
hCoV-19/England/PHEC-YYGFOZT/2022,926,943
hCoV-19/England/PHEC-YYGFOXN/2022,926,943
hCoV-19/England/PHEC-YYGFOSU/2022,926,943
hCoV-19/England/PHEC-YYGFOQR/2022,926,943
hCoV-19/England/PHEC-YYGFMG3/2022,926,943
hCoV-19/England/PHEC-YYGFMF5/2022,926,943
hCoV-19/England/PHEC-YYGFMD9/2022,926,943
hCoV-19/England/PHEC-YYGFC7J/2022,926,943
hCoV-19/England/PHEC-YYGFC5P/2022,926,943
hCoV-19/England/PHEC-YYGEXW1/2022,926,944
hCoV-19/England/PHEC-YYGEXTA/2022,926,944
hCoV-19/England/PHEC-YYGEP4E/2022,926,944
hCoV-19/England/PHEC-YYG8UQ7/2022,926,943
hCoV-19/England/PHEC-YYG8RW9/2022,926,943
hCoV-19/England/PHEC-YYG8RUB/2022,926,943
hCoV-19/England/PHEC-YYG8QEQ/2022,926,943
hCoV-19/England/PHEC-YYG8FZA/2022,926,943
hCoV-19/England/PHEC-YYG8FY8/2022,926,943
hCoV-19/England/PHEC-YYG8FPP/2022,926,943
hCoV-19/England/PHEC-YYG8F41/2022,926,943
hCoV-19/England/PHEC-YYG8ENY/2022,926,943
hCoV-19/England/PHEC-YYG87GD/2022,926,943
hCoV-19/England/PHEC-YYGR5TW/2022,927,939
hCoV-19/England/PHEC-YYGJXWO/2022,927,946
hCoV-19/England/PHEC-YYGJXU1/2022,927,946
hCoV-19/England/PHEC-YYGJMSO/2022,927,945
hCoV-19/England/PHEC-YYGJMI1/2022,927,945
hCoV-19/England/PHEC-YYGJ14B/2022,927,946
hCoV-19/England/PHEC-YYGFXT6/2022,927,943
hCoV-19/England/PHEC-YYGFXQF/2022,927,943
hCoV-19/England/PHEC-YYGFXKP/2022,927,943
hCoV-19/England/PHEC-YYGFXJX/2022,927,943
hCoV-19/England/PHEC-YYGFXCJ/2022,927,943
hCoV-19/England/PHEC-YYGFX1H/2022,927,943
hCoV-19/England/PHEC-YYGFTRZ/2022,927,943
hCoV-19/England/PHEC-YYGFTFI/2022,927,943
hCoV-19/England/PHEC-YYGFTEX/2022,927,943
hCoV-19/England/PHEC-YYGFTD3/2022,927,943
hCoV-19/England/PHEC-YYGFT8T/2022,927,943
hCoV-19/England/PHEC-YYGFOPG/2022,927,943
hCoV-19/England/PHEC-YYGFOJQ/2022,927,943
hCoV-19/England/PHEC-YYGFO9B/2022,927,943
hCoV-19/England/PHEC-YYGFO6D/2022,927,943
hCoV-19/England/PHEC-YYGFO4M/2022,927,943
hCoV-19/England/PHEC-YYGFO3P/2022,927,943
hCoV-19/England/PHEC-YYGFCRH/2022,927,943
hCoV-19/England/PHEC-YYGFCMQ/2022,927,943
hCoV-19/England/PHEC-YYGFCF4/2022,927,943
hCoV-19/England/PHEC-YYGFCD6/2022,927,943
hCoV-19/England/PHEC-YYGFC19/2022,927,943
hCoV-19/England/PHEC-YYGEXO4/2022,927,944
hCoV-19/England/PHEC-YYGEXHN/2022,927,944
hCoV-19/England/PHEC-YYGEXCD/2022,927,944
hCoV-19/England/PHEC-YYGEX4G/2022,927,944
hCoV-19/England/PHEC-YYG8XN3/2022,927,943
hCoV-19/England/PHEC-YYG8THN/2022,927,943
hCoV-19/England/PHEC-YYG8RHX/2022,927,943
hCoV-19/England/PHEC-YYG8QUZ/2022,927,943
hCoV-19/England/PHEC-YYG8Q7D/2022,927,943
hCoV-19/England/PHEC-YYG8GK1/2022,927,943
hCoV-19/England/PHEC-YYG8GJW/2022,927,943
hCoV-19/England/PHEC-YYG8GES/2022,927,943
hCoV-19/England/PHEC-YYG8FQM/2022,927,943
hCoV-19/England/PHEC-YYG8FMT/2022,927,943
hCoV-19/England/PHEC-YYG8FHQ/2022,927,943
hCoV-19/England/PHEC-YYG8FBF/2022,927,943
hCoV-19/England/PHEC-YYG8EMQ/2022,927,943
hCoV-19/England/LSPA-3F0C6DD/2022,927,943
hCoV-19/England/LSPA-3F0861D/2022,927,943
