hCoV-19/England/PHEC-YYGHZQQ/2022,991,1006
hCoV-19/England/PHEC-YYGHZPO/2022,991,1006
hCoV-19/England/PHEC-YYGHWZ6/2022,991,1006
hCoV-19/England/PHEC-YYGHWK3/2022,991,1006
hCoV-19/England/PHEC-YYGHWHW/2022,991,1006
hCoV-19/England/PHEC-YYGHUNK/2022,991,1006
hCoV-19/England/PHEC-YYGHUBC/2022,991,1006
hCoV-19/England/PHEC-YYGHPM6/2022,991,1006
hCoV-19/England/PHEC-YYGHPGE/2022,991,1006
hCoV-19/England/PHEC-YYGHP57/2022,991,1006
hCoV-19/England/PHEC-YYGHOZN/2022,991,1006
hCoV-19/England/PHEC-YYGHO54/2022,991,1006
hCoV-19/England/PHEC-YYGHMRQ/2022,991,1006
hCoV-19/England/PHEC-YYGHMOI/2022,991,1006
hCoV-19/England/PHEC-YYGHMAF/2022,991,1006
hCoV-19/England/PHEC-YYGHEHY/2022,991,1006
hCoV-19/England/PHEC-YYGHCYI/2022,991,1006
hCoV-19/England/PHEC-YYGHCAR/2022,991,1006
hCoV-19/England/PHEC-YYGHAMU/2022,991,1006
hCoV-19/England/PHEC-YYGH7NY/2022,991,1006
hCoV-19/England/PHEC-YYGH7GA/2022,991,1006
hCoV-19/England/PHEC-YYGH5OF/2022,991,1006
hCoV-19/England/PHEC-YYGH1PI/2022,991,1006
hCoV-19/England/PHEC-YYGH1HS/2022,991,1006
hCoV-19/England/PHEC-YYG9KXU/2022,991,1013
hCoV-19/England/PHEC-YYGHWUG/2022,992,1006
hCoV-19/England/PHEC-YYGHWSY/2022,992,1006
hCoV-19/England/PHEC-YYGHWOC/2022,992,1006
hCoV-19/England/PHEC-YYGHWMZ/2022,992,1006
hCoV-19/England/PHEC-YYGHWIN/2022,992,1006
hCoV-19/England/PHEC-YYGHWCI/2022,992,1006
hCoV-19/England/PHEC-YYGHW9Q/2022,992,1006
hCoV-19/England/PHEC-YYGHW6O/2022,992,1006
hCoV-19/England/PHEC-YYGHURG/2022,992,1006
hCoV-19/England/PHEC-YYGHTW8/2022,992,1006
hCoV-19/England/PHEC-YYGHTUJ/2022,992,1006
hCoV-19/England/PHEC-YYGHTJ6/2022,992,1006
hCoV-19/England/PHEC-YYGHTFG/2022,992,1006
hCoV-19/England/PHEC-YYGHSZH/2022,992,1006
hCoV-19/England/PHEC-YYGHSIY/2022,992,1006
hCoV-19/England/PHEC-YYGHSH1/2022,992,1006
hCoV-19/England/PHEC-YYGHSA4/2022,992,1006
hCoV-19/England/PHEC-YYGHPUP/2022,992,1006
hCoV-19/England/PHEC-YYGHPRC/2022,992,1006
hCoV-19/England/PHEC-YYGHPFK/2022,992,1006
hCoV-19/England/PHEC-YYGHPDQ/2022,992,1006
hCoV-19/England/PHEC-YYGHOTQ/2022,992,1006
hCoV-19/England/PHEC-YYGHIXQ/2022,992,1006
hCoV-19/England/PHEC-YYGHIOM/2022,992,1006
hCoV-19/England/PHEC-YYGHIKA/2022,992,1006
hCoV-19/England/PHEC-YYGHAXM/2022,992,1006
hCoV-19/England/PHEC-YYGHAKI/2022,992,1006
hCoV-19/England/PHEC-YYGHA4W/2022,992,1006
hCoV-19/England/PHEC-YYGH96F/2022,992,1008
hCoV-19/England/PHEC-YYGH7YR/2022,992,1006
hCoV-19/England/PHEC-YYGH7KO/2022,992,1006
hCoV-19/England/PHEC-YYGH7EW/2022,992,1006
hCoV-19/England/PHEC-YYGH7D6/2022,992,1006
hCoV-19/England/PHEC-YYGH7CC/2022,992,1006
hCoV-19/England/PHEC-YYGH6MP/2022,992,1008
hCoV-19/England/PHEC-YYGH6CM/2022,992,1008
hCoV-19/England/PHEC-YYGH5XE/2022,992,1006
hCoV-19/England/PHEC-YYGH5U9/2022,992,1006
hCoV-19/England/PHEC-YYGH5PC/2022,992,1006
hCoV-19/England/PHEC-YYGH5K1/2022,992,1006
hCoV-19/England/PHEC-YYGH5CQ/2022,992,1006
hCoV-19/England/PHEC-YYGH5BR/2022,992,1006
hCoV-19/England/PHEC-YYGH5AI/2022,992,1006
hCoV-19/England/PHEC-YYGH45O/2022,992,1006
hCoV-19/England/PHEC-YYGH3NR/2022,992,1006
hCoV-19/England/PHEC-YYGH1GD/2022,992,1006
hCoV-19/England/PHEC-YYGH1FF/2022,992,1006
hCoV-19/England/PHEC-YYG9XWD/2022,992,1013
hCoV-19/England/PHEC-YYG9XKA/2022,992,1013
hCoV-19/England/PHEC-YYG9KF8/2022,992,1013
hCoV-19/England/PHEC-YYG9K36/2022,992,1013
hCoV-19/England/PHEC-YYG7YD3/2022,992,1008
hCoV-19/England/PHEC-YYG7YB7/2022,992,1008
hCoV-19/England/PHEC-YYG7N6Y/2022,992,1008
hCoV-19/England/PHEC-YYG7DYH/2022,992,1008
hCoV-19/England/PHEC-YYG7B13/2022,992,1008
hCoV-19/England/PHEC-YYGHWYP/2022,993,1006
hCoV-19/England/PHEC-YYGHWJ5/2022,993,1006
hCoV-19/England/PHEC-YYGHWBM/2022,993,1006
hCoV-19/England/PHEC-YYGHW89/2022,993,1006
hCoV-19/England/PHEC-YYGHTQW/2022,993,1006
hCoV-19/England/PHEC-YYGHT1M/2022,993,1006
hCoV-19/England/PHEC-YYGHPWM/2022,993,1006
hCoV-19/England/PHEC-YYGHP3B/2022,993,1006
hCoV-19/England/PHEC-YYGHAOE/2022,993,1006
hCoV-19/England/PHEC-YYGH9ZU/2022,993,1008
hCoV-19/England/PHEC-YYGH9U5/2022,993,1008
hCoV-19/England/PHEC-YYGH9OB/2022,993,1008
hCoV-19/England/PHEC-YYGH9HJ/2022,993,1008
hCoV-19/England/PHEC-YYGH9AT/2022,993,1008
hCoV-19/England/PHEC-YYGH7MQ/2022,993,1006
hCoV-19/England/PHEC-YYGH7J1/2022,993,1006
hCoV-19/England/PHEC-YYGH75P/2022,993,1006
hCoV-19/England/PHEC-YYGH6PJ/2022,993,1008
hCoV-19/England/PHEC-YYGH6ON/2022,993,1008
hCoV-19/England/PHEC-YYGH6EU/2022,993,1008
hCoV-19/England/PHEC-YYGH5QK/2022,993,1006
hCoV-19/England/PHEC-YYGH598/2022,993,1006
hCoV-19/England/PHEC-YYGH4Y8/2022,993,1006
hCoV-19/England/PHEC-YYGH4R9/2022,993,1006
hCoV-19/England/PHEC-YYGH4JI/2022,993,1006
hCoV-19/England/PHEC-YYGH4BF/2022,993,1006
hCoV-19/England/PHEC-YYGH46K/2022,993,1006
hCoV-19/England/PHEC-YYGH3Z3/2022,993,1006
hCoV-19/England/PHEC-YYGH3HX/2022,993,1006
hCoV-19/England/PHEC-YYGH3BG/2022,993,1006
hCoV-19/England/PHEC-YYGH37P/2022,993,1006
hCoV-19/England/PHEC-YYG9ZNY/2022,993,1016
hCoV-19/England/PHEC-YYG9ZBN/2022,993,1016
hCoV-19/England/PHEC-YYG9KWE/2022,993,1013
hCoV-19/England/PHEC-YYG9KIG/2022,993,1013
hCoV-19/England/PHEC-YYG9JNQ/2022,993,1013
hCoV-19/England/PHEC-YYG9JBO/2022,993,1013
hCoV-19/England/PHEC-YYG9E9W/2022,993,1013
hCoV-19/England/PHEC-YYG9E6S/2022,993,1013
hCoV-19/England/PHEC-YYG9E46/2022,993,1013
hCoV-19/England/PHEC-YYG7YRZ/2022,993,1008
hCoV-19/England/PHEC-YYG7Y6N/2022,993,1008
hCoV-19/England/PHEC-YYG7NKJ/2022,993,1008
hCoV-19/England/PHEC-YYG7NHR/2022,993,1008
hCoV-19/England/PHEC-YYG7BN4/2022,993,1008
hCoV-19/England/PHEC-YYG7BKK/2022,993,1008
hCoV-19/England/PHEC-YYG7BIU/2022,993,1008
hCoV-19/England/PHEC-YYG7BHF/2022,993,1008
hCoV-19/England/PHEC-YYG7BDA/2022,993,1008
hCoV-19/England/PHEC-YYG7BAP/2022,993,1008
hCoV-19/England/PHEC-YYG74SA/2022,993,1013
hCoV-19/England/PHEC-YYG737M/2022,993,1013
hCoV-19/England/PHEC-YYGH9W3/2022,994,1008
hCoV-19/England/PHEC-YYGH9SI/2022,994,1008
hCoV-19/England/PHEC-YYGH9JO/2022,994,1008
hCoV-19/England/PHEC-YYGH9IZ/2022,994,1008
hCoV-19/England/PHEC-YYGH7W5/2022,994,1006
hCoV-19/England/PHEC-YYGH7SZ/2022,994,1006
hCoV-19/England/PHEC-YYGH7AU/2022,994,1006
hCoV-19/England/PHEC-YYGH74X/2022,994,1006
hCoV-19/England/PHEC-YYGH73T/2022,994,1006
hCoV-19/England/PHEC-YYGH6YD/2022,994,1008
hCoV-19/England/PHEC-YYGH6TY/2022,994,1008
hCoV-19/England/PHEC-YYGH6R5/2022,994,1008
hCoV-19/England/PHEC-YYGH6N9/2022,994,1008
hCoV-19/England/PHEC-YYGH6JT/2022,994,1008
hCoV-19/England/PHEC-YYGH6IA/2022,994,1008
hCoV-19/England/PHEC-YYGH6BB/2022,994,1008
hCoV-19/England/PHEC-YYG9X18/2022,994,1013
hCoV-19/England/PHEC-YYG9ON8/2022,994,1013
hCoV-19/England/PHEC-YYG9JWJ/2022,994,1013
hCoV-19/England/PHEC-YYG9JRK/2022,994,1013
hCoV-19/England/PHEC-YYG9JPA/2022,994,1013
hCoV-19/England/PHEC-YYG9JK6/2022,994,1013
hCoV-19/England/PHEC-YYG9JI8/2022,994,1013
hCoV-19/England/PHEC-YYG9JEN/2022,994,1013
hCoV-19/England/PHEC-YYG9J6I/2022,994,1013
hCoV-19/England/PHEC-YYG7NGT/2022,994,1008
hCoV-19/England/PHEC-YYG7NB5/2022,994,1008
hCoV-19/England/PHEC-YYG7C7A/2022,994,1009
hCoV-19/England/PHEC-YYG7BUZ/2022,994,1008
hCoV-19/England/PHEC-YYG7BT5/2022,994,1008
hCoV-19/England/PHEC-YYG7BST/2022,994,1008
hCoV-19/England/PHEC-YYG7B7D/2022,994,1008
hCoV-19/England/PHEC-YYG7B3M/2022,994,1008
hCoV-19/England/PHEC-YYG75GA/2022,994,1013
hCoV-19/England/PHEC-YYG74JU/2022,994,1013
hCoV-19/England/PHEC-YYGH9BY/2022,995,1008
hCoV-19/England/PHEC-YYGH98W/2022,995,1008
hCoV-19/England/PHEC-YYGH79F/2022,995,1008
hCoV-19/England/PHEC-YYGH41N/2022,995,1006
hCoV-19/England/PHEC-YYG9XTJ/2022,995,1013
hCoV-19/England/PHEC-YYG9XA5/2022,995,1013
hCoV-19/England/PHEC-YYG9TDR/2022,995,1013
hCoV-19/England/PHEC-YYG9MBQ/2022,995,1013
hCoV-19/England/PHEC-YYG9KYT/2022,995,1013
hCoV-19/England/PHEC-YYG9JTX/2022,995,1013
hCoV-19/England/PHEC-YYG9JOT/2022,995,1013
hCoV-19/England/PHEC-YYG9JGG/2022,995,1013
hCoV-19/England/PHEC-YYG9JC4/2022,995,1013
hCoV-19/England/PHEC-YYG9J1P/2022,995,1013
hCoV-19/England/PHEC-YYG7YTH/2022,995,1008
hCoV-19/England/PHEC-YYG7HKX/2022,995,1013
hCoV-19/England/PHEC-YYG7D1Z/2022,995,1008
hCoV-19/England/PHEC-YYG75RH/2022,995,1013
hCoV-19/England/PHEC-YYG75NY/2022,995,1013
hCoV-19/England/PHEC-YYG74TN/2022,995,1013
hCoV-19/England/PHEC-YY8Y19E/2022,995,1020
hCoV-19/England/PHEC-YYGH64Q/2022,996,1008
hCoV-19/England/PHEC-YYG9YNZ/2022,996,1013
hCoV-19/England/PHEC-YYG9YK8/2022,996,1013
hCoV-19/England/PHEC-YYG9Y8P/2022,996,1013
hCoV-19/England/PHEC-YYG9XEH/2022,996,1013
hCoV-19/England/PHEC-YYG9S9G/2022,996,1016
hCoV-19/England/PHEC-YYG9PRG/2022,996,1013
hCoV-19/England/PHEC-YYG9MOX/2022,996,1013
hCoV-19/England/PHEC-YYG9MGR/2022,996,1013
hCoV-19/England/PHEC-YYG9M6U/2022,996,1013
hCoV-19/England/PHEC-YYG9KHA/2022,996,1013
hCoV-19/England/PHEC-YYG9JZD/2022,996,1013
hCoV-19/England/PHEC-YYG9JY1/2022,996,1013
hCoV-19/England/PHEC-YYG9JQS/2022,996,1013
hCoV-19/England/PHEC-YYG9E7A/2022,996,1013
hCoV-19/England/PHEC-YYG9E3Y/2022,996,1013
hCoV-19/England/PHEC-YYG9CK5/2022,996,1013
hCoV-19/England/PHEC-YYG9C9O/2022,996,1013
hCoV-19/England/PHEC-YYG7DX6/2022,996,1008
hCoV-19/England/PHEC-YYG7DMG/2022,996,1008
hCoV-19/England/PHEC-YYG74OR/2022,996,1013
hCoV-19/England/PHEC-YYG73S3/2022,996,1013
hCoV-19/England/PHEC-YYG9YUW/2022,997,1013
hCoV-19/England/PHEC-YYG9PZ9/2022,997,1013
hCoV-19/England/PHEC-YYG9PDE/2022,997,1013
hCoV-19/England/PHEC-YYG9MX1/2022,997,1013
hCoV-19/England/PHEC-YYG9MQW/2022,997,1013
hCoV-19/England/PHEC-YYG9MPS/2022,997,1013
hCoV-19/England/PHEC-YYG9MKH/2022,997,1013
hCoV-19/England/PHEC-YYG9K54/2022,997,1013
hCoV-19/England/PHEC-YYG9IJW/2022,997,1016
hCoV-19/England/PHEC-YYG9HAQ/2022,997,1016
hCoV-19/England/PHEC-YYG9CA6/2022,997,1013
hCoV-19/England/PHEC-YYG75AU/2022,997,1013
hCoV-19/England/PHEC-YYG74F5/2022,997,1013
hCoV-19/England/PHEC-YYG746E/2022,997,1013
