hCoV-19/England/PHEC-YYEYMFD/2022,1040,1136
hCoV-19/England/PHEC-YY8PYJP/2022,1040,1055
hCoV-19/England/PHEC-YY8PYEX/2022,1040,1055
hCoV-19/England/PHEC-YY8PY8T/2022,1040,1055
hCoV-19/England/PHEC-YY8PIRN/2022,1040,1058
hCoV-19/England/PHEC-YY8PGY3/2022,1040,1055
hCoV-19/England/PHEC-YY8PGRT/2022,1040,1055
hCoV-19/England/PHEC-YY8PGHY/2022,1040,1055
hCoV-19/England/PHEC-YY8PGDU/2022,1040,1055
hCoV-19/England/PHEC-YY8PFXH/2022,1040,1055
hCoV-19/England/PHEC-YY8PF4F/2022,1040,1055
hCoV-19/England/PHEC-YY8PDUI/2022,1040,1055
hCoV-19/England/PHEC-YY8PDHD/2022,1040,1055
hCoV-19/England/PHEC-YY8P8NW/2022,1040,1055
hCoV-19/England/PHEC-YY8P1YP/2022,1040,1057
hCoV-19/England/PHEC-YY8C79F/2022,1040,1055
hCoV-19/England/PHEC-YY8C6ON/2022,1040,1055
hCoV-19/England/PHEC-YY8C3HX/2022,1040,1052
hCoV-19/England/PHEC-YY8PYTH/2022,1041,1055
hCoV-19/England/PHEC-YY8PYPF/2022,1041,1055
hCoV-19/England/PHEC-YY8PYKM/2022,1041,1055
hCoV-19/England/PHEC-YY8PY9Y/2022,1041,1055
hCoV-19/England/PHEC-YY8PWTE/2022,1041,1058
hCoV-19/England/PHEC-YY8PWJ3/2022,1041,1058
hCoV-19/England/PHEC-YY8PUNE/2022,1041,1057
hCoV-19/England/PHEC-YY8PUMS/2022,1041,1057
hCoV-19/England/PHEC-YY8PUKA/2022,1041,1057
hCoV-19/England/PHEC-YY8PTJH/2022,1041,1055
hCoV-19/England/PHEC-YY8PR9H/2022,1041,1055
hCoV-19/England/PHEC-YY8PR8P/2022,1041,1055
hCoV-19/England/PHEC-YY8PR4G/2022,1041,1055
hCoV-19/England/PHEC-YY8PQWE/2022,1041,1055
hCoV-19/England/PHEC-YY8PQM5/2022,1041,1055
hCoV-19/England/PHEC-YY8PQHA/2022,1041,1055
hCoV-19/England/PHEC-YY8PKQ3/2022,1041,1055
hCoV-19/England/PHEC-YY8PJKN/2022,1041,1055
hCoV-19/England/PHEC-YY8PJFC/2022,1041,1055
hCoV-19/England/PHEC-YY8PIJA/2022,1041,1058
hCoV-19/England/PHEC-YY8PHEU/2022,1041,1062
hCoV-19/England/PHEC-YY8PH8I/2022,1041,1062
hCoV-19/England/PHEC-YY8PGU1/2022,1041,1055
hCoV-19/England/PHEC-YY8PGSC/2022,1041,1055
hCoV-19/England/PHEC-YY8PG76/2022,1041,1055
hCoV-19/England/PHEC-YY8PG3G/2022,1041,1055
hCoV-19/England/PHEC-YY8PFUU/2022,1041,1055
hCoV-19/England/PHEC-YY8PDNA/2022,1041,1055
hCoV-19/England/PHEC-YY8PD8Q/2022,1041,1055
hCoV-19/England/PHEC-YY8P8QH/2022,1041,1055
hCoV-19/England/PHEC-YY8P8JG/2022,1041,1055
hCoV-19/England/PHEC-YY8P8H9/2022,1041,1055
hCoV-19/England/PHEC-YY8P8FQ/2022,1041,1055
hCoV-19/England/PHEC-YY8P81U/2022,1041,1055
hCoV-19/England/PHEC-YY8P6SW/2022,1041,1062
hCoV-19/England/PHEC-YY8P1UG/2022,1041,1057
hCoV-19/England/PHEC-YY8P1FD/2022,1041,1057
hCoV-19/England/PHEC-YY8P1E7/2022,1041,1057
hCoV-19/England/PHEC-YY8P189/2022,1041,1057
hCoV-19/England/PHEC-YY8CH1Y/2022,1041,1055
hCoV-19/England/PHEC-YY8C9HJ/2022,1041,1055
hCoV-19/England/PHEC-YY8C9AT/2022,1041,1055
hCoV-19/England/PHEC-YY8C5OF/2022,1041,1052
hCoV-19/England/PHEC-YY8XQ1E/2022,1042,1071
hCoV-19/England/PHEC-YY8PXTP/2022,1042,1055
hCoV-19/England/PHEC-YY8PXJ6/2022,1042,1055
hCoV-19/England/PHEC-YY8PXCA/2022,1042,1055
hCoV-19/England/PHEC-YY8PX8N/2022,1042,1055
hCoV-19/England/PHEC-YY8PUEH/2022,1042,1057
hCoV-19/England/PHEC-YY8PUA5/2022,1042,1058
hCoV-19/England/PHEC-YY8PTYQ/2022,1042,1055
hCoV-19/England/PHEC-YY8PTXO/2022,1042,1055
hCoV-19/England/PHEC-YY8PTRG/2022,1042,1055
hCoV-19/England/PHEC-YY8PTK4/2022,1042,1055
hCoV-19/England/PHEC-YY8PSYJ/2022,1042,1059
hCoV-19/England/PHEC-YY8PSRB/2022,1042,1059
hCoV-19/England/PHEC-YY8PQUK/2022,1042,1055
hCoV-19/England/PHEC-YY8PQK7/2022,1042,1055
hCoV-19/England/PHEC-YY8PQJ9/2022,1042,1055
hCoV-19/England/PHEC-YY8PQEB/2022,1042,1055
hCoV-19/England/PHEC-YY8PQC3/2022,1042,1055
hCoV-19/England/PHEC-YY8PQBX/2022,1042,1055
hCoV-19/England/PHEC-YY8PQ8D/2022,1042,1055
hCoV-19/England/PHEC-YY8PO5A/2022,1042,1055
hCoV-19/England/PHEC-YY8PO3H/2022,1042,1055
hCoV-19/England/PHEC-YY8PMZF/2022,1042,1055
hCoV-19/England/PHEC-YY8PM6Z/2022,1042,1055
hCoV-19/England/PHEC-YY8PING/2022,1042,1058
hCoV-19/England/PHEC-YY8PIMW/2022,1042,1058
hCoV-19/England/PHEC-YY8PIE4/2022,1042,1058
hCoV-19/England/PHEC-YY8PHUH/2022,1042,1062
hCoV-19/England/PHEC-YY8PG1W/2022,1042,1055
hCoV-19/England/PHEC-YY8PFNS/2022,1042,1055
hCoV-19/England/PHEC-YY8PFMR/2022,1042,1055
hCoV-19/England/PHEC-YY8PFCN/2022,1042,1055
hCoV-19/England/PHEC-YY8PFAJ/2022,1042,1055
hCoV-19/England/PHEC-YY8PEDT/2022,1042,1055
hCoV-19/England/PHEC-YY8P8EE/2022,1042,1055
hCoV-19/England/PHEC-YY8P1PU/2022,1042,1057
hCoV-19/England/PHEC-YY8P1NJ/2022,1042,1057
hCoV-19/England/PHEC-YY8QDSP/2022,1043,1062
hCoV-19/England/PHEC-YY8Q8PH/2022,1043,1062
hCoV-19/England/PHEC-YY8PWRD/2022,1043,1058
hCoV-19/England/PHEC-YY8PWQX/2022,1043,1058
hCoV-19/England/PHEC-YY8PWH1/2022,1043,1058
hCoV-19/England/PHEC-YY8PWG9/2022,1043,1058
hCoV-19/England/PHEC-YY8PWDF/2022,1043,1058
hCoV-19/England/PHEC-YY8PW6Q/2022,1043,1058
hCoV-19/England/PHEC-YY8PUYC/2022,1043,1057
hCoV-19/England/PHEC-YY8PU9P/2022,1043,1058
hCoV-19/England/PHEC-YY8PTOP/2022,1043,1055
hCoV-19/England/PHEC-YY8PTCS/2022,1043,1055
hCoV-19/England/PHEC-YY8PT8Y/2022,1043,1055
hCoV-19/England/PHEC-YY8PQXU/2022,1043,1055
hCoV-19/England/PHEC-YY8PQSR/2022,1043,1055
hCoV-19/England/PHEC-YY8PQF8/2022,1043,1055
hCoV-19/England/PHEC-YY8PQDM/2022,1043,1055
hCoV-19/England/PHEC-YY8PO61/2022,1043,1055
hCoV-19/England/PHEC-YY8PM9I/2022,1043,1055
hCoV-19/England/PHEC-YY8PM57/2022,1043,1055
hCoV-19/England/PHEC-YY8PM3B/2022,1043,1055
hCoV-19/England/PHEC-YY8PIXC/2022,1043,1058
hCoV-19/England/PHEC-YY8PIPO/2022,1043,1058
hCoV-19/England/PHEC-YY8PHTY/2022,1043,1062
hCoV-19/England/PHEC-YY8PCZR/2022,1043,1055
hCoV-19/England/PHEC-YY8PCYU/2022,1043,1055
hCoV-19/England/PHEC-YY8PCWK/2022,1043,1055
hCoV-19/England/PHEC-YY8PCSG/2022,1043,1055
hCoV-19/England/PHEC-YY8PCNX/2022,1043,1055
hCoV-19/England/PHEC-YY8P6Z1/2022,1043,1062
hCoV-19/England/PHEC-YY8P6QF/2022,1043,1062
hCoV-19/England/PHEC-YY8P134/2022,1043,1057
hCoV-19/England/LOND-YYBK4XU/2022,1043,1062
hCoV-19/England/PHEC-YY8QYOH/2022,1044,1062
hCoV-19/England/PHEC-YY8QY1A/2022,1044,1062
hCoV-19/England/PHEC-YY8QK8F/2022,1044,1062
hCoV-19/England/PHEC-YY8QFJG/2022,1044,1062
hCoV-19/England/PHEC-YY8QE9S/2022,1044,1062
hCoV-19/England/PHEC-YY8QE88/2022,1044,1062
hCoV-19/England/PHEC-YY8QDXH/2022,1044,1062
hCoV-19/England/PHEC-YY8QDUU/2022,1044,1062
hCoV-19/England/PHEC-YY8QBRW/2022,1044,1062
hCoV-19/England/PHEC-YY8Q8Z8/2022,1044,1062
hCoV-19/England/PHEC-YY8PZRY/2022,1044,1059
hCoV-19/England/PHEC-YY8PZKW/2022,1044,1059
hCoV-19/England/PHEC-YY8PZGH/2022,1044,1059
hCoV-19/England/PHEC-YY8PZCO/2022,1044,1059
hCoV-19/England/PHEC-YY8PZBG/2022,1044,1059
hCoV-19/England/PHEC-YY8PU7T/2022,1044,1058
hCoV-19/England/PHEC-YY8PSWY/2022,1044,1059
hCoV-19/England/PHEC-YY8PSTG/2022,1044,1059
hCoV-19/England/PHEC-YY8PIOJ/2022,1044,1059
hCoV-19/England/PHEC-YY8PIHT/2022,1044,1059
hCoV-19/England/PHEC-YY8PI6P/2022,1044,1059
hCoV-19/England/PHEC-YY8PI3Z/2022,1044,1059
hCoV-19/England/PHEC-YY8PH9R/2022,1044,1062
hCoV-19/England/PHEC-YY8P95J/2022,1044,1062
hCoV-19/England/PHEC-YY8P7PE/2022,1044,1062
hCoV-19/England/PHEC-YY8P7JO/2022,1044,1062
hCoV-19/England/PHEC-YY8P7IZ/2022,1044,1062
hCoV-19/England/PHEC-YY8P76F/2022,1044,1062
hCoV-19/England/PHEC-YY8P6ET/2022,1044,1062
hCoV-19/England/PHEC-YY8QYUS/2022,1045,1062
hCoV-19/England/PHEC-YY8QYHR/2022,1045,1062
hCoV-19/England/PHEC-YY8QYDZ/2022,1045,1062
hCoV-19/England/PHEC-YY8QRP9/2022,1045,1062
hCoV-19/England/PHEC-YY8QRKF/2022,1045,1062
hCoV-19/England/PHEC-YY8QRBZ/2022,1045,1062
hCoV-19/England/PHEC-YY8QR8M/2022,1045,1062
hCoV-19/England/PHEC-YY8QOE7/2022,1045,1064
hCoV-19/England/PHEC-YY8QNW1/2022,1045,1062
hCoV-19/England/PHEC-YY8QNTA/2022,1045,1062
hCoV-19/England/PHEC-YY8QNRU/2022,1045,1062
hCoV-19/England/PHEC-YY8QNGX/2022,1045,1062
hCoV-19/England/PHEC-YY8QKRM/2022,1045,1062
hCoV-19/England/PHEC-YY8QKFJ/2022,1045,1062
hCoV-19/England/PHEC-YY8QK7A/2022,1045,1062
hCoV-19/England/PHEC-YY8QJWM/2022,1045,1062
hCoV-19/England/PHEC-YY8QJUP/2022,1045,1062
hCoV-19/England/PHEC-YY8QJTT/2022,1045,1062
hCoV-19/England/PHEC-YY8QJGE/2022,1045,1062
hCoV-19/England/PHEC-YY8QJ73/2022,1045,1062
hCoV-19/England/PHEC-YY8QJ57/2022,1045,1062
hCoV-19/England/PHEC-YY8QEP5/2022,1045,1062
hCoV-19/England/PHEC-YY8QEBU/2022,1045,1062
hCoV-19/England/PHEC-YY8QDHB/2022,1045,1062
hCoV-19/England/PHEC-YY8QDEK/2022,1045,1062
hCoV-19/England/PHEC-YY8QD67/2022,1045,1062
hCoV-19/England/PHEC-YY8QBMG/2022,1045,1062
hCoV-19/England/PHEC-YY8QBKE/2022,1045,1062
hCoV-19/England/PHEC-YY8QBCR/2022,1045,1062
hCoV-19/England/PHEC-YY8QB48/2022,1045,1062
hCoV-19/England/PHEC-YY8Q8IM/2022,1045,1062
hCoV-19/England/PHEC-YY8PZM1/2022,1045,1059
hCoV-19/England/PHEC-YY8PSJZ/2022,1045,1059
hCoV-19/England/PHEC-YY8PS7Q/2022,1045,1059
hCoV-19/England/PHEC-YY8P9GW/2022,1045,1062
hCoV-19/England/PHEC-YY8P915/2022,1045,1062
hCoV-19/England/PHEC-YY8P74P/2022,1045,1062
hCoV-19/England/PHEC-YY8P6KP/2022,1045,1062
hCoV-19/England/PHEP-YYGYBSC/2022,1046,1062
hCoV-19/England/PHEC-YY8XFMY/2022,1046,1069
hCoV-19/England/PHEC-YY8QY6Y/2022,1046,1062
hCoV-19/England/PHEC-YY8QREJ/2022,1046,1062
hCoV-19/England/PHEC-YY8QR76/2022,1046,1062
hCoV-19/England/PHEC-YY8QPIF/2022,1046,1063
hCoV-19/England/PHEC-YY8QNFT/2022,1046,1062
hCoV-19/England/PHEC-YY8QM55/2022,1046,1062
hCoV-19/England/PHEC-YY8QJRC/2022,1046,1062
hCoV-19/England/PHEC-YY8QJKY/2022,1046,1062
hCoV-19/England/PHEC-YY8QJB1/2022,1046,1062
hCoV-19/England/PHEC-YY8QJ8G/2022,1046,1062
hCoV-19/England/PHEC-YY8QFYA/2022,1046,1062
hCoV-19/England/PHEC-YY8QFOZ/2022,1046,1062
hCoV-19/England/PHEC-YY8QF1U/2022,1046,1062
hCoV-19/England/PHEC-YY8QESE/2022,1046,1062
hCoV-19/England/PHEC-YY8QE1O/2022,1046,1062
hCoV-19/England/PHEC-YY8QDIX/2022,1046,1062
hCoV-19/England/PHEC-YY8QDCN/2022,1046,1062
hCoV-19/England/PHEC-YY8QBT3/2022,1046,1062
hCoV-19/England/PHEC-YY8QBQY/2022,1046,1062
hCoV-19/England/PHEC-YY8Q8YS/2022,1046,1062
hCoV-19/England/PHEC-YY8Q8TU/2022,1046,1062
hCoV-19/England/PHEC-YY8Q8KN/2022,1046,1062
hCoV-19/England/PHEC-YY8Q8H7/2022,1046,1062
hCoV-19/England/PHEC-YY8Q81T/2022,1046,1062
hCoV-19/England/PHEC-YY8PZEA/2022,1046,1059
hCoV-19/England/PHEC-YY8PZDN/2022,1046,1059
hCoV-19/England/PHEC-YY8PSKI/2022,1046,1059
hCoV-19/England/PHEC-YY8PS3S/2022,1046,1059
hCoV-19/England/PHEC-YY8PIZ5/2022,1046,1059
hCoV-19/England/PHEC-YY8PIUD/2022,1046,1059
hCoV-19/England/PHEC-YY8PI4I/2022,1046,1059
hCoV-19/England/PHEC-YY8P9ZT/2022,1046,1062
hCoV-19/England/PHEC-YY8P9JQ/2022,1046,1062
hCoV-19/England/PHEC-YY8P9H8/2022,1046,1062
hCoV-19/England/PHEC-YY8P9AX/2022,1046,1062
hCoV-19/England/PHEC-YY8P7U5/2022,1046,1062
