hCoV-19/Wales/PHWC-PERRI8/2022,760,784
hCoV-19/Wales/PHWC-PERNFK/2022,760,784
hCoV-19/Wales/PHWC-PERGUJ/2022,760,784
hCoV-19/Wales/PHWC-PEDZT6/2022,760,784
hCoV-19/Wales/PHWC-PEDHB4/2022,760,784
hCoV-19/England/PLYM-34BB8A5/2022,760,767
hCoV-19/England/PHEC-YYNXGZM/2022,760,783
hCoV-19/England/PHEC-YYN1DFC/2022,760,784
hCoV-19/England/PHEC-YYDBCJ7/2022,760,803
hCoV-19/England/PHEC-6M0A8ZA1/2022,760,826
hCoV-19/England/PHEC-5X03FZ49/2022,760,807
hCoV-19/England/LSPA-3519437/2022,760,770
hCoV-19/England/LSPA-34E93BC/2022,760,768
hCoV-19/England/DHSC-CYNX5WO/2022,760,786
hCoV-19/England/DHSC-CYN65PY/2022,760,786
hCoV-19/England/DHSC-CYBYGYP/2022,760,831
hCoV-19/England/DHSC-CYBHF3N/2022,760,831
hCoV-19/Wales/PHWC-PEGJYJ/2022,761,784
hCoV-19/Wales/PHWC-PEDZIS/2022,761,784
hCoV-19/Wales/PHWC-PEDZGI/2022,761,784
hCoV-19/Wales/PHWC-PEDKBC/2022,761,784
hCoV-19/Wales/PHWC-PED3Y9/2022,761,784
hCoV-19/Wales/ALDP-34F74F4/2022,761,769
hCoV-19/Scotland/QEUH-34F1C5C/2022,761,769
hCoV-19/Scotland/QEUH-34DDC0B/2022,761,769
hCoV-19/England/QEUH-34D1D7D/2022,761,768
hCoV-19/England/PHWC-PE8ZIQ/2022,761,786
hCoV-19/England/PHEC-YYNXG8C/2022,761,783
hCoV-19/England/PHEC-YYNXFIO/2022,761,783
hCoV-19/England/PHEC-YYNX8MD/2022,761,783
hCoV-19/England/PHEC-YYNUZNH/2022,761,786
hCoV-19/England/PHEC-YYNTSU6/2022,761,784
hCoV-19/England/PHEC-YYNSA76/2022,761,791
hCoV-19/England/PHEC-YYNOKDP/2022,761,783
hCoV-19/England/PHEC-YYNIHZE/2022,761,791
hCoV-19/England/MILK-34F28A2/2022,761,768
hCoV-19/England/MILK-34F1630/2022,761,768
hCoV-19/England/MILK-34E6328/2022,761,768
hCoV-19/England/DHSC-CYNXT4Q/2022,761,831
hCoV-19/England/DHSC-CYNDTO4/2022,761,831
hCoV-19/England/DHSC-CYDEXH3/2022,761,786
hCoV-19/England/DHSC-CYD7DNX/2022,761,786
hCoV-19/England/DHSC-CYBRJYN/2022,761,786
hCoV-19/England/ALDP-3506567/2022,761,769
hCoV-19/England/ALDP-34FF82D/2022,761,770
hCoV-19/Wales/PHWC-PERIOY/2022,762,784
hCoV-19/Wales/PHWC-PER5TA/2022,762,784
hCoV-19/Wales/PHWC-PER36Y/2022,762,784
hCoV-19/Scotland/SCOT-5355/2022,762,785
hCoV-19/Scotland/QEUH-351ED0A/2022,762,769
hCoV-19/Scotland/QEUH-3515CAC/2022,762,769
hCoV-19/Scotland/QEUH-35131AF/2022,762,769
hCoV-19/Scotland/EDB42983/2022,762,789
hCoV-19/England/PHEC-YYNTG9S/2022,762,783
hCoV-19/England/PHEC-YYNTEDP/2022,762,783
hCoV-19/England/PHEC-YYNTE9W/2022,762,783
hCoV-19/England/PHEC-YYNOKM7/2022,762,783
hCoV-19/England/PHEC-YYNOJ57/2022,762,783
hCoV-19/England/PHEC-YYFQZF6/2022,762,901
hCoV-19/England/PHEC-YYFQKNT/2022,762,898
hCoV-19/England/PHEC-5X0BDZFC/2022,762,821
hCoV-19/England/PHEC-5X0BCZ2C/2022,762,821
hCoV-19/England/PHEC-5X0BBZA7/2022,762,821
hCoV-19/England/PHEC-5X0BAZD7/2022,762,821
hCoV-19/England/PHEC-5X0B8Z28/2022,762,821
hCoV-19/England/PHEC-5X0B7ZEF/2022,762,821
hCoV-19/England/PHEC-5X04BZBD/2022,762,807
hCoV-19/England/PHEC-5X04BZAE/2022,762,807
hCoV-19/England/MILK-35209E3/2022,762,769
hCoV-19/England/LSPA-3561B1D/2022,762,771
hCoV-19/England/HSLL-353857B/2022,762,771
hCoV-19/England/DHSC-CYNQOOF/2022,762,831
hCoV-19/England/DHSC-CYDGKNZ/2022,762,831
hCoV-19/England/DHSC-CYBHBRT/2022,762,786
hCoV-19/England/ALDP-3520181/2022,762,769
hCoV-19/Wales/PHWC-PE7Y9R/2022,763,807
hCoV-19/Scotland/QEUH-35498BA/2022,763,771
hCoV-19/Scotland/QEUH-352BF04/2022,763,771
hCoV-19/Scotland/CVR13940/2022,763,805
hCoV-19/Scotland/CVR13867/2022,763,805
hCoV-19/Scotland/CVR13794/2022,763,805
hCoV-19/England/QEUH-354A34F/2022,763,771
hCoV-19/England/PHEC-YYNOPW8/2022,763,783
hCoV-19/England/PHEC-YYNOEM9/2022,763,783
hCoV-19/England/PHEC-YYNOCQI/2022,763,783
hCoV-19/England/PHEC-YYFY19K/2022,763,859
hCoV-19/England/PHEC-5X06FZ91/2022,763,807
hCoV-19/England/MILK-353E9D3/2022,763,770
hCoV-19/England/MILK-35391C1/2022,763,770
hCoV-19/England/MILK-352CE60/2022,763,771
hCoV-19/England/MILK-352C5B6/2022,763,770
hCoV-19/England/MILK-35253FF/2022,763,770
hCoV-19/England/MILK-352531D/2022,763,770
hCoV-19/England/MILK-3524F92/2022,763,769
hCoV-19/England/LSPA-358231E/2022,763,772
hCoV-19/England/LSPA-3573E4C/2022,763,772
hCoV-19/England/LSPA-35641DC/2022,763,772
hCoV-19/England/LOND-YYBRD1X/2022,763,782
hCoV-19/England/DHSC-CYYCOWD/2022,763,786
hCoV-19/England/DHSC-CYNRBYJ/2022,763,831
hCoV-19/England/DHSC-CYNKR5D/2022,763,786
hCoV-19/England/DHSC-CYNJOX1/2022,763,786
hCoV-19/England/DHSC-CYN4FWX/2022,763,831
hCoV-19/England/DHSC-CYN34BD/2022,763,786
hCoV-19/England/DHSC-CYBAHYG/2022,763,786
hCoV-19/England/DHSC-CYB55N7/2022,763,831
hCoV-19/England/ALDP-355DA9F/2022,763,771
hCoV-19/England/ALDP-354E75E/2022,763,771
hCoV-19/England/ALDP-351C81A/2022,763,769
hCoV-19/Scotland/QEUH-3568651/2022,764,776
hCoV-19/England/QEUH-3554333/2022,764,771
hCoV-19/England/PHEC-YYNXOSD/2022,764,783
hCoV-19/England/PHEC-YYNXONC/2022,764,783
hCoV-19/England/PHEC-YYNXOIF/2022,764,783
hCoV-19/England/PHEC-YYNXO7I/2022,764,783
hCoV-19/England/PHEC-YYNS18T/2022,764,789
hCoV-19/England/PHEC-YYNQJQ7/2022,764,779
hCoV-19/England/PHEC-YYN1Z3X/2022,764,785
hCoV-19/England/PHEC-YYN1S9R/2022,764,785
hCoV-19/England/PHEC-5X0BEZ62/2022,764,821
hCoV-19/England/NEWC-3558223/2022,764,771
hCoV-19/England/MILK-355E4BE/2022,764,771
hCoV-19/England/MILK-355E31B/2022,764,771
hCoV-19/England/MILK-355E17B/2022,764,771
hCoV-19/England/MILK-355C1E6/2022,764,772
hCoV-19/England/MILK-3549D60/2022,764,771
hCoV-19/England/MILK-3547A5C/2022,764,771
hCoV-19/England/MILK-3545CFE/2022,764,771
hCoV-19/England/LSPA-35FDC5F/2022,764,775
hCoV-19/England/LSPA-35F7ED7/2022,764,775
hCoV-19/England/LSPA-35F3275/2022,764,778
hCoV-19/England/LOND-YYBF6ZE/2022,764,796
hCoV-19/England/DHSC-CYYWGWH/2022,764,831
hCoV-19/England/DHSC-CYYP4PG/2022,764,786
hCoV-19/England/DHSC-CYDFMMG/2022,764,831
hCoV-19/England/DHSC-CYBIJB7/2022,764,786
hCoV-19/England/DHSC-CYBI6Z5/2022,764,831
hCoV-19/Wales/PHWC-PET4P8/2022,765,796
hCoV-19/Scotland/QEUH-3586C79/2022,765,773
hCoV-19/Scotland/QEUH-3586C1F/2022,765,773
hCoV-19/Scotland/QEUH-3582FFC/2022,765,773
hCoV-19/Scotland/QEUH-3582F83/2022,765,773
hCoV-19/Scotland/QEUH-3570911/2022,765,776
hCoV-19/England/PHEC-YYNTYSQ/2022,765,783
hCoV-19/England/PHEC-YYNTRBI/2022,765,783
hCoV-19/England/PHEC-YYNSTJQ/2022,765,789
hCoV-19/England/PHEC-YYN1ZR4/2022,765,785
hCoV-19/England/PHEC-YYN1ZFA/2022,765,785
hCoV-19/England/PHEC-YYN1Z8W/2022,765,785
hCoV-19/England/PHEC-YYN191I/2022,765,785
hCoV-19/England/PHEC-5X0BAZ7D/2022,765,821
hCoV-19/England/PHEC-5X053Z78/2022,765,807
hCoV-19/England/PHEC-5X04FZ39/2022,765,807
hCoV-19/England/MILK-3575DF2/2022,765,772
hCoV-19/England/MILK-3574054/2022,765,772
hCoV-19/England/MILK-3571910/2022,765,772
hCoV-19/England/MILK-3545CC1/2022,765,771
hCoV-19/England/LSPA-3614671/2022,765,776
hCoV-19/England/LSPA-35FCCF6/2022,765,775
hCoV-19/England/LSPA-35FCB26/2022,765,775
hCoV-19/England/LSPA-35F4739/2022,765,778
hCoV-19/England/DHSC-CYYQBFP/2022,765,786
hCoV-19/England/DHSC-CYYJZFB/2022,765,786
hCoV-19/England/DHSC-CYYJYE1/2022,765,786
hCoV-19/England/DHSC-CYY7X8H/2022,765,831
hCoV-19/England/DHSC-CYY1MHM/2022,765,786
hCoV-19/England/DHSC-CYNCQCW/2022,765,831
hCoV-19/England/DHSC-CYBTX4C/2022,765,786
hCoV-19/England/DHSC-CYBGB4T/2022,765,786
hCoV-19/England/ALDP-359D36B/2022,765,773
hCoV-19/England/ALDP-359937E/2022,765,773
hCoV-19/England/ALDP-35923B1/2022,765,773
hCoV-19/Wales/PHWC-PETOJ3/2022,766,796
hCoV-19/Wales/PHWC-PE7J67/2022,766,807
hCoV-19/Scotland/QEUH-35BA67E/2022,766,776
hCoV-19/England/PHEC-YYNXT9O/2022,766,783
hCoV-19/England/PHEC-YYNXDAC/2022,766,783
hCoV-19/England/PHEC-YYNUDNO/2022,766,785
hCoV-19/England/PHEC-YYNTRC9/2022,766,783
hCoV-19/England/PHEC-YYNSPD6/2022,766,789
hCoV-19/England/PHEC-YYNOYPD/2022,766,783
hCoV-19/England/PHEC-YYNOYB5/2022,766,783
hCoV-19/England/PHEC-YYNOY6Y/2022,766,783
hCoV-19/England/PHEC-YYN5WNX/2022,766,796
hCoV-19/England/PHEC-YYN3YQX/2022,766,792
hCoV-19/England/MILK-35EB753/2022,766,775
hCoV-19/England/MILK-35AFCA7/2022,766,778
hCoV-19/England/MILK-35A4158/2022,766,773
hCoV-19/England/MILK-35A1A23/2022,766,773
hCoV-19/England/MILK-359C42D/2022,766,773
hCoV-19/England/MILK-359C108/2022,766,773
hCoV-19/England/MILK-359C092/2022,766,773
hCoV-19/England/MILK-359A87E/2022,766,773
hCoV-19/England/MILK-3598FB7/2022,766,773
hCoV-19/England/MILK-3598E6F/2022,766,773
hCoV-19/England/MILK-3598DCC/2022,766,773
hCoV-19/England/MILK-3598C83/2022,766,773
hCoV-19/England/MILK-3598C38/2022,766,773
hCoV-19/England/MILK-3598B0E/2022,766,773
hCoV-19/England/MILK-3598931/2022,766,773
hCoV-19/England/MILK-3598922/2022,766,773
hCoV-19/England/MILK-3598843/2022,766,773
hCoV-19/England/MILK-35987BF/2022,766,773
hCoV-19/England/MILK-35986EF/2022,766,773
hCoV-19/England/MILK-3598667/2022,766,773
hCoV-19/England/MILK-359855B/2022,766,773
hCoV-19/England/MILK-3594D1B/2022,766,773
hCoV-19/England/MILK-359472C/2022,766,773
hCoV-19/England/MILK-359380C/2022,766,773
hCoV-19/England/MILK-3592E38/2022,766,773
hCoV-19/England/MILK-3591AEA/2022,766,773
hCoV-19/England/MILK-35908E1/2022,766,773
hCoV-19/England/LSPA-3619F17/2022,766,776
hCoV-19/England/LSPA-3610903/2022,766,775
hCoV-19/England/DHSC-CYNTGJZ/2022,766,786
hCoV-19/England/DHSC-CYNKD4G/2022,766,786
hCoV-19/England/DHSC-CYDB1M8/2022,766,786
hCoV-19/England/DHSC-CYBRH9O/2022,766,786
hCoV-19/England/DHSC-CYBMSAS/2022,766,786
hCoV-19/England/ALDP-35D5DD2/2022,766,775
hCoV-19/England/ALDP-35A7841/2022,766,773
hCoV-19/England/ALDP-35A156E/2022,766,773
hCoV-19/England/ALDP-359954B/2022,766,773
hCoV-19/England/ALDP-359952D/2022,766,773
hCoV-19/England/ALDP-35994A8/2022,766,773
hCoV-19/England/ALDP-35992DB/2022,766,773
hCoV-19/England/ALDP-3599095/2022,766,773
hCoV-19/England/ALDP-358D1EC/2022,766,773
