hCoV-19/Wales/PHWC-PJW99S/2022,816,833
hCoV-19/Scotland/QEUH-3CAAE36/2022,816,825
hCoV-19/Scotland/QEUH-3CAAC1E/2022,816,825
hCoV-19/Scotland/QEUH-3C967AB/2022,816,825
hCoV-19/Scotland/QEUH-3C882BA/2022,816,825
hCoV-19/Scotland/QEUH-3C88162/2022,816,825
hCoV-19/Scotland/QEUH-3C85851/2022,816,825
hCoV-19/Scotland/CVR15814/2022,816,842
hCoV-19/Scotland/CVR15813/2022,816,842
hCoV-19/Scotland/CVR15812/2022,816,842
hCoV-19/Scotland/CVR15811/2022,816,842
hCoV-19/Scotland/CVR15738/2022,816,842
hCoV-19/Scotland/CVR15737/2022,816,842
hCoV-19/Scotland/CVR15688/2022,816,842
hCoV-19/Scotland/CVR15687/2022,816,842
hCoV-19/Scotland/CVR15665/2022,816,842
hCoV-19/Scotland/CVR15664/2022,816,842
hCoV-19/Scotland/CVR15652/2022,816,842
hCoV-19/Scotland/CVR15648/2022,816,842
hCoV-19/Scotland/CVR15645/2022,816,842
hCoV-19/Scotland/CVR15642/2022,816,842
hCoV-19/Scotland/CVR15637/2022,816,842
hCoV-19/Scotland/CVR15611/2022,816,842
hCoV-19/Scotland/CVR15601/2022,816,842
hCoV-19/Scotland/CVR15599/2022,816,842
hCoV-19/Scotland/CVR15569/2022,816,842
hCoV-19/Scotland/CVR15568/2022,816,842
hCoV-19/Scotland/CVR15560/2022,816,842
hCoV-19/Scotland/CVR15559/2022,816,842
hCoV-19/Scotland/CVR15556/2022,816,842
hCoV-19/Scotland/CVR15555/2022,816,842
hCoV-19/Scotland/CVR15549/2022,816,842
hCoV-19/Scotland/CVR15548/2022,816,842
hCoV-19/Scotland/CVR15547/2022,816,842
hCoV-19/Scotland/CVR15543/2022,816,842
hCoV-19/Scotland/CVR15509/2022,816,842
hCoV-19/Scotland/CVR15508/2022,816,842
hCoV-19/Scotland/CVR15506/2022,816,842
hCoV-19/Scotland/CVR15504/2022,816,842
hCoV-19/Scotland/CVR15501/2022,816,842
hCoV-19/Scotland/CVR15471/2022,816,842
hCoV-19/Scotland/CVR15470/2022,816,842
hCoV-19/Scotland/CVR15458/2022,816,842
hCoV-19/England/PHEP-YYRZ6K5/2022,816,838
hCoV-19/England/PHEC-YYRYWYE/2022,816,832
hCoV-19/England/PHEC-YYRYWGH/2022,816,832
hCoV-19/England/PHEC-YYRYWBG/2022,816,832
hCoV-19/England/PHEC-YYRYW84/2022,816,832
hCoV-19/England/PHEC-YYRYUZ4/2022,816,832
hCoV-19/England/PHEC-YYRYUWY/2022,816,832
hCoV-19/England/PHEC-YYRYUCT/2022,816,832
hCoV-19/England/PHEC-YYRYU9K/2022,816,832
hCoV-19/England/PHEC-YYRYU6C/2022,816,832
hCoV-19/England/PHEC-YYRYSR6/2022,816,832
hCoV-19/England/PHEC-YYRYSG4/2022,816,832
hCoV-19/England/PHEC-YYRYPDJ/2022,816,831
hCoV-19/England/PHEC-YYRYIOG/2022,816,832
hCoV-19/England/PHEC-YYRY1QQ/2022,816,832
hCoV-19/England/PHEC-YYRY1DR/2022,816,832
hCoV-19/England/PHEC-YYRY18H/2022,816,832
hCoV-19/England/PHEC-YYRXWS7/2022,816,840
hCoV-19/England/PHEC-YYRUZ8O/2022,816,845
hCoV-19/England/PHEC-YYRTHOH/2022,816,842
hCoV-19/England/PHEC-YYRT4AQ/2022,816,842
hCoV-19/England/PHEC-YYRQWA5/2022,816,839
hCoV-19/England/PHEC-YYRQW4Z/2022,816,839
hCoV-19/England/PHEC-YYRQOW8/2022,816,839
hCoV-19/England/PHEC-YYRPZUR/2022,816,838
hCoV-19/England/PHEC-YYRPGSX/2022,816,838
hCoV-19/England/PHEC-YYRPDZO/2022,816,838
hCoV-19/England/PHEC-YYRPDPF/2022,816,838
hCoV-19/England/PHEC-YYRPD7R/2022,816,838
hCoV-19/England/PHEC-YYRPAE4/2022,816,838
hCoV-19/England/PHEC-YYRO9ZP/2022,816,841
hCoV-19/England/PHEC-YYRO95F/2022,816,841
hCoV-19/England/PHEC-YYRNHMG/2022,816,834
hCoV-19/England/PHEC-YYRNDUQ/2022,816,834
hCoV-19/England/PHEC-YYRNDQ3/2022,816,834
hCoV-19/England/PHEC-YYRNDKB/2022,816,834
hCoV-19/England/PHEC-YYRNDJD/2022,816,834
hCoV-19/England/PHEC-YYRNDFM/2022,816,834
hCoV-19/England/PHEC-YYRNCJ4/2022,816,834
hCoV-19/England/PHEC-YYRMYAI/2022,816,838
hCoV-19/England/PHEC-YYRMY1B/2022,816,838
hCoV-19/England/PHEC-YYRMRBY/2022,816,838
hCoV-19/England/PHEC-YYRMGU3/2022,816,838
hCoV-19/England/PHEC-YYRMGT7/2022,816,838
hCoV-19/England/PHEC-YYRMFQF/2022,816,838
hCoV-19/England/PHEC-YYRMF4C/2022,816,838
hCoV-19/England/PHEC-YYRME99/2022,816,838
hCoV-19/England/PHEC-YYRMBKT/2022,816,838
hCoV-19/England/PHEC-YYRM8HG/2022,816,838
hCoV-19/England/PHEC-YYRKJUA/2022,816,838
hCoV-19/England/PHEC-YYRK6T8/2022,816,838
hCoV-19/England/PHEC-YYRK6OJ/2022,816,838
hCoV-19/England/PHEC-YYRK6NG/2022,816,838
hCoV-19/England/PHEC-YYRK6MW/2022,816,838
hCoV-19/England/PHEC-YYRK6JA/2022,816,838
hCoV-19/England/PHEC-YYRK6FY/2022,816,838
hCoV-19/England/PHEC-YYRK6C1/2022,816,838
hCoV-19/England/PHEC-YYRJSKY/2022,816,838
hCoV-19/England/PHEC-YYRJMIW/2022,816,838
hCoV-19/England/PHEC-YYRJGD6/2022,816,838
hCoV-19/England/PHEC-YYRJFZS/2022,816,838
hCoV-19/England/PHEC-YYRJFSA/2022,816,838
hCoV-19/England/PHEC-YYRJEYN/2022,816,838
hCoV-19/England/PHEC-YYRJCME/2022,816,838
hCoV-19/England/PHEC-YYRJ5WG/2022,816,838
hCoV-19/England/PHEC-YYRJ1JG/2022,816,838
hCoV-19/England/PHEC-YYRGRNE/2022,816,835
hCoV-19/England/PHEC-YYRGD9Q/2022,816,835
hCoV-19/England/PHEC-YYRER3I/2022,816,835
hCoV-19/England/PHEC-YYRER1D/2022,816,835
hCoV-19/England/PHEC-YYRENOJ/2022,816,835
hCoV-19/England/PHEC-YYREN7X/2022,816,835
hCoV-19/England/PHEC-YYREMQF/2022,816,838
hCoV-19/England/PHEC-YYREMP8/2022,816,838
hCoV-19/England/PHEC-YYREMKP/2022,816,838
hCoV-19/England/PHEC-YYREMFZ/2022,816,838
hCoV-19/England/PHEC-YYREGXE/2022,816,835
hCoV-19/England/PHEC-YYREGTD/2022,816,835
hCoV-19/England/PHEC-YYREG1B/2022,816,835
hCoV-19/England/PHEC-YYREDZ4/2022,816,835
hCoV-19/England/PHEC-YYREDWY/2022,816,835
hCoV-19/England/PHEC-YYREDQP/2022,816,835
hCoV-19/England/PHEC-YYREDNF/2022,816,835
hCoV-19/England/PHEC-YYREDG7/2022,816,835
hCoV-19/England/PHEC-YYREDAA/2022,816,835
hCoV-19/England/PHEC-YYRED4W/2022,816,835
hCoV-19/England/PHEC-YYREBN8/2022,816,835
hCoV-19/England/PHEC-YYRE84O/2022,816,835
hCoV-19/England/PHEC-YYRDW78/2022,816,834
hCoV-19/England/PHEC-YYRDUIA/2022,816,834
hCoV-19/England/PHEC-YYRDTWH/2022,816,834
hCoV-19/England/PHEC-YYRDT31/2022,816,834
hCoV-19/England/PHEC-YYRDT1Y/2022,816,834
hCoV-19/England/PHEC-YYRDK4Z/2022,816,835
hCoV-19/England/PHEC-YYRDHWT/2022,816,835
hCoV-19/England/PHEC-YYRDHUU/2022,816,835
hCoV-19/England/PHEC-YYRDHSP/2022,816,835
hCoV-19/England/PHEC-YYRD7Y3/2022,816,835
hCoV-19/England/PHEC-YYRD7RT/2022,816,835
hCoV-19/England/PHEC-YYRD7IQ/2022,816,835
hCoV-19/England/PHEC-YYRD7HY/2022,816,835
hCoV-19/England/PHEC-YYRD7GP/2022,816,835
hCoV-19/England/PHEC-YYRD6QH/2022,816,835
hCoV-19/England/PHEC-YYRD5X7/2022,816,835
hCoV-19/England/PHEC-YYRD5B3/2022,816,835
hCoV-19/England/PHEC-YYRD43J/2022,816,835
hCoV-19/England/PHEC-YYRD1F4/2022,816,834
hCoV-19/England/PHEC-YYRD1D6/2022,816,834
hCoV-19/England/PHEC-YYRBMPI/2022,816,832
hCoV-19/England/PHEC-YYRBM61/2022,816,832
hCoV-19/England/PHEC-YYRBM1K/2022,816,832
hCoV-19/England/PHEC-YYRBH8O/2022,816,834
hCoV-19/England/PHEC-YYRBGTT/2022,816,832
hCoV-19/England/PHEC-YYRBG3B/2022,816,832
hCoV-19/England/PHEC-YYRBFQ3/2022,816,832
hCoV-19/England/PHEC-YYRBF1O/2022,816,832
hCoV-19/England/PHEC-YYRBEXW/2022,816,832
hCoV-19/England/PHEC-YYRBERK/2022,816,832
hCoV-19/England/PHEC-YYRBEH3/2022,816,832
hCoV-19/England/PHEC-YYRAHDJ/2022,816,849
hCoV-19/England/PHEC-YYR8QXN/2022,816,835
hCoV-19/England/PHEC-YYR8QU3/2022,816,835
hCoV-19/England/PHEC-YYR8HUM/2022,816,835
hCoV-19/England/PHEC-YYR8H8R/2022,816,835
hCoV-19/England/PHEC-YYR8ASJ/2022,816,835
hCoV-19/England/PHEC-YYR8AMY/2022,816,835
hCoV-19/England/PHEC-YYR8A8E/2022,816,835
hCoV-19/England/PHEC-YYR8A59/2022,816,835
hCoV-19/England/PHEC-YYR8A4B/2022,816,835
hCoV-19/England/PHEC-YYR897W/2022,816,835
hCoV-19/England/PHEC-YYR87XU/2022,816,835
hCoV-19/England/PHEC-YYR87HA/2022,816,835
hCoV-19/England/PHEC-YYR8754/2022,816,835
hCoV-19/England/PHEC-YYR84QA/2022,816,835
hCoV-19/England/PHEC-YYDHT5H/2022,816,828
hCoV-19/England/PHEC-YYDHOH5/2022,816,828
hCoV-19/England/PHEC-YYDHO57/2022,816,828
hCoV-19/England/PHEC-YYDHO3B/2022,816,828
hCoV-19/England/PHEC-YYDH1ZD/2022,816,828
hCoV-19/England/PHEC-YYDH1NQ/2022,816,828
hCoV-19/England/PHEC-YYDH1BO/2022,816,828
hCoV-19/England/PHEC-YYDH19U/2022,816,828
hCoV-19/England/PHEC-YYDH147/2022,816,828
hCoV-19/England/PHEC-YYD9ZW6/2022,816,831
hCoV-19/England/PHEC-YYD9ZS4/2022,816,831
hCoV-19/England/PHEC-YYD9ZIH/2022,816,831
hCoV-19/England/PHEC-YYD9ZHQ/2022,816,831
hCoV-19/England/PHEC-YYD9Z9E/2022,816,831
hCoV-19/England/PHEC-YYD9Z5O/2022,816,831
hCoV-19/England/PHEC-YYD9Z3W/2022,816,831
hCoV-19/England/PHEC-YYD9SZ3/2022,816,831
hCoV-19/England/PHEC-YYD9IOE/2022,816,831
hCoV-19/England/PHEC-YYD9IJZ/2022,816,831
hCoV-19/England/PHEC-YYD9AYG/2022,816,831
hCoV-19/England/PHEC-YYD9AR6/2022,816,831
hCoV-19/England/PHEC-YYD9APC/2022,816,831
hCoV-19/England/PHEC-YYD9ADY/2022,816,831
hCoV-19/England/PHEC-YYD9A1B/2022,816,831
hCoV-19/England/PHEC-YYD915I/2022,816,831
hCoV-19/England/PHEC-YYD914Z/2022,816,831
hCoV-19/England/PHEC-YYD6QDC/2022,816,831
hCoV-19/England/PHEC-YYD6QBO/2022,816,831
hCoV-19/England/PHEC-YYD6P9W/2022,816,831
hCoV-19/England/PHEC-YYD6P6S/2022,816,831
hCoV-19/England/LSPA-3C9A4DD/2022,816,822
hCoV-19/England/CLIMB-CM7YRT6X/2022,816,1311
hCoV-19/England/CLIMB-CM7YRPCW/2022,816,1310
hCoV-19/England/CLIMB-CM7YROSY/2022,816,1310
hCoV-19/England/CLIMB-CM7YRD33/2022,816,1310
hCoV-19/England/CLIMB-CM7YR1GH/2022,816,1310
hCoV-19/England/CLIMB-CM7YMKPY/2022,816,1310
hCoV-19/England/CLIMB-CM7YMDYU/2022,816,1310
hCoV-19/England/CLIMB-CM7YMDTA/2022,816,1310
hCoV-19/England/CLIMB-CM7YM3TO/2022,816,1310
hCoV-19/England/CLIMB-CM7YKW7S/2022,816,1310
hCoV-19/England/CLIMB-CM7YKGWP/2022,816,1310
hCoV-19/England/CLIMB-CM7YKG7M/2022,816,1310
hCoV-19/England/CLIMB-CM7YK5NU/2022,816,1310
hCoV-19/England/CLIMB-CM7YJXQJ/2022,816,1310
hCoV-19/England/CLIMB-CM7YJXIU/2022,816,1310
hCoV-19/England/CLIMB-CM7YGZ6W/2022,816,1310
hCoV-19/England/CLIMB-CM7YGPTX/2022,816,1310
hCoV-19/England/CLIMB-CM7YGIW9/2022,816,1310
hCoV-19/England/CLIMB-CM7YG46E/2022,816,1310
hCoV-19/England/CLIMB-CM7YFNQO/2022,816,1310
hCoV-19/England/CLIMB-CM7YFIPD/2022,816,1310
hCoV-19/England/CLIMB-CM7YFCJF/2022,816,1310
hCoV-19/England/CLIMB-CM7YEGET/2022,816,1310
hCoV-19/England/CLIMB-CM7YE6FI/2022,816,1310
hCoV-19/England/CLIMB-CM7YE3KB/2022,816,1310
hCoV-19/England/CLIMB-CM7Y8R5G/2022,816,1310
hCoV-19/England/CLIMB-CM7Y8POX/2022,816,1310
hCoV-19/England/CLIMB-CM7Y8H6O/2022,816,1310
hCoV-19/England/CLIMB-CM7Y88Z5/2022,816,1310
hCoV-19/England/CLIMB-CM7Y81EJ/2022,816,1310
hCoV-19/Wales/PHWC-PJIYSF/2022,817,833
hCoV-19/Scotland/QEUH-3CCFB25/2022,817,826
hCoV-19/Scotland/QEUH-2EA07E72/2022,817,1317
hCoV-19/Scotland/QEUH-2E9F73C2/2022,817,1300
hCoV-19/Scotland/QEUH-2E9F16ED/2022,817,1300
hCoV-19/Scotland/CVR15810/2022,817,842
hCoV-19/Scotland/CVR15809/2022,817,842
hCoV-19/Scotland/CVR15802/2022,817,842
hCoV-19/Scotland/CVR15800/2022,817,842
hCoV-19/Scotland/CVR15798/2022,817,842
hCoV-19/Scotland/CVR15797/2022,817,842
hCoV-19/Scotland/CVR15794/2022,817,842
hCoV-19/Scotland/CVR15789/2022,817,842
hCoV-19/Scotland/CVR15787/2022,817,842
hCoV-19/Scotland/CVR15785/2022,817,842
hCoV-19/Scotland/CVR15776/2022,817,842
hCoV-19/Scotland/CVR15765/2022,817,842
hCoV-19/Scotland/CVR15746/2022,817,842
hCoV-19/Scotland/CVR15739/2022,817,842
hCoV-19/Scotland/CVR15727/2022,817,842
hCoV-19/Scotland/CVR15725/2022,817,842
hCoV-19/Scotland/CVR15720/2022,817,842
hCoV-19/Scotland/CVR15713/2022,817,842
hCoV-19/Scotland/CVR15711/2022,817,842
hCoV-19/Scotland/CVR15710/2022,817,842
hCoV-19/Scotland/CVR15701/2022,817,842
hCoV-19/Scotland/CVR15691/2022,817,842
hCoV-19/Scotland/CVR15690/2022,817,842
hCoV-19/Scotland/CVR15689/2022,817,842
hCoV-19/Scotland/CVR15679/2022,817,842
hCoV-19/Scotland/CVR15676/2022,817,842
hCoV-19/Scotland/CVR15674/2022,817,842
hCoV-19/Scotland/CVR15673/2022,817,842
hCoV-19/Scotland/CVR15672/2022,817,842
hCoV-19/Scotland/CVR15667/2022,817,842
hCoV-19/Scotland/CVR15666/2022,817,842
hCoV-19/Scotland/CVR15663/2022,817,842
hCoV-19/Scotland/CVR15661/2022,817,842
hCoV-19/Scotland/CVR15658/2022,817,842
hCoV-19/Scotland/CVR15657/2022,817,842
hCoV-19/Scotland/CVR15654/2022,817,842
hCoV-19/Scotland/CVR15653/2022,817,842
hCoV-19/Scotland/CVR15650/2022,817,842
hCoV-19/Scotland/CVR15644/2022,817,842
hCoV-19/Scotland/CVR15643/2022,817,842
hCoV-19/Scotland/CVR15641/2022,817,842
hCoV-19/Scotland/CVR15639/2022,817,842
hCoV-19/Scotland/CVR15636/2022,817,842
hCoV-19/Scotland/CVR15633/2022,817,842
hCoV-19/Scotland/CVR15631/2022,817,842
hCoV-19/Scotland/CVR15628/2022,817,842
hCoV-19/Scotland/CVR15626/2022,817,842
hCoV-19/Scotland/CVR15625/2022,817,842
hCoV-19/Scotland/CVR15624/2022,817,842
hCoV-19/Scotland/CVR15619/2022,817,842
hCoV-19/Scotland/CVR15618/2022,817,842
hCoV-19/Scotland/CVR15617/2022,817,842
hCoV-19/Scotland/CVR15614/2022,817,842
hCoV-19/Scotland/CVR15613/2022,817,842
hCoV-19/Scotland/CVR15612/2022,817,842
hCoV-19/Scotland/CVR15609/2022,817,842
hCoV-19/Scotland/CVR15608/2022,817,842
hCoV-19/Scotland/CVR15607/2022,817,842
hCoV-19/Scotland/CVR15604/2022,817,842
hCoV-19/Scotland/CVR15603/2022,817,842
hCoV-19/Scotland/CVR15602/2022,817,842
hCoV-19/Scotland/CVR15600/2022,817,842
hCoV-19/Scotland/CVR15598/2022,817,842
hCoV-19/Scotland/CVR15596/2022,817,842
hCoV-19/Scotland/CVR15593/2022,817,842
hCoV-19/Scotland/CVR15591/2022,817,842
hCoV-19/Scotland/CVR15590/2022,817,842
hCoV-19/Scotland/CVR15589/2022,817,842
hCoV-19/Scotland/CVR15588/2022,817,842
hCoV-19/Scotland/CVR15587/2022,817,842
hCoV-19/Scotland/CVR15586/2022,817,842
hCoV-19/Scotland/CVR15585/2022,817,842
hCoV-19/Scotland/CVR15582/2022,817,842
hCoV-19/Scotland/CVR15581/2022,817,842
hCoV-19/Scotland/CVR15580/2022,817,842
hCoV-19/Scotland/CVR15579/2022,817,842
hCoV-19/Scotland/CVR15578/2022,817,842
hCoV-19/Scotland/CVR15575/2022,817,842
hCoV-19/Scotland/CVR15574/2022,817,842
hCoV-19/Scotland/CVR15573/2022,817,842
hCoV-19/Scotland/CVR15572/2022,817,842
hCoV-19/Scotland/CVR15570/2022,817,842
hCoV-19/Scotland/CVR15567/2022,817,842
hCoV-19/England/QEUH-2EA08D47/2022,817,1317
hCoV-19/England/QEUH-2E9F3FFF/2022,817,1300
hCoV-19/England/PHEP-YYRZUJE/2022,817,838
hCoV-19/England/PHEC-YYRYUHO/2022,817,832
hCoV-19/England/PHEC-YYRYTS6/2022,817,832
hCoV-19/England/PHEC-YYRYTQX/2022,817,832
hCoV-19/England/PHEC-YYRYTOK/2022,817,832
hCoV-19/England/PHEC-YYRYTJ3/2022,817,832
hCoV-19/England/PHEC-YYRYTCU/2022,817,832
hCoV-19/England/PHEC-YYRYT87/2022,817,832
hCoV-19/England/PHEC-YYRYT1G/2022,817,832
hCoV-19/England/PHEC-YYRYQXO/2022,817,831
hCoV-19/England/PHEC-YYRYQSB/2022,817,831
hCoV-19/England/PHEC-YYRYQRG/2022,817,831
hCoV-19/England/PHEC-YYRYQPW/2022,817,831
hCoV-19/England/PHEC-YYRYQNK/2022,817,831
hCoV-19/England/PHEC-YYRYQMA/2022,817,831
hCoV-19/England/PHEC-YYRYQK4/2022,817,831
hCoV-19/England/PHEC-YYRYQCS/2022,817,831
hCoV-19/England/PHEC-YYRYQBC/2022,817,831
hCoV-19/England/PHEC-YYRYQ8Y/2022,817,831
hCoV-19/England/PHEC-YYRYPOQ/2022,817,831
hCoV-19/England/PHEC-YYRYPM3/2022,817,831
hCoV-19/England/PHEC-YYRYPE9/2022,817,831
hCoV-19/England/PHEC-YYRYP9O/2022,817,831
hCoV-19/England/PHEC-YYRYP5A/2022,817,831
hCoV-19/England/PHEC-YYRYP44/2022,817,831
hCoV-19/England/PHEC-YYRYOKA/2022,817,831
hCoV-19/England/PHEC-YYRYCFG/2022,817,834
hCoV-19/England/PHEC-YYRY1RN/2022,817,832
hCoV-19/England/PHEC-YYRY15U/2022,817,832
hCoV-19/England/PHEC-YYRXWA3/2022,817,840
hCoV-19/England/PHEC-YYRXW3Z/2022,817,840
hCoV-19/England/PHEC-YYRXM7A/2022,817,840
hCoV-19/England/PHEC-YYRXISH/2022,817,840
hCoV-19/England/PHEC-YYRXIG7/2022,817,840
hCoV-19/England/PHEC-YYRXI7Q/2022,817,840
hCoV-19/England/PHEC-YYRXH78/2022,817,840
hCoV-19/England/PHEC-YYRXH3X/2022,817,840
hCoV-19/England/PHEC-YYRXANN/2022,817,840
hCoV-19/England/PHEC-YYRXAFH/2022,817,840
hCoV-19/England/PHEC-YYRW14C/2022,817,845
hCoV-19/England/PHEC-YYRW13Q/2022,817,845
hCoV-19/England/PHEC-YYRT8I8/2022,817,841
hCoV-19/England/PHEC-YYRT5N4/2022,817,842
hCoV-19/England/PHEC-YYRQWXQ/2022,817,839
hCoV-19/England/PHEC-YYRQWTJ/2022,817,839
hCoV-19/England/PHEC-YYRQUGB/2022,817,839
hCoV-19/England/PHEC-YYRQTXT/2022,817,839
hCoV-19/England/PHEC-YYRQTGD/2022,817,839
hCoV-19/England/PHEC-YYRQTFF/2022,817,839
hCoV-19/England/PHEC-YYRQTA6/2022,817,839
hCoV-19/England/PHEC-YYRQT44/2022,817,839
hCoV-19/England/PHEC-YYRQO9T/2022,817,839
hCoV-19/England/PHEC-YYRQO45/2022,817,839
hCoV-19/England/PHEC-YYRQO1M/2022,817,839
hCoV-19/England/PHEC-YYRQ1Z9/2022,817,839
hCoV-19/England/PHEC-YYRQ1NK/2022,817,839
hCoV-19/England/PHEC-YYRQ1ID/2022,817,839
hCoV-19/England/PHEC-YYRQ1CS/2022,817,839
hCoV-19/England/PHEC-YYRPZH1/2022,817,838
hCoV-19/England/PHEC-YYRPSHU/2022,817,838
hCoV-19/England/PHEC-YYRPEIX/2022,817,838
hCoV-19/England/PHEC-YYRNHZP/2022,817,834
hCoV-19/England/PHEC-YYRNHSX/2022,817,834
hCoV-19/England/PHEC-YYRNH97/2022,817,834
hCoV-19/England/PHEC-YYRNH7B/2022,817,834
hCoV-19/England/PHEC-YYRNH69/2022,817,834
hCoV-19/England/PHEC-YYRNDP5/2022,817,834
hCoV-19/England/PHEC-YYRNDM9/2022,817,834
hCoV-19/England/PHEC-YYRNDC7/2022,817,834
hCoV-19/England/PHEC-YYRND88/2022,817,834
hCoV-19/England/PHEC-YYRN9BZ/2022,817,834
hCoV-19/England/PHEC-YYRN7RU/2022,817,834
hCoV-19/England/PHEC-YYRN7Q9/2022,817,834
hCoV-19/England/PHEC-YYRN7GX/2022,817,834
hCoV-19/England/PHEC-YYRN7EM/2022,817,834
hCoV-19/England/PHEC-YYRN78P/2022,817,834
hCoV-19/England/PHEC-YYRN61I/2022,817,834
hCoV-19/England/PHEC-YYRMFP8/2022,817,838
hCoV-19/England/PHEC-YYRME3M/2022,817,838
hCoV-19/England/PHEC-YYRM3WR/2022,817,839
hCoV-19/England/PHEC-YYRKP4G/2022,817,838
hCoV-19/England/PHEC-YYRKJFI/2022,817,838
hCoV-19/England/PHEC-YYRJWEG/2022,817,838
hCoV-19/England/PHEC-YYRJW3D/2022,817,838
hCoV-19/England/PHEC-YYRJQZP/2022,817,838
hCoV-19/England/PHEC-YYRJGU7/2022,817,838
hCoV-19/England/PHEC-YYRJGTB/2022,817,838
hCoV-19/England/PHEC-YYRJGNY/2022,817,838
hCoV-19/England/PHEC-YYRJET9/2022,817,838
hCoV-19/England/PHEC-YYRJEKQ/2022,817,838
hCoV-19/England/PHEC-YYRJE5M/2022,817,838
hCoV-19/England/PHEC-YYRG574/2022,817,835
hCoV-19/England/PHEC-YYREYKA/2022,817,835
hCoV-19/England/PHEC-YYREYJ4/2022,817,835
hCoV-19/England/PHEC-YYREY6X/2022,817,835
hCoV-19/England/PHEC-YYREY4Z/2022,817,835
hCoV-19/England/PHEC-YYREXGT/2022,817,838
hCoV-19/England/PHEC-YYREQ13/2022,817,838
hCoV-19/England/PHEC-YYREOGO/2022,817,838
hCoV-19/England/PHEC-YYREOF1/2022,817,838
hCoV-19/England/PHEC-YYRENUD/2022,817,835
hCoV-19/England/PHEC-YYREGJW/2022,817,835
hCoV-19/England/PHEC-YYREG5X/2022,817,835
hCoV-19/England/PHEC-YYREG4T/2022,817,835
hCoV-19/England/PHEC-YYREG3U/2022,817,835
hCoV-19/England/PHEC-YYREDE3/2022,817,835
hCoV-19/England/PHEC-YYREB5W/2022,817,835
hCoV-19/England/PHEC-YYRE4Y1/2022,817,838
hCoV-19/England/PHEC-YYRE4RK/2022,817,838
hCoV-19/England/PHEC-YYRE4PA/2022,817,838
hCoV-19/England/PHEC-YYRE4DC/2022,817,838
hCoV-19/England/PHEC-YYRE4C4/2022,817,838
hCoV-19/England/PHEC-YYRE4BO/2022,817,838
hCoV-19/England/PHEC-YYRE3ZR/2022,817,838
hCoV-19/England/PHEC-YYRE3UC/2022,817,838
hCoV-19/England/PHEC-YYRE346/2022,817,838
hCoV-19/England/PHEC-YYRDZAQ/2022,817,835
hCoV-19/England/PHEC-YYRDZ3C/2022,817,835
hCoV-19/England/PHEC-YYRDXZA/2022,817,834
hCoV-19/England/PHEC-YYRDXAS/2022,817,834
hCoV-19/England/PHEC-YYRDWYN/2022,817,834
hCoV-19/England/PHEC-YYRDWJO/2022,817,834
hCoV-19/England/PHEC-YYRDWE1/2022,817,834
hCoV-19/England/PHEC-YYRDWBY/2022,817,834
hCoV-19/England/PHEC-YYRDU9R/2022,817,834
hCoV-19/England/PHEC-YYRDTYF/2022,817,834
hCoV-19/England/PHEC-YYRDTU6/2022,817,834
hCoV-19/England/PHEC-YYRDTOR/2022,817,834
hCoV-19/England/PHEC-YYRDKJ4/2022,817,835
hCoV-19/England/PHEC-YYRDJ6O/2022,817,835
hCoV-19/England/PHEC-YYRDHTZ/2022,817,835
hCoV-19/England/PHEC-YYRDHQ6/2022,817,835
hCoV-19/England/PHEC-YYRDHIX/2022,817,835
hCoV-19/England/PHEC-YYRDH67/2022,817,835
hCoV-19/England/PHEC-YYRDARS/2022,817,835
hCoV-19/England/PHEC-YYRDAQN/2022,817,835
hCoV-19/England/PHEC-YYRDAPR/2022,817,835
hCoV-19/England/PHEC-YYRDAN4/2022,817,835
hCoV-19/England/PHEC-YYRDAME/2022,817,835
hCoV-19/England/PHEC-YYRDA8O/2022,817,835
hCoV-19/England/PHEC-YYRD5NZ/2022,817,835
hCoV-19/England/PHEC-YYRD5MF/2022,817,835
hCoV-19/England/PHEC-YYRD4WU/2022,817,835
hCoV-19/England/PHEC-YYRD4KE/2022,817,835
hCoV-19/England/PHEC-YYRD4DS/2022,817,835
hCoV-19/England/PHEC-YYRD469/2022,817,835
hCoV-19/England/PHEC-YYRD45F/2022,817,835
hCoV-19/England/PHEC-YYRD36Y/2022,817,835
hCoV-19/England/PHEC-YYRD1NY/2022,817,834
hCoV-19/England/PHEC-YYRCU7S/2022,817,838
hCoV-19/England/PHEC-YYRCTAN/2022,817,838
hCoV-19/England/PHEC-YYRC7QM/2022,817,838
hCoV-19/England/PHEC-YYRBMXT/2022,817,832
hCoV-19/England/PHEC-YYRBMUE/2022,817,832
hCoV-19/England/PHEC-YYRBMQU/2022,817,832
hCoV-19/England/PHEC-YYRBMOQ/2022,817,832
hCoV-19/England/PHEC-YYRBMK5/2022,817,832
hCoV-19/England/PHEC-YYRBMIR/2022,817,832
hCoV-19/England/PHEC-YYRBM7W/2022,817,832
hCoV-19/England/PHEC-YYRBM5A/2022,817,832
hCoV-19/England/PHEC-YYRBM44/2022,817,832
hCoV-19/England/PHEC-YYRBKQW/2022,817,832
hCoV-19/England/PHEC-YYRBKOX/2022,817,832
hCoV-19/England/PHEC-YYRBKHZ/2022,817,832
hCoV-19/England/PHEC-YYRBKCA/2022,817,832
hCoV-19/England/PHEC-YYRBK6U/2022,817,832
hCoV-19/England/PHEC-YYRBJWE/2022,817,832
hCoV-19/England/PHEC-YYRBJRJ/2022,817,832
hCoV-19/England/PHEC-YYRBJQI/2022,817,832
hCoV-19/England/PHEC-YYRBJGF/2022,817,832
hCoV-19/England/PHEC-YYRBJEB/2022,817,832
hCoV-19/England/PHEC-YYRBJBX/2022,817,832
hCoV-19/England/PHEC-YYRBJAY/2022,817,832
hCoV-19/England/PHEC-YYRBJ8D/2022,817,832
hCoV-19/England/PHEC-YYRBJ7S/2022,817,832
hCoV-19/England/PHEC-YYRBHFW/2022,817,834
hCoV-19/England/PHEC-YYRBGZF/2022,817,832
hCoV-19/England/PHEC-YYRBGNO/2022,817,832
hCoV-19/England/PHEC-YYRBGJN/2022,817,832
hCoV-19/England/PHEC-YYRBGFK/2022,817,832
hCoV-19/England/PHEC-YYRBGDQ/2022,817,832
hCoV-19/England/PHEC-YYRBG8G/2022,817,832
hCoV-19/England/PHEC-YYRBG57/2022,817,832
hCoV-19/England/PHEC-YYRBFXZ/2022,817,832
hCoV-19/England/PHEC-YYRBFWC/2022,817,832
hCoV-19/England/PHEC-YYRBFUQ/2022,817,832
hCoV-19/England/PHEC-YYRBFP5/2022,817,832
hCoV-19/England/PHEC-YYRBF9S/2022,817,832
hCoV-19/England/PHEC-YYRBF4Y/2022,817,832
hCoV-19/England/PHEC-YYRBEZD/2022,817,832
hCoV-19/England/PHEC-YYRBEY1/2022,817,832
hCoV-19/England/PHEC-YYRBEWJ/2022,817,832
hCoV-19/England/PHEC-YYRBEPA/2022,817,832
hCoV-19/England/PHEC-YYRBEOT/2022,817,832
hCoV-19/England/PHEC-YYRBEMH/2022,817,832
hCoV-19/England/PHEC-YYRBEDC/2022,817,832
hCoV-19/England/PHEC-YYRBEBO/2022,817,832
hCoV-19/England/PHEC-YYRBE9U/2022,817,832
hCoV-19/England/PHEC-YYRBE55/2022,817,832
hCoV-19/England/PHEC-YYRBE1P/2022,817,832
hCoV-19/England/PHEC-YYRB59Y/2022,817,834
hCoV-19/England/PHEC-YYRAQ5G/2022,817,848
hCoV-19/England/PHEC-YYR8QB6/2022,817,835
hCoV-19/England/PHEC-YYR8N9P/2022,817,835
hCoV-19/England/PHEC-YYR8IWO/2022,817,835
hCoV-19/England/PHEC-YYR8C6F/2022,817,835
hCoV-19/England/PHEC-YYR8A3D/2022,817,835
hCoV-19/England/PHEC-YYR89WG/2022,817,835
hCoV-19/England/PHEC-YYR89QU/2022,817,835
hCoV-19/England/PHEC-YYR89M3/2022,817,835
hCoV-19/England/PHEC-YYR89GD/2022,817,835
hCoV-19/England/PHEC-YYR89FF/2022,817,835
hCoV-19/England/PHEC-YYR89DJ/2022,817,835
hCoV-19/England/PHEC-YYR87QI/2022,817,835
hCoV-19/England/PHEC-YYR87PZ/2022,817,835
hCoV-19/England/PHEC-YYR87M5/2022,817,835
hCoV-19/England/PHEC-YYR87J9/2022,817,835
hCoV-19/England/PHEC-YYFOTRB/2022,817,905
hCoV-19/England/PHEC-YYFOTG7/2022,817,905
hCoV-19/England/PHEC-YYFKERZ/2022,817,876
hCoV-19/England/PHEC-YYD9HW3/2022,817,831
hCoV-19/England/PHEC-YYD9HOB/2022,817,831
hCoV-19/England/LSPA-3CE2F11/2022,817,825
hCoV-19/England/LSPA-3CDEE66/2022,817,825
hCoV-19/England/LSPA-3CC1FAF/2022,817,824
hCoV-19/England/LSPA-3CBD47A/2022,817,824
hCoV-19/England/LSPA-3CB35AE/2022,817,823
hCoV-19/England/CLIMB-CM7YRUDH/2022,817,1311
hCoV-19/England/CLIMB-CM7YRD7M/2022,817,1310
hCoV-19/England/CLIMB-CM7YM8GR/2022,817,1310
hCoV-19/England/CLIMB-CM7YKISS/2022,817,1310
hCoV-19/England/CLIMB-CM7YK6XR/2022,817,1310
hCoV-19/England/CLIMB-CM7YJYDX/2022,817,1310
hCoV-19/England/CLIMB-CM7YJXZ3/2022,817,1311
hCoV-19/England/CLIMB-CM7YJSXM/2022,817,1310
hCoV-19/England/CLIMB-CM7YJQMU/2022,817,1311
hCoV-19/England/CLIMB-CM7YJJ47/2022,817,1310
hCoV-19/England/CLIMB-CM7YGOKC/2022,817,1310
hCoV-19/England/CLIMB-CM7YFXFJ/2022,817,1310
hCoV-19/England/CLIMB-CM7YFFJ4/2022,817,1310
hCoV-19/England/CLIMB-CM7YF9N6/2022,817,1310
hCoV-19/England/CLIMB-CM7YF9BM/2022,817,1310
hCoV-19/England/CLIMB-CM7YF6YQ/2022,817,1310
hCoV-19/England/CLIMB-CM7YEJQM/2022,817,1310
hCoV-19/England/CLIMB-CM7YE6S4/2022,817,1310
hCoV-19/England/CLIMB-CM7YE5M9/2022,817,1310
hCoV-19/England/CLIMB-CM7Y8JKU/2022,817,1310
hCoV-19/England/CLIMB-CM7Y8JHU/2022,817,1310
hCoV-19/England/CLIMB-CM7Y8HFQ/2022,817,1310
hCoV-19/Scotland/QEUH-3CF5D20/2022,818,826
hCoV-19/Scotland/QEUH-2EA1EDB7/2022,818,1300
hCoV-19/Scotland/QEUH-2EA1B5EF/2022,818,1302
hCoV-19/Scotland/QEUH-2EA1A911/2022,818,1300
hCoV-19/Scotland/QEUH-2EA1A313/2022,818,1302
hCoV-19/Scotland/QEUH-2EA1A128/2022,818,1302
hCoV-19/Scotland/CVR15807/2022,818,842
hCoV-19/Scotland/CVR15805/2022,818,842
hCoV-19/Scotland/CVR15804/2022,818,842
hCoV-19/Scotland/CVR15792/2022,818,842
hCoV-19/Scotland/CVR15791/2022,818,842
hCoV-19/Scotland/CVR15784/2022,818,842
hCoV-19/Scotland/CVR15783/2022,818,842
hCoV-19/Scotland/CVR15782/2022,818,842
hCoV-19/Scotland/CVR15780/2022,818,842
hCoV-19/Scotland/CVR15779/2022,818,842
hCoV-19/Scotland/CVR15778/2022,818,842
hCoV-19/Scotland/CVR15775/2022,818,842
hCoV-19/Scotland/CVR15774/2022,818,842
hCoV-19/Scotland/CVR15772/2022,818,842
hCoV-19/Scotland/CVR15771/2022,818,842
hCoV-19/Scotland/CVR15769/2022,818,842
hCoV-19/Scotland/CVR15767/2022,818,842
hCoV-19/Scotland/CVR15760/2022,818,842
hCoV-19/Scotland/CVR15759/2022,818,842
hCoV-19/Scotland/CVR15757/2022,818,842
hCoV-19/Scotland/CVR15754/2022,818,842
hCoV-19/Scotland/CVR15752/2022,818,842
hCoV-19/Scotland/CVR15751/2022,818,842
hCoV-19/Scotland/CVR15750/2022,818,842
hCoV-19/Scotland/CVR15748/2022,818,842
hCoV-19/Scotland/CVR15747/2022,818,842
hCoV-19/Scotland/CVR15741/2022,818,842
hCoV-19/Scotland/CVR15736/2022,818,842
hCoV-19/Scotland/CVR15735/2022,818,842
hCoV-19/Scotland/CVR15734/2022,818,842
hCoV-19/Scotland/CVR15732/2022,818,842
hCoV-19/Scotland/CVR15731/2022,818,842
hCoV-19/Scotland/CVR15730/2022,818,842
hCoV-19/Scotland/CVR15726/2022,818,842
hCoV-19/Scotland/CVR15724/2022,818,842
hCoV-19/Scotland/CVR15722/2022,818,842
hCoV-19/Scotland/CVR15716/2022,818,842
hCoV-19/Scotland/CVR15715/2022,818,842
hCoV-19/Scotland/CVR15708/2022,818,842
hCoV-19/Scotland/CVR15705/2022,818,842
hCoV-19/Scotland/CVR15702/2022,818,842
hCoV-19/Scotland/CVR15700/2022,818,842
hCoV-19/Scotland/CVR15699/2022,818,842
hCoV-19/Scotland/CVR15695/2022,818,842
hCoV-19/Scotland/CVR15694/2022,818,842
hCoV-19/Scotland/CVR15693/2022,818,842
hCoV-19/Scotland/CVR15685/2022,818,842
hCoV-19/Scotland/CVR15669/2022,818,842
hCoV-19/England/QEUH-2EA13A51/2022,818,1300
hCoV-19/England/PHEC-YYRYTZH/2022,818,832
hCoV-19/England/PHEC-YYRYTMI/2022,818,832
hCoV-19/England/PHEC-YYRYTH1/2022,818,832
hCoV-19/England/PHEC-YYRYTFB/2022,818,832
hCoV-19/England/PHEC-YYRYTE5/2022,818,832
hCoV-19/England/PHEC-YYRYTA4/2022,818,832
hCoV-19/England/PHEC-YYRYT6Q/2022,818,832
hCoV-19/England/PHEC-YYRY1KS/2022,818,832
hCoV-19/England/PHEC-YYRY1JA/2022,818,832
hCoV-19/England/PHEC-YYRY1HT/2022,818,832
hCoV-19/England/PHEC-YYRXZTR/2022,818,840
hCoV-19/England/PHEC-YYRXWI9/2022,818,840
hCoV-19/England/PHEC-YYRXUIY/2022,818,840
hCoV-19/England/PHEC-YYRXSZ3/2022,818,840
hCoV-19/England/PHEC-YYRXS3I/2022,818,840
hCoV-19/England/PHEC-YYRXIPX/2022,818,840
hCoV-19/England/PHEC-YYRXIKI/2022,818,840
hCoV-19/England/PHEC-YYRXIF9/2022,818,840
hCoV-19/England/PHEC-YYRXIDD/2022,818,840
hCoV-19/England/PHEC-YYRWUYY/2022,818,845
hCoV-19/England/PHEC-YYRWUGW/2022,818,845
hCoV-19/England/PHEC-YYRWANZ/2022,818,845
hCoV-19/England/PHEC-YYRTYRT/2022,818,841
hCoV-19/England/PHEC-YYRTYIQ/2022,818,841
hCoV-19/England/PHEC-YYRTNTW/2022,818,841
hCoV-19/England/PHEC-YYRTNOS/2022,818,841
hCoV-19/England/PHEC-YYRTN4N/2022,818,841
hCoV-19/England/PHEC-YYRTBD1/2022,818,841
hCoV-19/England/PHEC-YYRT8XW/2022,818,841
hCoV-19/England/PHEC-YYRT8WJ/2022,818,841
hCoV-19/England/PHEC-YYRT8PA/2022,818,841
hCoV-19/England/PHEC-YYRT8K6/2022,818,841
hCoV-19/England/PHEC-YYRT81P/2022,818,841
hCoV-19/England/PHEC-YYRT7O5/2022,818,842
hCoV-19/England/PHEC-YYRT6DI/2022,818,842
hCoV-19/England/PHEC-YYRQWP1/2022,818,839
hCoV-19/England/PHEC-YYRQWFN/2022,818,839
hCoV-19/England/PHEC-YYRQUYP/2022,818,839
hCoV-19/England/PHEC-YYRQUNJ/2022,818,839
hCoV-19/England/PHEC-YYRQUHW/2022,818,839
hCoV-19/England/PHEC-YYRQUFD/2022,818,839
hCoV-19/England/PHEC-YYRQOEY/2022,818,839
hCoV-19/England/PHEC-YYRQ1A7/2022,818,839
hCoV-19/England/PHEC-YYRQ16T/2022,818,839
hCoV-19/England/PHEC-YYRPMOS/2022,818,838
hCoV-19/England/PHEC-YYRPMAG/2022,818,838
hCoV-19/England/PHEC-YYRPK8K/2022,818,838
hCoV-19/England/PHEC-YYRPJSC/2022,818,838
hCoV-19/England/PHEC-YYROJ1P/2022,818,841
hCoV-19/England/PHEC-YYRO7QN/2022,818,841
hCoV-19/England/PHEC-YYRO7O7/2022,818,841
hCoV-19/England/PHEC-YYRNHAM/2022,818,834
hCoV-19/England/PHEC-YYRNH5F/2022,818,834
hCoV-19/England/PHEC-YYRNH48/2022,818,834
hCoV-19/England/PHEC-YYRN9Y3/2022,818,834
hCoV-19/England/PHEC-YYRN9FX/2022,818,834
hCoV-19/England/PHEC-YYRN7K8/2022,818,834
hCoV-19/England/PHEC-YYRN7JJ/2022,818,834
hCoV-19/England/PHEC-YYRN7DI/2022,818,834
hCoV-19/England/PHEC-YYRN7B3/2022,818,834
hCoV-19/England/PHEC-YYRN74G/2022,818,834
hCoV-19/England/PHEC-YYRN6Q6/2022,818,834
hCoV-19/England/PHEC-YYRN6KG/2022,818,834
hCoV-19/England/PHEC-YYRN6CN/2022,818,834
hCoV-19/England/PHEC-YYRMT4Y/2022,818,838
hCoV-19/England/PHEC-YYRMAGN/2022,818,839
hCoV-19/England/PHEC-YYRMA1J/2022,818,839
hCoV-19/England/PHEC-YYRM3HW/2022,818,839
hCoV-19/England/PHEC-YYRKA9T/2022,818,838
hCoV-19/England/PHEC-YYRK1PH/2022,818,838
hCoV-19/England/PHEC-YYRJZNX/2022,818,838
hCoV-19/England/PHEC-YYRJZFJ/2022,818,838
hCoV-19/England/PHEC-YYRJZ8F/2022,818,838
hCoV-19/England/PHEC-YYRJXJJ/2022,818,838
hCoV-19/England/PHEC-YYRJXDI/2022,818,838
hCoV-19/England/PHEC-YYRJX3E/2022,818,838
hCoV-19/England/PHEC-YYRJUDT/2022,818,838
hCoV-19/England/PHEC-YYRJQX6/2022,818,838
hCoV-19/England/PHEC-YYRJQCR/2022,818,838
hCoV-19/England/PHEC-YYRJPOH/2022,818,838
hCoV-19/England/PHEC-YYRJOBA/2022,818,838
hCoV-19/England/PHEC-YYRJIJD/2022,818,838
hCoV-19/England/PHEC-YYRJ9YM/2022,818,838
hCoV-19/England/PHEC-YYRIM4T/2022,818,845
hCoV-19/England/PHEC-YYRGS95/2022,818,835
hCoV-19/England/PHEC-YYREYWD/2022,818,835
hCoV-19/England/PHEC-YYREYTJ/2022,818,835
hCoV-19/England/PHEC-YYREYS9/2022,818,835
hCoV-19/England/PHEC-YYREYNE/2022,818,835
hCoV-19/England/PHEC-YYREYIB/2022,818,835
hCoV-19/England/PHEC-YYREYDG/2022,818,835
hCoV-19/England/PHEC-YYREY18/2022,818,835
hCoV-19/England/PHEC-YYRERXK/2022,818,835
hCoV-19/England/PHEC-YYRERQC/2022,818,835
hCoV-19/England/PHEC-YYRERO8/2022,818,835
hCoV-19/England/PHEC-YYREREA/2022,818,835
hCoV-19/England/PHEC-YYREPZO/2022,818,838
hCoV-19/England/PHEC-YYRENKS/2022,818,835
hCoV-19/England/PHEC-YYRENE4/2022,818,835
hCoV-19/England/PHEC-YYRENDR/2022,818,835
hCoV-19/England/PHEC-YYRENC1/2022,818,835
hCoV-19/England/PHEC-YYRENBE/2022,818,835
hCoV-19/England/PHEC-YYREN8H/2022,818,835
hCoV-19/England/PHEC-YYREI7H/2022,818,838
hCoV-19/England/PHEC-YYREDXM/2022,818,835
hCoV-19/England/PHEC-YYREDTG/2022,818,835
hCoV-19/England/PHEC-YYREDJZ/2022,818,835
hCoV-19/England/PHEC-YYREBOK/2022,818,835
hCoV-19/England/PHEC-YYREBH1/2022,818,835
hCoV-19/England/PHEC-YYREB6Q/2022,818,835
hCoV-19/England/PHEC-YYREB3A/2022,818,835
hCoV-19/England/PHEC-YYRE8EI/2022,818,835
hCoV-19/England/PHEC-YYRE4NQ/2022,818,838
hCoV-19/England/PHEC-YYRE4JY/2022,818,838
hCoV-19/England/PHEC-YYRE48R/2022,818,838
hCoV-19/England/PHEC-YYRE3M7/2022,818,838
hCoV-19/England/PHEC-YYRDXS4/2022,818,834
hCoV-19/England/PHEC-YYRDWN6/2022,818,834
hCoV-19/England/PHEC-YYRDT7K/2022,818,834
hCoV-19/England/PHEC-YYRDKGY/2022,818,835
hCoV-19/England/PHEC-YYRDKEH/2022,818,835
hCoV-19/England/PHEC-YYRDJWR/2022,818,835
hCoV-19/England/PHEC-YYRDJ9Q/2022,818,835
hCoV-19/England/PHEC-YYRDJ4A/2022,818,835
hCoV-19/England/PHEC-YYRDI4C/2022,818,835
hCoV-19/England/PHEC-YYRDI3Q/2022,818,835
hCoV-19/England/PHEC-YYRDHPY/2022,818,835
hCoV-19/England/PHEC-YYRDH95/2022,818,835
hCoV-19/England/PHEC-YYRDH79/2022,818,835
hCoV-19/England/PHEC-YYRDA99/2022,818,835
hCoV-19/England/PHEC-YYRD7NI/2022,818,835
hCoV-19/England/PHEC-YYRD5UW/2022,818,835
hCoV-19/England/PHEC-YYRD5EM/2022,818,835
hCoV-19/England/PHEC-YYRD5DI/2022,818,835
hCoV-19/England/PHEC-YYRD4YH/2022,818,835
hCoV-19/England/PHEC-YYRD4QY/2022,818,835
hCoV-19/England/PHEC-YYRD4AM/2022,818,835
hCoV-19/England/PHEC-YYRD41Z/2022,818,835
hCoV-19/England/PHEC-YYRD3ZQ/2022,818,835
hCoV-19/England/PHEC-YYRD3Y7/2022,818,835
hCoV-19/England/PHEC-YYRD3T4/2022,818,835
hCoV-19/England/PHEC-YYRD3QB/2022,818,835
hCoV-19/England/PHEC-YYRD3M8/2022,818,835
hCoV-19/England/PHEC-YYRD3HR/2022,818,835
hCoV-19/England/PHEC-YYRD34E/2022,818,835
hCoV-19/England/PHEC-YYRD1BN/2022,818,834
hCoV-19/England/PHEC-YYRCXC7/2022,818,838
hCoV-19/England/PHEC-YYRCWRE/2022,818,838
hCoV-19/England/PHEC-YYRCTWK/2022,818,838
hCoV-19/England/PHEC-YYRCPDT/2022,818,838
hCoV-19/England/PHEC-YYRC4NG/2022,818,838
hCoV-19/England/PHEC-YYRC4KS/2022,818,838
hCoV-19/England/PHEC-YYRC1TX/2022,818,838
hCoV-19/England/PHEC-YYRBFT1/2022,818,832
hCoV-19/England/PHEC-YYRA8AU/2022,818,848
hCoV-19/England/PHEC-YYRA3XW/2022,818,848
hCoV-19/England/PHEC-YYRA3JY/2022,818,848
hCoV-19/England/PHEC-YYR8RQQ/2022,818,835
hCoV-19/England/PHEC-YYR8R8H/2022,818,835
hCoV-19/England/PHEC-YYR8NEH/2022,818,835
hCoV-19/England/PHEC-YYR8N7T/2022,818,835
hCoV-19/England/PHEC-YYR8N6X/2022,818,835
hCoV-19/England/PHEC-YYR8JYF/2022,818,835
hCoV-19/England/PHEC-YYR8G9J/2022,818,835
hCoV-19/England/PHEC-YYR8G3I/2022,818,835
hCoV-19/England/PHEC-YYR8EPC/2022,818,835
hCoV-19/England/PHEC-YYR8E5X/2022,818,835
hCoV-19/England/PHEC-YYR8DCU/2022,818,835
hCoV-19/England/PHEC-YYR8D9C/2022,818,835
hCoV-19/England/PHEC-YYR8D87/2022,818,835
hCoV-19/England/PHEC-YYR8D7O/2022,818,835
hCoV-19/England/PHEC-YYR8D3A/2022,818,835
hCoV-19/England/PHEC-YYR8961/2022,818,835
hCoV-19/England/PHEC-YYR81DS/2022,818,835
hCoV-19/England/PHEC-YYR3RD9/2022,818,849
hCoV-19/England/CLIMB-CM7YREO9/2022,818,1310
hCoV-19/England/CLIMB-CM7YKZDR/2022,818,1310
hCoV-19/England/CLIMB-CM7YKXZ5/2022,818,1310
hCoV-19/England/CLIMB-CM7YKXUY/2022,818,1310
hCoV-19/England/CLIMB-CM7YKWSX/2022,818,1310
hCoV-19/England/CLIMB-CM7YKIGJ/2022,818,1310
hCoV-19/England/CLIMB-CM7YJCHC/2022,818,1310
hCoV-19/England/CLIMB-CM7YGXAH/2022,818,1310
hCoV-19/England/CLIMB-CM7YGMGR/2022,818,1310
hCoV-19/England/CLIMB-CM7YGHAR/2022,818,1310
hCoV-19/England/CLIMB-CM7YGEIR/2022,818,1310
hCoV-19/England/CLIMB-CM7YG7JO/2022,818,1310
hCoV-19/England/CLIMB-CM7YFTD6/2022,818,1310
hCoV-19/England/CLIMB-CM7YFP4E/2022,818,1311
hCoV-19/England/CLIMB-CM7YFHOM/2022,818,1310
hCoV-19/England/CLIMB-CM7YFH74/2022,818,1310
hCoV-19/England/CLIMB-CM7YEUC1/2022,818,1310
hCoV-19/England/CLIMB-CM7YEP6B/2022,818,1310
hCoV-19/England/CLIMB-CM7YEDSE/2022,818,1310
hCoV-19/England/CLIMB-CM7YEAUN/2022,818,1310
hCoV-19/England/CLIMB-CM7Y8XKI/2022,818,1310
hCoV-19/Scotland/CVR15817/2022,819,842
hCoV-19/England/QEUH-3CFE228/2022,819,869
hCoV-19/England/PHEC-YYRYT5W/2022,819,832
hCoV-19/England/PHEC-YYRXWRN/2022,819,840
hCoV-19/England/PHEC-YYRXWNG/2022,819,840
hCoV-19/England/PHEC-YYRXWMW/2022,819,840
hCoV-19/England/PHEC-YYRXWE4/2022,819,840
hCoV-19/England/PHEC-YYRXWBE/2022,819,840
hCoV-19/England/PHEC-YYRXUZH/2022,819,840
hCoV-19/England/PHEC-YYRXUQX/2022,819,840
hCoV-19/England/PHEC-YYRXUMI/2022,819,840
hCoV-19/England/PHEC-YYRXUJ3/2022,819,840
hCoV-19/England/PHEC-YYRXUG9/2022,819,840
hCoV-19/England/PHEC-YYRXUE5/2022,819,840
hCoV-19/England/PHEC-YYRXUCU/2022,819,840
hCoV-19/England/PHEC-YYRXUA4/2022,819,840
hCoV-19/England/PHEC-YYRXU7O/2022,819,840
hCoV-19/England/PHEC-YYRXU3A/2022,819,840
hCoV-19/England/PHEC-YYRXSO8/2022,819,840
hCoV-19/England/PHEC-YYRXHYN/2022,819,840
hCoV-19/England/PHEC-YYRX7KP/2022,819,840
hCoV-19/England/PHEC-YYRX5XF/2022,819,840
hCoV-19/England/PHEC-YYRX5W4/2022,819,840
hCoV-19/England/PHEC-YYRX5PJ/2022,819,840
hCoV-19/England/PHEC-YYRX5MP/2022,819,840
hCoV-19/England/PHEC-YYRX3SA/2022,819,840
hCoV-19/England/PHEC-YYRX3F5/2022,819,840
hCoV-19/England/PHEC-YYRWUT7/2022,819,845
hCoV-19/England/PHEC-YYRUYOW/2022,819,842
hCoV-19/England/PHEC-YYRUYIK/2022,819,842
hCoV-19/England/PHEC-YYRTYP9/2022,819,841
hCoV-19/England/PHEC-YYRTYFX/2022,819,841
hCoV-19/England/PHEC-YYRTYEJ/2022,819,841
hCoV-19/England/PHEC-YYRTY3G/2022,819,841
hCoV-19/England/PHEC-YYRTNQ5/2022,819,841
hCoV-19/England/PHEC-YYRTJSD/2022,819,841
hCoV-19/England/PHEC-YYRTEXU/2022,819,841
hCoV-19/England/PHEC-YYRTEWE/2022,819,841
hCoV-19/England/PHEC-YYRTEPZ/2022,819,841
hCoV-19/England/PHEC-YYRTEM5/2022,819,841
hCoV-19/England/PHEC-YYRTBX4/2022,819,841
hCoV-19/England/PHEC-YYRTBUT/2022,819,841
hCoV-19/England/PHEC-YYRTBOZ/2022,819,841
hCoV-19/England/PHEC-YYRTBA8/2022,819,841
hCoV-19/England/PHEC-YYRTB1U/2022,819,841
hCoV-19/England/PHEC-YYRT8QS/2022,819,841
hCoV-19/England/PHEC-YYRT8JY/2022,819,841
hCoV-19/England/PHEC-YYRT8H3/2022,819,841
hCoV-19/England/PHEC-YYRT89U/2022,819,841
hCoV-19/England/PHEC-YYRT847/2022,819,841
hCoV-19/England/PHEC-YYRSEMT/2022,819,845
hCoV-19/England/PHEC-YYRQSE4/2022,819,839
hCoV-19/England/PHEC-YYRQHNY/2022,819,839
hCoV-19/England/PHEC-YYRQ5ZS/2022,819,839
hCoV-19/England/PHEC-YYRQ5R7/2022,819,839
hCoV-19/England/PHEC-YYRQ5HC/2022,819,839
hCoV-19/England/PHEC-YYRQ45X/2022,819,839
hCoV-19/England/PHEC-YYRPRWI/2022,819,838
hCoV-19/England/PHEC-YYRPKZJ/2022,819,838
hCoV-19/England/PHEC-YYRPKCY/2022,819,838
hCoV-19/England/PHEC-YYRPK3F/2022,819,838
hCoV-19/England/PHEC-YYRPK1U/2022,819,838
hCoV-19/England/PHEC-YYRP8GX/2022,819,838
hCoV-19/England/PHEC-YYRP8EM/2022,819,838
hCoV-19/England/PHEC-YYROHGU/2022,819,841
hCoV-19/England/PHEC-YYROHFI/2022,819,841
hCoV-19/England/PHEC-YYROA5C/2022,819,841
hCoV-19/England/PHEC-YYRO3PE/2022,819,841
hCoV-19/England/PHEC-YYRO3JO/2022,819,841
hCoV-19/England/PHEC-YYRNX7Q/2022,819,834
hCoV-19/England/PHEC-YYRM5E5/2022,819,838
hCoV-19/England/PHEC-YYRKZBX/2022,819,838
hCoV-19/England/PHEC-YYRKHOM/2022,819,838
hCoV-19/England/PHEC-YYRKADK/2022,819,838
hCoV-19/England/PHEC-YYRK1KN/2022,819,838
hCoV-19/England/PHEC-YYRK18E/2022,819,838
hCoV-19/England/PHEC-YYRJXHN/2022,819,838
hCoV-19/England/PHEC-YYRJXFT/2022,819,838
hCoV-19/England/PHEC-YYRJSQA/2022,819,838
hCoV-19/England/PHEC-YYRJPT4/2022,819,838
hCoV-19/England/PHEC-YYRJPI1/2022,819,838
hCoV-19/England/PHEC-YYRJP6Y/2022,819,838
hCoV-19/England/PHEC-YYREZKB/2022,819,838
hCoV-19/England/PHEC-YYREZGJ/2022,819,838
hCoV-19/England/PHEC-YYREZFM/2022,819,838
hCoV-19/England/PHEC-YYRERJS/2022,819,835
hCoV-19/England/PHEC-YYREM6R/2022,819,838
hCoV-19/England/PHEC-YYRED9K/2022,819,835
hCoV-19/England/PHEC-YYRED6C/2022,819,835
hCoV-19/England/PHEC-YYRE5M5/2022,819,838
hCoV-19/England/PHEC-YYRE5J9/2022,819,838
hCoV-19/England/PHEC-YYRE4ZD/2022,819,838
hCoV-19/England/PHEC-YYRE46I/2022,819,838
hCoV-19/England/PHEC-YYRDZXB/2022,819,835
hCoV-19/England/PHEC-YYRDZEX/2022,819,835
hCoV-19/England/PHEC-YYRDZD3/2022,819,835
hCoV-19/England/PHEC-YYRDIOY/2022,819,835
hCoV-19/England/PHEC-YYRDIHE/2022,819,835
hCoV-19/England/PHEC-YYRDI9N/2022,819,835
hCoV-19/England/PHEC-YYRDI7G/2022,819,835
hCoV-19/England/PHEC-YYRDI6R/2022,819,835
hCoV-19/England/PHEC-YYRDHY4/2022,819,835
hCoV-19/England/PHEC-YYRDHR1/2022,819,835
hCoV-19/England/PHEC-YYRDAZX/2022,819,835
hCoV-19/England/PHEC-YYRDAY6/2022,819,835
hCoV-19/England/PHEC-YYRDAWI/2022,819,835
hCoV-19/England/PHEC-YYRDAUZ/2022,819,835
hCoV-19/England/PHEC-YYRDAIU/2022,819,835
hCoV-19/England/PHEC-YYRDAHF/2022,819,835
hCoV-19/England/PHEC-YYRDA6B/2022,819,835
hCoV-19/England/PHEC-YYRDA4J/2022,819,835
hCoV-19/England/PHEC-YYRDA3M/2022,819,835
hCoV-19/England/PHEC-YYRDA13/2022,819,835
hCoV-19/England/PHEC-YYRD5TA/2022,819,835
hCoV-19/England/PHEC-YYRD5O4/2022,819,835
hCoV-19/England/PHEC-YYRD5IO/2022,819,835
hCoV-19/England/PHEC-YYRD59H/2022,819,835
hCoV-19/England/PHEC-YYRD51S/2022,819,835
hCoV-19/England/PHEC-YYRD3PD/2022,819,835
hCoV-19/England/PHEC-YYRD3OH/2022,819,835
hCoV-19/England/PHEC-YYRD3KJ/2022,819,835
hCoV-19/England/PHEC-YYRD3GT/2022,819,835
hCoV-19/England/PHEC-YYRD3EP/2022,819,835
hCoV-19/England/PHEC-YYRD3CF/2022,819,835
hCoV-19/England/PHEC-YYRCXUQ/2022,819,838
hCoV-19/England/PHEC-YYRCXP5/2022,819,838
hCoV-19/England/PHEC-YYRCXM9/2022,819,838
hCoV-19/England/PHEC-YYRCXJD/2022,819,838
hCoV-19/England/PHEC-YYRCPH6/2022,819,838
hCoV-19/England/PHEC-YYRCOP4/2022,819,838
hCoV-19/England/PHEC-YYRCOJN/2022,819,838
hCoV-19/England/PHEC-YYRCO57/2022,819,838
hCoV-19/England/PHEC-YYRCMU1/2022,819,838
hCoV-19/England/PHEC-YYRCMP9/2022,819,838
hCoV-19/England/PHEC-YYRCM6H/2022,819,838
hCoV-19/England/PHEC-YYRC4FY/2022,819,838
hCoV-19/England/PHEC-YYRASQ3/2022,819,848
hCoV-19/England/PHEC-YYRAJU5/2022,819,848
hCoV-19/England/PHEC-YYRAI9Z/2022,819,848
hCoV-19/England/PHEC-YYR8YSB/2022,819,835
hCoV-19/England/PHEC-YYR8YID/2022,819,835
hCoV-19/England/PHEC-YYR8RPO/2022,819,835
hCoV-19/England/PHEC-YYR8RE4/2022,819,835
hCoV-19/England/PHEC-YYR8NKA/2022,819,835
hCoV-19/England/PHEC-YYR8NJ4/2022,819,835
hCoV-19/England/PHEC-YYR8NDG/2022,819,835
hCoV-19/England/PHEC-YYR8NCW/2022,819,835
hCoV-19/England/PHEC-YYR8NBK/2022,819,835
hCoV-19/England/PHEC-YYR8JZS/2022,819,835
hCoV-19/England/PHEC-YYR8JHC/2022,819,835
hCoV-19/England/PHEC-YYR8JAW/2022,819,835
hCoV-19/England/PHEC-YYR8DS6/2022,819,835
hCoV-19/England/PHEC-YYR8DQX/2022,819,835
hCoV-19/England/PHEC-YYR8DPT/2022,819,835
hCoV-19/England/PHEC-YYR8DIY/2022,819,835
hCoV-19/England/PHEC-YYR8DH1/2022,819,835
hCoV-19/England/PHEC-YYR8DE5/2022,819,835
hCoV-19/England/PHEC-YYR8D5W/2022,819,835
hCoV-19/England/PHEC-YYR8D4S/2022,819,835
hCoV-19/England/PHEC-YYR3NQM/2022,819,849
hCoV-19/England/PHEC-YYR3B3I/2022,819,849
hCoV-19/England/PHEC-YYFBQ1G/2022,819,859
hCoV-19/England/CLIMB-CM7YROQ6/2022,819,1310
hCoV-19/England/CLIMB-CM7YROED/2022,819,1310
hCoV-19/England/CLIMB-CM7YRHO9/2022,819,1310
hCoV-19/England/CLIMB-CM7YR91R/2022,819,1310
hCoV-19/England/CLIMB-CM7YR6SA/2022,819,1310
hCoV-19/England/CLIMB-CM7YR69I/2022,819,1310
hCoV-19/England/CLIMB-CM7YR55R/2022,819,1311
hCoV-19/England/CLIMB-CM7YR4RM/2022,819,1310
hCoV-19/England/CLIMB-CM7YR3QY/2022,819,1310
hCoV-19/England/CLIMB-CM7YMZON/2022,819,1310
hCoV-19/England/CLIMB-CM7YMX8K/2022,819,1310
hCoV-19/England/CLIMB-CM7YMS3R/2022,819,1310
hCoV-19/England/CLIMB-CM7YMR5U/2022,819,1310
hCoV-19/England/CLIMB-CM7YMG43/2022,819,1310
hCoV-19/England/CLIMB-CM7YME67/2022,819,1310
hCoV-19/England/CLIMB-CM7YME1D/2022,819,1310
hCoV-19/England/CLIMB-CM7YMDTG/2022,819,1310
hCoV-19/England/CLIMB-CM7YMDMZ/2022,819,1310
hCoV-19/England/CLIMB-CM7YKJF4/2022,819,1310
hCoV-19/England/CLIMB-CM7YKJ5Z/2022,819,1310
hCoV-19/England/CLIMB-CM7YKEEB/2022,819,1310
hCoV-19/England/CLIMB-CM7YKDX4/2022,819,1310
hCoV-19/England/CLIMB-CM7YJW5D/2022,819,1310
hCoV-19/England/CLIMB-CM7YJMBO/2022,819,1310
hCoV-19/England/CLIMB-CM7YJI3D/2022,819,1310
hCoV-19/England/CLIMB-CM7YJGEK/2022,819,1310
hCoV-19/England/CLIMB-CM7YJE8H/2022,819,1310
hCoV-19/England/CLIMB-CM7YJ7H5/2022,819,1310
hCoV-19/England/CLIMB-CM7YJ4XP/2022,819,1310
hCoV-19/England/CLIMB-CM7YJ3KB/2022,819,1310
hCoV-19/England/CLIMB-CM7YGZW8/2022,819,1310
hCoV-19/England/CLIMB-CM7YGSXS/2022,819,1310
hCoV-19/England/CLIMB-CM7YGSWE/2022,819,1310
hCoV-19/England/CLIMB-CM7YGSBH/2022,819,1311
hCoV-19/England/CLIMB-CM7YGRZ5/2022,819,1310
hCoV-19/England/CLIMB-CM7YGR9Y/2022,819,1310
hCoV-19/England/CLIMB-CM7YG331/2022,819,1310
hCoV-19/England/CLIMB-CM7YFUDU/2022,819,1310
hCoV-19/England/CLIMB-CM7YFT79/2022,819,1310
hCoV-19/England/CLIMB-CM7YFKZP/2022,819,1310
hCoV-19/England/CLIMB-CM7YFK3G/2022,819,1310
hCoV-19/England/CLIMB-CM7YFHDB/2022,819,1310
hCoV-19/England/CLIMB-CM7YFC6U/2022,819,1310
hCoV-19/England/CLIMB-CM7YF95H/2022,819,1310
hCoV-19/England/CLIMB-CM7YF67K/2022,819,1310
hCoV-19/England/CLIMB-CM7YEZTN/2022,819,1310
hCoV-19/England/CLIMB-CM7YEXMG/2022,819,1310
hCoV-19/England/CLIMB-CM7YEWSH/2022,819,1310
hCoV-19/England/CLIMB-CM7YEQBR/2022,819,1310
hCoV-19/England/CLIMB-CM7YENU7/2022,819,1310
hCoV-19/England/CLIMB-CM7YEKJF/2022,819,1310
hCoV-19/England/CLIMB-CM7YEE6E/2022,819,1310
hCoV-19/England/CLIMB-CM7YEAZ6/2022,819,1310
hCoV-19/England/CLIMB-CM7YE76U/2022,819,1310
hCoV-19/England/CLIMB-CM7Y8YO9/2022,819,1310
hCoV-19/England/CLIMB-CM7Y8UY3/2022,819,1310
hCoV-19/England/CLIMB-CM7Y8KN1/2022,819,1310
hCoV-19/England/CLIMB-CM7Y8KMB/2022,819,1310
hCoV-19/England/CLIMB-CM7Y8JTN/2022,819,1310
hCoV-19/Scotland/CVR15983/2022,820,848
hCoV-19/Scotland/CVR15982/2022,820,848
hCoV-19/Scotland/CVR15939/2022,820,848
hCoV-19/Scotland/CVR15938/2022,820,848
hCoV-19/Scotland/CVR15929/2022,820,848
hCoV-19/Scotland/CVR15924/2022,820,848
hCoV-19/Scotland/CVR15923/2022,820,848
hCoV-19/Scotland/CVR15921/2022,820,848
hCoV-19/Scotland/CVR15874/2022,820,848
hCoV-19/Scotland/CVR15865/2022,820,848
hCoV-19/Scotland/CVR15864/2022,820,848
hCoV-19/Scotland/CVR15863/2022,820,848
hCoV-19/England/PHEC-YYRXHMC/2022,820,840
hCoV-19/England/PHEC-YYRXHJO/2022,820,840
hCoV-19/England/PHEC-YYRXA7M/2022,820,840
hCoV-19/England/PHEC-YYRX5UH/2022,820,840
hCoV-19/England/PHEC-YYRX4W5/2022,820,840
hCoV-19/England/PHEC-YYRX4PK/2022,820,840
hCoV-19/England/PHEC-YYRX3R7/2022,820,840
hCoV-19/England/PHEC-YYRX3D9/2022,820,840
hCoV-19/England/PHEC-YYRTYQ7/2022,820,841
hCoV-19/England/PHEC-YYRTYNI/2022,820,841
hCoV-19/England/PHEC-YYRTYKF/2022,820,841
hCoV-19/England/PHEC-YYRTYBZ/2022,820,841
hCoV-19/England/PHEC-YYRTY8M/2022,820,841
hCoV-19/England/PHEC-YYRTY76/2022,820,841
hCoV-19/England/PHEC-YYRTY4R/2022,820,841
hCoV-19/England/PHEC-YYRTX5U/2022,820,841
hCoV-19/England/PHEC-YYRTX1F/2022,820,841
hCoV-19/England/PHEC-YYRTKGD/2022,820,841
hCoV-19/England/PHEC-YYRTKFF/2022,820,841
hCoV-19/England/PHEC-YYRTEOO/2022,820,841
hCoV-19/England/PHEC-YYRTE8D/2022,820,841
hCoV-19/England/PHEC-YYRT8ZD/2022,820,841
hCoV-19/England/PHEC-YYRT1DB/2022,820,841
hCoV-19/England/PHEC-YYRSGF9/2022,820,845
hCoV-19/England/PHEC-YYRSEKU/2022,820,845
hCoV-19/England/PHEC-YYRQZRB/2022,820,839
hCoV-19/England/PHEC-YYRQUWR/2022,820,839
hCoV-19/England/PHEC-YYRQUJ5/2022,820,839
hCoV-19/England/PHEC-YYRQUIN/2022,820,839
hCoV-19/England/PHEC-YYRQUE7/2022,820,839
hCoV-19/England/PHEC-YYRQU89/2022,820,839
hCoV-19/England/PHEC-YYRQSMW/2022,820,839
hCoV-19/England/PHEC-YYRQSKS/2022,820,839
hCoV-19/England/PHEC-YYRQ46J/2022,820,839
hCoV-19/England/PHEC-YYRQ3XJ/2022,820,839
hCoV-19/England/PHEC-YYRQ1DE/2022,820,839
hCoV-19/England/PHEC-YYRPRUZ/2022,820,838
hCoV-19/England/PHEC-YYRPRIU/2022,820,838
hCoV-19/England/PHEC-YYRPREQ/2022,820,838
hCoV-19/England/PHEC-YYRPKYA/2022,820,838
hCoV-19/England/PHEC-YYRPGRW/2022,820,838
hCoV-19/England/PHEC-YYRP8MF/2022,820,838
hCoV-19/England/PHEC-YYRP81S/2022,820,838
hCoV-19/England/PHEC-YYRP4BG/2022,820,838
hCoV-19/England/PHEC-YYROKQI/2022,820,841
hCoV-19/England/PHEC-YYROKDM/2022,820,841
hCoV-19/England/PHEC-YYROKC3/2022,820,841
hCoV-19/England/PHEC-YYROKBX/2022,820,841
hCoV-19/England/PHEC-YYROJSF/2022,820,841
hCoV-19/England/PHEC-YYROJOT/2022,820,841
hCoV-19/England/PHEC-YYROHJP/2022,820,841
hCoV-19/England/PHEC-YYROGRP/2022,820,841
hCoV-19/England/PHEC-YYROCM3/2022,820,841
hCoV-19/England/PHEC-YYRO969/2022,820,841
hCoV-19/England/PHEC-YYRO5ZT/2022,820,841
hCoV-19/England/PHEC-YYRO5O9/2022,820,841
hCoV-19/England/PHEC-YYRO5GW/2022,820,841
hCoV-19/England/PHEC-YYRO5D4/2022,820,841
hCoV-19/England/PHEC-YYRO54M/2022,820,841
hCoV-19/England/PHEC-YYRO4Z1/2022,820,841
hCoV-19/England/PHEC-YYRO4OY/2022,820,841
hCoV-19/England/PHEC-YYRO3E1/2022,820,841
hCoV-19/England/PHEC-YYRKUFM/2022,820,838
hCoV-19/England/PHEC-YYRKSH3/2022,820,838
hCoV-19/England/PHEC-YYRKS6I/2022,820,838
hCoV-19/England/PHEC-YYRJP96/2022,820,838
hCoV-19/England/PHEC-YYRIMYG/2022,820,845
hCoV-19/England/PHEC-YYREZRP/2022,820,838
hCoV-19/England/PHEC-YYREZP5/2022,820,838
hCoV-19/England/PHEC-YYREZM9/2022,820,838
hCoV-19/England/PHEC-YYREZJD/2022,820,838
hCoV-19/England/PHEC-YYREZIK/2022,820,838
hCoV-19/England/PHEC-YYREZBU/2022,820,838
hCoV-19/England/PHEC-YYREZ88/2022,820,838
hCoV-19/England/PHEC-YYRDZRZ/2022,820,835
hCoV-19/England/PHEC-YYRDZQD/2022,820,835
hCoV-19/England/PHEC-YYRDZPF/2022,820,835
hCoV-19/England/PHEC-YYRDZN5/2022,820,835
hCoV-19/England/PHEC-YYRDZKM/2022,820,835
hCoV-19/England/PHEC-YYRDZGU/2022,820,835
hCoV-19/England/PHEC-YYRDZFI/2022,820,835
hCoV-19/England/PHEC-YYRDZ9Y/2022,820,835
hCoV-19/England/PHEC-YYRDZ8T/2022,820,835
hCoV-19/England/PHEC-YYRDSZT/2022,820,835
hCoV-19/England/PHEC-YYRDSPG/2022,820,835
hCoV-19/England/PHEC-YYRDSJQ/2022,820,835
hCoV-19/England/PHEC-YYRDSII/2022,820,835
hCoV-19/England/PHEC-YYRDSH8/2022,820,835
hCoV-19/England/PHEC-YYRDSGW/2022,820,835
hCoV-19/England/PHEC-YYRDSFS/2022,820,835
hCoV-19/England/PHEC-YYRDSD4/2022,820,835
hCoV-19/England/PHEC-YYRDS9B/2022,820,835
hCoV-19/England/PHEC-YYRDS4M/2022,820,835
hCoV-19/England/PHEC-YYRDS15/2022,820,835
hCoV-19/England/PHEC-YYRDISW/2022,820,835
hCoV-19/England/PHEC-YYRDI5K/2022,820,835
hCoV-19/England/PHEC-YYRD57Y/2022,820,835
hCoV-19/England/PHEC-YYRD54G/2022,820,835
hCoV-19/England/PHEC-YYRD3DZ/2022,820,835
hCoV-19/England/PHEC-YYRCQ63/2022,820,838
hCoV-19/England/PHEC-YYRCPGM/2022,820,838
hCoV-19/England/PHEC-YYRCPFP/2022,820,838
hCoV-19/England/PHEC-YYRCMZK/2022,820,838
hCoV-19/England/PHEC-YYRCMWO/2022,820,838
hCoV-19/England/PHEC-YYRCMQ7/2022,820,838
hCoV-19/England/PHEC-YYRCMOA/2022,820,838
hCoV-19/England/PHEC-YYRCMHY/2022,820,838
hCoV-19/England/PHEC-YYRCMCB/2022,820,838
hCoV-19/England/PHEC-YYRCM76/2022,820,838
hCoV-19/England/PHEC-YYRCM5N/2022,820,838
hCoV-19/England/PHEC-YYRCJRU/2022,820,838
hCoV-19/England/PHEC-YYRCJB3/2022,820,838
hCoV-19/England/PHEC-YYRC8EP/2022,820,838
hCoV-19/England/PHEC-YYRAZXS/2022,820,848
hCoV-19/England/PHEC-YYRAZ8G/2022,820,848
hCoV-19/England/PHEC-YYRAZ1X/2022,820,848
hCoV-19/England/PHEC-YYRASM9/2022,820,848
hCoV-19/England/PHEC-YYRAG8Z/2022,820,848
hCoV-19/England/PHEC-YYRA9BK/2022,820,849
hCoV-19/England/PHEC-YYRA3K6/2022,820,848
hCoV-19/England/PHEC-YYRA1MD/2022,820,848
hCoV-19/England/PHEC-YYR8YWF/2022,820,835
hCoV-19/England/PHEC-YYR8YHI/2022,820,835
hCoV-19/England/PHEC-YYR8Y43/2022,820,835
hCoV-19/England/PHEC-YYR8NUF/2022,820,835
hCoV-19/England/PHEC-YYR8NTJ/2022,820,835
hCoV-19/England/PHEC-YYR8NQO/2022,820,835
hCoV-19/England/PHEC-YYR8NIB/2022,820,835
hCoV-19/England/PHEC-YYR8NGY/2022,820,835
hCoV-19/England/PHEC-YYR8NFN/2022,820,835
hCoV-19/England/PHEC-YYR8N18/2022,820,835
hCoV-19/England/PHEC-YYR3FGA/2022,820,849
hCoV-19/England/PHEC-YYR1N3N/2022,820,842
hCoV-19/England/PHEC-YYFBXUD/2022,820,859
hCoV-19/England/PHEC-YYFBQ4S/2022,820,859
hCoV-19/England/LSPA-3D0291C/2022,820,827
hCoV-19/England/CLIMB-CM7YR4CA/2022,820,1310
hCoV-19/England/CLIMB-CM7YMPIO/2022,820,1310
hCoV-19/England/CLIMB-CM7YMP7S/2022,820,1310
hCoV-19/England/CLIMB-CM7YKY14/2022,820,1310
hCoV-19/England/CLIMB-CM7YJTHZ/2022,820,1310
hCoV-19/England/CLIMB-CM7YJFQO/2022,820,1310
hCoV-19/England/CLIMB-CM7YJDWY/2022,820,1310
hCoV-19/England/CLIMB-CM7YGMSX/2022,820,1310
hCoV-19/England/CLIMB-CM7YFA3H/2022,820,1310
hCoV-19/England/CLIMB-CM7Y8OMX/2022,820,1310
hCoV-19/England/CLIMB-CM7Y8O6N/2022,820,1310
hCoV-19/Scotland/QEUH-3D36D9B/2022,821,836
hCoV-19/Scotland/CVR15996/2022,821,848
hCoV-19/Scotland/CVR15993/2022,821,848
hCoV-19/Scotland/CVR15987/2022,821,848
hCoV-19/Scotland/CVR15985/2022,821,848
hCoV-19/Scotland/CVR15984/2022,821,848
hCoV-19/Scotland/CVR15943/2022,821,848
hCoV-19/Scotland/CVR15930/2022,821,848
hCoV-19/Scotland/CVR15925/2022,821,848
hCoV-19/Scotland/CVR15869/2022,821,848
hCoV-19/Scotland/CVR15868/2022,821,848
hCoV-19/Scotland/CVR15866/2022,821,848
hCoV-19/England/QEUH-3D0B7CE/2022,821,869
hCoV-19/England/PHEC-YYRZTMG/2022,821,848
hCoV-19/England/PHEC-YYRZ9XO/2022,821,848
hCoV-19/England/PHEC-YYRXHPE/2022,821,840
hCoV-19/England/PHEC-YYRXHOB/2022,821,840
hCoV-19/England/PHEC-YYRXHIZ/2022,821,840
hCoV-19/England/PHEC-YYRXHFA/2022,821,840
hCoV-19/England/PHEC-YYRXAZZ/2022,821,840
hCoV-19/England/PHEC-YYRXA3U/2022,821,840
hCoV-19/England/PHEC-YYRX7YB/2022,821,840
hCoV-19/England/PHEC-YYRX7JX/2022,821,840
hCoV-19/England/PHEC-YYRX7CJ/2022,821,840
hCoV-19/England/PHEC-YYRX4GA/2022,821,840
hCoV-19/England/PHEC-YYRX4EW/2022,821,840
hCoV-19/England/PHEC-YYRX3I4/2022,821,840
hCoV-19/England/PHEC-YYRUX5X/2022,821,845
hCoV-19/England/PHEC-YYRUSRZ/2022,821,845
hCoV-19/England/PHEC-YYRUSN5/2022,821,845
hCoV-19/England/PHEC-YYRUSMJ/2022,821,845
hCoV-19/England/PHEC-YYRTRJD/2022,821,841
hCoV-19/England/PHEC-YYRTO4W/2022,821,841
hCoV-19/England/PHEC-YYRTJPS/2022,821,841
hCoV-19/England/PHEC-YYRTJNC/2022,821,841
hCoV-19/England/PHEC-YYRTJFG/2022,821,841
hCoV-19/England/PHEC-YYRTJBQ/2022,821,841
hCoV-19/England/PHEC-YYRTGED/2022,821,841
hCoV-19/England/PHEC-YYRTG9W/2022,821,841
hCoV-19/England/PHEC-YYRQYMK/2022,821,838
hCoV-19/England/PHEC-YYRQYEO/2022,821,838
hCoV-19/England/PHEC-YYRQU6O/2022,821,839
hCoV-19/England/PHEC-YYRQTSN/2022,821,839
hCoV-19/England/PHEC-YYRQO8N/2022,821,839
hCoV-19/England/PHEC-YYRQIZH/2022,821,839
hCoV-19/England/PHEC-YYRQIXP/2022,821,839
hCoV-19/England/PHEC-YYRQIWN/2022,821,839
hCoV-19/England/PHEC-YYRQIUR/2022,821,839
hCoV-19/England/PHEC-YYRQIQX/2022,821,839
hCoV-19/England/PHEC-YYRQI7O/2022,821,839
hCoV-19/England/PHEC-YYRQI1G/2022,821,839
hCoV-19/England/PHEC-YYRQHSZ/2022,821,839
hCoV-19/England/PHEC-YYRQHI3/2022,821,839
hCoV-19/England/PHEC-YYRQBUA/2022,821,838
hCoV-19/England/PHEC-YYRQBTH/2022,821,838
hCoV-19/England/PHEC-YYRQBS1/2022,821,838
hCoV-19/England/PHEC-YYRQBQD/2022,821,838
hCoV-19/England/PHEC-YYRQBO6/2022,821,838
hCoV-19/England/PHEC-YYRQBIW/2022,821,838
hCoV-19/England/PHEC-YYRQAM1/2022,821,839
hCoV-19/England/PHEC-YYRQAKW/2022,821,839
hCoV-19/England/PHEC-YYRQA9J/2022,821,839
hCoV-19/England/PHEC-YYRQ5U6/2022,821,839
hCoV-19/England/PHEC-YYRQ5QJ/2022,821,839
hCoV-19/England/PHEC-YYRQ5PM/2022,821,839
hCoV-19/England/PHEC-YYRQ5MX/2022,821,839
hCoV-19/England/PHEC-YYRQ3CX/2022,821,839
hCoV-19/England/PHEC-YYRQ1JH/2022,821,839
hCoV-19/England/PHEC-YYRQ1GN/2022,821,839
hCoV-19/England/PHEC-YYRQ1E6/2022,821,839
hCoV-19/England/PHEC-YYRP9D7/2022,821,838
hCoV-19/England/PHEC-YYRP69F/2022,821,838
hCoV-19/England/PHEC-YYROMUJ/2022,821,841
hCoV-19/England/PHEC-YYROMA9/2022,821,841
hCoV-19/England/PHEC-YYROKM5/2022,821,841
hCoV-19/England/PHEC-YYROJUM/2022,821,841
hCoV-19/England/PHEC-YYROJRK/2022,821,841
hCoV-19/England/PHEC-YYROJPA/2022,821,841
hCoV-19/England/PHEC-YYROJNQ/2022,821,841
hCoV-19/England/PHEC-YYROJMH/2022,821,841
hCoV-19/England/PHEC-YYROJGG/2022,821,841
hCoV-19/England/PHEC-YYROJDC/2022,821,841
hCoV-19/England/PHEC-YYROJC4/2022,821,841
hCoV-19/England/PHEC-YYROHUA/2022,821,841
hCoV-19/England/PHEC-YYROEWK/2022,821,841
hCoV-19/England/PHEC-YYROESG/2022,821,841
hCoV-19/England/PHEC-YYROENX/2022,821,841
hCoV-19/England/PHEC-YYROEAN/2022,821,841
hCoV-19/England/PHEC-YYROE8F/2022,821,841
hCoV-19/England/PHEC-YYROE5H/2022,821,841
hCoV-19/England/PHEC-YYROC1K/2022,821,841
hCoV-19/England/PHEC-YYRO8WM/2022,821,841
hCoV-19/England/PHEC-YYRO89I/2022,821,841
hCoV-19/England/PHEC-YYRO81X/2022,821,841
hCoV-19/England/PHEC-YYRO6SO/2022,821,841
hCoV-19/England/PHEC-YYRO6AC/2022,821,841
hCoV-19/England/PHEC-YYRK1AF/2022,821,838
hCoV-19/England/PHEC-YYRIMBR/2022,821,845
hCoV-19/England/PHEC-YYREZXZ/2022,821,838
hCoV-19/England/PHEC-YYREZWC/2022,821,838
hCoV-19/England/PHEC-YYREZUQ/2022,821,838
hCoV-19/England/PHEC-YYREZOW/2022,821,838
hCoV-19/England/PHEC-YYREZHH/2022,821,838
hCoV-19/England/PHEC-YYREZC7/2022,821,838
hCoV-19/England/PHEC-YYREZ6A/2022,821,838
hCoV-19/England/PHEC-YYREZ3N/2022,821,838
hCoV-19/England/PHEC-YYREZ1O/2022,821,838
hCoV-19/England/PHEC-YYRES4B/2022,821,838
hCoV-19/England/PHEC-YYREAJN/2022,821,838
hCoV-19/England/PHEC-YYRE3FJ/2022,821,838
hCoV-19/England/PHEC-YYRDZC8/2022,821,835
hCoV-19/England/PHEC-YYRDZ6N/2022,821,835
hCoV-19/England/PHEC-YYRDSXN/2022,821,835
hCoV-19/England/PHEC-YYRDSWZ/2022,821,835
hCoV-19/England/PHEC-YYRDSU3/2022,821,835
hCoV-19/England/PHEC-YYRCR5J/2022,821,838
hCoV-19/England/PHEC-YYRCR4M/2022,821,838
hCoV-19/England/PHEC-YYRCQXA/2022,821,838
hCoV-19/England/PHEC-YYRCQRQ/2022,821,838
hCoV-19/England/PHEC-YYRCQKN/2022,821,838
hCoV-19/England/PHEC-YYRCPRX/2022,821,838
hCoV-19/England/PHEC-YYRCPKD/2022,821,838
hCoV-19/England/PHEC-YYRCPAG/2022,821,838
hCoV-19/England/PHEC-YYRCP9A/2022,821,838
hCoV-19/England/PHEC-YYRCM4R/2022,821,838
hCoV-19/England/PHEC-YYRCJNZ/2022,821,838
hCoV-19/England/PHEC-YYRCJGX/2022,821,838
hCoV-19/England/PHEC-YYRCJFT/2022,821,838
hCoV-19/England/PHEC-YYRCJDI/2022,821,838
hCoV-19/England/PHEC-YYRCFZO/2022,821,838
hCoV-19/England/PHEC-YYRCFXB/2022,821,838
hCoV-19/England/PHEC-YYRCFUA/2022,821,838
hCoV-19/England/PHEC-YYRCFKM/2022,821,838
hCoV-19/England/PHEC-YYRCFHG/2022,821,838
hCoV-19/England/PHEC-YYRCF9Y/2022,821,838
hCoV-19/England/PHEC-YYRCF6N/2022,821,838
hCoV-19/England/PHEC-YYRCF5E/2022,821,838
hCoV-19/England/PHEC-YYRC8QB/2022,821,838
hCoV-19/England/PHEC-YYRC8KJ/2022,821,838
hCoV-19/England/PHEC-YYRC8CF/2022,821,838
hCoV-19/England/PHEC-YYRAZ9I/2022,821,848
hCoV-19/England/PHEC-YYRAXUI/2022,821,848
hCoV-19/England/PHEC-YYRAXO5/2022,821,848
hCoV-19/England/PHEC-YYRASDX/2022,821,848
hCoV-19/England/PHEC-YYRAGAW/2022,821,848
hCoV-19/England/PHEC-YYRAG5Q/2022,821,848
hCoV-19/England/PHEC-YYR6KHH/2022,821,854
hCoV-19/England/PHEC-YYR5NSS/2022,821,852
hCoV-19/England/PHEC-YYR5NA1/2022,821,852
hCoV-19/England/PHEC-YYR3NDB/2022,821,849
hCoV-19/England/PHEC-YYR3BEA/2022,821,849
hCoV-19/England/PHEC-YYR1DYW/2022,821,842
hCoV-19/England/PHEC-YYR1D3B/2022,821,842
hCoV-19/England/PHEC-YYFK9DN/2022,821,880
hCoV-19/England/PHEC-YYFBM9X/2022,821,859
hCoV-19/England/PHEC-YYF4DEU/2022,821,926
hCoV-19/England/LSPA-3D0D4B6/2022,821,828
hCoV-19/England/CLIMB-CM7YRZ41/2022,821,1310
hCoV-19/England/CLIMB-CM7YRG3F/2022,821,1310
hCoV-19/England/CLIMB-CM7YMZZ3/2022,821,1310
hCoV-19/England/CLIMB-CM7YMWXS/2022,821,1310
hCoV-19/England/CLIMB-CM7YMWPA/2022,821,1310
hCoV-19/England/CLIMB-CM7YMUHB/2022,821,1310
hCoV-19/England/CLIMB-CM7YMTY7/2022,821,1310
hCoV-19/England/CLIMB-CM7YMSAF/2022,821,1311
hCoV-19/England/CLIMB-CM7YM8DX/2022,821,1310
hCoV-19/England/CLIMB-CM7YKTMH/2022,821,1310
hCoV-19/England/CLIMB-CM7YKOBQ/2022,821,1310
hCoV-19/England/CLIMB-CM7YKO6D/2022,821,1311
hCoV-19/England/CLIMB-CM7YKNKP/2022,821,1311
hCoV-19/England/CLIMB-CM7YKGER/2022,821,1310
hCoV-19/England/CLIMB-CM7YKDX5/2022,821,1311
hCoV-19/England/CLIMB-CM7YK9ZR/2022,821,1310
hCoV-19/England/CLIMB-CM7YK9I5/2022,821,1310
hCoV-19/England/CLIMB-CM7YK61J/2022,821,1310
hCoV-19/England/CLIMB-CM7YK4PZ/2022,821,1310
hCoV-19/England/CLIMB-CM7YJPGP/2022,821,1310
hCoV-19/England/CLIMB-CM7YJPAP/2022,821,1311
hCoV-19/England/CLIMB-CM7YJOGF/2022,821,1310
hCoV-19/England/CLIMB-CM7YJIPX/2022,821,1310
hCoV-19/England/CLIMB-CM7YJHAX/2022,821,1310
hCoV-19/England/CLIMB-CM7YJGHC/2022,821,1310
hCoV-19/England/CLIMB-CM7YJEZD/2022,821,1310
hCoV-19/England/CLIMB-CM7YJAYQ/2022,821,1310
hCoV-19/England/CLIMB-CM7YJ9IB/2022,821,1310
hCoV-19/England/CLIMB-CM7YJ4SB/2022,821,1310
hCoV-19/England/CLIMB-CM7YJ31K/2022,821,1310
hCoV-19/England/CLIMB-CM7YGKT5/2022,821,1310
hCoV-19/England/CLIMB-CM7YGEIP/2022,821,1310
hCoV-19/England/CLIMB-CM7YGBD9/2022,821,1311
hCoV-19/England/CLIMB-CM7YG9SI/2022,821,1310
hCoV-19/England/CLIMB-CM7YG916/2022,821,1310
hCoV-19/England/CLIMB-CM7YG4DK/2022,821,1310
hCoV-19/England/CLIMB-CM7YFYN6/2022,821,1311
hCoV-19/England/CLIMB-CM7YFXPO/2022,821,1311
hCoV-19/England/CLIMB-CM7YFPM1/2022,821,1310
hCoV-19/England/CLIMB-CM7YFONR/2022,821,1310
hCoV-19/England/CLIMB-CM7YFMIO/2022,821,1311
hCoV-19/England/CLIMB-CM7YFJUS/2022,821,1310
hCoV-19/England/CLIMB-CM7YFJ4K/2022,821,1310
hCoV-19/England/CLIMB-CM7YFF5Q/2022,821,1311
hCoV-19/England/CLIMB-CM7YFCBM/2022,821,1310
hCoV-19/England/CLIMB-CM7YFBSS/2022,821,1310
hCoV-19/England/CLIMB-CM7YFBFO/2022,821,1310
hCoV-19/England/CLIMB-CM7YFAKQ/2022,821,1310
hCoV-19/England/CLIMB-CM7YFAEI/2022,821,1311
hCoV-19/England/CLIMB-CM7YF1RX/2022,821,1310
hCoV-19/England/CLIMB-CM7YEM9B/2022,821,1310
hCoV-19/England/CLIMB-CM7YE8JD/2022,821,1310
hCoV-19/England/CLIMB-CM7YE5TK/2022,821,1310
hCoV-19/England/CLIMB-CM7Y8XTN/2022,821,1310
hCoV-19/England/CLIMB-CM7Y8PU6/2022,821,1311
hCoV-19/England/CLIMB-CM7Y8P9G/2022,821,1311
hCoV-19/England/CLIMB-CM7Y8P3P/2022,821,1311
hCoV-19/Scotland/QEUH-3D38F93/2022,822,836
hCoV-19/Scotland/QEUH-2EA8BBBB/2022,822,1317
hCoV-19/Scotland/QEUH-2EA8BB9D/2022,822,1317
hCoV-19/Scotland/EDB57017/2022,822,854
hCoV-19/Scotland/CVR16045/2022,822,848
hCoV-19/Scotland/CVR16044/2022,822,848
hCoV-19/Scotland/CVR16043/2022,822,848
hCoV-19/Scotland/CVR16041/2022,822,848
hCoV-19/Scotland/CVR16039/2022,822,848
hCoV-19/Scotland/CVR16038/2022,822,848
hCoV-19/Scotland/CVR16023/2022,822,848
hCoV-19/Scotland/CVR16022/2022,822,848
hCoV-19/Scotland/CVR15883/2022,822,848
hCoV-19/Scotland/CVR15881/2022,822,848
hCoV-19/Scotland/CVR15870/2022,822,848
hCoV-19/England/PHEC-YYRZT1Z/2022,822,848
hCoV-19/England/PHEC-YYRXAS3/2022,822,840
hCoV-19/England/PHEC-YYRXA4T/2022,822,840
hCoV-19/England/PHEC-YYRX5EU/2022,822,840
hCoV-19/England/PHEC-YYRX4QE/2022,822,840
hCoV-19/England/PHEC-YYRX4KO/2022,822,840
hCoV-19/England/PHEC-YYRX4BN/2022,822,840
hCoV-19/England/PHEC-YYRX36E/2022,822,840
hCoV-19/England/PHEC-YYRUSUA/2022,822,845
hCoV-19/England/PHEC-YYRUHP9/2022,822,845
hCoV-19/England/PHEC-YYRTP9P/2022,822,841
hCoV-19/England/PHEC-YYRTP6X/2022,822,841
hCoV-19/England/PHEC-YYRTOKI/2022,822,841
hCoV-19/England/PHEC-YYRTOJZ/2022,822,841
hCoV-19/England/PHEC-YYRTOHO/2022,822,841
hCoV-19/England/PHEC-YYRTOCT/2022,822,841
hCoV-19/England/PHEC-YYRTO3S/2022,822,841
hCoV-19/England/PHEC-YYRQYWZ/2022,822,838
hCoV-19/England/PHEC-YYRQYQR/2022,822,838
hCoV-19/England/PHEC-YYRQYNH/2022,822,838
hCoV-19/England/PHEC-YYRQYII/2022,822,838
hCoV-19/England/PHEC-YYRQYB6/2022,822,838
hCoV-19/England/PHEC-YYRQY81/2022,822,838
hCoV-19/England/PHEC-YYRQWQO/2022,822,839
hCoV-19/England/PHEC-YYRQWOM/2022,822,839
hCoV-19/England/PHEC-YYRQUD8/2022,822,839
hCoV-19/England/PHEC-YYRQI3A/2022,822,839
hCoV-19/England/PHEC-YYRQBWS/2022,822,838
hCoV-19/England/PHEC-YYRQAJS/2022,822,839
hCoV-19/England/PHEC-YYRPHS3/2022,822,838
hCoV-19/England/PHEC-YYRPH5X/2022,822,838
hCoV-19/England/PHEC-YYRP9XF/2022,822,838
hCoV-19/England/PHEC-YYRP9PJ/2022,822,838
hCoV-19/England/PHEC-YYRP9MP/2022,822,838
hCoV-19/England/PHEC-YYRP9EU/2022,822,838
hCoV-19/England/PHEC-YYRP95C/2022,822,838
hCoV-19/England/PHEC-YYRP916/2022,822,838
hCoV-19/England/PHEC-YYRP4HX/2022,822,838
hCoV-19/England/PHEC-YYROMJ6/2022,822,841
hCoV-19/England/PHEC-YYROMEY/2022,822,841
hCoV-19/England/PHEC-YYROM1M/2022,822,841
hCoV-19/England/PHEC-YYROJY1/2022,822,841
hCoV-19/England/PHEC-YYROJK6/2022,822,841
hCoV-19/England/PHEC-YYROJBO/2022,822,841
hCoV-19/England/PHEC-YYROJ8R/2022,822,841
hCoV-19/England/PHEC-YYROGUQ/2022,822,841
hCoV-19/England/PHEC-YYROEYU/2022,822,841
hCoV-19/England/PHEC-YYROEH4/2022,822,841
hCoV-19/England/PHEC-YYROE6S/2022,822,841
hCoV-19/England/PHEC-YYROE46/2022,822,841
hCoV-19/England/PHEC-YYRO9NA/2022,822,841
hCoV-19/England/PHEC-YYRKH9P/2022,822,838
hCoV-19/England/PHEC-YYRK7BJ/2022,822,838
hCoV-19/England/PHEC-YYRK5WR/2022,822,838
hCoV-19/England/PHEC-YYREZ9S/2022,822,838
hCoV-19/England/PHEC-YYREZ56/2022,822,838
hCoV-19/England/PHEC-YYREZ4Y/2022,822,838
hCoV-19/England/PHEC-YYRESWP/2022,822,838
hCoV-19/England/PHEC-YYRESH7/2022,822,838
hCoV-19/England/PHEC-YYRES9Z/2022,822,838
hCoV-19/England/PHEC-YYRES75/2022,822,838
hCoV-19/England/PHEC-YYREAYW/2022,822,838
hCoV-19/England/PHEC-YYREARC/2022,822,838
hCoV-19/England/PHEC-YYREAP4/2022,822,838
hCoV-19/England/PHEC-YYREANO/2022,822,838
hCoV-19/England/PHEC-YYREAIJ/2022,822,838
hCoV-19/England/PHEC-YYREAH5/2022,822,838
hCoV-19/England/PHEC-YYREAGE/2022,822,838
hCoV-19/England/PHEC-YYREAFK/2022,822,838
hCoV-19/England/PHEC-YYREADQ/2022,822,838
hCoV-19/England/PHEC-YYREACH/2022,822,838
hCoV-19/England/PHEC-YYREAB1/2022,822,838
hCoV-19/England/PHEC-YYREA9I/2022,822,838
hCoV-19/England/PHEC-YYREA8G/2022,822,838
hCoV-19/England/PHEC-YYREA3B/2022,822,838
hCoV-19/England/PHEC-YYRE3RM/2022,822,838
hCoV-19/England/PHEC-YYRE3NX/2022,822,838
hCoV-19/England/PHEC-YYRE3G8/2022,822,838
hCoV-19/England/PHEC-YYRE3BT/2022,822,838
hCoV-19/England/PHEC-YYRCXOW/2022,822,838
hCoV-19/England/PHEC-YYRCRZT/2022,822,838
hCoV-19/England/PHEC-YYRCRPG/2022,822,838
hCoV-19/England/PHEC-YYRCQN1/2022,822,838
hCoV-19/England/PHEC-YYRCQIM/2022,822,838
hCoV-19/England/PHEC-YYRCQ9Z/2022,822,838
hCoV-19/England/PHEC-YYRCPQ5/2022,822,838
hCoV-19/England/PHEC-YYRCJK8/2022,822,838
hCoV-19/England/PHEC-YYRCFY9/2022,822,838
hCoV-19/England/PHEC-YYRCFIW/2022,822,838
hCoV-19/England/PHEC-YYRCFB7/2022,822,838
hCoV-19/England/PHEC-YYRCF4K/2022,822,838
hCoV-19/England/PHEC-YYRC8JM/2022,822,838
hCoV-19/England/PHEC-YYRC8FU/2022,822,838
hCoV-19/England/PHEC-YYRAZKY/2022,822,848
hCoV-19/England/PHEC-YYRASYI/2022,822,848
hCoV-19/England/PHEC-YYRAGX8/2022,822,848
hCoV-19/England/PHEC-YYRAGTN/2022,822,848
hCoV-19/England/PHEC-YYRAGOR/2022,822,848
hCoV-19/England/PHEC-YYRA8NY/2022,822,848
hCoV-19/England/PHEC-YYRA3NQ/2022,822,848
hCoV-19/England/PHEC-YYR5NEU/2022,822,852
hCoV-19/England/PHEC-YYR5N8I/2022,822,852
hCoV-19/England/PHEC-YYR5N16/2022,822,852
hCoV-19/England/PHEC-YYR1H8P/2022,822,845
hCoV-19/England/PHEC-YYR1AWS/2022,822,845
hCoV-19/England/PHEC-YYR1AD3/2022,822,842
hCoV-19/England/LSPA-3D0A3F8/2022,822,831
hCoV-19/England/CLIMB-CM7YRRPD/2022,822,1310
hCoV-19/England/CLIMB-CM7YRMK9/2022,822,1310
hCoV-19/England/CLIMB-CM7YRH15/2022,822,1310
hCoV-19/England/CLIMB-CM7YR8X4/2022,822,1310
hCoV-19/England/CLIMB-CM7YMQ4G/2022,822,1311
hCoV-19/England/CLIMB-CM7YMPHU/2022,822,1311
hCoV-19/England/CLIMB-CM7YMKE4/2022,822,1310
hCoV-19/England/CLIMB-CM7YMJWW/2022,822,1310
hCoV-19/England/CLIMB-CM7YMCD1/2022,822,1310
hCoV-19/England/CLIMB-CM7YMC3U/2022,822,1311
hCoV-19/England/CLIMB-CM7YM8ZC/2022,822,1311
hCoV-19/England/CLIMB-CM7YKZHQ/2022,822,1311
hCoV-19/England/CLIMB-CM7YKUCH/2022,822,1310
hCoV-19/England/CLIMB-CM7YKNF9/2022,822,1310
hCoV-19/England/CLIMB-CM7YKJP6/2022,822,1310
hCoV-19/England/CLIMB-CM7YKGP4/2022,822,1310
hCoV-19/England/CLIMB-CM7YKF5E/2022,822,1310
hCoV-19/England/CLIMB-CM7YKBFN/2022,822,1311
hCoV-19/England/CLIMB-CM7YK7ST/2022,822,1310
hCoV-19/England/CLIMB-CM7YJ8RP/2022,822,1311
hCoV-19/England/CLIMB-CM7YJ6QM/2022,822,1310
hCoV-19/England/CLIMB-CM7YGW5G/2022,822,1311
hCoV-19/England/CLIMB-CM7YGNQN/2022,822,1311
hCoV-19/England/CLIMB-CM7YGBUT/2022,822,1310
hCoV-19/England/CLIMB-CM7YG9OH/2022,822,1310
hCoV-19/England/CLIMB-CM7YG56W/2022,822,1311
hCoV-19/England/CLIMB-CM7YG4W5/2022,822,1311
hCoV-19/England/CLIMB-CM7YG4J3/2022,822,1310
hCoV-19/England/CLIMB-CM7YFYGZ/2022,822,1311
hCoV-19/England/CLIMB-CM7YFT74/2022,822,1310
hCoV-19/England/CLIMB-CM7YFQTU/2022,822,1311
hCoV-19/England/CLIMB-CM7YFKFT/2022,822,1311
hCoV-19/England/CLIMB-CM7YETTM/2022,822,1311
hCoV-19/England/CLIMB-CM7YESOB/2022,822,1310
hCoV-19/England/CLIMB-CM7YE4H5/2022,822,1310
hCoV-19/England/CLIMB-CM7Y8GDW/2022,822,1310
hCoV-19/England/CLIMB-CM7Y81FT/2022,822,1311
