hCoV-19/England/PHEC-YYFTY77/2022,893,908
hCoV-19/England/PHEC-YYFTY65/2022,893,908
hCoV-19/England/PHEC-YYFTXNF/2022,893,908
hCoV-19/England/PHEC-YYFTXI6/2022,893,908
hCoV-19/England/PHEC-YYFTWZI/2022,893,908
hCoV-19/England/PHEC-YYFTWTB/2022,893,908
hCoV-19/England/PHEC-YYFTWF4/2022,893,908
hCoV-19/England/PHEC-YYFTWBN/2022,893,908
hCoV-19/England/PHEC-YYFTOYE/2022,893,908
hCoV-19/England/PHEC-YYFTORY/2022,893,908
hCoV-19/England/PHEC-YYFTOBG/2022,893,908
hCoV-19/England/PHEC-YYFTNJR/2022,893,908
hCoV-19/England/PHEC-YYFTC18/2022,893,908
hCoV-19/England/PHEC-YYFTBWQ/2022,893,908
hCoV-19/England/PHEC-YYFTBSK/2022,893,908
hCoV-19/England/PHEC-YYFTBRX/2022,893,908
hCoV-19/England/PHEC-YYFTBIC/2022,893,908
hCoV-19/England/PHEC-YYFTB4N/2022,893,908
hCoV-19/England/PHEC-YYFTB3R/2022,893,908
hCoV-19/England/PHEC-YYFTB11/2022,893,908
hCoV-19/England/PHEC-YYFT7NZ/2022,893,908
hCoV-19/England/PHEC-YYFT4Y6/2022,893,908
hCoV-19/England/PHEC-YYFT4N4/2022,893,908
hCoV-19/England/PHEC-YYF1P51/2022,893,910
hCoV-19/England/PHEC-YYF1MYM/2022,893,909
hCoV-19/England/PHEC-YYF1K9P/2022,893,909
hCoV-19/England/PHEC-YYF1K6X/2022,893,909
hCoV-19/England/PHEC-YYF1A4J/2022,893,910
hCoV-19/England/PHEC-YYF13US/2022,893,910
hCoV-19/Wales/PHWC-PJ7OJY/2022,894,912
hCoV-19/England/PHEC-YYFUBSG/2022,894,911
hCoV-19/England/PHEC-YYFUBC5/2022,894,911
hCoV-19/England/PHEC-YYFUB3Y/2022,894,911
hCoV-19/England/PHEC-YYFUB1Q/2022,894,911
hCoV-19/England/PHEC-YYFTXKI/2022,894,908
hCoV-19/England/PHEC-YYFTXHO/2022,894,908
hCoV-19/England/PHEC-YYFTX6C/2022,894,908
hCoV-19/England/PHEC-YYFTUQJ/2022,894,908
hCoV-19/England/PHEC-YYFTUPM/2022,894,908
hCoV-19/England/PHEC-YYFTUCP/2022,894,908
hCoV-19/England/PHEC-YYFTU5Q/2022,894,908
hCoV-19/England/PHEC-YYFTU31/2022,894,908
hCoV-19/England/PHEC-YYFTO84/2022,894,908
hCoV-19/England/PHEC-YYFT9J8/2022,894,908
hCoV-19/England/PHEC-YYFT7SQ/2022,894,908
hCoV-19/England/PHEC-YYFT7O4/2022,894,908
hCoV-19/England/PHEC-YYFT7K8/2022,894,908
hCoV-19/England/PHEC-YYFT7HN/2022,894,908
hCoV-19/England/PHEC-YYFT7EM/2022,894,908
hCoV-19/England/PHEC-YYFT7DI/2022,894,908
hCoV-19/England/PHEC-YYFT7B3/2022,894,908
hCoV-19/England/PHEC-YYFT6KG/2022,894,908
hCoV-19/England/PHEC-YYFT6CN/2022,894,908
hCoV-19/England/PHEC-YYFT695/2022,894,908
hCoV-19/England/PHEC-YYFT5X9/2022,894,908
hCoV-19/England/PHEC-YYFT5GT/2022,894,908
hCoV-19/England/PHEC-YYFT4JC/2022,894,908
hCoV-19/England/PHEC-YYFT4G1/2022,894,908
hCoV-19/England/PHEC-YYFT1YG/2022,894,908
hCoV-19/England/PHEC-YYFT1W7/2022,894,908
hCoV-19/England/PHEC-YYFT1S3/2022,894,908
hCoV-19/England/PHEC-YYFT1MO/2022,894,908
hCoV-19/England/PHEC-YYFT198/2022,894,908
hCoV-19/England/PHEC-YYFT15X/2022,894,908
hCoV-19/England/PHEC-YYF1XND/2022,894,910
hCoV-19/England/PHEC-YYF1XBF/2022,894,910
hCoV-19/England/PHEC-YYF1PJZ/2022,894,909
hCoV-19/England/PHEC-YYF1P4W/2022,894,910
hCoV-19/England/PHEC-YYF1MTE/2022,894,909
hCoV-19/England/PHEC-YYF1MDF/2022,894,909
hCoV-19/England/PHEC-YYF1MA4/2022,894,909
hCoV-19/England/PHEC-YYF1M7O/2022,894,909
hCoV-19/England/PHEC-YYF1KHU/2022,894,909
hCoV-19/England/PHEC-YYF1H95/2022,894,910
hCoV-19/England/PHEC-YYF1CBE/2022,894,909
hCoV-19/England/PHEC-YYF1AJC/2022,894,910
hCoV-19/England/PHEC-YYF13T4/2022,894,910
hCoV-19/England/LSPA-3E58E71/2022,894,901
hCoV-19/England/PHEC-YYFUTA1/2022,895,912
hCoV-19/England/PHEC-YYFUNRK/2022,895,911
hCoV-19/England/PHEC-YYFUFHS/2022,895,911
hCoV-19/England/PHEC-YYFUENE/2022,895,911
hCoV-19/England/PHEC-YYFUE6X/2022,895,911
hCoV-19/England/PHEC-YYFUBTO/2022,895,911
hCoV-19/England/PHEC-YYFTHWU/2022,895,908
hCoV-19/England/PHEC-YYFTHSX/2022,895,908
hCoV-19/England/PHEC-YYFTHRW/2022,895,908
hCoV-19/England/PHEC-YYFTH8Q/2022,895,908
hCoV-19/England/PHEC-YYFTH7B/2022,895,908
hCoV-19/England/PHEC-YYFTH48/2022,895,908
hCoV-19/England/PHEC-YYFTH3J/2022,895,908
hCoV-19/England/PHEC-YYFT9WO/2022,895,908
hCoV-19/England/PHEC-YYFT9U1/2022,895,908
hCoV-19/England/PHEC-YYFT9OA/2022,895,908
hCoV-19/England/PHEC-YYFT91W/2022,895,908
hCoV-19/England/PHEC-YYFT7TA/2022,895,908
hCoV-19/England/PHEC-YYFT79H/2022,895,908
hCoV-19/England/PHEC-YYFT6R1/2022,895,908
hCoV-19/England/PHEC-YYFT6Q6/2022,895,908
hCoV-19/England/PHEC-YYFT6NS/2022,895,908
hCoV-19/England/PHEC-YYFT6JE/2022,895,908
hCoV-19/England/PHEC-YYFT6EK/2022,895,908
hCoV-19/England/PHEC-YYFT5OH/2022,895,908
hCoV-19/England/PHEC-YYFT5I1/2022,895,908
hCoV-19/England/PHEC-YYFT51A/2022,895,908
hCoV-19/England/PHEC-YYFT1XE/2022,895,908
hCoV-19/England/PHEC-YYFT1TD/2022,895,908
hCoV-19/England/PHEC-YYFT1K1/2022,895,908
hCoV-19/England/PHEC-YYFT1I5/2022,895,908
hCoV-19/England/PHEC-YYFIEJS/2022,895,917
hCoV-19/England/PHEC-YYF1QYE/2022,895,910
hCoV-19/England/PHEC-YYF1QNR/2022,895,910
hCoV-19/England/PHEC-YYF1PZ4/2022,895,910
hCoV-19/England/PHEC-YYF1PYJ/2022,895,909
hCoV-19/England/PHEC-YYF1PXM/2022,895,909
hCoV-19/England/PHEC-YYF1PMU/2022,895,909
hCoV-19/England/PHEC-YYF1PG7/2022,895,909
hCoV-19/England/PHEC-YYF1MXP/2022,895,909
hCoV-19/England/PHEC-YYF1ME5/2022,895,909
hCoV-19/England/PHEC-YYF1M3A/2022,895,909
hCoV-19/England/PHEC-YYF1KRR/2022,895,909
hCoV-19/England/PHEC-YYF1JOC/2022,895,909
hCoV-19/England/PHEC-YYF1JNJ/2022,895,909
hCoV-19/England/PHEC-YYF1JMZ/2022,895,909
hCoV-19/England/PHEC-YYF1JFD/2022,895,909
hCoV-19/England/PHEC-YYF1J89/2022,895,909
hCoV-19/England/PHEC-YYF1J4A/2022,895,909
hCoV-19/England/PHEC-YYF1GNC/2022,895,909
hCoV-19/England/PHEC-YYF1GFG/2022,895,909
hCoV-19/England/PHEC-YYF1FWE/2022,895,909
hCoV-19/England/PHEC-YYF1FM5/2022,895,909
hCoV-19/England/PHEC-YYF1FIG/2022,895,909
hCoV-19/England/PHEC-YYF1F6W/2022,895,909
hCoV-19/England/PHEC-YYF1F36/2022,895,909
hCoV-19/England/PHEC-YYF1EYQ/2022,895,909
hCoV-19/England/PHEC-YYF1EDE/2022,895,909
hCoV-19/England/PHEC-YYF1EBC/2022,895,909
hCoV-19/England/PHEC-YYF1EA7/2022,895,909
hCoV-19/England/PHEC-YYF1E9X/2022,895,909
hCoV-19/England/PHEC-YYF1E8Y/2022,895,909
hCoV-19/England/PHEC-YYF1E5Z/2022,895,909
hCoV-19/England/PHEC-YYF1COJ/2022,895,909
hCoV-19/England/PHEC-YYF1CMW/2022,895,909
hCoV-19/England/PHEC-YYF1CKS/2022,895,909
hCoV-19/England/PHEC-YYF1CJA/2022,895,909
hCoV-19/England/PHEC-YYF1CI9/2022,895,909
hCoV-19/England/PHEC-YYF1CHT/2022,895,909
hCoV-19/England/PHEC-YYF1C9M/2022,895,909
hCoV-19/England/PHEC-YYF1AUZ/2022,895,910
hCoV-19/England/PHEC-YYF1ABH/2022,895,910
hCoV-19/England/PHEC-YYF18J7/2022,895,909
hCoV-19/England/PHEC-YYF18IR/2022,895,909
hCoV-19/England/PHEC-YYF16UT/2022,895,910
hCoV-19/England/PHEC-YYF161U/2022,895,910
hCoV-19/England/PHEC-YYF14GO/2022,895,910
hCoV-19/England/PHEC-YYF147B/2022,895,910
hCoV-19/England/PHEC-YYF1469/2022,895,910
hCoV-19/England/PHEC-YYFWN7I/2022,896,915
hCoV-19/England/PHEC-YYFUYNO/2022,896,910
hCoV-19/England/PHEC-YYFUYGE/2022,896,910
hCoV-19/England/PHEC-YYFUYB1/2022,896,910
hCoV-19/England/PHEC-YYFUY8G/2022,896,910
hCoV-19/England/PHEC-YYFUTW4/2022,896,912
hCoV-19/England/PHEC-YYFUTUH/2022,896,912
hCoV-19/England/PHEC-YYFUTQ8/2022,896,912
hCoV-19/England/PHEC-YYFUTPJ/2022,896,912
hCoV-19/England/PHEC-YYFUTON/2022,896,912
hCoV-19/England/PHEC-YYFUTCM/2022,896,912
hCoV-19/England/PHEC-YYFUT5C/2022,896,912
hCoV-19/England/PHEC-YYFUT16/2022,896,912
hCoV-19/England/PHEC-YYFUN6I/2022,896,911
hCoV-19/England/PHEC-YYFUGU8/2022,896,911
hCoV-19/England/PHEC-YYFUDM5/2022,896,911
hCoV-19/England/PHEC-YYFUDK7/2022,896,911
hCoV-19/England/PHEC-YYFUDF8/2022,896,911
hCoV-19/England/PHEC-YYFU9XZ/2022,896,919
hCoV-19/England/PHEC-YYFU1MC/2022,896,912
hCoV-19/England/PHEC-YYFTHZP/2022,896,908
hCoV-19/England/PHEC-YYFTHT3/2022,896,908
hCoV-19/England/PHEC-YYFTHDS/2022,896,908
hCoV-19/England/PHEC-YYFTH1Z/2022,896,908
hCoV-19/England/PHEC-YYFT9RT/2022,896,908
hCoV-19/England/PHEC-YYFT74G/2022,896,908
hCoV-19/England/PHEC-YYFT6XH/2022,896,908
hCoV-19/England/PHEC-YYFT5WW/2022,896,908
hCoV-19/England/PHEC-YYFT5T4/2022,896,908
hCoV-19/England/PHEC-YYF1XTR/2022,896,910
hCoV-19/England/PHEC-YYF1XPP/2022,896,910
hCoV-19/England/PHEC-YYF1XMT/2022,896,910
hCoV-19/England/PHEC-YYF1XJI/2022,896,910
hCoV-19/England/PHEC-YYF1XEZ/2022,896,910
hCoV-19/England/PHEC-YYF1QW9/2022,896,910
hCoV-19/England/PHEC-YYF1QRY/2022,896,910
hCoV-19/England/PHEC-YYF1QHX/2022,896,910
hCoV-19/England/PHEC-YYF1QDN/2022,896,910
hCoV-19/England/PHEC-YYF1PSH/2022,896,910
hCoV-19/England/PHEC-YYF1PI6/2022,896,910
hCoV-19/England/PHEC-YYF1PHO/2022,896,910
hCoV-19/England/PHEC-YYF1PDD/2022,896,909
hCoV-19/England/PHEC-YYF1KWD/2022,896,909
hCoV-19/England/PHEC-YYF1JQT/2022,896,909
hCoV-19/England/PHEC-YYF1JK3/2022,896,909
hCoV-19/England/PHEC-YYF1JE7/2022,896,909
hCoV-19/England/PHEC-YYF1JBM/2022,896,909
hCoV-19/England/PHEC-YYF1J34/2022,896,909
hCoV-19/England/PHEC-YYF1HWT/2022,896,910
hCoV-19/England/PHEC-YYF1HO3/2022,896,910
hCoV-19/England/PHEC-YYF1HIX/2022,896,910
hCoV-19/England/PHEC-YYF1H1I/2022,896,910
hCoV-19/England/PHEC-YYF1GTP/2022,896,909
hCoV-19/England/PHEC-YYF1GRE/2022,896,909
hCoV-19/England/PHEC-YYF1GBQ/2022,896,909
hCoV-19/England/PHEC-YYF1G9T/2022,896,909
hCoV-19/England/PHEC-YYF1G37/2022,896,909
hCoV-19/England/PHEC-YYF1FXU/2022,896,909
hCoV-19/England/PHEC-YYF1FJ9/2022,896,909
hCoV-19/England/PHEC-YYF1CZ5/2022,896,909
hCoV-19/England/PHEC-YYF1CA3/2022,896,909
hCoV-19/England/PHEC-YYF19P7/2022,896,910
hCoV-19/England/PHEC-YYF19NU/2022,896,910
hCoV-19/England/PHEC-YYF19DT/2022,896,910
hCoV-19/England/PHEC-YYF18WG/2022,896,909
hCoV-19/England/PHEC-YYF18TC/2022,896,909
hCoV-19/England/PHEC-YYF18R8/2022,896,909
hCoV-19/England/PHEC-YYF18HS/2022,896,909
hCoV-19/England/PHEC-YYF18FF/2022,896,909
hCoV-19/England/PHEC-YYF18A6/2022,896,909
hCoV-19/England/PHEC-YYF16SM/2022,896,910
hCoV-19/England/PHEC-YYF16IP/2022,896,910
hCoV-19/England/PHEC-YYF16EE/2022,896,910
hCoV-19/England/PHEC-YYF164D/2022,896,910
hCoV-19/England/PHEC-YYF163F/2022,896,910
hCoV-19/England/PHEC-YYF15HN/2022,896,910
hCoV-19/England/PHEC-YYF159H/2022,896,910
hCoV-19/England/PHEC-YYF14ZP/2022,896,910
hCoV-19/England/PHEC-YYF14QY/2022,896,910
hCoV-19/Scotland/LSPA-3E6522A/2022,897,905
hCoV-19/England/PHEC-YYFZNHT/2022,897,922
hCoV-19/England/PHEC-YYFZN1F/2022,897,922
hCoV-19/England/PHEC-YYFZDYJ/2022,897,922
hCoV-19/England/PHEC-YYFWNW8/2022,897,915
hCoV-19/England/PHEC-YYFWN9T/2022,897,915
hCoV-19/England/PHEC-YYFWN8N/2022,897,915
hCoV-19/England/PHEC-YYFWDR8/2022,897,915
hCoV-19/England/PHEC-YYFWDPI/2022,897,915
hCoV-19/England/PHEC-YYFWDM3/2022,897,915
hCoV-19/England/PHEC-YYFWDK5/2022,897,915
hCoV-19/England/PHEC-YYFWDCZ/2022,897,915
hCoV-19/England/PHEC-YYFWBQI/2022,897,915
hCoV-19/England/PHEC-YYFUZGT/2022,897,912
hCoV-19/England/PHEC-YYFUYKY/2022,897,910
hCoV-19/England/PHEC-YYFUYJN/2022,897,910
hCoV-19/England/PHEC-YYFUYFK/2022,897,910
hCoV-19/England/PHEC-YYFUYER/2022,897,910
hCoV-19/England/PHEC-YYFUYAD/2022,897,910
hCoV-19/England/PHEC-YYFUT9R/2022,897,912
hCoV-19/England/PHEC-YYFUT7E/2022,897,912
hCoV-19/England/PHEC-YYFURQW/2022,897,911
hCoV-19/England/PHEC-YYFURNC/2022,897,911
hCoV-19/England/PHEC-YYFURM4/2022,897,911
hCoV-19/England/PHEC-YYFUNDC/2022,897,911
hCoV-19/England/PHEC-YYFUJYM/2022,897,911
hCoV-19/England/PHEC-YYFUJDF/2022,897,911
hCoV-19/England/PHEC-YYFUJ87/2022,897,911
hCoV-19/England/PHEC-YYFUJ6Q/2022,897,911
hCoV-19/England/PHEC-YYFUGBC/2022,897,911
hCoV-19/England/PHEC-YYFUF44/2022,897,911
hCoV-19/England/PHEC-YYFUEDG/2022,897,911
hCoV-19/England/PHEC-YYFUE9P/2022,897,911
hCoV-19/England/PHEC-YYFUDXU/2022,897,911
hCoV-19/England/PHEC-YYFUDWE/2022,897,911
hCoV-19/England/PHEC-YYFUDUK/2022,897,911
hCoV-19/England/PHEC-YYFUDPZ/2022,897,911
hCoV-19/England/PHEC-YYFUDAY/2022,897,911
hCoV-19/England/PHEC-YYFUBFJ/2022,897,910
hCoV-19/England/PHEC-YYFUB9W/2022,897,911
hCoV-19/England/PHEC-YYFU8UG/2022,897,911
hCoV-19/England/PHEC-YYFU8TK/2022,897,911
hCoV-19/England/PHEC-YYFU3ZC/2022,897,915
hCoV-19/England/PHEC-YYF1XG5/2022,897,910
hCoV-19/England/PHEC-YYF1QPQ/2022,897,910
hCoV-19/England/PHEC-YYF1QCO/2022,897,910
hCoV-19/England/PHEC-YYF1PAA/2022,897,910
hCoV-19/England/PHEC-YYF1P1R/2022,897,910
hCoV-19/England/PHEC-YYF1JSY/2022,897,909
hCoV-19/England/PHEC-YYF1JPU/2022,897,909
hCoV-19/England/PHEC-YYF1HR1/2022,897,910
hCoV-19/England/PHEC-YYF1HJE/2022,897,910
hCoV-19/England/PHEC-YYF1HFO/2022,897,910
hCoV-19/England/PHEC-YYF1HDW/2022,897,910
hCoV-19/England/PHEC-YYF1GX1/2022,897,909
hCoV-19/England/PHEC-YYF1GW8/2022,897,909
hCoV-19/England/PHEC-YYF1GSD/2022,897,909
hCoV-19/England/PHEC-YYF1GPS/2022,897,909
hCoV-19/England/PHEC-YYF1GM4/2022,897,909
hCoV-19/England/PHEC-YYF1GKH/2022,897,909
hCoV-19/England/PHEC-YYF1GJ6/2022,897,909
hCoV-19/England/PHEC-YYF1FQI/2022,897,909
hCoV-19/England/PHEC-YYF1FPZ/2022,897,909
hCoV-19/England/PHEC-YYF1FGF/2022,897,909
hCoV-19/England/PHEC-YYF1FDM/2022,897,909
hCoV-19/England/PHEC-YYF1FC3/2022,897,909
hCoV-19/England/PHEC-YYF1EWF/2022,897,909
hCoV-19/England/PHEC-YYF1EMA/2022,897,909
hCoV-19/England/PHEC-YYF19Q5/2022,897,910
hCoV-19/England/PHEC-YYF19OS/2022,897,910
hCoV-19/England/PHEC-YYF19JF/2022,897,910
hCoV-19/England/PHEC-YYF19FP/2022,897,910
hCoV-19/England/PHEC-YYF19E8/2022,897,910
hCoV-19/England/PHEC-YYF1911/2022,897,910
hCoV-19/England/PHEC-YYF18GD/2022,897,909
hCoV-19/England/PHEC-YYF16ZJ/2022,897,910
hCoV-19/England/PHEC-YYF16H9/2022,897,910
hCoV-19/England/PHEC-YYF16A8/2022,897,910
hCoV-19/England/PHEC-YYF1677/2022,897,910
hCoV-19/England/PHEC-YYF165B/2022,897,910
hCoV-19/England/PHEC-YYF15O4/2022,897,910
hCoV-19/England/PHEC-YYF15DI/2022,897,910
hCoV-19/England/PHEC-YYFWSWU/2022,898,915
hCoV-19/England/PHEC-YYFWNX1/2022,898,915
hCoV-19/England/PHEC-YYFWNSD/2022,898,915
hCoV-19/England/PHEC-YYFWNOX/2022,898,915
hCoV-19/England/PHEC-YYFWNFG/2022,898,915
hCoV-19/England/PHEC-YYFWNEY/2022,898,915
hCoV-19/England/PHEC-YYFWKUB/2022,898,915
hCoV-19/England/PHEC-YYFWJNF/2022,898,915
hCoV-19/England/PHEC-YYFWBZN/2022,898,915
hCoV-19/England/PHEC-YYFWBM5/2022,898,915
hCoV-19/England/PHEC-YYFWBK7/2022,898,915
hCoV-19/England/PHEC-YYFWBJ9/2022,898,915
hCoV-19/England/PHEC-YYFWBEB/2022,898,915
hCoV-19/England/PHEC-YYFWBC3/2022,898,915
hCoV-19/England/PHEC-YYFWB54/2022,898,915
hCoV-19/England/PHEC-YYFWB4H/2022,898,915
hCoV-19/England/PHEC-YYFWB36/2022,898,915
hCoV-19/England/PHEC-YYFUZN3/2022,898,912
hCoV-19/England/PHEC-YYFUZHR/2022,898,915
hCoV-19/England/PHEC-YYFUWXN/2022,898,912
hCoV-19/England/PHEC-YYFUWQR/2022,898,912
hCoV-19/England/PHEC-YYFUWPG/2022,898,912
hCoV-19/England/PHEC-YYFUWMK/2022,898,912
hCoV-19/England/PHEC-YYFUWEO/2022,898,912
hCoV-19/England/PHEC-YYFUTJT/2022,898,912
hCoV-19/England/PHEC-YYFUTEU/2022,898,912
hCoV-19/England/PHEC-YYFUSZX/2022,898,912
hCoV-19/England/PHEC-YYFUSWI/2022,898,912
hCoV-19/England/PHEC-YYFUSFW/2022,898,912
hCoV-19/England/PHEC-YYFUS99/2022,898,912
hCoV-19/England/PHEC-YYFURHZ/2022,898,911
hCoV-19/England/PHEC-YYFUR37/2022,898,911
hCoV-19/England/PHEC-YYFUJZH/2022,898,911
hCoV-19/England/PHEC-YYFUJOK/2022,898,911
hCoV-19/England/PHEC-YYFUJFB/2022,898,911
hCoV-19/England/PHEC-YYFUJBJ/2022,898,911
hCoV-19/England/PHEC-YYFUJ9C/2022,898,911
hCoV-19/England/PHEC-YYFUIXB/2022,898,912
hCoV-19/England/PHEC-YYFUIRZ/2022,898,912
hCoV-19/England/PHEC-YYFUIQD/2022,898,912
hCoV-19/England/PHEC-YYFUIN5/2022,898,912
hCoV-19/England/PHEC-YYFUIHG/2022,898,912
hCoV-19/England/PHEC-YYFUFTC/2022,898,911
hCoV-19/England/PHEC-YYFUFGD/2022,898,911
hCoV-19/England/PHEC-YYFUFCZ/2022,898,911
hCoV-19/England/PHEC-YYFUF5A/2022,898,911
hCoV-19/England/PHEC-YYFUEUF/2022,898,911
hCoV-19/England/PHEC-YYFUEHU/2022,898,911
hCoV-19/England/PHEC-YYFUEGY/2022,898,911
hCoV-19/England/PHEC-YYFUE7T/2022,898,911
hCoV-19/England/PHEC-YYFUE18/2022,898,911
hCoV-19/England/PHEC-YYFUB6S/2022,898,911
hCoV-19/England/PHEC-YYFUAYH/2022,898,915
hCoV-19/England/PHEC-YYFUASX/2022,898,915
hCoV-19/England/PHEC-YYFUAO5/2022,898,915
hCoV-19/England/PHEC-YYFUAMG/2022,898,915
hCoV-19/England/PHEC-YYFUA7B/2022,898,915
hCoV-19/England/PHEC-YYFUA69/2022,898,915
hCoV-19/England/PHEC-YYFU8Z6/2022,898,911
hCoV-19/England/PHEC-YYFU8QT/2022,898,911
hCoV-19/England/PHEC-YYFU8K3/2022,898,911
hCoV-19/England/PHEC-YYFU8HW/2022,898,911
hCoV-19/England/PHEC-YYFU8CI/2022,898,911
hCoV-19/England/PHEC-YYFU84A/2022,898,911
hCoV-19/England/PHEC-YYFU3W1/2022,898,915
hCoV-19/England/PHEC-YYFU3SQ/2022,898,915
hCoV-19/England/PHEC-YYFU3NZ/2022,898,915
hCoV-19/England/PHEC-YYFU3AK/2022,898,915
hCoV-19/England/PHEC-YYFU31S/2022,898,915
hCoV-19/England/PHEC-YYFU1T9/2022,898,912
hCoV-19/England/PHEC-YYFU1PE/2022,898,912
hCoV-19/England/PHEC-YYFU1HJ/2022,898,912
hCoV-19/England/PHEC-YYFU1FA/2022,898,912
hCoV-19/England/PHEC-YYFU1DH/2022,898,912
hCoV-19/England/PHEC-YYF4B4O/2022,898,926
hCoV-19/England/PHEC-YYF16QH/2022,898,910
hCoV-19/England/PHEC-YYF15EM/2022,898,910
hCoV-19/England/PHEC-YYFWNZB/2022,899,915
hCoV-19/England/PHEC-YYFWNBQ/2022,899,915
hCoV-19/England/PHEC-YYFWN45/2022,899,915
hCoV-19/England/PHEC-YYFWN37/2022,899,915
hCoV-19/England/PHEC-YYFWKW9/2022,899,915
hCoV-19/England/PHEC-YYFWI7N/2022,899,915
hCoV-19/England/PHEC-YYFWBWE/2022,899,915
hCoV-19/England/PHEC-YYFWBTQ/2022,899,915
hCoV-19/England/PHEC-YYFWBF8/2022,899,915
hCoV-19/England/PHEC-YYFWB7S/2022,899,915
hCoV-19/England/PHEC-YYFUZX9/2022,899,915
hCoV-19/England/PHEC-YYFUZI1/2022,899,915
hCoV-19/England/PHEC-YYFUZ96/2022,899,915
hCoV-19/England/PHEC-YYFUZ5G/2022,899,915
hCoV-19/England/PHEC-YYFUZ4E/2022,899,915
hCoV-19/England/PHEC-YYFUWYY/2022,899,912
hCoV-19/England/PHEC-YYFUW9B/2022,899,912
hCoV-19/England/PHEC-YYFUTMP/2022,899,912
hCoV-19/England/PHEC-YYFUSRS/2022,899,912
hCoV-19/England/PHEC-YYFUSN4/2022,899,912
hCoV-19/England/PHEC-YYFUSBH/2022,899,912
hCoV-19/England/PHEC-YYFUS13/2022,899,912
hCoV-19/England/PHEC-YYFURSD/2022,899,911
hCoV-19/England/PHEC-YYFUKDR/2022,899,911
hCoV-19/England/PHEC-YYFUJ4S/2022,899,911
hCoV-19/England/PHEC-YYFUIO6/2022,899,912
hCoV-19/England/PHEC-YYFUIMJ/2022,899,912
hCoV-19/England/PHEC-YYFUIGU/2022,899,912
hCoV-19/England/PHEC-YYFUID3/2022,899,912
hCoV-19/England/PHEC-YYFUIC8/2022,899,912
hCoV-19/England/PHEC-YYFUI8T/2022,899,912
hCoV-19/England/PHEC-YYFUAZP/2022,899,915
hCoV-19/England/PHEC-YYFUAWU/2022,899,915
hCoV-19/England/PHEC-YYFUARW/2022,899,915
hCoV-19/England/PHEC-YYFUAKE/2022,899,915
hCoV-19/England/PHEC-YYFUAF1/2022,899,915
hCoV-19/England/PHEC-YYFUADS/2022,899,915
hCoV-19/England/PHEC-YYFUA97/2022,899,915
hCoV-19/England/PHEC-YYFUA8Q/2022,899,915
hCoV-19/England/PHEC-YYFUA5F/2022,899,915
hCoV-19/England/PHEC-YYFUA3J/2022,899,915
hCoV-19/England/PHEC-YYFU3X7/2022,899,915
hCoV-19/England/PHEC-YYFU3TA/2022,899,915
hCoV-19/England/PHEC-YYFU3IO/2022,899,915
hCoV-19/England/PHEC-YYFU3DI/2022,899,915
hCoV-19/England/PHEC-YYFU3CD/2022,899,915
hCoV-19/England/PHEC-YYFU1IZ/2022,899,912
hCoV-19/England/PHEC-YYFU14P/2022,899,912
hCoV-19/England/PHEC-YYFU13X/2022,899,912
hCoV-19/England/PHEC-YYF16X4/2022,899,910
hCoV-19/England/PHEC-YYF16OZ/2022,899,910
