hCoV-19/England/PHEC-YYGXSXE/2022,935,953
hCoV-19/England/PHEC-YYGXKPA/2022,935,951
hCoV-19/England/PHEC-YYGXKBO/2022,935,951
hCoV-19/England/PHEC-YYGXJBT/2022,935,951
hCoV-19/England/PHEC-YYGXJ6S/2022,935,951
hCoV-19/England/PHEC-YYGXJ3Y/2022,935,951
hCoV-19/England/PHEC-YYGX8IK/2022,935,950
hCoV-19/England/PHEC-YYGX84Y/2022,935,950
hCoV-19/England/PHEC-YYGX81O/2022,935,950
hCoV-19/England/PHEC-YYGPXZN/2022,935,950
hCoV-19/England/PHEC-YYGPWFN/2022,935,950
hCoV-19/England/PHEC-YYGPWDG/2022,935,950
hCoV-19/England/PHEC-YYGPQY1/2022,935,950
hCoV-19/England/PHEC-YYGPQUM/2022,935,950
hCoV-19/England/PHEC-YYGPQOT/2022,935,950
hCoV-19/England/PHEC-YYGPQNQ/2022,935,950
hCoV-19/England/PHEC-YYGPMBU/2022,935,950
hCoV-19/England/PHEC-YYGPKYS/2022,935,950
hCoV-19/England/PHEC-YYGPKXA/2022,935,950
hCoV-19/England/PHEC-YYGPKWP/2022,935,950
hCoV-19/England/PHEC-YYGPKSJ/2022,935,950
hCoV-19/England/PHEC-YYGPK4B/2022,935,950
hCoV-19/England/PHEC-YYGPJX3/2022,935,950
hCoV-19/England/PHEC-YYGPJWQ/2022,935,950
hCoV-19/England/PHEC-YYGPJP7/2022,935,950
hCoV-19/England/PHEC-YYGPJAG/2022,935,950
hCoV-19/England/PHEC-YYGPJ7H/2022,935,950
hCoV-19/England/PHEC-YYGPENW/2022,935,950
hCoV-19/England/PHEC-YYGPE4D/2022,935,950
hCoV-19/England/PHEC-YYGPE3F/2022,935,950
hCoV-19/England/PHEC-YYGPC6Z/2022,935,950
hCoV-19/England/PHEC-YYGP1E6/2022,935,950
hCoV-19/England/PHEC-YYGOAT6/2022,935,954
hCoV-19/England/PHEC-YYGOAIS/2022,935,954
hCoV-19/England/PHEC-YYGOACJ/2022,935,954
hCoV-19/England/PHEC-YYGO7NA/2022,935,954
hCoV-19/England/PHEC-YYGM5JZ/2022,935,950
hCoV-19/England/PHEC-YYGM5CT/2022,935,950
hCoV-19/England/PHEC-YYGM41F/2022,935,950
hCoV-19/England/PHEC-YYGK8AQ/2022,935,947
hCoV-19/England/PHEC-YYGXN95/2022,936,950
hCoV-19/England/PHEC-YYGXKQS/2022,936,951
hCoV-19/England/PHEC-YYGXKOT/2022,936,951
hCoV-19/England/PHEC-YYGXKC4/2022,936,951
hCoV-19/England/PHEC-YYGXJED/2022,936,951
hCoV-19/England/PHEC-YYGXGMY/2022,936,950
hCoV-19/England/PHEC-YYGXBZC/2022,936,950
hCoV-19/England/PHEC-YYGXBUW/2022,936,950
hCoV-19/England/PHEC-YYGXBQ9/2022,936,950
hCoV-19/England/PHEC-YYGXBJJ/2022,936,950
hCoV-19/England/PHEC-YYGXBIO/2022,936,950
hCoV-19/England/PHEC-YYGXBGX/2022,936,950
hCoV-19/England/PHEC-YYGXBFT/2022,936,950
hCoV-19/England/PHEC-YYGXBEM/2022,936,950
hCoV-19/England/PHEC-YYGXBCD/2022,936,950
hCoV-19/England/PHEC-YYGXB3E/2022,936,950
hCoV-19/England/PHEC-YYGXB1S/2022,936,950
hCoV-19/England/PHEC-YYGXAYR/2022,936,953
hCoV-19/England/PHEC-YYGPUNJ/2022,936,950
hCoV-19/England/PHEC-YYGPQ47/2022,936,950
hCoV-19/England/PHEC-YYGPMYI/2022,936,950
hCoV-19/England/PHEC-YYGPMXZ/2022,936,950
hCoV-19/England/PHEC-YYGPMUQ/2022,936,950
hCoV-19/England/PHEC-YYGPMRP/2022,936,950
hCoV-19/England/PHEC-YYGPMQ3/2022,936,950
hCoV-19/England/PHEC-YYGPMP5/2022,936,950
hCoV-19/England/PHEC-YYGPMKB/2022,936,950
hCoV-19/England/PHEC-YYGPMJD/2022,936,950
hCoV-19/England/PHEC-YYGPMGJ/2022,936,950
hCoV-19/England/PHEC-YYGPMFM/2022,936,950
hCoV-19/England/PHEC-YYGPMDX/2022,936,950
hCoV-19/England/PHEC-YYGPKZ8/2022,936,950
hCoV-19/England/PHEC-YYGPKTU/2022,936,950
hCoV-19/England/PHEC-YYGPKH7/2022,936,950
hCoV-19/England/PHEC-YYGPK9Z/2022,936,950
hCoV-19/England/PHEC-YYGPK3D/2022,936,950
hCoV-19/England/PHEC-YYGPJSK/2022,936,950
hCoV-19/England/PHEC-YYGPJIC/2022,936,950
hCoV-19/England/PHEC-YYGPJGM/2022,936,950
hCoV-19/England/PHEC-YYGPJE8/2022,936,950
hCoV-19/England/PHEC-YYGPEZJ/2022,936,950
hCoV-19/England/PHEC-YYGPEUT/2022,936,950
hCoV-19/England/PHEC-YYGPESM/2022,936,950
hCoV-19/England/PHEC-YYGPERO/2022,936,950
hCoV-19/England/PHEC-YYGPEOZ/2022,936,950
hCoV-19/England/PHEC-YYGPEH9/2022,936,950
hCoV-19/England/PHEC-YYGPED1/2022,936,950
hCoV-19/England/PHEC-YYGP97G/2022,936,950
hCoV-19/England/PHEC-YYGP96R/2022,936,950
hCoV-19/England/PHEC-YYGP95K/2022,936,950
hCoV-19/England/PHEC-YYGOAZ1/2022,936,954
hCoV-19/England/PHEC-YYGOAP8/2022,936,954
hCoV-19/England/PHEC-YYGXZ9G/2022,937,953
hCoV-19/England/PHEC-YYGXZ6E/2022,937,953
hCoV-19/England/PHEC-YYGXZ31/2022,937,953
hCoV-19/England/PHEC-YYGXSU9/2022,937,953
hCoV-19/England/PHEC-YYGXSTD/2022,937,953
hCoV-19/England/PHEC-YYGXSQK/2022,937,953
hCoV-19/England/PHEC-YYGXSOF/2022,937,953
hCoV-19/England/PHEC-YYGXNY4/2022,937,950
hCoV-19/England/PHEC-YYGXNO3/2022,937,950
hCoV-19/England/PHEC-YYGXKMH/2022,937,951
hCoV-19/England/PHEC-YYGXKGG/2022,937,951
hCoV-19/England/PHEC-YYGXJYU/2022,937,951
hCoV-19/England/PHEC-YYGXJSG/2022,937,951
hCoV-19/England/PHEC-YYGXJAN/2022,937,951
hCoV-19/England/PHEC-YYGXJ9W/2022,937,951
hCoV-19/England/PHEC-YYGXJ8F/2022,937,951
hCoV-19/England/PHEC-YYGXJ7A/2022,937,951
hCoV-19/England/PHEC-YYGXJ46/2022,937,951
hCoV-19/England/PHEC-YYGXJ1Q/2022,937,951
hCoV-19/England/PHEC-YYGXIZA/2022,937,951
hCoV-19/England/PHEC-YYGXEH5/2022,937,951
hCoV-19/England/PHEC-YYGXEDQ/2022,937,951
hCoV-19/England/PHEC-YYGXARH/2022,937,953
hCoV-19/England/PHEC-YYGXANY/2022,937,953
hCoV-19/England/PHEC-YYGXAD6/2022,937,953
hCoV-19/England/PHEC-YYGX4YN/2022,937,953
hCoV-19/England/PHEC-YYGX4T9/2022,937,953
hCoV-19/England/PHEC-YYGX4MC/2022,937,953
hCoV-19/England/PHEC-YYGX4KQ/2022,937,953
hCoV-19/England/PHEC-YYGX4GS/2022,937,953
hCoV-19/England/PHEC-YYGX4FA/2022,937,953
hCoV-19/England/PHEC-YYGX4BY/2022,937,953
hCoV-19/England/PHEC-YYGX4AT/2022,937,953
hCoV-19/England/PHEC-YYGX478/2022,937,953
hCoV-19/England/PHEC-YYGX45M/2022,937,953
hCoV-19/England/PHEC-YYGX43X/2022,937,953
hCoV-19/England/PHEC-YYGX3UH/2022,937,953
hCoV-19/England/PHEC-YYGX37E/2022,937,953
hCoV-19/England/PHEC-YYGT6J8/2022,937,957
hCoV-19/England/PHEC-YYGT5X6/2022,937,957
hCoV-19/England/PHEC-YYGPUHW/2022,937,950
hCoV-19/England/PHEC-YYGPM88/2022,937,950
hCoV-19/England/PHEC-YYGPKJR/2022,937,950
hCoV-19/England/PHEC-YYGPKEG/2022,937,950
hCoV-19/England/PHEC-YYGPKC6/2022,937,950
hCoV-19/England/PHEC-YYGPK1T/2022,937,950
hCoV-19/England/PHEC-YYGPJOS/2022,937,950
hCoV-19/England/PHEC-YYGP8ZK/2022,937,950
hCoV-19/England/PHEC-YYGP8X5/2022,937,950
hCoV-19/England/PHEC-YYGP8IQ/2022,937,950
hCoV-19/England/PHEC-YYGP876/2022,937,950
hCoV-19/England/PHEC-YYGP81W/2022,937,950
hCoV-19/England/PHEC-YYGOA4C/2022,937,954
hCoV-19/England/PHEC-YYGIOGU/2022,937,971
hCoV-19/England/PHEC-YYGXZJU/2022,938,953
hCoV-19/England/PHEC-YYGXZEI/2022,938,953
hCoV-19/England/PHEC-YYGXZAW/2022,938,953
hCoV-19/England/PHEC-YYGXZ8Z/2022,938,953
hCoV-19/England/PHEC-YYGXZ4O/2022,938,953
hCoV-19/England/PHEC-YYGXWI7/2022,938,951
hCoV-19/England/PHEC-YYGXW9J/2022,938,951
hCoV-19/England/PHEC-YYGXW1D/2022,938,951
hCoV-19/England/PHEC-YYGXSJW/2022,938,951
hCoV-19/England/PHEC-YYGXNXH/2022,938,950
hCoV-19/England/PHEC-YYGXNJE/2022,938,950
hCoV-19/England/PHEC-YYGXN1I/2022,938,950
hCoV-19/England/PHEC-YYGXJZR/2022,938,951
hCoV-19/England/PHEC-YYGXJP3/2022,938,951
hCoV-19/England/PHEC-YYGXJK9/2022,938,951
hCoV-19/England/PHEC-YYGXJIE/2022,938,951
hCoV-19/England/PHEC-YYGXIND/2022,938,951
hCoV-19/England/PHEC-YYGXI7C/2022,938,951
hCoV-19/England/PHEC-YYGXEIJ/2022,938,951
hCoV-19/England/PHEC-YYGXEAD/2022,938,951
hCoV-19/England/PHEC-YYGXE9I/2022,938,951
hCoV-19/England/PHEC-YYGXE57/2022,938,951
hCoV-19/England/PHEC-YYGXBDI/2022,938,950
hCoV-19/England/PHEC-YYGXB4G/2022,938,950
hCoV-19/England/PHEC-YYGXAZI/2022,938,953
hCoV-19/England/PHEC-YYGXAW5/2022,938,953
hCoV-19/England/PHEC-YYGXASZ/2022,938,953
hCoV-19/England/PHEC-YYGXAPK/2022,938,953
hCoV-19/England/PHEC-YYGX5N7/2022,938,953
hCoV-19/England/PHEC-YYGX4R4/2022,938,953
hCoV-19/England/PHEC-YYGX4OB/2022,938,953
hCoV-19/England/PHEC-YYGX4JO/2022,938,953
hCoV-19/England/PHEC-YYGX4E1/2022,938,953
hCoV-19/England/PHEC-YYGX46F/2022,938,953
hCoV-19/England/PHEC-YYGX3MP/2022,938,953
hCoV-19/England/PHEC-YYGUJT8/2022,938,961
hCoV-19/England/PHEC-YYGUJPO/2022,938,961
hCoV-19/England/PHEC-YYGUJOJ/2022,938,961
hCoV-19/England/PHEC-YYGUJC1/2022,938,961
hCoV-19/England/PHEC-YYGUJ1F/2022,938,961
hCoV-19/England/PHEC-YYGTY9A/2022,938,957
hCoV-19/England/PHEC-YYGTY7H/2022,938,957
hCoV-19/England/PHEC-YYGTJU8/2022,938,957
hCoV-19/England/PHEC-YYGTFK6/2022,938,957
hCoV-19/England/PHEC-YYGTBWP/2022,938,957
hCoV-19/England/PHEC-YYGT5T3/2022,938,957
hCoV-19/England/PHEC-YYGPC57/2022,938,950
hCoV-19/England/PHEC-YYGP9Z1/2022,938,950
hCoV-19/England/PHEC-YYGP9AO/2022,938,950
hCoV-19/England/PHEC-YYGO7O5/2022,938,954
hCoV-19/England/PHEC-YYGO7MG/2022,938,954
hCoV-19/England/PHEC-YYGO797/2022,938,954
hCoV-19/England/PHEC-YYG1RSR/2022,938,957
hCoV-19/England/PHEC-YYG1RIG/2022,938,957
hCoV-19/England/PHEC-YYG1DK6/2022,938,957
hCoV-19/England/PHEC-YYG1DJY/2022,938,957
hCoV-19/England/PHEC-YYGXZX8/2022,939,953
hCoV-19/England/PHEC-YYGXZWH/2022,939,953
hCoV-19/England/PHEC-YYGXZU6/2022,939,953
hCoV-19/England/PHEC-YYGXZR7/2022,939,953
hCoV-19/England/PHEC-YYGXZOR/2022,939,953
hCoV-19/England/PHEC-YYGXZMX/2022,939,953
hCoV-19/England/PHEC-YYGXZKT/2022,939,953
hCoV-19/England/PHEC-YYGXZG3/2022,939,953
hCoV-19/England/PHEC-YYGXZCP/2022,939,953
hCoV-19/England/PHEC-YYGXWYE/2022,939,951
hCoV-19/England/PHEC-YYGXWRY/2022,939,951
hCoV-19/England/PHEC-YYGXWPQ/2022,939,951
hCoV-19/England/PHEC-YYGXWDN/2022,939,951
hCoV-19/England/PHEC-YYGXWBG/2022,939,951
hCoV-19/England/PHEC-YYGXWAZ/2022,939,951
hCoV-19/England/PHEC-YYGXUHO/2022,939,951
hCoV-19/England/PHEC-YYGXU9K/2022,939,951
hCoV-19/England/PHEC-YYGXSYG/2022,939,951
hCoV-19/England/PHEC-YYGXSR6/2022,939,951
hCoV-19/England/PHEC-YYGXSPC/2022,939,951
hCoV-19/England/PHEC-YYGXSG4/2022,939,951
hCoV-19/England/PHEC-YYGXSDY/2022,939,951
hCoV-19/England/PHEC-YYGXSCQ/2022,939,951
hCoV-19/England/PHEC-YYGXSBR/2022,939,951
hCoV-19/England/PHEC-YYGXS7M/2022,939,953
hCoV-19/England/PHEC-YYGXJQZ/2022,939,951
hCoV-19/England/PHEC-YYGXJG8/2022,939,951
hCoV-19/England/PHEC-YYGXJFJ/2022,939,951
hCoV-19/England/PHEC-YYGXJDP/2022,939,951
hCoV-19/England/PHEC-YYGXJC5/2022,939,951
hCoV-19/England/PHEC-YYGXIXJ/2022,939,951
hCoV-19/England/PHEC-YYGXIS4/2022,939,951
hCoV-19/England/PHEC-YYGXIPP/2022,939,951
hCoV-19/England/PHEC-YYGXIOG/2022,939,951
hCoV-19/England/PHEC-YYGXIKU/2022,939,951
hCoV-19/England/PHEC-YYGXIHQ/2022,939,951
hCoV-19/England/PHEC-YYGXIEZ/2022,939,951
hCoV-19/England/PHEC-YYGXIAS/2022,939,951
hCoV-19/England/PHEC-YYGXI41/2022,939,951
hCoV-19/England/PHEC-YYGXI3W/2022,939,951
hCoV-19/England/PHEC-YYGXEZF/2022,939,951
hCoV-19/England/PHEC-YYGXEXS/2022,939,951
hCoV-19/England/PHEC-YYGXETT/2022,939,951
hCoV-19/England/PHEC-YYGXEQA/2022,939,951
hCoV-19/England/PHEC-YYGXEP4/2022,939,951
hCoV-19/England/PHEC-YYGXEM6/2022,939,951
hCoV-19/England/PHEC-YYGXEKY/2022,939,951
hCoV-19/England/PHEC-YYGXEJN/2022,939,951
hCoV-19/England/PHEC-YYGXE8G/2022,939,951
hCoV-19/England/PHEC-YYGXE1X/2022,939,951
hCoV-19/England/PHEC-YYGXAXG/2022,939,953
hCoV-19/England/PHEC-YYGXAU7/2022,939,953
hCoV-19/England/PHEC-YYGXATB/2022,939,953
hCoV-19/England/PHEC-YYGXAJ1/2022,939,953
hCoV-19/England/PHEC-YYGXACC/2022,939,953
hCoV-19/England/PHEC-YYGXABN/2022,939,953
hCoV-19/England/PHEC-YYGXA5P/2022,939,953
hCoV-19/England/PHEC-YYGXA3T/2022,939,953
hCoV-19/England/PHEC-YYGX3JT/2022,939,953
hCoV-19/England/PHEC-YYGX3HK/2022,939,953
hCoV-19/England/PHEC-YYGX3EU/2022,939,953
hCoV-19/England/PHEC-YYGX3D7/2022,939,953
hCoV-19/England/PHEC-YYGTZU3/2022,939,957
hCoV-19/England/PHEC-YYGTZO9/2022,939,957
hCoV-19/England/PHEC-YYGTRXI/2022,939,957
hCoV-19/England/PHEC-YYGTRK9/2022,939,957
hCoV-19/England/PHEC-YYGTJZ9/2022,939,957
hCoV-19/England/PHEC-YYGTJID/2022,939,957
hCoV-19/England/PHEC-YYGTJDE/2022,939,957
hCoV-19/England/PHEC-YYGTJ1J/2022,939,957
hCoV-19/England/PHEC-YYGTEUE/2022,939,957
hCoV-19/England/PHEC-YYGTE3H/2022,939,957
hCoV-19/England/PHEC-YYGTBQ4/2022,939,957
hCoV-19/England/PHEC-YYGT7Y4/2022,939,957
hCoV-19/England/PHEC-YYGT5ZP/2022,939,957
hCoV-19/England/PHEC-YYGT5WU/2022,939,957
hCoV-19/England/PHEC-YYGOHDZ/2022,939,954
hCoV-19/England/PHEC-YYGO7YH/2022,939,954
hCoV-19/England/PHEC-YYGO7T3/2022,939,954
hCoV-19/England/PHEC-YYGO7JK/2022,939,954
hCoV-19/England/PHEC-YYGO7CR/2022,939,954
hCoV-19/England/PHEC-YYGO73J/2022,939,954
hCoV-19/England/PHEC-YYGO5HF/2022,939,954
hCoV-19/England/PHEC-YYGO5AP/2022,939,954
hCoV-19/England/PHEC-YYGO4QD/2022,939,954
hCoV-19/England/PHEC-YYGO4N5/2022,939,954
hCoV-19/England/PHEC-YYGO4MJ/2022,939,954
hCoV-19/England/PHEC-YYGO4HG/2022,939,954
hCoV-19/England/PHEC-YYGO4GU/2022,939,954
hCoV-19/England/PHEC-YYGO4FI/2022,939,954
hCoV-19/England/PHEC-YYGO4D3/2022,939,954
hCoV-19/England/PHEC-YYGO4C8/2022,939,954
hCoV-19/England/PHEC-YYGO3B6/2022,939,954
hCoV-19/England/PHEC-YYGO3AX/2022,939,954
hCoV-19/England/PHEC-YYGO36D/2022,939,954
hCoV-19/England/PHEC-YYG1RWE/2022,939,957
hCoV-19/England/PHEC-YYG1R54/2022,939,957
hCoV-19/England/PHEC-YYG1N7A/2022,939,957
hCoV-19/England/PHEC-YYG1DRK/2022,939,957
hCoV-19/England/PHEC-YYGXSNN/2022,940,951
hCoV-19/England/PHEC-YYGXSI5/2022,940,953
hCoV-19/England/PHEC-YYGXSHP/2022,940,953
hCoV-19/England/PHEC-YYGXSAI/2022,940,953
hCoV-19/England/PHEC-YYGXS4T/2022,940,953
hCoV-19/England/PHEC-YYGXI9E/2022,940,951
hCoV-19/England/PHEC-YYGXA9F/2022,940,953
hCoV-19/England/PHEC-YYGX5R3/2022,940,953
hCoV-19/England/PHEC-YYGX5MM/2022,940,953
hCoV-19/England/PHEC-YYGX5KP/2022,940,953
hCoV-19/England/PHEC-YYGX5GI/2022,940,953
hCoV-19/England/PHEC-YYGX5ET/2022,940,953
hCoV-19/England/PHEC-YYGX3YD/2022,940,953
hCoV-19/England/PHEC-YYGX3XF/2022,940,953
hCoV-19/England/PHEC-YYGX3ON/2022,940,953
hCoV-19/England/PHEC-YYGX3N9/2022,940,953
hCoV-19/England/PHEC-YYGX3KX/2022,940,953
hCoV-19/England/PHEC-YYGX3IA/2022,940,953
hCoV-19/England/PHEC-YYGX3GZ/2022,940,953
hCoV-19/England/PHEC-YYGX3F3/2022,940,953
hCoV-19/England/PHEC-YYGX3BB/2022,940,953
hCoV-19/England/PHEC-YYGUJZ5/2022,940,961
hCoV-19/England/PHEC-YYGTZPG/2022,940,957
hCoV-19/England/PHEC-YYGTZKC/2022,940,957
hCoV-19/England/PHEC-YYGTZII/2022,940,957
hCoV-19/England/PHEC-YYGTRYU/2022,940,957
hCoV-19/England/PHEC-YYGTRP3/2022,940,957
hCoV-19/England/PHEC-YYGTRED/2022,940,957
hCoV-19/England/PHEC-YYGTR8F/2022,940,957
hCoV-19/England/PHEC-YYGTNC7/2022,940,957
hCoV-19/England/PHEC-YYGTNAR/2022,940,957
hCoV-19/England/PHEC-YYGTJMA/2022,940,957
hCoV-19/England/PHEC-YYGTETC/2022,940,957
hCoV-19/England/PHEC-YYGTESN/2022,940,957
hCoV-19/England/PHEC-YYGTEOQ/2022,940,957
hCoV-19/England/PHEC-YYGTEK5/2022,940,957
hCoV-19/England/PHEC-YYGTEGD/2022,940,957
hCoV-19/England/PHEC-YYGTDYW/2022,940,957
hCoV-19/England/PHEC-YYGTDKY/2022,940,957
hCoV-19/England/PHEC-YYGTDJN/2022,940,957
hCoV-19/England/PHEC-YYGTD8G/2022,940,957
hCoV-19/England/PHEC-YYGTD6Z/2022,940,957
hCoV-19/England/PHEC-YYGTD1X/2022,940,957
hCoV-19/England/PHEC-YYGTBSJ/2022,940,957
hCoV-19/England/PHEC-YYGTA14/2022,940,957
hCoV-19/England/PHEC-YYGT8W8/2022,940,957
hCoV-19/England/PHEC-YYGT8PS/2022,940,957
hCoV-19/England/PHEC-YYGT7XH/2022,940,957
hCoV-19/England/PHEC-YYGT7DW/2022,940,957
hCoV-19/England/PHEC-YYGT6IQ/2022,940,957
hCoV-19/England/PHEC-YYGT5HD/2022,940,957
hCoV-19/England/PHEC-YYGT548/2022,940,957
hCoV-19/England/PHEC-YYGT3T5/2022,940,957
hCoV-19/England/PHEC-YYGT3RS/2022,940,957
hCoV-19/England/PHEC-YYGT3JC/2022,940,957
hCoV-19/England/PHEC-YYGT3FW/2022,940,957
hCoV-19/England/PHEC-YYGT313/2022,940,957
hCoV-19/England/PHEC-YYGOHY7/2022,940,954
hCoV-19/England/PHEC-YYGOHJM/2022,940,954
hCoV-19/England/PHEC-YYGOHI1/2022,940,954
hCoV-19/England/PHEC-YYGO8C4/2022,940,954
hCoV-19/England/PHEC-YYGO5ME/2022,940,954
hCoV-19/England/PHEC-YYGO5JC/2022,940,954
hCoV-19/England/PHEC-YYGO5DA/2022,940,954
hCoV-19/England/PHEC-YYGO5BH/2022,940,954
hCoV-19/England/PHEC-YYGO54J/2022,940,954
hCoV-19/England/PHEC-YYGO4RZ/2022,940,954
hCoV-19/England/PHEC-YYGO3PG/2022,940,954
hCoV-19/England/PHEC-YYGO3O9/2022,940,954
hCoV-19/England/PHEC-YYGO3II/2022,940,954
hCoV-19/England/PHEC-YYGO3GW/2022,940,954
hCoV-19/England/PHEC-YYGO3FS/2022,940,954
hCoV-19/England/PHEC-YYG1NXI/2022,940,957
hCoV-19/England/PHEC-YYG1NUC/2022,940,957
hCoV-19/England/PHEC-YYG1NTO/2022,940,957
hCoV-19/England/PHEC-YYG1NO1/2022,940,957
hCoV-19/England/PHEC-YYG1NC5/2022,940,957
hCoV-19/England/PHEC-YYG1N1Q/2022,940,957
hCoV-19/England/PHEC-YYG1BKY/2022,940,957
hCoV-19/England/PHEC-YYGX3ZW/2022,941,953
hCoV-19/England/PHEC-YYGX3W4/2022,941,953
hCoV-19/England/PHEC-YYGX3SS/2022,941,953
hCoV-19/England/PHEC-YYGTRTO/2022,941,957
hCoV-19/England/PHEC-YYGTNZG/2022,941,957
hCoV-19/England/PHEC-YYGTNSE/2022,941,957
hCoV-19/England/PHEC-YYGTNQ3/2022,941,957
hCoV-19/England/PHEC-YYGTNOW/2022,941,957
hCoV-19/England/PHEC-YYGTNFM/2022,941,957
hCoV-19/England/PHEC-YYGTNBU/2022,941,957
hCoV-19/England/PHEC-YYGTN6A/2022,941,957
hCoV-19/England/PHEC-YYGTE7W/2022,941,957
hCoV-19/England/PHEC-YYGTE5A/2022,941,957
hCoV-19/England/PHEC-YYGTDXS/2022,941,957
hCoV-19/England/PHEC-YYGTDTT/2022,941,957
hCoV-19/England/PHEC-YYGTBZ8/2022,941,957
hCoV-19/England/PHEC-YYGT9YA/2022,941,957
hCoV-19/England/PHEC-YYGT8UJ/2022,941,957
hCoV-19/England/PHEC-YYGT81M/2022,941,957
hCoV-19/England/PHEC-YYGT5QY/2022,941,957
hCoV-19/England/PHEC-YYGT5DS/2022,941,957
hCoV-19/England/PHEC-YYGT3N4/2022,941,957
hCoV-19/England/PHEC-YYGT3HF/2022,941,957
hCoV-19/England/PHEC-YYGT3AP/2022,941,957
hCoV-19/England/PHEC-YYGOHX9/2022,941,954
hCoV-19/England/PHEC-YYGOHKJ/2022,941,954
hCoV-19/England/PHEC-YYGOG9W/2022,941,954
hCoV-19/England/PHEC-YYGOG5H/2022,941,954
hCoV-19/England/PHEC-YYGOEYT/2022,941,954
hCoV-19/England/PHEC-YYGOEHA/2022,941,954
hCoV-19/England/PHEC-YYGOE54/2022,941,954
hCoV-19/England/PHEC-YYGOE36/2022,941,954
hCoV-19/England/PHEC-YYGO8XW/2022,941,954
hCoV-19/England/PHEC-YYGO8PA/2022,941,954
hCoV-19/England/PHEC-YYGO81P/2022,941,954
hCoV-19/England/PHEC-YYGO4TH/2022,941,954
hCoV-19/England/PHEC-YYGO3MK/2022,941,954
hCoV-19/England/PHEC-YYG1NZR/2022,941,957
hCoV-19/England/PHEC-YYG1NDP/2022,941,957
hCoV-19/England/PHEC-YYG1FZB/2022,941,957
hCoV-19/England/PHEC-YYG1FBQ/2022,941,957
hCoV-19/England/PHEC-YYG1BCH/2022,941,957
