hCoV-19/England/PHEC-YY8QYAC/2022,1047,1062
hCoV-19/England/PHEC-YY8QX1J/2022,1047,1064
hCoV-19/England/PHEC-YY8QWG7/2022,1047,1065
hCoV-19/England/PHEC-YY8QW1R/2022,1047,1065
hCoV-19/England/PHEC-YY8QR6H/2022,1047,1062
hCoV-19/England/PHEC-YY8QOTK/2022,1047,1064
hCoV-19/England/PHEC-YY8QNUW/2022,1047,1062
hCoV-19/England/PHEC-YY8QNK8/2022,1047,1062
hCoV-19/England/PHEC-YY8QNJJ/2022,1047,1062
hCoV-19/England/PHEC-YY8QN66/2022,1047,1062
hCoV-19/England/PHEC-YY8QN3E/2022,1047,1062
hCoV-19/England/PHEC-YY8QKED/2022,1047,1062
hCoV-19/England/PHEC-YY8QKBT/2022,1047,1062
hCoV-19/England/PHEC-YY8QJZF/2022,1047,1062
hCoV-19/England/PHEC-YY8QJQA/2022,1047,1062
hCoV-19/England/PHEC-YY8QJP4/2022,1047,1062
hCoV-19/England/PHEC-YY8QJNO/2022,1047,1062
hCoV-19/England/PHEC-YY8QJIJ/2022,1047,1062
hCoV-19/England/PHEC-YY8QJFK/2022,1047,1062
hCoV-19/England/PHEC-YY8QFWX/2022,1047,1062
hCoV-19/England/PHEC-YY8QFQH/2022,1047,1062
hCoV-19/England/PHEC-YY8QFKR/2022,1047,1062
hCoV-19/England/PHEC-YY8QFD1/2022,1047,1062
hCoV-19/England/PHEC-YY8QF5B/2022,1047,1062
hCoV-19/England/PHEC-YY8QEZG/2022,1047,1062
hCoV-19/England/PHEC-YY8QE6A/2022,1047,1062
hCoV-19/England/PHEC-YY8QD1I/2022,1047,1062
hCoV-19/England/PHEC-YY8Q8N1/2022,1047,1062
hCoV-19/England/PHEC-YY8Q8EG/2022,1047,1062
hCoV-19/England/PHEC-YY8PZJS/2022,1047,1059
hCoV-19/England/PHEC-YY8PZF6/2022,1047,1059
hCoV-19/England/PHEC-YY8TXND/2022,1048,1083
hCoV-19/England/PHEC-YY8QYKJ/2022,1048,1062
hCoV-19/England/PHEC-YY8QYJM/2022,1048,1062
hCoV-19/England/PHEC-YY8QYGT/2022,1048,1062
hCoV-19/England/PHEC-YY8QYEP/2022,1048,1062
hCoV-19/England/PHEC-YY8QY8X/2022,1048,1062
hCoV-19/England/PHEC-YY8QW4W/2022,1048,1065
hCoV-19/England/PHEC-YY8QTRR/2022,1048,1064
hCoV-19/England/PHEC-YY8QPA9/2022,1048,1064
hCoV-19/England/PHEC-YY8QP6U/2022,1048,1064
hCoV-19/England/PHEC-YY8QOHW/2022,1048,1064
hCoV-19/England/PHEC-YY8QO9Q/2022,1048,1064
hCoV-19/England/PHEC-YY8QNSQ/2022,1048,1062
hCoV-19/England/PHEC-YY8QNO4/2022,1048,1062
hCoV-19/England/PHEC-YY8QMC4/2022,1048,1062
hCoV-19/England/PHEC-YY8QMBO/2022,1048,1062
hCoV-19/England/PHEC-YY8QKYU/2022,1048,1062
hCoV-19/England/PHEC-YY8QKSG/2022,1048,1062
hCoV-19/England/PHEC-YY8QKH4/2022,1048,1062
hCoV-19/England/PHEC-YY8QJCH/2022,1048,1062
hCoV-19/England/PHEC-YY8QJ6Z/2022,1048,1062
hCoV-19/England/PHEC-YY8QFUT/2022,1048,1062
hCoV-19/England/PHEC-YY8QF8K/2022,1048,1062
hCoV-19/England/PHEC-YY8QF3F/2022,1048,1062
hCoV-19/England/PHEC-YY8QEWC/2022,1048,1062
hCoV-19/England/PHEC-YY8QENT/2022,1048,1062
hCoV-19/England/PHEC-YY8QDPY/2022,1048,1062
hCoV-19/England/PHEC-YY8QD79/2022,1048,1062
hCoV-19/England/PHEC-YY8QBWU/2022,1048,1062
hCoV-19/England/PHEC-YY8QB1Z/2022,1048,1062
hCoV-19/England/PHEC-YY8Q8C6/2022,1048,1062
hCoV-19/England/PHEC-YY8Q89Z/2022,1048,1062
hCoV-19/England/PHEC-YY8QXZ9/2022,1049,1064
hCoV-19/England/PHEC-YY8QXWF/2022,1049,1064
hCoV-19/England/PHEC-YY8QXU8/2022,1049,1064
hCoV-19/England/PHEC-YY8QX7U/2022,1049,1064
hCoV-19/England/PHEC-YY8QX43/2022,1049,1064
hCoV-19/England/PHEC-YY8QWPX/2022,1049,1065
hCoV-19/England/PHEC-YY8QTNE/2022,1049,1064
hCoV-19/England/PHEC-YY8QTHU/2022,1049,1064
hCoV-19/England/PHEC-YY8QRQ7/2022,1049,1062
hCoV-19/England/PHEC-YY8QR3G/2022,1049,1062
hCoV-19/England/PHEC-YY8QPHZ/2022,1049,1064
hCoV-19/England/PHEC-YY8QKAN/2022,1049,1062
hCoV-19/England/PHEC-YY8QJM6/2022,1049,1062
hCoV-19/England/PHEC-YY8QJ9I/2022,1049,1062
hCoV-19/England/PHEC-YY8QFBS/2022,1049,1062
hCoV-19/England/PHEC-YY8QCHA/2022,1049,1063
hCoV-19/England/PHEC-YY8QC4H/2022,1049,1063
hCoV-19/England/PHEC-YY8QC36/2022,1049,1063
hCoV-19/England/PHEC-YY8QBX6/2022,1049,1062
hCoV-19/England/PHEC-YY8QATN/2022,1049,1069
hCoV-19/England/PHEC-YY8XEJB/2022,1050,1069
hCoV-19/England/PHEC-YY8X8TT/2022,1050,1069
hCoV-19/England/PHEC-YY8T87W/2022,1050,1083
hCoV-19/England/PHEC-YY8QZAI/2022,1050,1069
hCoV-19/England/PHEC-YY8QXPW/2022,1050,1064
hCoV-19/England/PHEC-YY8QXNK/2022,1050,1064
hCoV-19/England/PHEC-YY8QXGN/2022,1050,1064
hCoV-19/England/PHEC-YY8QWDD/2022,1050,1065
hCoV-19/England/PHEC-YY8QTKA/2022,1050,1064
hCoV-19/England/PHEC-YY8QPYO/2022,1050,1063
hCoV-19/England/PHEC-YY8QI6M/2022,1050,1069
hCoV-19/England/PHEC-YY8QCXU/2022,1050,1063
hCoV-19/England/PHEC-YY8QCOO/2022,1050,1063
hCoV-19/England/PHEC-YY8QC54/2022,1050,1063
hCoV-19/England/PHEC-YY8QC1C/2022,1050,1063
hCoV-19/England/PHEC-YY8QAX8/2022,1050,1069
hCoV-19/England/PHEC-YY8Q1FB/2022,1050,1064
hCoV-19/England/PHEC-YYE8A9U/2022,1051,1169
hCoV-19/England/PHEC-YY8XGUQ/2022,1051,1069
hCoV-19/England/PHEC-YY8T8IR/2022,1051,1083
hCoV-19/England/PHEC-YY8QZ98/2022,1051,1069
hCoV-19/England/PHEC-YY8QWNF/2022,1051,1065
hCoV-19/England/PHEC-YY8QUWB/2022,1051,1065
hCoV-19/England/PHEC-YY8QUS7/2022,1051,1065
hCoV-19/England/PHEC-YY8QUPO/2022,1051,1065
hCoV-19/England/PHEC-YY8QSG5/2022,1051,1069
hCoV-19/England/PHEC-YY8QPGR/2022,1051,1063
hCoV-19/England/PHEC-YY8QPFG/2022,1051,1063
hCoV-19/England/PHEC-YY8QIJS/2022,1051,1069
hCoV-19/England/PHEC-YY8QCM5/2022,1051,1063
hCoV-19/England/PHEC-YY8QCK7/2022,1051,1063
hCoV-19/England/PHEC-YY8QCIG/2022,1051,1063
hCoV-19/England/PHEC-YY8QAYF/2022,1051,1069
hCoV-19/England/PHEC-YY8Q59D/2022,1051,1069
hCoV-19/England/PHEC-YY8Q4XF/2022,1051,1069
hCoV-19/England/PHEC-YY8Q3TB/2022,1051,1069
hCoV-19/England/PHEC-YY8Q34X/2022,1051,1069
hCoV-19/England/PHEC-YY8XRQ5/2022,1052,1069
hCoV-19/England/PHEC-YY8XR11/2022,1052,1069
hCoV-19/England/PHEC-YY8XG1O/2022,1052,1069
hCoV-19/England/PHEC-YY8XFYS/2022,1052,1069
hCoV-19/England/PHEC-YY8QWRB/2022,1052,1065
hCoV-19/England/PHEC-YY8QW6C/2022,1052,1069
hCoV-19/England/PHEC-YY8QS6K/2022,1052,1069
hCoV-19/England/PHEC-YY8QIZ3/2022,1052,1069
hCoV-19/England/PHEC-YY8QIQC/2022,1052,1069
hCoV-19/England/PHEC-YY8QIO8/2022,1052,1069
hCoV-19/England/PHEC-YY8QIM1/2022,1052,1069
hCoV-19/England/PHEC-YY8QIGH/2022,1052,1069
hCoV-19/England/PHEC-YY8QAZS/2022,1052,1069
hCoV-19/England/PHEC-YY8Q56F/2022,1052,1069
hCoV-19/England/PHEC-YY8Q4IA/2022,1052,1069
hCoV-19/England/PHEC-YY8Q47E/2022,1052,1069
hCoV-19/England/PHEC-YY8Q3XG/2022,1052,1069
hCoV-19/England/PHEC-YY8XRSK/2022,1053,1069
hCoV-19/England/PHEC-YY8XR64/2022,1053,1069
hCoV-19/England/PHEC-YY8QZXE/2022,1053,1069
hCoV-19/England/PHEC-YY8QZJW/2022,1053,1069
hCoV-19/England/PHEC-YY8QSW6/2022,1053,1069
hCoV-19/England/PHEC-YY8QAHC/2022,1053,1069
hCoV-19/England/PHEC-YY8Q4N9/2022,1053,1069
hCoV-19/England/PHEC-YY8Q4JT/2022,1053,1069
hCoV-19/England/PHEC-YY8Q4D7/2022,1053,1069
hCoV-19/England/PHEC-YY8Q416/2022,1053,1069
