hCoV-19/Wales/PHWC-PGH69K/2022,732,753
hCoV-19/Wales/PHWC-PG9NWS/2022,732,753
hCoV-19/Wales/PHWC-PG9NUA/2022,732,753
hCoV-19/Wales/PHWC-PG9N14/2022,732,753
hCoV-19/Wales/PHWC-PG9BD4/2022,732,753
hCoV-19/Wales/PHWC-PG7TDQ/2022,732,753
hCoV-19/Wales/PHWC-PG7OP5/2022,732,753
hCoV-19/Wales/PHWC-PG7KB3/2022,732,753
hCoV-19/Wales/PHWC-PG7K7Y/2022,732,753
hCoV-19/Wales/PHWC-PG7K66/2022,732,753
hCoV-19/Wales/PHWC-PG7JNA/2022,732,753
hCoV-19/Wales/PHWC-PG7J48/2022,732,753
hCoV-19/Wales/PHWC-PG7DU5/2022,732,753
hCoV-19/Wales/PHWC-PG7A1E/2022,732,753
hCoV-19/Wales/PHWC-PG78ZX/2022,732,753
hCoV-19/Wales/PHWC-PG75JA/2022,732,753
hCoV-19/Wales/PHWC-P8YCYU/2022,732,754
hCoV-19/Wales/PHWC-P8RNFM/2022,732,757
hCoV-19/Wales/PHWC-P8RDZF/2022,732,757
hCoV-19/Wales/PHWC-P8D9PY/2022,732,757
hCoV-19/Wales/PHWC-P8AT7N/2022,732,773
hCoV-19/Wales/NORT-YBOXFF/2022,732,754
hCoV-19/Wales/NORT-YBOOHI/2022,732,754
hCoV-19/Wales/MILK-30F66B7/2022,732,741
hCoV-19/Wales/MILK-30C4139/2022,732,741
hCoV-19/Scotland/SCOT-3884/2022,732,773
hCoV-19/Scotland/SCOT-2950/2022,732,758
hCoV-19/Scotland/SCOT-2911/2022,732,758
hCoV-19/Scotland/SCOT-2790/2022,732,752
hCoV-19/Scotland/SCOT-2784/2022,732,752
hCoV-19/Scotland/QEUH-3141D99/2022,732,743
hCoV-19/Scotland/QEUH-3100D4B/2022,732,741
hCoV-19/Scotland/QEUH-30FF5A2/2022,732,741
hCoV-19/Scotland/QEUH-30EF5A5/2022,732,745
hCoV-19/Scotland/QEUH-30EF147/2022,732,745
hCoV-19/Scotland/QEUH-30E2205/2022,732,743
hCoV-19/Scotland/QEUH-30E2135/2022,732,743
hCoV-19/Scotland/QEUH-30BD713/2022,732,738
hCoV-19/Scotland/QEUH-30B7CED/2022,732,738
hCoV-19/Scotland/EDB40353/2022,732,772
hCoV-19/Scotland/EDB39592/2022,732,767
hCoV-19/Scotland/EDB37072/2022,732,763
hCoV-19/Scotland/EDB35209/2022,732,751
hCoV-19/England/QEUH-317B73E/2022,732,744
hCoV-19/England/QEUH-314AFD6/2022,732,743
hCoV-19/England/QEUH-3105001/2022,732,740
hCoV-19/England/QEUH-3104D47/2022,732,740
hCoV-19/England/QEUH-3103FAC/2022,732,740
hCoV-19/England/QEUH-3101C7A/2022,732,740
hCoV-19/England/QEUH-3101C10/2022,732,740
hCoV-19/England/QEUH-310173D/2022,732,740
hCoV-19/England/QEUH-3100631/2022,732,740
hCoV-19/England/QEUH-310016D/2022,732,740
hCoV-19/England/QEUH-30FEBA1/2022,732,740
hCoV-19/England/QEUH-30F1081/2022,732,740
hCoV-19/England/QEUH-30EF60C/2022,732,745
hCoV-19/England/QEUH-30E2399/2022,732,743
hCoV-19/England/QEUH-30E2214/2022,732,743
hCoV-19/England/QEUH-30C1A6E/2022,732,738
hCoV-19/England/QEUH-30BDA83/2022,732,738
hCoV-19/England/QEUH-30B95C2/2022,732,738
hCoV-19/England/PLYM-312BACB/2022,732,743
hCoV-19/England/PHWC-PG7KAK/2022,732,753
hCoV-19/England/PHEC-YYNKD41/2022,732,775
hCoV-19/England/PHEC-YYNC8ZO/2022,732,778
hCoV-19/England/PHEC-YYNAG3W/2022,732,792
hCoV-19/England/PHEC-YYN9TRG/2022,732,799
hCoV-19/England/PHEC-YYBHYI5/2022,732,752
hCoV-19/England/PHEC-YYBHNGA/2022,732,752
hCoV-19/England/PHEC-YYBHIWE/2022,732,753
hCoV-19/England/PHEC-YYB9X91/2022,732,757
hCoV-19/England/PHEC-YYB9RX6/2022,732,757
hCoV-19/England/PHEC-YYB9RKE/2022,732,757
hCoV-19/England/PHEC-YYB9RJK/2022,732,757
hCoV-19/England/PHEC-YYB9RB4/2022,732,757
hCoV-19/England/PHEC-YYB9R8Q/2022,732,757
hCoV-19/England/PHEC-YYB9JQ5/2022,732,757
hCoV-19/England/PHEC-YYB9DI1/2022,732,757
hCoV-19/England/PHEC-YYB74JA/2022,732,754
hCoV-19/England/PHEC-YYB5ARE/2022,732,752
hCoV-19/England/PHEC-YYB5AFG/2022,732,752
hCoV-19/England/PHEC-5Q0A8ZED/2022,732,779
hCoV-19/England/PHEC-5Q0A7ZD1/2022,732,779
hCoV-19/England/PHEC-5Q0A4ZBC/2022,732,779
hCoV-19/England/PHEC-5Q0A4ZAD/2022,732,779
hCoV-19/England/PHEC-5Q0A3Z55/2022,732,779
hCoV-19/England/PHEC-5Q0A2ZD0/2022,732,779
hCoV-19/England/PHEC-5Q0A2Z67/2022,732,779
hCoV-19/England/PHEC-5N0ABZ99/2022,732,771
hCoV-19/England/NORW-314A259/2022,732,768
hCoV-19/England/NORW-31476E9/2022,732,768
hCoV-19/England/NORW-31309C9/2022,732,753
hCoV-19/England/NORW-312CA7B/2022,732,753
hCoV-19/England/NORW-312A6F2/2022,732,753
hCoV-19/England/NORW-312A130/2022,732,753
hCoV-19/England/NORT-YBXXK6/2022,732,752
hCoV-19/England/NORT-YBQU9T/2022,732,752
hCoV-19/England/NORT-YBQTBO/2022,732,752
hCoV-19/England/NORT-YBQDMK/2022,732,750
hCoV-19/England/NORT-YBQAQX/2022,732,752
hCoV-19/England/NORT-YBQAOK/2022,732,752
hCoV-19/England/NORT-YBOQEY/2022,732,754
hCoV-19/England/NORT-YBOC55/2022,732,754
hCoV-19/England/NORT-YB4G4X/2022,732,766
hCoV-19/England/NORT-YB4DBF/2022,732,766
hCoV-19/England/NEWC-30F0389/2022,732,743
hCoV-19/England/NEWC-30D247B/2022,732,739
hCoV-19/England/MILK-31C0FD8/2022,732,746
hCoV-19/England/MILK-31345CE/2022,732,742
hCoV-19/England/MILK-3128BBC/2022,732,742
hCoV-19/England/MILK-31278A7/2022,732,741
hCoV-19/England/MILK-311FF70/2022,732,741
hCoV-19/England/MILK-30F66E4/2022,732,740
hCoV-19/England/MILK-30ED194/2022,732,745
hCoV-19/England/MILK-30E6C8B/2022,732,740
hCoV-19/England/MILK-30E0207/2022,732,740
hCoV-19/England/MILK-30CBB34/2022,732,739
hCoV-19/England/MILK-30CA7C8/2022,732,739
hCoV-19/England/MILK-30C8117/2022,732,740
hCoV-19/England/MILK-30C7989/2022,732,739
hCoV-19/England/MILK-30C693F/2022,732,739
hCoV-19/England/MILK-30C4324/2022,732,739
hCoV-19/England/MILK-30C404B/2022,732,739
hCoV-19/England/MILK-30BE141/2022,732,738
hCoV-19/England/MILK-30BC574/2022,732,738
hCoV-19/England/MILK-30BAD23/2022,732,738
hCoV-19/England/MILK-30B8A79/2022,732,738
hCoV-19/England/MILK-30B89E5/2022,732,738
hCoV-19/England/LSPA-30F2A82/2022,732,743
hCoV-19/England/LOND-YYBYMZF/2022,732,747
hCoV-19/England/LOND-YYBYMWM/2022,732,747
hCoV-19/England/LOND-YYBYMJN/2022,732,747
hCoV-19/England/LOND-YYBYMB1/2022,732,747
hCoV-19/England/LOND-YYBNGP5/2022,732,753
hCoV-19/England/DHSC-CYYWQJM/2022,732,789
hCoV-19/England/DHSC-CYYARIW/2022,732,789
hCoV-19/England/DHSC-CYY8FWA/2022,732,789
hCoV-19/England/DHSC-CYDXB6I/2022,732,786
hCoV-19/England/DHSC-CYDRU3D/2022,732,789
hCoV-19/England/DHSC-CYDQ1SS/2022,732,789
hCoV-19/England/DHSC-CYDC1IH/2022,732,831
hCoV-19/England/DHSC-CYDBNCI/2022,732,789
hCoV-19/England/DHSC-CYBWIDX/2022,732,786
hCoV-19/England/DHSC-CYBQ9SM/2022,732,786
hCoV-19/England/BRBR-312B1C6/2022,732,742
hCoV-19/England/ALDP-3166C91/2022,732,744
hCoV-19/England/ALDP-315C056/2022,732,744
hCoV-19/England/ALDP-315B190/2022,732,743
hCoV-19/England/ALDP-3154F42/2022,732,743
hCoV-19/England/ALDP-313EA98/2022,732,742
hCoV-19/England/ALDP-3133C33/2022,732,742
hCoV-19/England/ALDP-312C110/2022,732,743
hCoV-19/England/ALDP-3112089/2022,732,740
hCoV-19/England/ALDP-311207A/2022,732,740
hCoV-19/England/ALDP-30F44EC/2022,732,742
hCoV-19/England/ALDP-30F3517/2022,732,740
hCoV-19/England/ALDP-30DED1A/2022,732,740
hCoV-19/England/ALDP-30DDC1E/2022,732,740
hCoV-19/Wales/PHWC-P8YCRM/2022,733,754
hCoV-19/Wales/PHWC-P8RXXK/2022,733,757
hCoV-19/Wales/PHWC-P8RUAU/2022,733,757
hCoV-19/Wales/PHWC-P8RU3T/2022,733,757
hCoV-19/Wales/PHWC-P8RSFZ/2022,733,757
hCoV-19/Wales/PHWC-P8RKOC/2022,733,757
hCoV-19/Wales/PHWC-P8RIW3/2022,733,757
hCoV-19/Wales/PHWC-P8RHIO/2022,733,757
hCoV-19/Wales/PHWC-P8NZZI/2022,733,754
hCoV-19/Wales/PHWC-P8NZXG/2022,733,754
hCoV-19/Wales/PHWC-P8NWXJ/2022,733,754
hCoV-19/Wales/PHWC-P8NH8T/2022,733,754
hCoV-19/Wales/PHWC-P8N6X9/2022,733,754
hCoV-19/Wales/PHWC-P8N48U/2022,733,754
hCoV-19/Wales/PHWC-P8MZK6/2022,733,764
hCoV-19/Wales/PHWC-P8MWP5/2022,733,764
hCoV-19/Wales/PHWC-P8MW88/2022,733,764
hCoV-19/Wales/PHWC-P8MFQE/2022,733,764
hCoV-19/Wales/PHWC-P8MEHE/2022,733,764
hCoV-19/Wales/PHWC-P8GF8Y/2022,733,757
hCoV-19/Wales/PHWC-P8FYJD/2022,733,757
hCoV-19/Wales/PHWC-P8FNJB/2022,733,757
hCoV-19/Wales/PHWC-P8FFPS/2022,733,757
hCoV-19/Wales/PHWC-P8C3A7/2022,733,765
hCoV-19/Wales/PHWC-P8A1MG/2022,733,773
hCoV-19/Wales/MILK-31150D1/2022,733,742
hCoV-19/Wales/MILK-31020D7/2022,733,741
hCoV-19/Wales/MILK-3101D86/2022,733,741
hCoV-19/Wales/MILK-30FBB4A/2022,733,741
hCoV-19/Wales/MILK-30E9453/2022,733,745
hCoV-19/Wales/MILK-30DFEF8/2022,733,741
hCoV-19/Wales/ALDP-30BC28C/2022,733,741
hCoV-19/Scotland/SCOT-2982/2022,733,758
hCoV-19/Scotland/SCOT-2802/2022,733,752
hCoV-19/Scotland/QEUH-31D2DCA/2022,733,748
hCoV-19/Scotland/QEUH-31A4A9D/2022,733,745
hCoV-19/Scotland/QEUH-31A2E0C/2022,733,745
hCoV-19/Scotland/QEUH-31A1492/2022,733,745
hCoV-19/Scotland/QEUH-319C412/2022,733,745
hCoV-19/Scotland/QEUH-315406D/2022,733,743
hCoV-19/Scotland/QEUH-31035B9/2022,733,741
hCoV-19/Scotland/EDB39554/2022,733,767
hCoV-19/Scotland/EDB39546/2022,733,767
hCoV-19/Scotland/EDB39543/2022,733,767
hCoV-19/Scotland/EDB39537/2022,733,767
hCoV-19/Scotland/EDB36518/2022,733,763
hCoV-19/Scotland/EDB35308/2022,733,751
hCoV-19/Scotland/CVR14782/2022,733,826
hCoV-19/England/QEUH-319FB29/2022,733,745
hCoV-19/England/QEUH-317B613/2022,733,744
hCoV-19/England/QEUH-3175761/2022,733,744
hCoV-19/England/QEUH-31489CB/2022,733,744
hCoV-19/England/QEUH-3148907/2022,733,744
hCoV-19/England/QEUH-3148846/2022,733,744
hCoV-19/England/QEUH-31478DE/2022,733,744
hCoV-19/England/QEUH-31478B0/2022,733,744
hCoV-19/England/QEUH-3141C8D/2022,733,743
hCoV-19/England/QEUH-312A5E9/2022,733,742
hCoV-19/England/QEUH-31232AD/2022,733,741
hCoV-19/England/QEUH-31038ED/2022,733,740
hCoV-19/England/QEUH-310372C/2022,733,740
hCoV-19/England/QEUH-310371D/2022,733,740
hCoV-19/England/PLYM-3193DA7/2022,733,745
hCoV-19/England/PLYM-3119987/2022,733,741
hCoV-19/England/PLYM-311985D/2022,733,741
hCoV-19/England/PLYM-3114C92/2022,733,741
hCoV-19/England/PLYM-31148BC/2022,733,741
hCoV-19/England/PLYM-311463A/2022,733,741
hCoV-19/England/PLYM-310CD6D/2022,733,741
hCoV-19/England/PLYM-3107F8A/2022,733,741
hCoV-19/England/PLYM-3107DEA/2022,733,741
hCoV-19/England/PLYM-3107AE3/2022,733,741
hCoV-19/England/PLYM-31051C2/2022,733,740
hCoV-19/England/PHEP-YYRGRQO/2022,733,783
hCoV-19/England/PHEC-YYNRNFK/2022,733,761
hCoV-19/England/PHEC-YYNEWZM/2022,733,771
hCoV-19/England/PHEC-YYNDMYP/2022,733,760
hCoV-19/England/PHEC-YYNBWYE/2022,733,760
hCoV-19/England/PHEC-YYN45ID/2022,733,793
hCoV-19/England/PHEC-YYBHI6W/2022,733,753
hCoV-19/England/PHEC-YYB9RYH/2022,733,757
hCoV-19/England/PHEC-YYB9KMY/2022,733,757
hCoV-19/England/PHEC-YYB9DWW/2022,733,757
hCoV-19/England/PHEC-YYB9DT4/2022,733,757
hCoV-19/England/PHEC-YYB9D96/2022,733,757
hCoV-19/England/PHEC-YYB7SQ1/2022,733,754
hCoV-19/England/PHEC-YYB6M9A/2022,733,754
hCoV-19/England/PHEC-YYB6DXB/2022,733,754
hCoV-19/England/PHEC-YYB67MX/2022,733,757
hCoV-19/England/PHEC-YYB678Z/2022,733,757
hCoV-19/England/PHEC-YYB63WY/2022,733,755
hCoV-19/England/PHEC-YYB59G7/2022,733,752
hCoV-19/England/PHEC-YYB573A/2022,733,752
hCoV-19/England/PHEC-YYB4AMH/2022,733,750
hCoV-19/England/PHEC-5V031ZCB/2022,733,785
hCoV-19/England/PHEC-5Q0A9Z17/2022,733,779
hCoV-19/England/PHEC-5Q0A7Z0E/2022,733,779
hCoV-19/England/PHEC-5Q0A6Z89/2022,733,779
hCoV-19/England/PHEC-5Q0A6Z2F/2022,733,779
hCoV-19/England/PHEC-5Q0A6Z10/2022,733,779
hCoV-19/England/PHEC-5Q0A5ZD7/2022,733,779
hCoV-19/England/PHEC-5Q0A5Z22/2022,733,779
hCoV-19/England/PHEC-5Q0A4Z16/2022,733,779
hCoV-19/England/PHEC-5Q0A3ZA0/2022,733,779
hCoV-19/England/PHEC-5Q0A3Z91/2022,733,779
hCoV-19/England/PHEC-5Q0A2ZA3/2022,733,779
hCoV-19/England/PHEC-5Q0A2Z58/2022,733,779
hCoV-19/England/PHEC-5Q0A2Z49/2022,733,779
hCoV-19/England/PHEC-5P052Z6C/2022,733,772
hCoV-19/England/PHEC-5P052Z3F/2022,733,772
hCoV-19/England/PHEC-4R045Z91/2022,733,758
hCoV-19/England/PHEC-4R043Z88/2022,733,758
hCoV-19/England/PHEC-4Q08CZ98/2022,733,758
hCoV-19/England/NORW-314A60F/2022,733,766
hCoV-19/England/NORW-3141567/2022,733,766
hCoV-19/England/NORW-313FDC6/2022,733,766
hCoV-19/England/NORW-312A0B0/2022,733,753
hCoV-19/England/NORT-YBXPQA/2022,733,752
hCoV-19/England/NORT-YBXJWX/2022,733,752
hCoV-19/England/NORT-YBXE76/2022,733,752
hCoV-19/England/NORT-YBX8Q6/2022,733,752
hCoV-19/England/NORT-YBUTCX/2022,733,758
hCoV-19/England/NORT-YBTJZR/2022,733,754
hCoV-19/England/NORT-YBTE6Z/2022,733,754
hCoV-19/England/NORT-YBQ9I3/2022,733,752
hCoV-19/England/NORT-YB1Y8C/2022,733,756
hCoV-19/England/NORT-YB1KQW/2022,733,756
hCoV-19/England/NEWC-30F0486/2022,733,743
hCoV-19/England/NEWC-30F0301/2022,733,743
hCoV-19/England/MILK-316699A/2022,733,744
hCoV-19/England/MILK-3166806/2022,733,744
hCoV-19/England/MILK-312589A/2022,733,741
hCoV-19/England/MILK-31155E1/2022,733,741
hCoV-19/England/MILK-310EE77/2022,733,740
hCoV-19/England/MILK-3109841/2022,733,740
hCoV-19/England/MILK-31085D2/2022,733,740
hCoV-19/England/MILK-31082AE/2022,733,740
hCoV-19/England/MILK-31077DD/2022,733,741
hCoV-19/England/MILK-3102C3D/2022,733,740
hCoV-19/England/MILK-30FDC18/2022,733,740
hCoV-19/England/MILK-30FCA00/2022,733,740
hCoV-19/England/MILK-30F9E16/2022,733,740
hCoV-19/England/MILK-30F9D55/2022,733,740
hCoV-19/England/MILK-30F9854/2022,733,740
hCoV-19/England/MILK-30F95B7/2022,733,740
hCoV-19/England/MILK-30F8DED/2022,733,740
hCoV-19/England/MILK-30F8B98/2022,733,740
hCoV-19/England/MILK-30F848E/2022,733,740
hCoV-19/England/MILK-30F68B1/2022,733,740
hCoV-19/England/MILK-30EFC82/2022,733,745
hCoV-19/England/MILK-30EFC64/2022,733,745
hCoV-19/England/MILK-30EFB85/2022,733,745
hCoV-19/England/MILK-30EFA1F/2022,733,745
hCoV-19/England/MILK-30EF6FD/2022,733,745
hCoV-19/England/MILK-30ED510/2022,733,745
hCoV-19/England/MILK-30ED1C1/2022,733,745
hCoV-19/England/MILK-30EC511/2022,733,742
hCoV-19/England/MILK-30EC4BA/2022,733,742
hCoV-19/England/MILK-30EC3DB/2022,733,742
hCoV-19/England/MILK-30EBE62/2022,733,742
hCoV-19/England/MILK-30EBCC2/2022,733,742
hCoV-19/England/MILK-30EB07B/2022,733,742
hCoV-19/England/MILK-30E9BF4/2022,733,743
hCoV-19/England/MILK-30E9B5E/2022,733,743
hCoV-19/England/MILK-30E9AE8/2022,733,743
hCoV-19/England/MILK-30E9A15/2022,733,743
hCoV-19/England/MILK-30E95BA/2022,733,743
hCoV-19/England/MILK-30E89CE/2022,733,743
hCoV-19/England/MILK-30E88B2/2022,733,743
hCoV-19/England/MILK-30E7C8A/2022,733,740
hCoV-19/England/MILK-30E3E1F/2022,733,740
hCoV-19/England/MILK-30E1E4E/2022,733,742
hCoV-19/England/MILK-30E0708/2022,733,742
hCoV-19/England/MILK-30E0656/2022,733,742
hCoV-19/England/MILK-30DFEDA/2022,733,740
hCoV-19/England/MILK-30DE8CE/2022,733,740
hCoV-19/England/MILK-30DD5AA/2022,733,740
hCoV-19/England/LSPA-317E689/2022,733,744
hCoV-19/England/LSPA-316D7E4/2022,733,743
hCoV-19/England/LSPA-316A8D5/2022,733,743
hCoV-19/England/LOND-YYBNGT1/2022,733,753
hCoV-19/England/LOND-YYBNE1Q/2022,733,759
hCoV-19/England/DHSC-CYYW1Q7/2022,733,831
hCoV-19/England/DHSC-CYYTHP5/2022,733,789
hCoV-19/England/DHSC-CYYT4JF/2022,733,786
hCoV-19/England/DHSC-CYYN9XU/2022,733,789
hCoV-19/England/DHSC-CYY9FPS/2022,733,786
hCoV-19/England/DHSC-CYY1H9W/2022,733,786
hCoV-19/England/DHSC-CYNQIFZ/2022,733,831
hCoV-19/England/DHSC-CYNGWRK/2022,733,786
hCoV-19/England/DHSC-CYN8RGW/2022,733,831
hCoV-19/England/DHSC-CYN3D5F/2022,733,786
hCoV-19/England/DHSC-CYDUBRB/2022,733,831
hCoV-19/England/DHSC-CYDH6IX/2022,733,831
hCoV-19/England/DHSC-CYDCYNI/2022,733,789
hCoV-19/England/DHSC-CYDCFM6/2022,733,786
hCoV-19/England/DHSC-CYBGPUU/2022,733,831
hCoV-19/England/BRBR-3192E69/2022,733,745
hCoV-19/England/BRBR-3192D4E/2022,733,745
hCoV-19/England/ALDP-318A462/2022,733,745
hCoV-19/England/ALDP-3175154/2022,733,744
hCoV-19/England/ALDP-3174F79/2022,733,744
hCoV-19/England/ALDP-31670A3/2022,733,744
hCoV-19/England/ALDP-3166CCE/2022,733,744
hCoV-19/England/ALDP-3151929/2022,733,743
hCoV-19/England/ALDP-314BEAB/2022,733,744
hCoV-19/England/ALDP-314BE50/2022,733,744
hCoV-19/England/ALDP-314BBA4/2022,733,744
hCoV-19/England/ALDP-313E47C/2022,733,743
hCoV-19/England/ALDP-3131646/2022,733,742
hCoV-19/England/ALDP-3130C81/2022,733,743
hCoV-19/England/ALDP-31243B8/2022,733,741
hCoV-19/England/ALDP-311C8C3/2022,733,742
hCoV-19/England/ALDP-311C887/2022,733,742
hCoV-19/England/ALDP-311C74E/2022,733,742
hCoV-19/England/ALDP-311C720/2022,733,742
hCoV-19/England/ALDP-3111E17/2022,733,741
hCoV-19/England/ALDP-3111DB0/2022,733,741
hCoV-19/England/ALDP-30E350B/2022,733,742
hCoV-19/Wales/PHWC-P8YSE3/2022,734,754
hCoV-19/Wales/PHWC-P8YAR9/2022,734,754
hCoV-19/Wales/PHWC-P8YAIH/2022,734,754
hCoV-19/Wales/PHWC-P8YA6K/2022,734,754
hCoV-19/Wales/PHWC-P8Y4YF/2022,734,754
hCoV-19/Wales/PHWC-P8Y3MO/2022,734,754
hCoV-19/Wales/PHWC-P8Y3K1/2022,734,754
hCoV-19/Wales/PHWC-P8N1YJ/2022,734,754
hCoV-19/Wales/PHWC-P8N1XM/2022,734,754
hCoV-19/Wales/PHWC-P8N1AA/2022,734,754
hCoV-19/Wales/PHWC-P8MZI8/2022,734,764
hCoV-19/Wales/PHWC-P8MQMF/2022,734,764
hCoV-19/Wales/PHWC-P8MOEJ/2022,734,764
hCoV-19/Wales/PHWC-P8GTBY/2022,734,757
hCoV-19/Wales/PHWC-P8GRDJ/2022,734,757
hCoV-19/Wales/PHWC-P8DPJ4/2022,734,754
hCoV-19/Wales/PHWC-P8DNAG/2022,734,754
hCoV-19/Wales/PHWC-P8DFXS/2022,734,754
hCoV-19/Wales/PHWC-P8DFQA/2022,734,754
hCoV-19/Wales/PHWC-P8DAIS/2022,734,754
hCoV-19/Wales/PHWC-P8D8K6/2022,734,754
hCoV-19/Wales/MILK-311E2C3/2022,734,742
hCoV-19/Wales/MILK-3113B3C/2022,734,741
hCoV-19/Wales/MILK-311398D/2022,734,741
hCoV-19/Wales/MILK-310B2F6/2022,734,742
hCoV-19/Wales/ALDP-3181B75/2022,734,745
hCoV-19/Wales/ALDP-318194E/2022,734,745
hCoV-19/Wales/ALDP-318002C/2022,734,745
hCoV-19/Scotland/SCOT-3880/2022,734,773
hCoV-19/Scotland/SCOT-3132/2022,734,758
hCoV-19/Scotland/SCOT-3101/2022,734,758
hCoV-19/Scotland/SCOT-2960/2022,734,758
hCoV-19/Scotland/SCOT-2900/2022,734,758
hCoV-19/Scotland/QEUH-316AEF1/2022,734,744
hCoV-19/Scotland/QEUH-31581C0/2022,734,744
hCoV-19/Scotland/QEUH-315430A/2022,734,743
hCoV-19/Scotland/QEUH-31542C1/2022,734,743
hCoV-19/Scotland/NORT-YBTRKR/2022,734,754
hCoV-19/Scotland/NORT-YBTDQ7/2022,734,754
hCoV-19/Scotland/EDB39560/2022,734,767
hCoV-19/Scotland/EDB38136/2022,734,765
hCoV-19/Scotland/CVR14947/2022,734,826
hCoV-19/England/TFCI-270FC5B/2022,734,771
hCoV-19/England/QEUH-31FD8E6/2022,734,748
hCoV-19/England/QEUH-31ED1B1/2022,734,747
hCoV-19/England/QEUH-31DCFAC/2022,734,747
hCoV-19/England/QEUH-31D012A/2022,734,746
hCoV-19/England/QEUH-31A8677/2022,734,745
hCoV-19/England/QEUH-31A8316/2022,734,745
hCoV-19/England/QEUH-31A4ACA/2022,734,745
hCoV-19/England/QEUH-31A0A91/2022,734,745
hCoV-19/England/QEUH-31A079A/2022,734,745
hCoV-19/England/QEUH-319E665/2022,734,745
hCoV-19/England/QEUH-319E595/2022,734,745
hCoV-19/England/QEUH-319E3B9/2022,734,745
hCoV-19/England/QEUH-317E1C4/2022,734,745
hCoV-19/England/QEUH-317BF09/2022,734,744
hCoV-19/England/QEUH-317B974/2022,734,744
hCoV-19/England/QEUH-317B5CB/2022,734,744
hCoV-19/England/QEUH-317B59E/2022,734,744
hCoV-19/England/QEUH-317A5F9/2022,734,744
hCoV-19/England/QEUH-3179624/2022,734,744
hCoV-19/England/QEUH-3178DD5/2022,734,744
hCoV-19/England/QEUH-3173E04/2022,734,744
hCoV-19/England/QEUH-3173DDA/2022,734,744
hCoV-19/England/QEUH-31737EB/2022,734,744
hCoV-19/England/QEUH-31715C5/2022,734,744
hCoV-19/England/QEUH-31714F5/2022,734,744
hCoV-19/England/QEUH-31714AA/2022,734,744
hCoV-19/England/QEUH-31566A5/2022,734,743
hCoV-19/England/QEUH-3152867/2022,734,743
hCoV-19/England/QEUH-314F6CD/2022,734,743
hCoV-19/England/QEUH-314F6BE/2022,734,743
hCoV-19/England/QEUH-314ADFA/2022,734,743
hCoV-19/England/PLYM-3191B45/2022,734,745
hCoV-19/England/PLYM-3190FA4/2022,734,745
hCoV-19/England/PLYM-3137A26/2022,734,743
hCoV-19/England/PLYM-3119FEF/2022,734,741
hCoV-19/England/PLYM-3117C44/2022,734,741
hCoV-19/England/PLYM-31177AD/2022,734,741
hCoV-19/England/PLYM-31149F5/2022,734,741
hCoV-19/England/PLYM-310A682/2022,734,741
hCoV-19/England/PLYM-310A479/2022,734,741
hCoV-19/England/PLYM-3103319/2022,734,740
hCoV-19/England/PHWC-P8D1HQ/2022,734,754
hCoV-19/England/PHEC-YYNZQT6/2022,734,791
hCoV-19/England/PHEC-YYNYHN6/2022,734,758
hCoV-19/England/PHEC-YYNY4ZI/2022,734,758
hCoV-19/England/PHEC-YYNY4KO/2022,734,758
hCoV-19/England/PHEC-YYNY4HM/2022,734,758
hCoV-19/England/PHEC-YYNY4BN/2022,734,758
hCoV-19/England/PHEC-YYNY3QJ/2022,734,758
hCoV-19/England/PHEC-YYNRM6Q/2022,734,762
hCoV-19/England/PHEC-YYNQAUD/2022,734,779
hCoV-19/England/PHEC-YYNDJK5/2022,734,760
hCoV-19/England/PHEC-YYNDJ3H/2022,734,760
hCoV-19/England/PHEC-YYNBKH3/2022,734,759
hCoV-19/England/PHEC-YYBHQBS/2022,734,753
hCoV-19/England/PHEC-YYBHAID/2022,734,753
hCoV-19/England/PHEC-YYB9D5G/2022,734,757
hCoV-19/England/PHEC-YYB9CXS/2022,734,757
hCoV-19/England/PHEC-YYB9CB1/2022,734,757
hCoV-19/England/PHEC-YYB7MQ7/2022,734,753
hCoV-19/England/PHEC-YYB7DSW/2022,734,753
hCoV-19/England/PHEC-YYB78GT/2022,734,753
hCoV-19/England/PHEC-YYB6RST/2022,734,754
hCoV-19/England/PHEC-YYB6RPR/2022,734,754
hCoV-19/England/PHEC-YYB67G3/2022,734,757
hCoV-19/England/PHEC-YYB45CZ/2022,734,750
hCoV-19/England/PHEC-YYB3744/2022,734,749
hCoV-19/England/PHEC-YYB36PW/2022,734,749
hCoV-19/England/PHEC-5X055Z81/2022,734,807
hCoV-19/England/PHEC-5X055Z45/2022,734,807
hCoV-19/England/PHEC-5X055Z09/2022,734,807
hCoV-19/England/PHEC-5X054Z84/2022,734,807
hCoV-19/England/PHEC-5X054Z66/2022,734,807
hCoV-19/England/PHEC-5X053Z69/2022,734,807
hCoV-19/England/PHEC-5X052Z8A/2022,734,807
hCoV-19/England/PHEC-5X04FZA2/2022,734,807
hCoV-19/England/PHEC-5X04FZ48/2022,734,807
hCoV-19/England/PHEC-5X04FZ1B/2022,734,807
hCoV-19/England/PHEC-5X04EZ69/2022,734,807
hCoV-19/England/PHEC-5X04DZC6/2022,734,807
hCoV-19/England/PHEC-5X04DZ99/2022,734,807
hCoV-19/England/PHEC-5X04CZBA/2022,734,807
hCoV-19/England/PHEC-5X04BZ62/2022,734,807
hCoV-19/England/PHEC-5X04BZ35/2022,734,807
hCoV-19/England/PHEC-5X049ZFF/2022,734,807
hCoV-19/England/PHEC-5X047ZF5/2022,734,807
hCoV-19/England/PHEC-5X047ZE6/2022,734,807
hCoV-19/England/PHEC-5X047Z5F/2022,734,807
hCoV-19/England/PHEC-5X046ZDA/2022,734,807
hCoV-19/England/PHEC-5U0BFZ32/2022,734,785
hCoV-19/England/PHEC-5U067Z5D/2022,734,785
hCoV-19/England/PHEC-5U054ZB1/2022,734,785
hCoV-19/England/PHEC-5Q0A8ZDE/2022,734,779
hCoV-19/England/PHEC-5Q0A8ZA1/2022,734,779
hCoV-19/England/PHEC-5Q0A7Z95/2022,734,779
hCoV-19/England/PHEC-5Q0A7Z68/2022,734,779
hCoV-19/England/PHEC-5Q0A6ZC5/2022,734,779
hCoV-19/England/PHEC-5Q0A4Z61/2022,734,779
hCoV-19/England/PHEC-5Q0A4Z34/2022,734,779
hCoV-19/England/PHEC-5Q0A3ZDD/2022,734,779
hCoV-19/England/PHEC-5Q0A2Z3A/2022,734,779
hCoV-19/England/PHEC-4P086Z6D/2022,734,757
hCoV-19/England/NORW-319B4C1/2022,734,790
hCoV-19/England/NORW-3147CB9/2022,734,766
hCoV-19/England/NORW-31454FD/2022,734,766
hCoV-19/England/NORW-3130E8C/2022,734,753
hCoV-19/England/NORW-3130C1D/2022,734,753
hCoV-19/England/NORW-3130522/2022,734,753
hCoV-19/England/NORW-312A24D/2022,734,753
hCoV-19/England/NORW-3126254/2022,734,753
hCoV-19/England/NORT-YB1YDW/2022,734,756
hCoV-19/England/NORT-YB1KSD/2022,734,756
hCoV-19/England/NEWC-312E5B8/2022,734,743
hCoV-19/England/NEWC-3121CA1/2022,734,741
hCoV-19/England/NEWC-312097E/2022,734,741
hCoV-19/England/NEWC-311F286/2022,734,742
hCoV-19/England/NEWC-311F23B/2022,734,742
hCoV-19/England/NEWC-311DEEE/2022,734,742
hCoV-19/England/MILK-317EDB1/2022,734,745
hCoV-19/England/MILK-316DA90/2022,734,743
hCoV-19/England/MILK-316DA36/2022,734,743
hCoV-19/England/MILK-316398E/2022,734,744
hCoV-19/England/MILK-315C1F9/2022,734,743
hCoV-19/England/MILK-31539FA/2022,734,743
hCoV-19/England/MILK-315367B/2022,734,743
hCoV-19/England/MILK-314D4C5/2022,734,744
hCoV-19/England/MILK-314CD34/2022,734,744
hCoV-19/England/MILK-313EC29/2022,734,742
hCoV-19/England/MILK-312FD28/2022,734,742
hCoV-19/England/MILK-3129F73/2022,734,742
hCoV-19/England/MILK-31290DA/2022,734,742
hCoV-19/England/MILK-31282A8/2022,734,742
hCoV-19/England/MILK-3128053/2022,734,742
hCoV-19/England/MILK-3126574/2022,734,741
hCoV-19/England/MILK-311FEFB/2022,734,741
hCoV-19/England/MILK-311E797/2022,734,741
hCoV-19/England/MILK-311D0CA/2022,734,741
hCoV-19/England/MILK-311AFFD/2022,734,741
hCoV-19/England/MILK-311AE4B/2022,734,741
hCoV-19/England/MILK-31168F6/2022,734,741
hCoV-19/England/MILK-3113AD5/2022,734,740
hCoV-19/England/MILK-3111415/2022,734,741
hCoV-19/England/MILK-3110FF7/2022,734,741
hCoV-19/England/MILK-310FCA9/2022,734,741
hCoV-19/England/MILK-310FC6D/2022,734,742
hCoV-19/England/MILK-310F122/2022,734,740
hCoV-19/England/MILK-310D6F8/2022,734,740
hCoV-19/England/MILK-310D643/2022,734,740
hCoV-19/England/MILK-310D32E/2022,734,740
hCoV-19/England/MILK-310CA66/2022,734,740
hCoV-19/England/MILK-31095FF/2022,734,741
hCoV-19/England/MILK-3107A98/2022,734,741
hCoV-19/England/MILK-31079B9/2022,734,741
hCoV-19/England/MILK-3107922/2022,734,741
hCoV-19/England/MILK-3107843/2022,734,741
hCoV-19/England/MILK-31074F4/2022,734,741
hCoV-19/England/MILK-3106F4F/2022,734,741
hCoV-19/England/MILK-31064AA/2022,734,741
hCoV-19/England/MILK-3105CA3/2022,734,740
hCoV-19/England/MILK-310405D/2022,734,741
hCoV-19/England/LSPA-3191F76/2022,734,745
hCoV-19/England/LSPA-317E874/2022,734,744
hCoV-19/England/LSPA-317E64D/2022,734,744
hCoV-19/England/LSPA-317E610/2022,734,744
hCoV-19/England/LSPA-317685E/2022,734,745
hCoV-19/England/LSPA-317443E/2022,734,744
hCoV-19/England/LSPA-316A7BA/2022,734,743
hCoV-19/England/LOND-YYBYWCU/2022,734,752
hCoV-19/England/DHSC-CYYO1SW/2022,734,786
hCoV-19/England/DHSC-CYYKC1X/2022,734,786
hCoV-19/England/DHSC-CYY7CK3/2022,734,786
hCoV-19/England/DHSC-CYNSYOR/2022,734,786
hCoV-19/England/DHSC-CYNGTYI/2022,734,831
hCoV-19/England/DHSC-CYNBRRR/2022,734,789
hCoV-19/England/DHSC-CYN8CA8/2022,734,831
hCoV-19/England/DHSC-CYN34SA/2022,734,786
hCoV-19/England/DHSC-CYDTYOP/2022,734,786
hCoV-19/England/DHSC-CYDS1XW/2022,734,786
hCoV-19/England/DHSC-CYDH8J9/2022,734,789
hCoV-19/England/DHSC-CYDBFJA/2022,734,831
hCoV-19/England/DHSC-CYDAACO/2022,734,786
hCoV-19/England/DHSC-CYD775N/2022,734,786
hCoV-19/England/DHSC-CYBWYFY/2022,734,786
hCoV-19/England/DHSC-CYBQTOF/2022,734,786
hCoV-19/England/DHSC-CYBI63Z/2022,734,786
hCoV-19/England/DHSC-CYBH6HD/2022,734,786
hCoV-19/England/DHSC-CYBETBO/2022,734,786
hCoV-19/England/DHSC-CYBCZ4X/2022,734,789
hCoV-19/England/DHSC-CYB6HUU/2022,734,831
hCoV-19/England/DHSC-CYB5KQS/2022,734,789
hCoV-19/England/DHSC-CYB54IZ/2022,734,831
hCoV-19/England/BRBR-319309F/2022,734,745
hCoV-19/England/BRBR-3144631/2022,734,743
hCoV-19/England/BRBR-3143DD3/2022,734,743
hCoV-19/England/BRBR-3143CB8/2022,734,743
hCoV-19/England/BRBR-3130D51/2022,734,743
hCoV-19/England/BRBR-312B427/2022,734,742
hCoV-19/England/ALDP-3284036/2022,734,751
hCoV-19/England/ALDP-318A3DE/2022,734,745
hCoV-19/England/ALDP-318A31A/2022,734,745
hCoV-19/England/ALDP-3176D04/2022,734,744
hCoV-19/England/ALDP-3176C25/2022,734,744
hCoV-19/England/ALDP-316D24D/2022,734,743
hCoV-19/England/ALDP-316D104/2022,734,743
hCoV-19/England/ALDP-316B91D/2022,734,744
hCoV-19/England/ALDP-31689F2/2022,734,744
hCoV-19/England/ALDP-31671CE/2022,734,744
hCoV-19/England/ALDP-31671BF/2022,734,744
hCoV-19/England/ALDP-3164E7F/2022,734,744
hCoV-19/England/ALDP-3164D27/2022,734,744
hCoV-19/England/ALDP-3162BE3/2022,734,744
hCoV-19/England/ALDP-3160EBF/2022,734,743
hCoV-19/England/ALDP-3160E64/2022,734,743
hCoV-19/England/ALDP-315BE6C/2022,734,744
hCoV-19/England/ALDP-3159DCB/2022,734,743
hCoV-19/England/ALDP-31551A5/2022,734,743
hCoV-19/England/ALDP-3140E97/2022,734,743
hCoV-19/England/ALDP-3140A84/2022,734,743
hCoV-19/England/ALDP-3135FCF/2022,734,742
hCoV-19/England/ALDP-3135F56/2022,734,742
hCoV-19/England/ALDP-31314D3/2022,734,742
hCoV-19/England/ALDP-312F5F3/2022,734,742
hCoV-19/England/ALDP-312C480/2022,734,743
hCoV-19/England/ALDP-312C09B/2022,734,743
hCoV-19/England/ALDP-312A965/2022,734,742
hCoV-19/England/ALDP-3129ABE/2022,734,742
hCoV-19/England/ALDP-3126F1C/2022,734,741
hCoV-19/England/ALDP-31260EC/2022,734,741
hCoV-19/England/ALDP-3125DE6/2022,734,741
hCoV-19/Wales/PHWC-P8QRMJ/2022,735,766
hCoV-19/Wales/PHWC-P8NEBT/2022,735,754
hCoV-19/Wales/PHWC-P8FMKS/2022,735,757
hCoV-19/Wales/PHWC-P8FM1F/2022,735,757
hCoV-19/Wales/MILK-31639D9/2022,735,745
hCoV-19/Scotland/SCOT-3190/2022,735,760
hCoV-19/Scotland/SCOT-3115/2022,735,758
hCoV-19/Scotland/SCOT-3108/2022,735,758
hCoV-19/Scotland/SCOT-3084/2022,735,758
hCoV-19/Scotland/QEUH-32170B0/2022,735,748
hCoV-19/Scotland/QEUH-31D0FB7/2022,735,748
hCoV-19/Scotland/QEUH-31A8D72/2022,735,745
hCoV-19/Scotland/QEUH-31A1526/2022,735,745
hCoV-19/Scotland/QEUH-319B52F/2022,735,745
hCoV-19/Scotland/QEUH-31870F8/2022,735,745
hCoV-19/Scotland/QEUH-3186F92/2022,735,745
hCoV-19/Scotland/QEUH-3184DF4/2022,735,744
hCoV-19/Scotland/QEUH-3184ADF/2022,735,744
hCoV-19/Scotland/QEUH-31849F0/2022,735,744
hCoV-19/Scotland/QEUH-31687AD/2022,735,744
hCoV-19/Scotland/QEUH-3168488/2022,735,744
hCoV-19/Scotland/QEUH-3168479/2022,735,744
hCoV-19/Scotland/QEUH-3167559/2022,735,744
hCoV-19/Scotland/QEUH-3167243/2022,735,744
hCoV-19/Scotland/QEUH-3166596/2022,735,744
hCoV-19/Scotland/QEUH-316644E/2022,735,744
hCoV-19/Scotland/QEUH-315FB8F/2022,735,744
hCoV-19/Scotland/QEUH-3158F3F/2022,735,744
hCoV-19/Scotland/QEUH-3158D53/2022,735,744
hCoV-19/Scotland/QEUH-3155F41/2022,735,743
hCoV-19/Scotland/QEUH-3155A7D/2022,735,743
hCoV-19/Scotland/QEUH-314D98A/2022,735,743
hCoV-19/Scotland/NORT-YB1XS6/2022,735,756
hCoV-19/Scotland/EDB38316/2022,735,765
hCoV-19/Scotland/EDB38161/2022,735,765
hCoV-19/Scotland/EDB36242/2022,735,758
hCoV-19/England/QEUH-31E6394/2022,735,747
hCoV-19/England/QEUH-31D4FA4/2022,735,749
hCoV-19/England/QEUH-31CFF51/2022,735,746
hCoV-19/England/QEUH-31CE277/2022,735,747
hCoV-19/England/QEUH-31CC21F/2022,735,747
hCoV-19/England/QEUH-31CA994/2022,735,746
hCoV-19/England/QEUH-31CA976/2022,735,746
hCoV-19/England/QEUH-31A2622/2022,735,745
hCoV-19/England/QEUH-319B97E/2022,735,745
hCoV-19/England/QEUH-319B501/2022,735,745
hCoV-19/England/QEUH-319A10E/2022,735,745
hCoV-19/England/QEUH-3199F41/2022,735,745
hCoV-19/England/QEUH-3186D4D/2022,735,745
hCoV-19/England/QEUH-3177E79/2022,735,744
hCoV-19/England/QEUH-3177DB8/2022,735,744
hCoV-19/England/QEUH-3176FA4/2022,735,744
hCoV-19/England/QEUH-31758C8/2022,735,744
hCoV-19/England/QEUH-3175734/2022,735,744
hCoV-19/England/QEUH-316936C/2022,735,743
hCoV-19/England/QEUH-31690A1/2022,735,743
hCoV-19/England/QEUH-3166402/2022,735,744
hCoV-19/England/QEUH-31607E1/2022,735,744
hCoV-19/England/QEUH-31607A5/2022,735,744
hCoV-19/England/QEUH-315D8F3/2022,735,743
hCoV-19/England/QEUH-315A6B0/2022,735,743
hCoV-19/England/QEUH-3155C68/2022,735,743
hCoV-19/England/QEUH-31558A0/2022,735,743
hCoV-19/England/QEUH-31545F5/2022,735,743
hCoV-19/England/QEUH-3154470/2022,735,743
hCoV-19/England/QEUH-3150429/2022,735,743
hCoV-19/England/QEUH-314DA3C/2022,735,743
hCoV-19/England/QEUH-314D7F9/2022,735,743
hCoV-19/England/PLYM-3193A46/2022,735,745
hCoV-19/England/PLYM-31939A3/2022,735,745
hCoV-19/England/PLYM-31932E4/2022,735,745
hCoV-19/England/PLYM-3190E10/2022,735,745
hCoV-19/England/PLYM-3190DF5/2022,735,745
hCoV-19/England/PLYM-3137B8D/2022,735,743
hCoV-19/England/PLYM-31357D6/2022,735,742
hCoV-19/England/PLYM-3132DE6/2022,735,742
hCoV-19/England/PHWC-P8C9M1/2022,735,765
hCoV-19/England/PHEC-YYNYG5B/2022,735,758
hCoV-19/England/PHEC-YYNYEGK/2022,735,758
hCoV-19/England/PHEC-YYNY1HU/2022,735,758
hCoV-19/England/PHEC-YYNTHJP/2022,735,784
hCoV-19/England/PHEC-YYNRMPT/2022,735,762
hCoV-19/England/PHEC-YYNRMJ3/2022,735,762
hCoV-19/England/PHEC-YYNQ34W/2022,735,779
hCoV-19/England/PHEC-YYNFBAN/2022,735,763
hCoV-19/England/PHEC-YYNCDYD/2022,735,778
hCoV-19/England/PHEC-YYNBOJ4/2022,735,760
hCoV-19/England/PHEC-YYB9ZE3/2022,735,757
hCoV-19/England/PHEC-YYB9OQW/2022,735,757
hCoV-19/England/PHEC-YYB9OM4/2022,735,757
hCoV-19/England/PHEC-YYB9EKR/2022,735,757
hCoV-19/England/PHEC-YYB9CQA/2022,735,757
hCoV-19/England/PHEC-YYB7OH5/2022,735,754
hCoV-19/England/PHEC-YYB7GN4/2022,735,753
hCoV-19/England/PHEC-5X053ZA5/2022,735,807
hCoV-19/England/PHEC-5X052ZC6/2022,735,807
hCoV-19/England/PHEC-5X050ZF9/2022,735,807
hCoV-19/England/PHEC-5X04EZF0/2022,735,807
hCoV-19/England/PHEC-5X04EZB4/2022,735,807
hCoV-19/England/PHEC-5X04EZ78/2022,735,807
hCoV-19/England/PHEC-5X04EZ0F/2022,735,807
hCoV-19/England/PHEC-5X04DZB7/2022,735,807
hCoV-19/England/PHEC-5X04AZ65/2022,735,807
hCoV-19/England/PHEC-5X04AZ56/2022,735,807
hCoV-19/England/PHEC-5X04AZ29/2022,735,807
hCoV-19/England/PHEC-5X049Z77/2022,735,807
hCoV-19/England/PHEC-5X048ZB6/2022,735,807
hCoV-19/England/PHEC-5N03EZ4C/2022,735,777
hCoV-19/England/PHEC-5N03EZ3D/2022,735,777
hCoV-19/England/PHEC-5N03DZB8/2022,735,777
hCoV-19/England/PHEC-5N03DZ9A/2022,735,777
hCoV-19/England/PHEC-5N03DZ7C/2022,735,777
hCoV-19/England/PHEC-5N03DZ5E/2022,735,777
hCoV-19/England/PHEC-5N03DZ30/2022,735,777
hCoV-19/England/PHEC-5N03DZ12/2022,735,777
hCoV-19/England/PHEC-5N03CZF7/2022,735,777
hCoV-19/England/PHEC-5N03CZCA/2022,735,777
hCoV-19/England/PHEC-5N03CZBB/2022,735,777
hCoV-19/England/PHEC-5N03CZ9D/2022,735,777
hCoV-19/England/PHEC-5N03CZ7F/2022,735,777
hCoV-19/England/PHEC-5N03CZ33/2022,735,777
hCoV-19/England/PHEC-5N03CZ24/2022,735,777
hCoV-19/England/PHEC-5N03BZFA/2022,735,777
hCoV-19/England/PHEC-5N03BZCD/2022,735,777
hCoV-19/England/PHEC-5N03BZAF/2022,735,777
hCoV-19/England/PHEC-5N03BZ72/2022,735,777
hCoV-19/England/PHEC-5N03BZ36/2022,735,777
hCoV-19/England/PHEC-5N03AZEE/2022,735,777
hCoV-19/England/PHEC-5N03AZDF/2022,735,777
hCoV-19/England/PHEC-5N03AZC0/2022,735,777
hCoV-19/England/PHEC-5N03AZB1/2022,735,777
hCoV-19/England/PHEC-5N03AZA2/2022,735,777
hCoV-19/England/PHEC-5N03AZ75/2022,735,777
hCoV-19/England/PHEC-5N03AZ66/2022,735,777
hCoV-19/England/PHEC-5N03AZ48/2022,735,777
hCoV-19/England/PHEC-5N03AZ39/2022,735,777
hCoV-19/England/PHEC-5N039ZF0/2022,735,777
hCoV-19/England/PHEC-5N039ZD2/2022,735,777
hCoV-19/England/PHEC-5N039Z87/2022,735,777
hCoV-19/England/PHEC-5N039Z5A/2022,735,777
hCoV-19/England/PHEC-5N039Z4B/2022,735,777
hCoV-19/England/PHEC-5N039Z3C/2022,735,777
hCoV-19/England/PHEC-5N039Z1E/2022,735,777
hCoV-19/England/PHEC-5N039Z0F/2022,735,777
hCoV-19/England/PHEC-5N038ZD5/2022,735,777
hCoV-19/England/PHEC-5N038ZC6/2022,735,777
hCoV-19/England/PHEC-5N038ZA8/2022,735,777
hCoV-19/England/PHEC-5N037ZAB/2022,735,777
hCoV-19/England/PHEC-5N037Z8D/2022,735,777
hCoV-19/England/PHEC-5N037Z50/2022,735,777
hCoV-19/England/PHEC-5N037Z41/2022,735,777
hCoV-19/England/PHEC-5N037Z23/2022,735,777
hCoV-19/England/PHEC-5N037Z14/2022,735,777
hCoV-19/England/PHEC-5N036ZF9/2022,735,777
hCoV-19/England/PHEC-5N036ZDB/2022,735,777
hCoV-19/England/PHEC-5N036ZBD/2022,735,777
hCoV-19/England/PHEC-5N036ZAE/2022,735,777
hCoV-19/England/PHEC-5N036Z35/2022,735,777
hCoV-19/England/PHEC-5N036Z26/2022,735,777
hCoV-19/England/PHEC-5N035ZED/2022,735,777
hCoV-19/England/PHEC-5N035ZA1/2022,735,777
hCoV-19/England/PHEC-5N035Z83/2022,735,777
hCoV-19/England/PHEC-5N035Z74/2022,735,777
hCoV-19/England/PHEC-5N035Z56/2022,735,777
hCoV-19/England/PHEC-5N035Z29/2022,735,777
hCoV-19/England/PHEC-5N035Z0B/2022,735,777
hCoV-19/England/PHEC-4S052Z11/2022,735,760
hCoV-19/England/NORW-314D6B2/2022,735,767
hCoV-19/England/NORW-31481F9/2022,735,766
hCoV-19/England/NORW-3147CD5/2022,735,767
hCoV-19/England/NORW-3146D9E/2022,735,766
hCoV-19/England/NORW-314510F/2022,735,767
hCoV-19/England/NORW-3140E28/2022,735,766
hCoV-19/England/NORT-YBWNFK/2022,735,759
hCoV-19/England/NORT-YB3TTA/2022,735,766
hCoV-19/England/NORT-YB1INB/2022,735,756
hCoV-19/England/NORT-YB1A8W/2022,735,756
hCoV-19/England/NEWC-3169C61/2022,735,743
hCoV-19/England/NEWC-31595E1/2022,735,743
hCoV-19/England/NEWC-3136EEF/2022,735,743
hCoV-19/England/NEWC-3134B80/2022,735,743
hCoV-19/England/NEWC-312B8D0/2022,735,742
hCoV-19/England/MILK-31D808F/2022,735,747
hCoV-19/England/MILK-31C11FF/2022,735,748
hCoV-19/England/MILK-31982D0/2022,735,745
hCoV-19/England/MILK-317EABA/2022,735,745
hCoV-19/England/MILK-315A28F/2022,735,744
hCoV-19/England/MILK-315A252/2022,735,744
hCoV-19/England/MILK-315703D/2022,735,743
hCoV-19/England/MILK-314C147/2022,735,744
hCoV-19/England/MILK-314B940/2022,735,744
hCoV-19/England/MILK-314AA02/2022,735,743
hCoV-19/England/MILK-313EF6C/2022,735,742
hCoV-19/England/MILK-3132760/2022,735,742
hCoV-19/England/MILK-3128D5C/2022,735,742
hCoV-19/England/MILK-3127D99/2022,735,742
hCoV-19/England/MILK-3126B45/2022,735,742
hCoV-19/England/MILK-3126ADF/2022,735,742
hCoV-19/England/LSPA-31EB7FD/2022,735,747
hCoV-19/England/LSPA-31EB56C/2022,735,747
hCoV-19/England/LSPA-31E2D03/2022,735,747
hCoV-19/England/DHSC-CYYOIPR/2022,735,786
hCoV-19/England/DHSC-CYYK56E/2022,735,786
hCoV-19/England/DHSC-CYYIC1A/2022,735,786
hCoV-19/England/DHSC-CYYCRNW/2022,735,831
hCoV-19/England/DHSC-CYY78RK/2022,735,789
hCoV-19/England/DHSC-CYNYY9U/2022,735,786
hCoV-19/England/DHSC-CYNWWYI/2022,735,786
hCoV-19/England/DHSC-CYN8Z9Q/2022,735,831
hCoV-19/England/DHSC-CYN6DPA/2022,735,831
hCoV-19/England/DHSC-CYN5Z3T/2022,735,786
hCoV-19/England/DHSC-CYDYUDA/2022,735,831
hCoV-19/England/DHSC-CYDWBR9/2022,735,789
hCoV-19/England/DHSC-CYDR6IY/2022,735,789
hCoV-19/England/DHSC-CYDN7EY/2022,735,786
hCoV-19/England/DHSC-CYDJ1GB/2022,735,831
hCoV-19/England/DHSC-CYDAPUC/2022,735,789
hCoV-19/England/DHSC-CYBZPP7/2022,735,789
hCoV-19/England/DHSC-CYBXUSI/2022,735,786
hCoV-19/England/DHSC-CYBNB6T/2022,735,786
hCoV-19/England/DHSC-CYBK5J1/2022,735,789
hCoV-19/England/DHSC-CYBHTQP/2022,735,789
hCoV-19/England/DHSC-CYB9S7D/2022,735,786
hCoV-19/England/DHSC-CYB5R65/2022,735,831
hCoV-19/England/BRBR-312F48D/2022,735,742
hCoV-19/England/BRBR-312F441/2022,735,742
hCoV-19/England/ALDP-326529F/2022,735,760
hCoV-19/England/ALDP-31D5714/2022,735,747
hCoV-19/England/ALDP-31C2370/2022,735,746
hCoV-19/England/ALDP-31BABCE/2022,735,746
hCoV-19/England/ALDP-31B5F30/2022,735,749
hCoV-19/England/ALDP-3181DCA/2022,735,745
hCoV-19/England/ALDP-317F688/2022,735,745
hCoV-19/England/ALDP-317CD1D/2022,735,744
hCoV-19/England/ALDP-317CCD4/2022,735,744
hCoV-19/England/ALDP-317A9B1/2022,735,744
hCoV-19/England/ALDP-317501B/2022,735,744
hCoV-19/England/ALDP-3170432/2022,735,744
hCoV-19/England/ALDP-316EA62/2022,735,744
hCoV-19/England/ALDP-316E0BB/2022,735,744
hCoV-19/England/ALDP-3151CC6/2022,735,743
hCoV-19/England/ALDP-3151A26/2022,735,743
hCoV-19/England/ALDP-3151130/2022,735,743
hCoV-19/Wales/PHWC-P8QRAQ/2022,736,766
hCoV-19/Wales/PHWC-P8K46W/2022,736,764
hCoV-19/Wales/PHWC-P8JFBG/2022,736,758
hCoV-19/Wales/PHWC-P8GB55/2022,736,757
hCoV-19/Wales/PHWC-P8G7MY/2022,736,757
hCoV-19/Wales/PHWC-P8G4KF/2022,736,757
hCoV-19/Wales/PHWC-P8FI5J/2022,736,757
hCoV-19/Wales/PHWC-P88YGF/2022,736,757
hCoV-19/Wales/ALDP-317FFF6/2022,736,745
hCoV-19/Scotland/SCOT-3085/2022,736,758
hCoV-19/Scotland/QEUH-320BD6D/2022,736,748
hCoV-19/Scotland/QEUH-31C0AAA/2022,736,746
hCoV-19/Scotland/QEUH-31C06A6/2022,736,746
hCoV-19/Scotland/QEUH-31BBDB8/2022,736,748
hCoV-19/Scotland/QEUH-31BBD8B/2022,736,748
hCoV-19/Scotland/QEUH-319FD41/2022,736,745
hCoV-19/Scotland/QEUH-3189A8F/2022,736,745
hCoV-19/Scotland/QEUH-3182E99/2022,736,745
hCoV-19/Scotland/QEUH-317975E/2022,736,744
hCoV-19/Scotland/QEUH-317247C/2022,736,744
hCoV-19/Scotland/QEUH-31661DE/2022,736,744
hCoV-19/Scotland/NORT-YB1OFY/2022,736,756
hCoV-19/Scotland/EDB38070/2022,736,765
hCoV-19/Scotland/EDB36574/2022,736,763
hCoV-19/England/QEUH-31EA1E1/2022,736,747
hCoV-19/England/QEUH-31EA06C/2022,736,747
hCoV-19/England/QEUH-31E807D/2022,736,747
hCoV-19/England/QEUH-31E67C5/2022,736,747
hCoV-19/England/QEUH-31E6437/2022,736,747
hCoV-19/England/QEUH-31E6358/2022,736,747
hCoV-19/England/QEUH-31E46D9/2022,736,747
hCoV-19/England/QEUH-31D72E4/2022,736,747
hCoV-19/England/QEUH-31D3B29/2022,736,749
hCoV-19/England/QEUH-31C76DC/2022,736,749
hCoV-19/England/QEUH-31C2ED9/2022,736,746
hCoV-19/England/QEUH-31A8000/2022,736,745
hCoV-19/England/QEUH-31A6309/2022,736,745
hCoV-19/England/QEUH-31A2349/2022,736,745
hCoV-19/England/QEUH-31A2051/2022,736,745
hCoV-19/England/QEUH-31A167E/2022,736,745
hCoV-19/England/QEUH-31A1429/2022,736,745
hCoV-19/England/QEUH-319BC84/2022,736,745
hCoV-19/England/QEUH-3173ED7/2022,736,744
hCoV-19/England/QEUH-31737FA/2022,736,744
hCoV-19/England/QEUH-317361B/2022,736,744
hCoV-19/England/PLYM-31B7271/2022,736,749
hCoV-19/England/PLYM-3191C9D/2022,736,745
hCoV-19/England/PLYM-3191C60/2022,736,745
hCoV-19/England/PLYM-3191BDC/2022,736,745
hCoV-19/England/PLYM-31917BA/2022,736,745
hCoV-19/England/PLYM-316CEB3/2022,736,743
hCoV-19/England/PLYM-316CDE3/2022,736,743
hCoV-19/England/PHEC-YYNZOS1/2022,736,791
hCoV-19/England/PHEC-YYNZ4ZG/2022,736,791
hCoV-19/England/PHEC-YYNYSI7/2022,736,758
hCoV-19/England/PHEC-YYNYEIM/2022,736,758
hCoV-19/England/PHEC-YYNYEAF/2022,736,758
hCoV-19/England/PHEC-YYNYE1T/2022,736,758
hCoV-19/England/PHEC-YYNY8JF/2022,736,758
hCoV-19/England/PHEC-YYNXUPU/2022,736,783
hCoV-19/England/PHEC-YYNR8DJ/2022,736,761
hCoV-19/England/PHEC-YYNQA1F/2022,736,779
hCoV-19/England/PHEC-YYNGZX7/2022,736,765
hCoV-19/England/PHEC-YYNFOKO/2022,736,764
hCoV-19/England/PHEC-YYNFGOP/2022,736,763
hCoV-19/England/PHEC-YYNCH6P/2022,736,779
hCoV-19/England/PHEC-YYN8AZJ/2022,736,769
hCoV-19/England/PHEC-YYDG9NQ/2022,736,810
hCoV-19/England/PHEC-YYBHJEP/2022,736,752
hCoV-19/England/PHEC-YYB9OJ6/2022,736,757
hCoV-19/England/PHEC-YYB9OBQ/2022,736,757
hCoV-19/England/PHEC-YYB7OWM/2022,736,754
hCoV-19/England/PHEC-YYB6JU1/2022,736,754
hCoV-19/England/PHEC-YYB6J76/2022,736,754
hCoV-19/England/PHEC-YYB6EZM/2022,736,754
hCoV-19/England/PHEC-YYB61YO/2022,736,755
hCoV-19/England/PHEC-YYB61IF/2022,736,755
hCoV-19/England/PHEC-6M0A8Z83/2022,736,826
hCoV-19/England/PHEC-6M0A7ZE0/2022,736,826
hCoV-19/England/PHEC-6M0A7ZA4/2022,736,826
hCoV-19/England/PHEC-6M0A6Z7A/2022,736,826
hCoV-19/England/PHEC-6M0A5Z9B/2022,736,826
hCoV-19/England/PHEC-6M0A3Z19/2022,736,826
hCoV-19/England/PHEC-6M0A2ZD0/2022,736,826
hCoV-19/England/PHEC-5X054Z48/2022,736,807
hCoV-19/England/PHEC-5X054Z2A/2022,736,807
hCoV-19/England/PHEC-5X052Z7B/2022,736,807
hCoV-19/England/PHEC-5X051ZD8/2022,736,807
hCoV-19/England/PHEC-5X051Z05/2022,736,807
hCoV-19/England/PHEC-5X050Z17/2022,736,807
hCoV-19/England/PHEC-5X04EZ4B/2022,736,807
hCoV-19/England/PHEC-5X04DZE4/2022,736,807
hCoV-19/England/PHEC-5X04DZ3F/2022,736,807
hCoV-19/England/PHEC-5X04CZC9/2022,736,807
hCoV-19/England/PHEC-5X04CZ32/2022,736,807
hCoV-19/England/PHEC-5X04BZF9/2022,736,807
hCoV-19/England/PHEC-5X04BZCC/2022,736,807
hCoV-19/England/PHEC-5X04AZ0B/2022,736,807
hCoV-19/England/PHEC-5X049Z86/2022,736,807
hCoV-19/England/PHEC-5X049Z1D/2022,736,807
hCoV-19/England/PHEC-5X049Z0E/2022,736,807
hCoV-19/England/PHEC-5X048Z89/2022,736,807
hCoV-19/England/PHEC-5X048Z5C/2022,736,807
hCoV-19/England/PHEC-5X046ZF8/2022,736,807
hCoV-19/England/PHEC-5X03FZ2B/2022,736,807
hCoV-19/England/PHEC-5X03EZ88/2022,736,807
hCoV-19/England/PHEC-5X03EZ4C/2022,736,807
hCoV-19/England/PHEC-5X03DZ12/2022,736,807
hCoV-19/England/PHEC-5X03CZ33/2022,736,807
hCoV-19/England/PHEC-5X039ZB4/2022,736,807
hCoV-19/England/PHEC-5X039Z78/2022,736,807
hCoV-19/England/PHEC-5W045Z73/2022,736,798
hCoV-19/England/PHEC-5W045Z37/2022,736,798
hCoV-19/England/PHEC-5W045Z28/2022,736,798
hCoV-19/England/PHEC-5W044ZD0/2022,736,798
hCoV-19/England/PHEC-5W044ZA3/2022,736,798
hCoV-19/England/PHEC-5W044Z2B/2022,736,798
hCoV-19/England/PHEC-5W044Z1C/2022,736,798
hCoV-19/England/PHEC-5W044Z0D/2022,736,798
hCoV-19/England/PHEC-5W043ZD3/2022,736,798
hCoV-19/England/PHEC-5W043Z6A/2022,736,798
hCoV-19/England/PHEC-5W043Z4C/2022,736,798
hCoV-19/England/PHEC-5W042ZB8/2022,736,798
hCoV-19/England/PHEC-5W042Z7C/2022,736,798
hCoV-19/England/PHEC-5W041ZE8/2022,736,798
hCoV-19/England/PHEC-5W041ZAC/2022,736,798
hCoV-19/England/PHEC-5W041Z7F/2022,736,798
hCoV-19/England/PHEC-5W041Z06/2022,736,798
hCoV-19/England/PHEC-5W040ZFA/2022,736,798
hCoV-19/England/NORW-3163BF8/2022,736,774
hCoV-19/England/NORW-3146EB9/2022,736,766
hCoV-19/England/NORW-313A34B/2022,736,761
hCoV-19/England/NORT-YBWCT8/2022,736,759
hCoV-19/England/NORT-YBUT5O/2022,736,758
hCoV-19/England/NEWC-32019CD/2022,736,748
hCoV-19/England/NEWC-31907BB/2022,736,745
hCoV-19/England/NEWC-318625D/2022,736,745
hCoV-19/England/NEWC-31587BF/2022,736,743
hCoV-19/England/MILK-31AE820/2022,736,749
hCoV-19/England/MILK-31AE662/2022,736,749
hCoV-19/England/MILK-31AAB58/2022,736,749
hCoV-19/England/MILK-319F8C8/2022,736,745
hCoV-19/England/MILK-3198355/2022,736,745
hCoV-19/England/MILK-3180C64/2022,736,745
hCoV-19/England/MILK-3180BA3/2022,736,745
hCoV-19/England/MILK-3179D7A/2022,736,744
hCoV-19/England/MILK-31798C4/2022,736,744
hCoV-19/England/MILK-31760CF/2022,736,744
hCoV-19/England/MILK-3174717/2022,736,744
hCoV-19/England/MILK-3171CFD/2022,736,744
hCoV-19/England/MILK-316FE74/2022,736,744
hCoV-19/England/MILK-316FBF5/2022,736,744
hCoV-19/England/MILK-316F6C7/2022,736,744
hCoV-19/England/MILK-316687F/2022,736,744
hCoV-19/England/MILK-3165AD4/2022,736,744
hCoV-19/England/MILK-315166E/2022,736,743
hCoV-19/England/MILK-315165F/2022,736,743
hCoV-19/England/MILK-314FEE3/2022,736,743
hCoV-19/England/MILK-314FE01/2022,736,743
hCoV-19/England/MILK-314FD7D/2022,736,743
hCoV-19/England/MILK-314FC43/2022,736,743
hCoV-19/England/MILK-314E224/2022,736,744
hCoV-19/England/MILK-314CA79/2022,736,744
hCoV-19/England/MILK-314C38D/2022,736,744
hCoV-19/England/LSPA-3216DE7/2022,736,748
hCoV-19/England/LSPA-3206E8D/2022,736,751
hCoV-19/England/LSPA-320081C/2022,736,748
hCoV-19/England/LSPA-31FC067/2022,736,749
hCoV-19/England/LSPA-31FB095/2022,736,747
hCoV-19/England/LSPA-31FAE41/2022,736,747
hCoV-19/England/LSPA-31FAC56/2022,736,747
hCoV-19/England/LSPA-31F9F6D/2022,736,747
hCoV-19/England/LSPA-31F9C66/2022,736,747
hCoV-19/England/LSPA-31F5963/2022,736,747
hCoV-19/England/LSPA-31F46D6/2022,736,747
hCoV-19/England/LSPA-31F0090/2022,736,747
hCoV-19/England/LSPA-31EE4A8/2022,736,747
hCoV-19/England/LSPA-31EC316/2022,736,747
hCoV-19/England/LSPA-31E5C9A/2022,736,747
hCoV-19/England/LSPA-31E5C21/2022,736,747
hCoV-19/England/LSPA-31E2899/2022,736,747
hCoV-19/England/LSPA-31DFC2A/2022,736,747
hCoV-19/England/LSPA-31DF8AE/2022,736,747
hCoV-19/England/LSPA-31DF89F/2022,736,747
hCoV-19/England/LSPA-31DF659/2022,736,747
hCoV-19/England/LSPA-317454A/2022,736,744
hCoV-19/England/LSPA-3173FE3/2022,736,744
hCoV-19/England/LOND-YYBN67N/2022,736,760
hCoV-19/England/LOND-YYBF6H6/2022,736,796
hCoV-19/England/LOND-YYBDBUT/2022,736,767
hCoV-19/England/LOND-YYBDA4C/2022,736,774
hCoV-19/England/DHSC-CYYKY9B/2022,736,786
hCoV-19/England/DHSC-CYYH7ST/2022,736,786
hCoV-19/England/DHSC-CYYD4GE/2022,736,786
hCoV-19/England/DHSC-CYY9T3T/2022,736,786
hCoV-19/England/DHSC-CYY7IHM/2022,736,786
hCoV-19/England/DHSC-CYNH95D/2022,736,786
hCoV-19/England/DHSC-CYNGERS/2022,736,789
hCoV-19/England/DHSC-CYNB7BT/2022,736,786
hCoV-19/England/DHSC-CYDUDBF/2022,736,786
hCoV-19/England/DHSC-CYDKX7U/2022,736,789
hCoV-19/England/DHSC-CYD4GXA/2022,736,786
hCoV-19/England/DHSC-CYD34HM/2022,736,786
hCoV-19/England/DHSC-CYBTRA5/2022,736,786
hCoV-19/England/DHSC-CYBND4Z/2022,736,789
hCoV-19/England/DHSC-CYBN9BQ/2022,736,789
hCoV-19/England/DHSC-CYBMYKJ/2022,736,786
hCoV-19/England/DHSC-CYBIFN9/2022,736,786
hCoV-19/England/DHSC-CYBBOFZ/2022,736,789
hCoV-19/England/DHSC-CYB3RMG/2022,736,786
hCoV-19/England/DHSC-CYB3MOW/2022,736,786
hCoV-19/England/DHSC-CYB3D4E/2022,736,831
hCoV-19/England/BRBR-31A73AE/2022,736,745
hCoV-19/England/BRBR-31A7168/2022,736,745
hCoV-19/England/BRBR-31A70D4/2022,736,745
hCoV-19/England/BRBR-31A0EB3/2022,736,745
hCoV-19/England/ALDP-31CCB8D/2022,736,747
hCoV-19/England/ALDP-31C9FB1/2022,736,746
hCoV-19/England/ALDP-31C63A9/2022,736,746
hCoV-19/England/ALDP-31C6181/2022,736,746
hCoV-19/England/ALDP-31C6163/2022,736,746
hCoV-19/England/ALDP-31C37FB/2022,736,746
hCoV-19/England/ALDP-31BF74D/2022,736,746
hCoV-19/England/ALDP-31BD590/2022,736,746
hCoV-19/England/ALDP-31BB6F9/2022,736,746
hCoV-19/England/ALDP-31B2407/2022,736,747
hCoV-19/England/ALDP-31B022D/2022,736,749
hCoV-19/England/ALDP-31AEE5B/2022,736,749
hCoV-19/England/ALDP-31ABB0C/2022,736,745
hCoV-19/England/ALDP-31AB8C9/2022,736,745
hCoV-19/England/ALDP-31A6846/2022,736,745
hCoV-19/England/ALDP-317297D/2022,736,744
hCoV-19/England/ALDP-31702FC/2022,736,744
hCoV-19/Wales/PHWC-P8X8MR/2022,737,767
hCoV-19/Wales/PHWC-P8KQ8X/2022,737,760
hCoV-19/Wales/PHWC-P8JESA/2022,737,758
hCoV-19/Wales/PHWC-P8G7Q4/2022,737,757
hCoV-19/Wales/PHWC-P8EW7Y/2022,737,758
hCoV-19/Scotland/SCOT-3368/2022,737,760
hCoV-19/Scotland/SCOT-3350/2022,737,760
hCoV-19/Scotland/SCOT-3281/2022,737,760
hCoV-19/Scotland/QEUH-31E81E3/2022,737,748
hCoV-19/Scotland/QEUH-31CC103/2022,737,748
hCoV-19/Scotland/QEUH-31A7D55/2022,737,745
hCoV-19/Scotland/QEUH-31A183C/2022,737,745
hCoV-19/Scotland/QEUH-319CCA1/2022,737,745
hCoV-19/Scotland/QEUH-319ABF1/2022,737,745
hCoV-19/Scotland/QEUH-319A9BB/2022,737,745
hCoV-19/Scotland/QEUH-3198AF6/2022,737,745
hCoV-19/Scotland/QEUH-3197C4C/2022,737,745
hCoV-19/England/QEUH-31EDFC6/2022,737,747
hCoV-19/England/QEUH-3199AAA/2022,737,745
hCoV-19/England/QEUH-3197AAC/2022,737,745
hCoV-19/England/PLYM-322488B/2022,737,749
hCoV-19/England/PLYM-3194544/2022,737,745
hCoV-19/England/PLYM-3193AA0/2022,737,745
hCoV-19/England/PLYM-3193A28/2022,737,745
hCoV-19/England/PLYM-3191732/2022,737,745
hCoV-19/England/PLYM-3132A76/2022,737,742
hCoV-19/England/PHWC-P8G8A5/2022,737,757
hCoV-19/England/PHEC-YYNZ4AR/2022,737,791
hCoV-19/England/PHEC-YYNYQ9T/2022,737,758
hCoV-19/England/PHEC-YYNY7AO/2022,737,758
hCoV-19/England/PHEC-YYNXUTK/2022,737,783
hCoV-19/England/PHEC-YYNRK7T/2022,737,762
hCoV-19/England/PHEC-YYNREOP/2022,737,761
hCoV-19/England/PHEC-YYNQZ6Q/2022,737,779
hCoV-19/England/PHEC-YYNJYQO/2022,737,772
hCoV-19/England/PHEC-YYNGU9Y/2022,737,765
hCoV-19/England/PHEC-YYNF3HN/2022,737,765
hCoV-19/England/PHEC-YYNE3SE/2022,737,771
hCoV-19/England/PHEC-YYND198/2022,737,760
hCoV-19/England/PHEC-YYNB9N3/2022,737,760
hCoV-19/England/PHEC-YYN34PZ/2022,737,792
hCoV-19/England/PHEC-YYB9WRR/2022,737,757
hCoV-19/England/PHEC-YYB6XSG/2022,737,754
hCoV-19/England/PHEC-YYB6TYT/2022,737,754
hCoV-19/England/PHEC-YYB6OAB/2022,737,754
hCoV-19/England/PHEC-YYB6O6I/2022,737,754
hCoV-19/England/PHEC-YYB6KX4/2022,737,754
hCoV-19/England/PHEC-YYB51EG/2022,737,751
hCoV-19/England/PHEC-6M0A3Z55/2022,737,826
hCoV-19/England/PHEC-5X0B9Z25/2022,737,821
hCoV-19/England/PHEC-5X0B8ZDD/2022,737,821
hCoV-19/England/PHEC-5X053Z3C/2022,737,807
hCoV-19/England/PHEC-5X052ZB7/2022,737,807
hCoV-19/England/PHEC-5X050Z80/2022,737,807
hCoV-19/England/PHEC-5X04DZ7B/2022,737,807
hCoV-19/England/PHEC-5X04DZ11/2022,737,807
hCoV-19/England/PHEC-5X049ZD1/2022,737,807
hCoV-19/England/PHEC-5X048Z2F/2022,737,807
hCoV-19/England/PHEC-5X046ZCB/2022,737,807
hCoV-19/England/PHEC-5X039ZF0/2022,737,807
hCoV-19/England/PHEC-5W045Z46/2022,737,798
hCoV-19/England/PHEC-5W044ZEF/2022,737,798
hCoV-19/England/PHEC-5W044ZC1/2022,737,798
hCoV-19/England/PHEC-5W044ZB2/2022,737,798
hCoV-19/England/PHEC-5W043ZC4/2022,737,798
hCoV-19/England/PHEC-5W043ZB5/2022,737,798
hCoV-19/England/PHEC-5W043Z00/2022,737,798
hCoV-19/England/PHEC-5W042ZC7/2022,737,798
hCoV-19/England/PHEC-5W042Z4F/2022,737,798
hCoV-19/England/PHEC-5W042Z21/2022,737,798
hCoV-19/England/PHEC-5W041Z60/2022,737,798
hCoV-19/England/PHEC-5W041Z33/2022,737,798
hCoV-19/England/PHEC-5V036ZF9/2022,737,789
hCoV-19/England/PHEC-5V036ZCC/2022,737,789
hCoV-19/England/PHEC-5V036Z44/2022,737,789
hCoV-19/England/PHEC-5V036Z26/2022,737,789
hCoV-19/England/PHEC-5V036Z17/2022,737,789
hCoV-19/England/PHEC-5V035ZED/2022,737,789
hCoV-19/England/PHEC-5V035Z83/2022,737,789
hCoV-19/England/PHEC-5V035Z47/2022,737,789
hCoV-19/England/PHEC-5V035Z1A/2022,737,789
hCoV-19/England/PHEC-5V035Z0B/2022,737,789
hCoV-19/England/PHEC-5V034ZFF/2022,737,789
hCoV-19/England/PHEC-5V034ZE0/2022,737,789
hCoV-19/England/PHEC-5V034ZB3/2022,737,789
hCoV-19/England/PHEC-5V034ZA4/2022,737,789
hCoV-19/England/PHEC-5V034Z1D/2022,737,789
hCoV-19/England/PHEC-5V034Z0E/2022,737,789
hCoV-19/England/PHEC-5V033Z98/2022,737,789
hCoV-19/England/PHEC-5V033Z89/2022,737,789
hCoV-19/England/PHEC-5V033Z6B/2022,737,789
hCoV-19/England/PHEC-5V033Z4D/2022,737,789
hCoV-19/England/PHEC-5V033Z3E/2022,737,789
hCoV-19/England/PHEC-5U069Z48/2022,737,785
hCoV-19/England/PHEC-5U069Z2A/2022,737,785
hCoV-19/England/PHEC-5U068Z0F/2022,737,785
hCoV-19/England/PHEC-5U055ZFA/2022,737,785
hCoV-19/England/PHEC-5U054Z84/2022,737,785
hCoV-19/England/PHEC-5U053ZF0/2022,737,785
hCoV-19/England/PHEC-5U053Z69/2022,737,785
hCoV-19/England/PHEC-5U050Z44/2022,737,785
hCoV-19/England/PHEC-5U04FZ39/2022,737,785
hCoV-19/England/PHEC-5Q0AFZ51/2022,737,779
hCoV-19/England/PHEC-5Q0AFZ33/2022,737,779
hCoV-19/England/PHEC-5Q0AFZ06/2022,737,779
hCoV-19/England/PHEC-5Q0AEZ90/2022,737,779
hCoV-19/England/PHEC-5Q0ADZC0/2022,737,779
hCoV-19/England/PHEC-5Q0ADZ93/2022,737,779
hCoV-19/England/PHEC-5Q0ADZ57/2022,737,779
hCoV-19/England/PHEC-5Q0ADZ48/2022,737,779
hCoV-19/England/PHEC-5Q0ADZ0C/2022,737,779
hCoV-19/England/PHEC-5Q0ACZD2/2022,737,779
hCoV-19/England/PHEC-5Q0ACZ87/2022,737,779
hCoV-19/England/PHEC-5Q0ABZE4/2022,737,779
hCoV-19/England/PHEC-5Q0ABZD5/2022,737,779
hCoV-19/England/PHEC-5Q0ABZC6/2022,737,779
hCoV-19/England/PHEC-5Q0ABZ7B/2022,737,779
hCoV-19/England/PHEC-5Q0ABZ6C/2022,737,779
hCoV-19/England/PHEC-5Q0AAZE7/2022,737,779
hCoV-19/England/PHEC-5Q0AAZD8/2022,737,779
hCoV-19/England/PHEC-5Q0AAZC9/2022,737,779
hCoV-19/England/PHEC-5Q0AAZAB/2022,737,779
hCoV-19/England/PHEC-5Q0AAZ7E/2022,737,779
hCoV-19/England/PHEC-5Q0AAZ50/2022,737,779
hCoV-19/England/PHEC-5Q0AAZ05/2022,737,779
hCoV-19/England/PHEC-5Q0A2Z76/2022,737,779
hCoV-19/England/PHEC-5N03DZ4F/2022,737,777
hCoV-19/England/PHEC-5N03DZ21/2022,737,777
hCoV-19/England/PHEC-5N03CZ8E/2022,737,777
hCoV-19/England/PHEC-5N03CZ51/2022,737,777
hCoV-19/England/PHEC-5N03CZ15/2022,737,777
hCoV-19/England/PHEC-5N03BZ81/2022,737,777
hCoV-19/England/PHEC-5N03BZ54/2022,737,777
hCoV-19/England/PHEC-5N03BZ27/2022,737,777
hCoV-19/England/PHEC-5N03BZ18/2022,737,777
hCoV-19/England/PHEC-5N03AZ57/2022,737,777
hCoV-19/England/PHEC-5N03AZ2A/2022,737,777
hCoV-19/England/PHEC-5N03AZ1B/2022,737,777
hCoV-19/England/PHEC-5N039ZA5/2022,737,777
hCoV-19/England/PHEC-5N039Z69/2022,737,777
hCoV-19/England/PHEC-5N038Z8A/2022,737,777
hCoV-19/England/PHEC-5N038Z5D/2022,737,777
hCoV-19/England/PHEC-5N037ZF6/2022,737,777
hCoV-19/England/PHEC-5N037ZC9/2022,737,777
hCoV-19/England/PHEC-5N037ZBA/2022,737,777
hCoV-19/England/PHEC-5N037Z9C/2022,737,777
hCoV-19/England/PHEC-5N037Z7E/2022,737,777
hCoV-19/England/PHEC-5N037Z6F/2022,737,777
hCoV-19/England/PHEC-5N036Z9F/2022,737,777
hCoV-19/England/PHEC-5N036Z71/2022,737,777
hCoV-19/England/PHEC-5N036Z62/2022,737,777
hCoV-19/England/PHEC-5N035Z1A/2022,737,777
hCoV-19/England/PHEC-5M0A6Z10/2022,737,770
hCoV-19/England/PHEC-5M0A5Z22/2022,737,770
hCoV-19/England/PHEC-5M0A4ZE9/2022,737,770
hCoV-19/England/PHEC-5M0A4ZDA/2022,737,770
hCoV-19/England/PHEC-5M0A4Z9E/2022,737,770
hCoV-19/England/PHEC-5M0A4Z70/2022,737,770
hCoV-19/England/PHEC-5M0A4Z43/2022,737,770
hCoV-19/England/PHEC-5M0A3ZFB/2022,737,770
hCoV-19/England/PHEC-5M0A1Z6A/2022,737,770
hCoV-19/England/PHEC-5M0A1Z4C/2022,737,770
hCoV-19/England/PHEC-5M0A1Z2E/2022,737,770
hCoV-19/England/PHEC-5M0A0ZF4/2022,737,770
hCoV-19/England/PHEC-5M0A0ZB8/2022,737,770
hCoV-19/England/PHEC-5M0A0Z9A/2022,737,770
hCoV-19/England/PHEC-5M0A0Z8B/2022,737,770
hCoV-19/England/PHEC-5M0A0Z6D/2022,737,770
hCoV-19/England/PHEC-5M0A0Z30/2022,737,770
hCoV-19/England/PHEC-5M08CZA7/2022,737,770
hCoV-19/England/PHEC-5M08CZ98/2022,737,770
hCoV-19/England/PHEC-5M08CZ89/2022,737,770
hCoV-19/England/PHEC-5M08CZ3E/2022,737,770
hCoV-19/England/PHEC-5M08CZ10/2022,737,770
hCoV-19/England/PHEC-5M08BZE6/2022,737,770
hCoV-19/England/PHEC-5M08BZD7/2022,737,770
hCoV-19/England/PHEC-4X0A7Z1D/2022,737,767
hCoV-19/England/PHEC-4X0A6ZD4/2022,737,767
hCoV-19/England/PHEC-4X0A6ZC5/2022,737,767
hCoV-19/England/PHEC-4X0A6ZB6/2022,737,767
hCoV-19/England/PHEC-4X0A6Z98/2022,737,767
hCoV-19/England/PHEC-4X0A6Z89/2022,737,767
hCoV-19/England/PHEC-4X0A6Z7A/2022,737,767
hCoV-19/England/PHEC-4X0A6Z5C/2022,737,767
hCoV-19/England/PHEC-4X0A6Z4D/2022,737,767
hCoV-19/England/PHEC-4X0A6Z3E/2022,737,767
hCoV-19/England/PHEC-4X0A6Z2F/2022,737,767
hCoV-19/England/PHEC-4X0A6Z10/2022,737,767
hCoV-19/England/PHEC-4X0A6Z01/2022,737,767
hCoV-19/England/PHEC-4X0A5ZF5/2022,737,767
hCoV-19/England/PHEC-4X0A5ZE6/2022,737,767
hCoV-19/England/PHEC-4X0A5ZC8/2022,737,767
hCoV-19/England/PHEC-4X0A5ZB9/2022,737,767
hCoV-19/England/PHEC-4X0A5ZAA/2022,737,767
hCoV-19/England/PHEC-4X0A1Z79/2022,737,767
hCoV-19/England/PHEC-4X0A1Z6A/2022,737,767
hCoV-19/England/PHEC-4X0A1Z5B/2022,737,767
hCoV-19/England/PHEC-4X0A1Z2E/2022,737,767
hCoV-19/England/PHEC-4X0A0ZF4/2022,737,767
hCoV-19/England/PHEC-4X0A0ZE5/2022,737,767
hCoV-19/England/PHEC-4X0A0ZD6/2022,737,767
hCoV-19/England/PHEC-4X0A0ZC7/2022,737,767
hCoV-19/England/PHEC-4X0A0ZA9/2022,737,767
hCoV-19/England/PHEC-4X0A0Z9A/2022,737,767
hCoV-19/England/PHEC-4X0A0Z8B/2022,737,767
hCoV-19/England/PHEC-4X0A0Z7C/2022,737,767
hCoV-19/England/PHEC-4X0A0Z6D/2022,737,767
hCoV-19/England/PHEC-4X0A0Z4F/2022,737,767
hCoV-19/England/PHEC-4X0A0Z21/2022,737,767
hCoV-19/England/PHEC-4X08CZC5/2022,737,767
hCoV-19/England/PHEC-4X08CZB6/2022,737,767
hCoV-19/England/PHEC-4X08CZA7/2022,737,767
hCoV-19/England/PHEC-4X08CZ98/2022,737,767
hCoV-19/England/PHEC-4X08CZ89/2022,737,767
hCoV-19/England/PHEC-4X08CZ7A/2022,737,767
hCoV-19/England/PHEC-4X08CZ6B/2022,737,767
hCoV-19/England/PHEC-4X08BZF5/2022,737,767
hCoV-19/England/PHEC-4X08BZE6/2022,737,767
hCoV-19/England/PHEC-4X08BZD7/2022,737,767
hCoV-19/England/PHEC-4X08BZC8/2022,737,767
hCoV-19/England/PHEC-4X08BZB9/2022,737,767
hCoV-19/England/PHEC-4W075ZBC/2022,737,770
hCoV-19/England/PHEC-4W075ZAD/2022,737,770
hCoV-19/England/PHEC-4W075Z9E/2022,737,770
hCoV-19/England/PHEC-4W075Z8F/2022,737,770
hCoV-19/England/PHEC-4W075Z70/2022,737,770
hCoV-19/England/PHEC-4W075Z61/2022,737,770
hCoV-19/England/PHEC-4W075Z52/2022,737,770
hCoV-19/England/PHEC-4W075Z34/2022,737,770
hCoV-19/England/PHEC-4W075Z25/2022,737,770
hCoV-19/England/PHEC-4W074ZFB/2022,737,770
hCoV-19/England/PHEC-4W074ZEC/2022,737,770
hCoV-19/England/PHEC-4W074ZDD/2022,737,770
hCoV-19/England/PHEC-4W074ZCE/2022,737,770
hCoV-19/England/PHEC-4W074ZBF/2022,737,770
hCoV-19/England/PHEC-4W074ZA0/2022,737,770
hCoV-19/England/PHEC-4W074Z91/2022,737,770
hCoV-19/England/PHEC-4W074Z82/2022,737,770
hCoV-19/England/PHEC-4W074Z64/2022,737,770
hCoV-19/England/PHEC-4W074Z55/2022,737,770
hCoV-19/England/PHEC-4W074Z46/2022,737,770
hCoV-19/England/PHEC-4W074Z37/2022,737,770
hCoV-19/England/PHEC-4W074Z28/2022,737,770
hCoV-19/England/PHEC-4W074Z19/2022,737,770
hCoV-19/England/PHEC-4W074Z0A/2022,737,770
hCoV-19/England/PHEC-4W073ZFE/2022,737,770
hCoV-19/England/PHEC-4W073ZD0/2022,737,770
hCoV-19/England/PHEC-4W073ZC1/2022,737,770
hCoV-19/England/PHEC-4W073ZB2/2022,737,770
hCoV-19/England/PHEC-4W073ZA3/2022,737,770
hCoV-19/England/PHEC-4W073Z94/2022,737,770
hCoV-19/England/PHEC-4W073Z85/2022,737,770
hCoV-19/England/PHEC-4W073Z76/2022,737,770
hCoV-19/England/PHEC-4W073Z67/2022,737,770
hCoV-19/England/PHEC-4W073Z58/2022,737,770
hCoV-19/England/PHEC-4U055Z09/2022,737,763
hCoV-19/England/PHEC-4U054ZEE/2022,737,763
hCoV-19/England/PHEC-4U054ZDF/2022,737,763
hCoV-19/England/PHEC-4U054ZB1/2022,737,763
hCoV-19/England/PHEC-4U054ZA2/2022,737,763
hCoV-19/England/PHEC-4U054Z93/2022,737,763
hCoV-19/England/PHEC-4U054Z84/2022,737,763
hCoV-19/England/PHEC-4U054Z75/2022,737,763
hCoV-19/England/PHEC-4U054Z66/2022,737,763
hCoV-19/England/PHEC-4U054Z48/2022,737,763
hCoV-19/England/PHEC-4U054Z2A/2022,737,763
hCoV-19/England/PHEC-4U054Z0C/2022,737,763
hCoV-19/England/PHEC-4U053ZF0/2022,737,763
hCoV-19/England/PHEC-4U053ZE1/2022,737,763
hCoV-19/England/PHEC-4U053ZD2/2022,737,763
hCoV-19/England/PHEC-4U053ZB4/2022,737,763
hCoV-19/England/PHEC-4U053ZA5/2022,737,763
hCoV-19/England/PHEC-4U053Z96/2022,737,763
hCoV-19/England/PHEC-4U053Z87/2022,737,763
hCoV-19/England/PHEC-4U053Z78/2022,737,763
hCoV-19/England/PHEC-4U053Z69/2022,737,763
hCoV-19/England/PHEC-4U053Z5A/2022,737,763
hCoV-19/England/PHEC-4U053Z4B/2022,737,763
hCoV-19/England/PHEC-4U053Z2D/2022,737,763
hCoV-19/England/PHEC-4U053Z1E/2022,737,763
hCoV-19/England/PHEC-4U053Z0F/2022,737,763
hCoV-19/England/PHEC-4U052ZF3/2022,737,763
hCoV-19/England/PHEC-4U052ZE4/2022,737,763
hCoV-19/England/PHEC-4U052ZD5/2022,737,763
hCoV-19/England/PHEC-4U052ZC6/2022,737,763
hCoV-19/England/PHEC-4U052ZB7/2022,737,763
hCoV-19/England/PHEC-4U052ZA8/2022,737,763
hCoV-19/England/PHEC-4S0B2Z39/2022,737,763
hCoV-19/England/PHEC-4R0BFZ41/2022,737,760
hCoV-19/England/NORW-3154C13/2022,737,774
hCoV-19/England/NORW-313B3E4/2022,737,761
hCoV-19/England/NORT-YBUWGA/2022,737,758
hCoV-19/England/NORT-YBU1QK/2022,737,758
hCoV-19/England/NORT-YBID36/2022,737,759
hCoV-19/England/NORT-YB198P/2022,737,756
hCoV-19/England/NEWC-3188947/2022,737,745
hCoV-19/England/NEWC-3186484/2022,737,745
hCoV-19/England/MILK-31C5C27/2022,737,746
hCoV-19/England/MILK-31B1CF1/2022,737,747
hCoV-19/England/MILK-31AF34C/2022,737,749
hCoV-19/England/MILK-319F6EC/2022,737,745
hCoV-19/England/MILK-319B307/2022,737,749
hCoV-19/England/MILK-3189120/2022,737,744
hCoV-19/England/MILK-318906F/2022,737,744
hCoV-19/England/MILK-3188F18/2022,737,744
hCoV-19/England/MILK-317B464/2022,737,744
hCoV-19/England/MILK-317A386/2022,737,744
hCoV-19/England/MILK-3179BAD/2022,737,744
hCoV-19/England/MILK-3179A46/2022,737,744
hCoV-19/England/MILK-3174735/2022,737,744
hCoV-19/England/MILK-3171F30/2022,737,744
hCoV-19/England/MILK-316FB9B/2022,737,744
hCoV-19/England/MILK-316F630/2022,737,744
hCoV-19/England/LSPA-3216822/2022,737,749
hCoV-19/England/LSPA-32100B7/2022,737,748
hCoV-19/England/LSPA-320C9D1/2022,737,748
hCoV-19/England/LSPA-320557A/2022,737,751
hCoV-19/England/LSPA-32051A3/2022,737,751
hCoV-19/England/LSPA-3204FE6/2022,737,751
hCoV-19/England/LSPA-31FBFB6/2022,737,749
hCoV-19/England/LSPA-31F79AD/2022,737,747
hCoV-19/England/LSPA-31EB6C3/2022,737,747
hCoV-19/England/LSPA-31E7A07/2022,737,747
hCoV-19/England/LOND-YYBD9Y4/2022,737,774
hCoV-19/England/DHSC-CYYE64T/2022,737,786
hCoV-19/England/DHSC-CYNZ1TQ/2022,737,786
hCoV-19/England/DHSC-CYNRJR3/2022,737,786
hCoV-19/England/DHSC-CYNHBKR/2022,737,786
hCoV-19/England/DHSC-CYN3C9W/2022,737,786
hCoV-19/England/DHSC-CYN1O1A/2022,737,831
hCoV-19/England/DHSC-CYDS4KS/2022,737,786
hCoV-19/England/DHSC-CYDFSHA/2022,737,786
hCoV-19/England/DHSC-CYBUI8J/2022,737,786
hCoV-19/England/DHSC-CYBN1EP/2022,737,831
hCoV-19/England/DHSC-CYBIPTA/2022,737,786
hCoV-19/England/DHSC-CYBFHTK/2022,737,786
hCoV-19/England/DHSC-CYBEBSI/2022,737,786
hCoV-19/England/DHSC-CYB4Y6B/2022,737,786
hCoV-19/England/BRBR-31DC3CE/2022,737,747
hCoV-19/England/BRBR-31D9482/2022,737,746
hCoV-19/England/BRBR-319C8F8/2022,737,745
hCoV-19/England/BRBR-319C7EC/2022,737,745
hCoV-19/England/BRBR-318F63A/2022,737,745
hCoV-19/England/ALDP-320FD4B/2022,737,749
hCoV-19/England/ALDP-31D8ED0/2022,737,746
hCoV-19/England/ALDP-31D7879/2022,737,746
hCoV-19/England/ALDP-31B5C2A/2022,737,749
hCoV-19/England/ALDP-31B1ABB/2022,737,747
hCoV-19/England/ALDP-31B01D5/2022,737,749
hCoV-19/England/ALDP-317AEEF/2022,737,744
hCoV-19/England/ALDP-317AD5B/2022,737,744
hCoV-19/England/ALDP-31718AE/2022,737,744
hCoV-19/England/ALDP-31717DE/2022,737,744
hCoV-19/England/ALDP-31716C2/2022,737,744
hCoV-19/Wales/PHWC-P8KC8T/2022,738,760
hCoV-19/Wales/PHWC-P8JKTY/2022,738,758
hCoV-19/Wales/PHWC-P8JCZ1/2022,738,758
hCoV-19/Wales/PHWC-P8ET8O/2022,738,758
hCoV-19/Wales/PHWC-P8ES1W/2022,738,758
hCoV-19/Wales/PHWC-P8CKOH/2022,738,765
hCoV-19/Scotland/MILK-31C701A/2022,738,749
hCoV-19/Scotland/MILK-31B2BC6/2022,738,749
hCoV-19/Scotland/MILK-31B28CF/2022,738,749
hCoV-19/Scotland/MILK-31B27E0/2022,738,749
hCoV-19/Scotland/MILK-31B11A7/2022,738,748
hCoV-19/Scotland/MILK-31A57FF/2022,738,745
hCoV-19/Scotland/MILK-31A5777/2022,738,745
hCoV-19/Scotland/MILK-31A574A/2022,738,745
hCoV-19/Scotland/MILK-31A56D4/2022,738,745
hCoV-19/Scotland/EDB38094/2022,738,765
hCoV-19/England/QEUH-320EB60/2022,738,749
hCoV-19/England/QEUH-3206B0E/2022,738,749
hCoV-19/England/QEUH-31F0C05/2022,738,747
hCoV-19/England/PLYM-322650A/2022,738,749
hCoV-19/England/PHWC-P8EQYB/2022,738,758
hCoV-19/England/PHWC-P8EIPY/2022,738,758
hCoV-19/England/PHEC-YYNYPOO/2022,738,758
hCoV-19/England/PHEC-YYNYHXR/2022,738,758
hCoV-19/England/PHEC-YYNYH5M/2022,738,758
hCoV-19/England/PHEC-YYNRTF5/2022,738,762
hCoV-19/England/PHEC-YYNROQK/2022,738,762
hCoV-19/England/PHEC-YYNCFHE/2022,738,778
hCoV-19/England/PHEC-YYNARYJ/2022,738,791
hCoV-19/England/PHEC-YYN8P5C/2022,738,768
hCoV-19/England/PHEC-YYB9WTJ/2022,738,757
hCoV-19/England/PHEC-YYB9WS9/2022,738,757
hCoV-19/England/PHEC-YYB9W33/2022,738,757
hCoV-19/England/PHEC-YYB9IG9/2022,738,757
hCoV-19/England/PHEC-YYB9IFB/2022,738,757
hCoV-19/England/PHEC-YYB9IE5/2022,738,757
hCoV-19/England/PHEC-6M0A6ZB6/2022,738,826
hCoV-19/England/PHEC-6M0A5Z40/2022,738,826
hCoV-19/England/PHEC-6M0A4Z25/2022,738,826
hCoV-19/England/PHEC-6M0A3Z82/2022,738,826
hCoV-19/England/PHEC-5X06DZ2E/2022,738,807
hCoV-19/England/PHEC-5X06CZ5E/2022,738,807
hCoV-19/England/PHEC-5X06BZF7/2022,738,807
hCoV-19/England/PHEC-5X06BZE8/2022,738,807
hCoV-19/England/PHEC-5X06AZ45/2022,738,807
hCoV-19/England/PHEC-5X055Z27/2022,738,807
hCoV-19/England/PHEC-5X054ZA2/2022,738,807
hCoV-19/England/PHEC-5X054Z1B/2022,738,807
hCoV-19/England/PHEC-5X053ZB4/2022,738,807
hCoV-19/England/PHEC-5X052ZE4/2022,738,807
hCoV-19/England/PHEC-5X052Z5D/2022,738,807
hCoV-19/England/PHEC-5X052Z4E/2022,738,807
hCoV-19/England/PHEC-5X051ZC9/2022,738,807
hCoV-19/England/PHEC-5X051Z23/2022,738,807
hCoV-19/England/PHEC-5X04EZ96/2022,738,807
hCoV-19/England/PHEC-5X04AZ83/2022,738,807
hCoV-19/England/PHEC-5X048ZE3/2022,738,807
hCoV-19/England/PHEC-5X048ZC5/2022,738,807
hCoV-19/England/PHEC-5X03DZ5E/2022,738,807
hCoV-19/England/PHEC-5X03BZEB/2022,738,807
hCoV-19/England/PHEC-5X03AZC0/2022,738,807
hCoV-19/England/PHEC-5X03AZ2A/2022,738,807
hCoV-19/England/PHEC-5W042Z8B/2022,738,798
hCoV-19/England/PHEC-5W041Z51/2022,738,798
hCoV-19/England/PHEC-5U068ZF0/2022,738,785
hCoV-19/England/PHEC-5U055Z63/2022,738,785
hCoV-19/England/NORT-YNBF3R/2022,738,775
hCoV-19/England/NORT-YBUWSZ/2022,738,758
hCoV-19/England/NORT-YBUIJT/2022,738,758
hCoV-19/England/NORT-YBUI16/2022,738,758
hCoV-19/England/NORT-YBIIXB/2022,738,762
hCoV-19/England/MILK-31E97A4/2022,738,747
hCoV-19/England/MILK-31E27E7/2022,738,747
hCoV-19/England/MILK-31BA742/2022,738,746
hCoV-19/England/MILK-31B6B95/2022,738,747
hCoV-19/England/MILK-31B688F/2022,738,747
hCoV-19/England/MILK-31B4933/2022,738,746
hCoV-19/England/MILK-31B3F41/2022,738,746
hCoV-19/England/MILK-31A6EBD/2022,738,745
hCoV-19/England/MILK-319D7DC/2022,738,745
hCoV-19/England/MILK-319B325/2022,738,745
hCoV-19/England/MILK-319B11C/2022,738,745
hCoV-19/England/MILK-319AFAA/2022,738,745
hCoV-19/England/LSPA-329B290/2022,738,752
hCoV-19/England/LSPA-326F884/2022,738,750
hCoV-19/England/LSPA-3224D5F/2022,738,749
hCoV-19/England/LSPA-32208BC/2022,738,748
hCoV-19/England/LSPA-3218565/2022,738,748
hCoV-19/England/LSPA-320117A/2022,738,748
hCoV-19/England/DHSC-CYYSAUE/2022,738,786
hCoV-19/England/DHSC-CYYJXC5/2022,738,786
hCoV-19/England/DHSC-CYYJ6J1/2022,738,786
hCoV-19/England/DHSC-CYNSOFM/2022,738,831
hCoV-19/England/DHSC-CYNQX1N/2022,738,786
hCoV-19/England/DHSC-CYNAJJG/2022,738,786
hCoV-19/England/DHSC-CYN5HS1/2022,738,786
hCoV-19/England/DHSC-CYDPH7Y/2022,738,786
hCoV-19/England/DHSC-CYDP8GR/2022,738,831
hCoV-19/England/DHSC-CYDHSYN/2022,738,786
hCoV-19/England/DHSC-CYDFHXP/2022,738,786
hCoV-19/England/DHSC-CYD5W98/2022,738,786
hCoV-19/England/DHSC-CYD4SW7/2022,738,786
hCoV-19/England/DHSC-CYBKEBI/2022,738,786
hCoV-19/England/BRBR-31DD64C/2022,738,747
hCoV-19/England/BRBR-31D92B5/2022,738,746
hCoV-19/England/BRBR-31D922E/2022,738,746
hCoV-19/England/BRBR-31D8948/2022,738,746
hCoV-19/England/BRBR-31A9834/2022,738,745
hCoV-19/England/BRBR-31A9667/2022,738,745
hCoV-19/England/ALDP-320FDC3/2022,738,749
hCoV-19/England/ALDP-31D8F46/2022,738,746
hCoV-19/England/ALDP-31BF72F/2022,738,746
hCoV-19/England/ALDP-31BA9E2/2022,738,746
