hCoV-19/England/PHEC-YY8KSDJ/2022,1019,1041
hCoV-19/England/PHEC-YY8JTQ4/2022,1019,1038
hCoV-19/England/PHEC-YY8JBW7/2022,1019,1036
hCoV-19/England/PHEC-YY8GZQ4/2022,1019,1034
hCoV-19/England/PHEC-YY8GZMY/2022,1019,1034
hCoV-19/England/PHEC-YY8GZKN/2022,1019,1034
hCoV-19/England/PHEC-YY8GXWI/2022,1019,1034
hCoV-19/England/PHEC-YY8GX7D/2022,1019,1034
hCoV-19/England/PHEC-YY8GWU1/2022,1019,1034
hCoV-19/England/PHEC-YY8GWSC/2022,1019,1034
hCoV-19/England/PHEC-YY8GW4R/2022,1019,1034
hCoV-19/England/PHEC-YY8GUY4/2022,1019,1034
hCoV-19/England/PHEC-YY8GUFO/2022,1019,1034
hCoV-19/England/PHEC-YY8GUBA/2022,1019,1034
hCoV-19/England/PHEC-YY8GUAJ/2022,1019,1034
hCoV-19/England/PHEC-YY8GS11/2022,1019,1034
hCoV-19/England/PHEC-YY8GORI/2022,1019,1034
hCoV-19/England/PHEC-YY8GON3/2022,1019,1034
hCoV-19/England/PHEC-YY8GKD7/2022,1019,1034
hCoV-19/England/PHEC-YY8GJ9F/2022,1019,1034
hCoV-19/England/PHEC-YY8GEZS/2022,1019,1034
hCoV-19/England/PHEC-YY8GEI4/2022,1019,1034
hCoV-19/England/PHEC-YY8GEBD/2022,1019,1034
hCoV-19/England/PHEC-YY8GE7K/2022,1019,1034
hCoV-19/England/PHEC-YY8GAZG/2022,1019,1034
hCoV-19/England/PHEC-YY8GAWC/2022,1019,1034
hCoV-19/England/PHEC-YY8GAHH/2022,1019,1034
hCoV-19/England/PHEC-YY8GA3N/2022,1019,1034
hCoV-19/England/PHEC-YY8G898/2022,1019,1034
hCoV-19/England/PHEC-YY8G3YW/2022,1019,1034
hCoV-19/England/PHEC-YY8G1Q9/2022,1019,1034
hCoV-19/England/PHEC-YY8G1FT/2022,1019,1034
hCoV-19/England/PHEC-YY8EHZ6/2022,1019,1036
hCoV-19/England/PHEC-YY8EHSY/2022,1019,1036
hCoV-19/England/PHEC-YY8EHJ5/2022,1019,1036
hCoV-19/England/PHEC-YY8E74Z/2022,1019,1036
hCoV-19/England/PHEC-YY8JTC6/2022,1020,1038
hCoV-19/England/PHEC-YY8JTBW/2022,1020,1038
hCoV-19/England/PHEC-YY8JGET/2022,1020,1037
hCoV-19/England/PHEC-YY8JCX7/2022,1020,1037
hCoV-19/England/PHEC-YY8J1YI/2022,1020,1038
hCoV-19/England/PHEC-YY8J1P5/2022,1020,1038
hCoV-19/England/PHEC-YY8GZPH/2022,1020,1034
hCoV-19/England/PHEC-YY8GZN1/2022,1020,1034
hCoV-19/England/PHEC-YY8GZEG/2022,1020,1034
hCoV-19/England/PHEC-YY8GZ8E/2022,1020,1034
hCoV-19/England/PHEC-YY8GZ59/2022,1020,1034
hCoV-19/England/PHEC-YY8GU67/2022,1020,1034
hCoV-19/England/PHEC-YY8GSFP/2022,1020,1034
hCoV-19/England/PHEC-YY8GSC9/2022,1020,1034
hCoV-19/England/PHEC-YY8GS64/2022,1020,1034
hCoV-19/England/PHEC-YY8GJGA/2022,1020,1034
hCoV-19/England/PHEC-YY8GIUT/2022,1020,1034
hCoV-19/England/PHEC-YY8GI77/2022,1020,1034
hCoV-19/England/PHEC-YY8GI1U/2022,1020,1034
hCoV-19/England/PHEC-YY8GA88/2022,1020,1034
hCoV-19/England/PHEC-YY8EPGO/2022,1020,1034
hCoV-19/England/PHEC-YY8EMY6/2022,1020,1034
hCoV-19/England/PHEC-YY8EMT5/2022,1020,1034
hCoV-19/England/PHEC-YY8EMO7/2022,1020,1034
hCoV-19/England/PHEC-YY8EMKK/2022,1020,1034
hCoV-19/England/PHEC-YY8EMJC/2022,1020,1034
hCoV-19/England/PHEC-YY8EMDA/2022,1020,1034
hCoV-19/England/PHEC-YY8EMBH/2022,1020,1034
hCoV-19/England/PHEC-YY8EMAP/2022,1020,1034
hCoV-19/England/PHEC-YY8EKXB/2022,1020,1034
hCoV-19/England/PHEC-YY8EKN5/2022,1020,1034
hCoV-19/England/PHEC-YY8EKMJ/2022,1020,1034
hCoV-19/England/PHEC-YY8EKJP/2022,1020,1034
hCoV-19/England/PHEC-YY8EKAQ/2022,1020,1034
hCoV-19/England/PHEC-YY8E7J4/2022,1020,1036
hCoV-19/England/PHEC-YY8POR8/2022,1021,1055
hCoV-19/England/PHEC-YY8JX3F/2022,1021,1038
hCoV-19/England/PHEC-YY8JTWP/2022,1021,1038
hCoV-19/England/PHEC-YY8JQX5/2022,1021,1038
hCoV-19/England/PHEC-YY8JQMD/2022,1021,1038
hCoV-19/England/PHEC-YY8JQJ8/2022,1021,1038
hCoV-19/England/PHEC-YY8JQCB/2022,1021,1038
hCoV-19/England/PHEC-YY8JOZE/2022,1021,1038
hCoV-19/England/PHEC-YY8JOQ5/2022,1021,1038
hCoV-19/England/PHEC-YY8JOMB/2022,1021,1038
hCoV-19/England/PHEC-YY8JOFP/2022,1021,1038
hCoV-19/England/PHEC-YY8JOE8/2022,1021,1038
hCoV-19/England/PHEC-YY8JHDF/2022,1021,1038
hCoV-19/England/PHEC-YY8JF6F/2022,1021,1037
hCoV-19/England/PHEC-YY8JEO6/2022,1021,1037
hCoV-19/England/PHEC-YY8JEB7/2022,1021,1037
hCoV-19/England/PHEC-YY8JCNZ/2022,1021,1037
hCoV-19/England/PHEC-YY8JCK8/2022,1021,1037
hCoV-19/England/PHEC-YY8JC8P/2022,1021,1037
hCoV-19/England/PHEC-YY8J8RA/2022,1021,1037
hCoV-19/England/PHEC-YY8J8EO/2022,1021,1037
hCoV-19/England/PHEC-YY8J1WC/2022,1021,1038
hCoV-19/England/PHEC-YY8J1OW/2022,1021,1038
hCoV-19/England/PHEC-YY8J1JD/2022,1021,1038
hCoV-19/England/PHEC-YY8EPUI/2022,1021,1034
hCoV-19/England/PHEC-YY8EPCR/2022,1021,1034
hCoV-19/England/PHEC-YY8EP1Z/2022,1021,1034
hCoV-19/England/PHEC-YY8EMUZ/2022,1021,1034
hCoV-19/England/PHEC-YY8EMRS/2022,1021,1034
hCoV-19/England/PHEC-YY8EMPR/2022,1021,1034
hCoV-19/England/PHEC-YY8EMIU/2022,1021,1034
hCoV-19/England/PHEC-YY8EMG1/2022,1021,1034
hCoV-19/England/PHEC-YY8EM8O/2022,1021,1034
hCoV-19/England/PHEC-YY8EKUA/2022,1021,1034
hCoV-19/England/PHEC-YY8EKS1/2022,1021,1034
hCoV-19/England/PHEC-YY8EKQD/2022,1021,1034
hCoV-19/England/PHEC-YY8EK8T/2022,1021,1034
hCoV-19/England/PHEC-YY8EK7R/2022,1021,1034
hCoV-19/England/PHEC-YY8EK6N/2022,1021,1034
hCoV-19/England/PHEC-YY8EK4K/2022,1021,1034
hCoV-19/England/PHEC-YY8EK3C/2022,1021,1034
hCoV-19/England/PHEC-YY8EHD8/2022,1021,1036
hCoV-19/England/PHEC-YY8JXSM/2022,1022,1038
hCoV-19/England/PHEC-YY8JXP6/2022,1022,1038
hCoV-19/England/PHEC-YY8JXKR/2022,1022,1038
hCoV-19/England/PHEC-YY8JX5B/2022,1022,1038
hCoV-19/England/PHEC-YY8JTSJ/2022,1022,1038
hCoV-19/England/PHEC-YY8JTOI/2022,1022,1038
hCoV-19/England/PHEC-YY8JTN1/2022,1022,1038
hCoV-19/England/PHEC-YY8JTKN/2022,1022,1038
hCoV-19/England/PHEC-YY8JTEG/2022,1022,1038
hCoV-19/England/PHEC-YY8JT63/2022,1022,1038
hCoV-19/England/PHEC-YY8JRKX/2022,1022,1036
hCoV-19/England/PHEC-YY8JQSC/2022,1022,1038
hCoV-19/England/PHEC-YY8JQBZ/2022,1022,1038
hCoV-19/England/PHEC-YY8JPXH/2022,1022,1037
hCoV-19/England/PHEC-YY8JPR1/2022,1022,1037
hCoV-19/England/PHEC-YY8JPJE/2022,1022,1037
hCoV-19/England/PHEC-YY8JPFO/2022,1022,1037
hCoV-19/England/PHEC-YY8JPEK/2022,1022,1037
hCoV-19/England/PHEC-YY8JP79/2022,1022,1038
hCoV-19/England/PHEC-YY8JP67/2022,1022,1038
hCoV-19/England/PHEC-YY8JP5D/2022,1022,1038
hCoV-19/England/PHEC-YY8JP4F/2022,1022,1038
hCoV-19/England/PHEC-YY8JOTW/2022,1022,1038
hCoV-19/England/PHEC-YY8JOKD/2022,1022,1038
hCoV-19/England/PHEC-YY8JOIC/2022,1022,1038
hCoV-19/England/PHEC-YY8JOGM/2022,1022,1038
hCoV-19/England/PHEC-YY8JOBI/2022,1022,1038
hCoV-19/England/PHEC-YY8JO64/2022,1022,1038
hCoV-19/England/PHEC-YY8JG5K/2022,1022,1037
hCoV-19/England/PHEC-YY8JEXB/2022,1022,1037
hCoV-19/England/PHEC-YY8JERZ/2022,1022,1037
hCoV-19/England/PHEC-YY8JEQD/2022,1022,1037
hCoV-19/England/PHEC-YY8JEPF/2022,1022,1037
hCoV-19/England/PHEC-YY8JEMJ/2022,1022,1037
hCoV-19/England/PHEC-YY8JCZC/2022,1022,1037
hCoV-19/England/PHEC-YY8JCTA/2022,1022,1037
hCoV-19/England/PHEC-YY8JCSQ/2022,1022,1037
hCoV-19/England/PHEC-YY8JCO4/2022,1022,1037
hCoV-19/England/PHEC-YY8JCB3/2022,1022,1037
hCoV-19/England/PHEC-YY8J9EA/2022,1022,1038
hCoV-19/England/PHEC-YY8J8XN/2022,1022,1037
hCoV-19/England/PHEC-YY8J6Z4/2022,1022,1038
hCoV-19/England/PHEC-YY8J5GY/2022,1022,1038
hCoV-19/England/LOND-YYBKAED/2022,1022,1045
hCoV-19/England/PHEC-YY8KYU6/2022,1023,1041
hCoV-19/England/PHEC-YY8KYJU/2022,1023,1041
hCoV-19/England/PHEC-YY8KYBD/2022,1023,1041
hCoV-19/England/PHEC-YY8JXCY/2022,1023,1038
hCoV-19/England/PHEC-YY8JXBS/2022,1023,1038
hCoV-19/England/PHEC-YY8JX65/2022,1023,1038
hCoV-19/England/PHEC-YY8JX4D/2022,1023,1038
hCoV-19/England/PHEC-YY8JT9Z/2022,1023,1038
hCoV-19/England/PHEC-YY8JQZK/2022,1023,1038
hCoV-19/England/PHEC-YY8JPY4/2022,1023,1037
hCoV-19/England/PHEC-YY8JPO3/2022,1023,1037
hCoV-19/England/PHEC-YY8JPDW/2022,1023,1037
hCoV-19/England/PHEC-YY8JP8C/2022,1023,1037
hCoV-19/England/PHEC-YY8JORX/2022,1023,1038
hCoV-19/England/PHEC-YY8JOP7/2022,1023,1038
hCoV-19/England/PHEC-YY8JOAG/2022,1023,1038
hCoV-19/England/PHEC-YY8JMHD/2022,1023,1037
hCoV-19/England/PHEC-YY8JMB4/2022,1023,1037
hCoV-19/England/PHEC-YY8JM97/2022,1023,1037
hCoV-19/England/PHEC-YY8JM5F/2022,1023,1037
hCoV-19/England/PHEC-YY8JHRD/2022,1023,1038
hCoV-19/England/PHEC-YY8JHFB/2022,1023,1038
hCoV-19/England/PHEC-YY8JH87/2022,1023,1038
hCoV-19/England/PHEC-YY8JH5W/2022,1023,1038
hCoV-19/England/PHEC-YY8JCW1/2022,1023,1037
hCoV-19/England/PHEC-YY8JCJJ/2022,1023,1037
hCoV-19/England/PHEC-YY8JC7Y/2022,1023,1037
hCoV-19/England/PHEC-YY8JC3E/2022,1023,1037
hCoV-19/England/PHEC-YY8J8JQ/2022,1023,1037
hCoV-19/England/PHEC-YY8J5FN/2022,1023,1038
hCoV-19/England/PHEC-YY8KYD9/2022,1024,1041
hCoV-19/England/PHEC-YY8KW91/2022,1024,1041
hCoV-19/England/PHEC-YY8KW4H/2022,1024,1041
hCoV-19/England/PHEC-YY8KJKE/2022,1024,1041
hCoV-19/England/PHEC-YY8KBW5/2022,1024,1041
hCoV-19/England/PHEC-YY8KBNY/2022,1024,1041
hCoV-19/England/PHEC-YY8KBD6/2022,1024,1041
hCoV-19/England/PHEC-YY8K784/2022,1024,1044
hCoV-19/England/PHEC-YY8JTPH/2022,1024,1038
hCoV-19/England/PHEC-YY8JTMY/2022,1024,1038
hCoV-19/England/PHEC-YY8JTJR/2022,1024,1038
hCoV-19/England/PHEC-YY8JT8E/2022,1024,1038
hCoV-19/England/PHEC-YY8JQIQ/2022,1024,1038
hCoV-19/England/PHEC-YY8JHTE/2022,1024,1038
hCoV-19/England/PHEC-YY8JHOK/2022,1024,1038
hCoV-19/England/PHEC-YY8JHE5/2022,1024,1038
hCoV-19/England/PHEC-YY8JH9C/2022,1024,1038
hCoV-19/England/PHEC-YY8JH7O/2022,1024,1038
hCoV-19/England/PHEC-YY8JH1G/2022,1024,1038
hCoV-19/England/PHEC-YY8JC5R/2022,1024,1037
hCoV-19/England/PHEC-YY8J9TF/2022,1024,1041
hCoV-19/England/PHEC-YY8J9M1/2022,1024,1038
hCoV-19/England/PHEC-YY8J9AZ/2022,1024,1041
hCoV-19/England/PHEC-YY8J984/2022,1024,1038
hCoV-19/England/PHEC-YY8J97P/2022,1024,1041
hCoV-19/England/PHEC-YY8J91D/2022,1024,1041
hCoV-19/England/PHEC-YY8J7XC/2022,1024,1038
hCoV-19/England/PHEC-YY8J7WB/2022,1024,1038
hCoV-19/England/PHEC-YY8J7OJ/2022,1024,1038
hCoV-19/England/PHEC-YY8J7KS/2022,1024,1038
hCoV-19/England/PHEC-YY8J78H/2022,1024,1038
hCoV-19/England/PHEC-YY8J5UF/2022,1024,1038
hCoV-19/England/PHEC-YY8J1T1/2022,1024,1038
hCoV-19/England/PHEC-YY8J1RP/2022,1024,1038
hCoV-19/England/PHEC-YY8J1Q3/2022,1024,1038
hCoV-19/England/PHEC-YY8J1KB/2022,1024,1038
hCoV-19/England/PHEC-YY8J1FM/2022,1024,1038
hCoV-19/England/PHEC-YY8POFF/2022,1025,1055
hCoV-19/England/PHEC-YY8KYOR/2022,1025,1041
hCoV-19/England/PHEC-YY8KSA6/2022,1025,1041
hCoV-19/England/PHEC-YY8KBRH/2022,1025,1041
hCoV-19/England/PHEC-YY8KBEW/2022,1025,1041
hCoV-19/England/PHEC-YY8KBCC/2022,1025,1041
hCoV-19/England/PHEC-YY8JHXP/2022,1025,1038
hCoV-19/England/PHEC-YY8JHPT/2022,1025,1038
hCoV-19/England/PHEC-YY8JHN8/2022,1025,1038
hCoV-19/England/PHEC-YY8JHCU/2022,1025,1038
hCoV-19/England/PHEC-YY8JHBJ/2022,1025,1038
hCoV-19/England/PHEC-YY8J7S7/2022,1025,1038
hCoV-19/England/PHEC-YY8J7QQ/2022,1025,1038
hCoV-19/England/PHEC-YY8J7A3/2022,1025,1038
hCoV-19/England/PHEC-YY8J6NF/2022,1025,1038
hCoV-19/England/PHEC-YY8J6MU/2022,1025,1038
hCoV-19/England/PHEC-YY8J54Z/2022,1025,1038
hCoV-19/England/PHEC-YY8J1DX/2022,1025,1038
hCoV-19/England/PHEC-YY8J1BU/2022,1025,1038
