hCoV-19/England/PHEC-YY8XRWQ/2022,1054,1069
hCoV-19/England/PHEC-YY8XMQW/2022,1054,1070
hCoV-19/England/PHEC-YY8XMDK/2022,1054,1070
hCoV-19/England/PHEC-YY8XKSR/2022,1054,1070
hCoV-19/England/PHEC-YY8XKOO/2022,1054,1070
hCoV-19/England/PHEC-YY8XKF8/2022,1054,1070
hCoV-19/England/PHEC-YY8XJTX/2022,1054,1070
hCoV-19/England/PHEC-YY8XGIK/2022,1054,1069
hCoV-19/England/PHEC-YY8XG3N/2022,1054,1069
hCoV-19/England/PHEC-YY8XFBW/2022,1054,1069
hCoV-19/England/PHEC-YY8XCM3/2022,1054,1070
hCoV-19/England/PHEC-YY8X64E/2022,1054,1076
hCoV-19/England/PHEC-YY8T844/2022,1054,1083
hCoV-19/England/PHEC-YY8QUXC/2022,1054,1065
hCoV-19/England/PHEC-YY8QSHQ/2022,1054,1069
hCoV-19/England/PHEC-YY8QI9J/2022,1054,1069
hCoV-19/England/PHEC-YY8QASA/2022,1054,1069
hCoV-19/England/PHEC-YY8Q4W4/2022,1054,1069
hCoV-19/England/PHEC-YY8I8HQ/2022,1054,1104
hCoV-19/England/PHEC-YY8XRAG/2022,1055,1069
hCoV-19/England/PHEC-YY8XPK4/2022,1055,1070
hCoV-19/England/PHEC-YY8XMUJ/2022,1055,1070
hCoV-19/England/PHEC-YY8XKTQ/2022,1055,1070
hCoV-19/England/PHEC-YY8XKHA/2022,1055,1070
hCoV-19/England/PHEC-YY8XK7S/2022,1055,1070
hCoV-19/England/PHEC-YY8XJ9U/2022,1055,1070
hCoV-19/England/PHEC-YY8XJ47/2022,1055,1070
hCoV-19/England/PHEC-YY8XGYI/2022,1055,1069
hCoV-19/England/PHEC-YY8XGXZ/2022,1055,1069
hCoV-19/England/PHEC-YY8XGSE/2022,1055,1069
hCoV-19/England/PHEC-YY8XGHH/2022,1055,1069
hCoV-19/England/PHEC-YY8XGBU/2022,1055,1069
hCoV-19/England/PHEC-YY8XFPH/2022,1055,1069
hCoV-19/England/PHEC-YY8XF9Z/2022,1055,1069
hCoV-19/England/PHEC-YY8XF1T/2022,1055,1069
hCoV-19/England/PHEC-YY8XCWG/2022,1055,1070
hCoV-19/England/PHEC-YY8XCJ7/2022,1055,1070
hCoV-19/England/PHEC-YY8XCDJ/2022,1055,1070
hCoV-19/England/PHEC-YY8XC5A/2022,1055,1070
hCoV-19/England/PHEC-YY8X8NO/2022,1055,1069
hCoV-19/England/PHEC-YY8X8DQ/2022,1055,1069
hCoV-19/England/PHEC-YY8X1WY/2022,1055,1072
hCoV-19/England/PHEC-YY8T8TC/2022,1055,1083
hCoV-19/England/PHEC-YY8QIKW/2022,1055,1069
hCoV-19/England/PHEC-YY8O1W7/2022,1055,1079
hCoV-19/England/PHEC-YY8XTS7/2022,1056,1072
hCoV-19/England/PHEC-YY8XTKS/2022,1056,1072
hCoV-19/England/PHEC-YY8XT7X/2022,1056,1072
hCoV-19/England/PHEC-YY8XT6P/2022,1056,1072
hCoV-19/England/PHEC-YY8XT5U/2022,1056,1072
hCoV-19/England/PHEC-YY8XMIF/2022,1056,1070
hCoV-19/England/PHEC-YY8XMHZ/2022,1056,1070
hCoV-19/England/PHEC-YY8XM9T/2022,1056,1070
hCoV-19/England/PHEC-YY8XK54/2022,1056,1070
hCoV-19/England/PHEC-YY8XJY1/2022,1056,1069
hCoV-19/England/PHEC-YY8XJXW/2022,1056,1069
hCoV-19/England/PHEC-YY8XJ6I/2022,1056,1070
hCoV-19/England/PHEC-YY8XGRP/2022,1056,1069
hCoV-19/England/PHEC-YY8XGP5/2022,1056,1069
hCoV-19/England/PHEC-YY8XC7W/2022,1056,1070
hCoV-19/England/PHEC-YY8X8KY/2022,1056,1069
hCoV-19/England/PHEC-YY8X8JN/2022,1056,1069
hCoV-19/England/PHEC-YY8X6AC/2022,1056,1076
hCoV-19/England/PHEC-YY8X1XM/2022,1056,1072
hCoV-19/England/PHEC-YY8X1UN/2022,1056,1072
hCoV-19/England/PHEC-YY8X1QP/2022,1056,1072
hCoV-19/England/PHEC-YY8X1NF/2022,1056,1072
hCoV-19/England/PHEC-YY8X1JZ/2022,1056,1072
hCoV-19/England/PHEC-YY8X1HO/2022,1056,1072
hCoV-19/England/PHEC-YY8X1G7/2022,1056,1072
hCoV-19/England/PHEC-YY8X1E3/2022,1056,1072
hCoV-19/England/PHEC-YY8X14W/2022,1056,1072
hCoV-19/England/PHEC-YY8O7CD/2022,1056,1083
hCoV-19/England/LOND-YYBKHK5/2022,1056,1076
hCoV-19/England/PHEC-YY8XUBG/2022,1057,1072
hCoV-19/England/PHEC-YY8XTPO/2022,1057,1072
hCoV-19/England/PHEC-YY8XTMW/2022,1057,1072
hCoV-19/England/PHEC-YY8XTHT/2022,1057,1072
hCoV-19/England/PHEC-YY8XTE4/2022,1057,1072
hCoV-19/England/PHEC-YY8XTC1/2022,1057,1072
hCoV-19/England/PHEC-YY8XT4I/2022,1057,1072
hCoV-19/England/PHEC-YY8XT3Z/2022,1057,1072
hCoV-19/England/PHEC-YY8XKIG/2022,1057,1070
hCoV-19/England/PHEC-YY8XJUM/2022,1057,1070
hCoV-19/England/PHEC-YY8XJRK/2022,1057,1069
hCoV-19/England/PHEC-YY8XJPA/2022,1057,1069
hCoV-19/England/PHEC-YY8XJGG/2022,1057,1069
hCoV-19/England/PHEC-YY8XJEN/2022,1057,1069
hCoV-19/England/PHEC-YY8XJC4/2022,1057,1069
hCoV-19/England/PHEC-YY8XEDP/2022,1057,1069
hCoV-19/England/PHEC-YY8XCSN/2022,1057,1070
hCoV-19/England/PHEC-YY8X873/2022,1057,1069
hCoV-19/England/PHEC-YY8X7KK/2022,1057,1076
hCoV-19/England/PHEC-YY8X6X9/2022,1057,1076
hCoV-19/England/PHEC-YY8X1SH/2022,1057,1072
hCoV-19/England/PHEC-YY8X1RB/2022,1057,1072
hCoV-19/England/PHEC-YY8X1I6/2022,1057,1072
hCoV-19/England/PHEC-YY8X13S/2022,1057,1072
hCoV-19/England/PHEC-YY8ORAD/2022,1057,1076
hCoV-19/England/PHEC-YY8XUYE/2022,1058,1072
hCoV-19/England/PHEC-YY8XTUD/2022,1058,1072
hCoV-19/England/PHEC-YY8XTOJ/2022,1058,1072
hCoV-19/England/PHEC-YY8XTNG/2022,1058,1072
hCoV-19/England/PHEC-YY8XTBE/2022,1058,1072
hCoV-19/England/PHEC-YY8XT8H/2022,1058,1072
hCoV-19/England/PHEC-YY8XO9C/2022,1058,1072
hCoV-19/England/PHEC-YY8XKZN/2022,1058,1070
hCoV-19/England/PHEC-YY8XK8D/2022,1058,1070
hCoV-19/England/PHEC-YY8XH6N/2022,1058,1076
hCoV-19/England/PHEC-YY8XE8F/2022,1058,1069
hCoV-19/England/PHEC-YY8X799/2022,1058,1076
hCoV-19/England/PHEC-YY8X1TG/2022,1058,1072
hCoV-19/England/PHEC-YY8X1PX/2022,1058,1072
hCoV-19/England/PHEC-YY8X151/2022,1058,1072
hCoV-19/England/PHEC-YY8ORH5/2022,1058,1076
hCoV-19/England/PHEC-YY8OQOJ/2022,1058,1078
hCoV-19/England/PHEC-YY8ONUX/2022,1058,1076
hCoV-19/England/PHEC-YY8ONTU/2022,1058,1076
hCoV-19/England/PHEC-YY8ONKN/2022,1058,1076
hCoV-19/England/PHEC-YY8ONIM/2022,1058,1076
hCoV-19/England/PHEC-YY8ONGK/2022,1058,1076
hCoV-19/England/PHEC-YY8ON4B/2022,1058,1076
hCoV-19/England/PHEC-YY8ON1T/2022,1058,1076
hCoV-19/England/PHEC-YY8OEQW/2022,1058,1078
hCoV-19/England/PHEC-YY8OBKD/2022,1058,1076
hCoV-19/England/PHEC-YY8ZC7D/2022,1059,1107
hCoV-19/England/PHEC-YY8XO1G/2022,1059,1072
hCoV-19/England/PHEC-YY8XH9Y/2022,1059,1076
hCoV-19/England/PHEC-YY8XH4K/2022,1059,1076
hCoV-19/England/PHEC-YY8X9F1/2022,1059,1076
hCoV-19/England/PHEC-YY8X91Z/2022,1059,1076
hCoV-19/England/PHEC-YY8X7WI/2022,1059,1076
hCoV-19/England/PHEC-YY8X7UZ/2022,1059,1076
hCoV-19/England/PHEC-YY8X7EQ/2022,1059,1076
hCoV-19/England/PHEC-YY8X65G/2022,1059,1076
hCoV-19/England/PHEC-YY8X1F9/2022,1059,1072
hCoV-19/England/PHEC-YY8X16C/2022,1059,1072
hCoV-19/England/PHEC-YY8OYQH/2022,1059,1076
hCoV-19/England/PHEC-YY8OYOZ/2022,1059,1076
hCoV-19/England/PHEC-YY8OYBS/2022,1059,1076
hCoV-19/England/PHEC-YY8OYA8/2022,1059,1076
hCoV-19/England/PHEC-YY8OXHO/2022,1059,1079
hCoV-19/England/PHEC-YY8ORYW/2022,1059,1076
hCoV-19/England/PHEC-YY8OQT8/2022,1059,1078
hCoV-19/England/PHEC-YY8OPZH/2022,1059,1078
hCoV-19/England/PHEC-YY8OPXP/2022,1059,1078
hCoV-19/England/PHEC-YY8OPA4/2022,1059,1078
hCoV-19/England/PHEC-YY8ONZ8/2022,1059,1076
hCoV-19/England/PHEC-YY8ONQ4/2022,1059,1076
hCoV-19/England/PHEC-YY8ONFC/2022,1059,1076
hCoV-19/England/PHEC-YY8OISS/2022,1059,1080
hCoV-19/England/PHEC-YY8OFJB/2022,1059,1076
hCoV-19/England/PHEC-YY8OFG8/2022,1059,1076
hCoV-19/England/PHEC-YY8OF46/2022,1059,1076
hCoV-19/England/LOND-YYBKH61/2022,1059,1083
hCoV-19/England/LOND-YYBK7BC/2022,1059,1083
hCoV-19/England/PHEC-YY8XHWS/2022,1060,1076
hCoV-19/England/PHEC-YY8XH3C/2022,1060,1076
hCoV-19/England/PHEC-YY8X9MG/2022,1060,1076
hCoV-19/England/PHEC-YY8X9AM/2022,1060,1076
hCoV-19/England/PHEC-YY8X97B/2022,1060,1076
hCoV-19/England/PHEC-YY8X7QN/2022,1060,1076
hCoV-19/England/PHEC-YY8X7ME/2022,1060,1076
hCoV-19/England/PHEC-YY8X6T4/2022,1060,1076
hCoV-19/England/PHEC-YY8X6M8/2022,1060,1076
hCoV-19/England/PHEC-YY8TWMC/2022,1060,1085
hCoV-19/England/PHEC-YY8TBFM/2022,1060,1083
hCoV-19/England/PHEC-YY8OY8K/2022,1060,1076
hCoV-19/England/PHEC-YY8ORQA/2022,1060,1076
hCoV-19/England/PHEC-YY8OQJA/2022,1060,1078
hCoV-19/England/PHEC-YY8OQ7X/2022,1060,1078
hCoV-19/England/PHEC-YY8OPUR/2022,1060,1078
hCoV-19/England/PHEC-YY8ONJR/2022,1060,1076
hCoV-19/England/PHEC-YY8ON75/2022,1060,1076
hCoV-19/England/PHEC-YY8ON63/2022,1060,1076
hCoV-19/England/PHEC-YY8OIW4/2022,1060,1080
hCoV-19/England/PHEC-YY8OHQY/2022,1060,1083
hCoV-19/England/PHEC-YY8OFQZ/2022,1060,1076
hCoV-19/England/PHEC-YY8OFP3/2022,1060,1076
hCoV-19/England/PHEC-YY8OF8F/2022,1060,1076
