hCoV-19/England/QEUH-3E2AE5A/2022,872,880
hCoV-19/England/QEUH-3E2ADB7/2022,872,880
hCoV-19/England/QEUH-3E2ACAB/2022,872,880
hCoV-19/England/PHEC-YYFPGNZ/2022,872,888
hCoV-19/England/PHEC-YYFPFHD/2022,872,888
hCoV-19/England/PHEC-YYFP5XE/2022,872,894
hCoV-19/England/PHEC-YYFCTSF/2022,872,887
hCoV-19/England/PHEC-YYFCPMY/2022,872,887
hCoV-19/England/PHEC-YYFCPJR/2022,872,887
hCoV-19/England/PHEC-YYFCP75/2022,872,887
hCoV-19/England/PHEC-YYFCMX4/2022,872,887
hCoV-19/England/PHEC-YYFCMOZ/2022,872,887
hCoV-19/England/PHEC-YYFCMBS/2022,872,887
hCoV-19/England/PHEC-YYFCM8K/2022,872,887
hCoV-19/England/PHEC-YYFCKP9/2022,872,887
hCoV-19/England/PHEC-YYFCKOA/2022,872,887
hCoV-19/England/PHEC-YYFCJQ6/2022,872,884
hCoV-19/England/PHEC-YYFC3NG/2022,872,887
hCoV-19/England/PHEC-YYFXU8H/2022,873,903
hCoV-19/England/PHEC-YYFPTUJ/2022,873,891
hCoV-19/England/PHEC-YYFPTHZ/2022,873,891
hCoV-19/England/PHEC-YYFPT9T/2022,873,891
hCoV-19/England/PHEC-YYFPRJM/2022,873,887
hCoV-19/England/PHEC-YYFPRHR/2022,873,887
hCoV-19/England/PHEC-YYFPH1Y/2022,873,894
hCoV-19/England/PHEC-YYFPGTA/2022,873,888
hCoV-19/England/PHEC-YYFPGAK/2022,873,888
hCoV-19/England/PHEC-YYFCZWD/2022,873,887
hCoV-19/England/PHEC-YYFCZUF/2022,873,887
hCoV-19/England/PHEC-YYFCSTK/2022,873,887
hCoV-19/England/PHEC-YYFCSK3/2022,873,887
hCoV-19/England/PHEC-YYFCSFD/2022,873,887
hCoV-19/England/PHEC-YYFCMKR/2022,873,887
hCoV-19/England/PHEC-YYFCKQ7/2022,873,887
hCoV-19/England/PHEC-YYFCAZH/2022,873,887
hCoV-19/England/PHEC-YYFCATE/2022,873,887
hCoV-19/England/PHEC-YYFC3A3/2022,873,887
hCoV-19/England/PHEC-YYFXWNF/2022,874,903
hCoV-19/England/PHEC-YYFXUS7/2022,874,903
hCoV-19/England/PHEC-YYFXUC1/2022,874,903
hCoV-19/England/PHEC-YYFXSY8/2022,874,903
hCoV-19/England/PHEC-YYFPTSD/2022,874,891
hCoV-19/England/PHEC-YYFPRQB/2022,874,887
hCoV-19/England/PHEC-YYFPRN3/2022,874,887
hCoV-19/England/PHEC-YYFPREP/2022,874,887
hCoV-19/England/PHEC-YYFPR8X/2022,874,887
hCoV-19/England/PHEC-YYFPR6Y/2022,874,887
hCoV-19/England/PHEC-YYFPJ3F/2022,874,888
hCoV-19/England/PHEC-YYFPGUW/2022,874,888
hCoV-19/England/PHEC-YYFPGSQ/2022,874,888
hCoV-19/England/PHEC-YYFPGJJ/2022,874,888
hCoV-19/England/PHEC-YYFPFB4/2022,874,887
hCoV-19/England/PHEC-YYFPF48/2022,874,888
hCoV-19/England/PHEC-YYFPEDU/2022,874,888
hCoV-19/England/PHEC-YYFPEAE/2022,874,888
hCoV-19/England/PHEC-YYFPD3M/2022,874,887
hCoV-19/England/PHEC-YYFCZIB/2022,874,887
hCoV-19/England/PHEC-YYFCA7O/2022,874,887
hCoV-19/England/PHEC-YYFCA6Q/2022,874,887
hCoV-19/England/PHEC-YYFCA5W/2022,874,887
hCoV-19/England/PHEC-YYFCA4S/2022,874,887
hCoV-19/England/PHEC-YYFCA3A/2022,874,887
hCoV-19/England/PHEC-YYFC3WB/2022,874,887
hCoV-19/England/PHEC-YYFC3S7/2022,874,887
hCoV-19/England/PHEC-YYFC3KS/2022,874,887
hCoV-19/England/PHEC-YYFXWTG/2022,875,903
hCoV-19/England/PHEC-YYFXUI9/2022,875,903
hCoV-19/England/PHEC-YYFXUA3/2022,875,903
hCoV-19/England/PHEC-YYFXU3Z/2022,875,903
hCoV-19/England/PHEC-YYFXU1F/2022,875,903
hCoV-19/England/PHEC-YYFXPM4/2022,875,902
hCoV-19/England/PHEC-YYFQB99/2022,875,894
hCoV-19/England/PHEC-YYFPUGN/2022,875,891
hCoV-19/England/PHEC-YYFPUE6/2022,875,891
hCoV-19/England/PHEC-YYFPUBC/2022,875,891
hCoV-19/England/PHEC-YYFPU8Y/2022,875,891
hCoV-19/England/PHEC-YYFPKIC/2022,875,888
hCoV-19/England/PHEC-YYFPKC9/2022,875,888
hCoV-19/England/PHEC-YYFPJZJ/2022,875,888
hCoV-19/England/PHEC-YYFPJWX/2022,875,888
hCoV-19/England/PHEC-YYFPGRU/2022,875,888
hCoV-19/England/PHEC-YYFPGEM/2022,875,888
hCoV-19/England/PHEC-YYFPG7Y/2022,875,888
hCoV-19/England/PHEC-YYFPG1S/2022,875,888
hCoV-19/England/PHEC-YYFPFX6/2022,875,888
hCoV-19/England/PHEC-YYFPFUI/2022,875,888
hCoV-19/England/PHEC-YYFPFT3/2022,875,888
hCoV-19/England/PHEC-YYFPF97/2022,875,888
hCoV-19/England/PHEC-YYFPEY3/2022,875,888
hCoV-19/England/PHEC-YYFPEMD/2022,875,888
hCoV-19/England/PHEC-YYFPEBZ/2022,875,888
hCoV-19/England/PHEC-YYFPDZX/2022,875,887
hCoV-19/England/PHEC-YYFP8XH/2022,875,888
hCoV-19/England/PHEC-YYFP8UU/2022,875,888
hCoV-19/England/PHEC-YYFP8TZ/2022,875,888
hCoV-19/England/PHEC-YYFP1FF/2022,875,891
hCoV-19/England/PHEC-YYFC3C1/2022,875,887
hCoV-19/England/PHEC-YYGJM96/2022,876,945
hCoV-19/England/PHEC-YYFQNRI/2022,876,894
hCoV-19/England/PHEC-YYFQBWI/2022,876,894
hCoV-19/England/PHEC-YYFPW1E/2022,876,891
hCoV-19/England/PHEC-YYFPTA9/2022,876,891
hCoV-19/England/PHEC-YYFPT6U/2022,876,891
hCoV-19/England/PHEC-YYFPT1M/2022,876,891
hCoV-19/England/PHEC-YYFPMYS/2022,876,888
hCoV-19/England/PHEC-YYFPMRQ/2022,876,888
hCoV-19/England/PHEC-YYFPKTW/2022,876,888
hCoV-19/England/PHEC-YYFPKP7/2022,876,888
hCoV-19/England/PHEC-YYFPK8J/2022,876,888
hCoV-19/England/PHEC-YYFPK11/2022,876,888
hCoV-19/England/PHEC-YYFPI7T/2022,876,891
hCoV-19/England/PHEC-YYFPEHY/2022,876,888
hCoV-19/England/PHEC-YYFPE3G/2022,876,888
hCoV-19/England/PHEC-YYFP5K1/2022,876,894
hCoV-19/England/PHEC-YYFP5FH/2022,876,894
hCoV-19/England/PHEC-YYFP3I7/2022,876,894
hCoV-19/England/PHEC-YYFP3BG/2022,876,894
hCoV-19/England/PHEC-YYFP1OQ/2022,876,891
hCoV-19/England/PHEC-YYFP19O/2022,876,891
hCoV-19/England/PHEC-YYFOTZ4/2022,876,905
hCoV-19/England/PHEC-YYGJC5F/2022,877,945
hCoV-19/England/PHEC-YYFQBT5/2022,877,894
hCoV-19/England/PHEC-YYFQBQN/2022,877,894
hCoV-19/England/PHEC-YYFPWSY/2022,877,891
hCoV-19/England/PHEC-YYFPWIN/2022,877,891
hCoV-19/England/PHEC-YYFPWAH/2022,877,891
hCoV-19/England/PHEC-YYFPU5Z/2022,877,891
hCoV-19/England/PHEC-YYFPKQ5/2022,877,888
hCoV-19/England/PHEC-YYFPIS9/2022,877,891
hCoV-19/England/PHEC-YYFPIQO/2022,877,891
hCoV-19/England/PHEC-YYFPI4Z/2022,877,891
hCoV-19/England/PHEC-YYFPE76/2022,877,888
hCoV-19/England/PHEC-YYFPE6H/2022,877,888
hCoV-19/England/PHEC-YYFPAWY/2022,877,894
hCoV-19/England/PHEC-YYFP9W3/2022,877,894
hCoV-19/England/PHEC-YYFP9U5/2022,877,894
hCoV-19/England/PHEC-YYFP9T9/2022,877,894
hCoV-19/England/PHEC-YYFP9PE/2022,877,894
hCoV-19/England/PHEC-YYFP6R5/2022,877,894
hCoV-19/England/PHEC-YYFP6ON/2022,877,894
hCoV-19/England/PHEC-YYFP4OG/2022,877,894
hCoV-19/England/PHEC-YYFP4DB/2022,877,894
hCoV-19/England/PHEC-YYFP3KW/2022,877,894
hCoV-19/England/PHEC-YYFP3HX/2022,877,894
hCoV-19/England/PHEC-YYFP36M/2022,877,894
hCoV-19/England/PHEC-YYFP1WG/2022,877,891
hCoV-19/England/PHEC-YYFOXS6/2022,877,905
hCoV-19/England/PHEC-YYGJPDI/2022,878,945
hCoV-19/England/PHEC-YYFQY9Y/2022,878,894
hCoV-19/England/PHEC-YYFQBUZ/2022,878,894
hCoV-19/England/PHEC-YYFQBIU/2022,878,894
hCoV-19/England/PHEC-YYFQB4J/2022,878,894
hCoV-19/England/PHEC-YYFPZMW/2022,878,891
hCoV-19/England/PHEC-YYFPWYP/2022,878,891
hCoV-19/England/PHEC-YYFPW89/2022,878,891
hCoV-19/England/PHEC-YYFPUZ9/2022,878,891
hCoV-19/England/PHEC-YYFPUSB/2022,878,891
hCoV-19/England/PHEC-YYFPU9X/2022,878,891
hCoV-19/England/PHEC-YYFPU7U/2022,878,891
hCoV-19/England/PHEC-YYFPKMB/2022,878,888
hCoV-19/England/PHEC-YYFPIUF/2022,878,891
hCoV-19/England/PHEC-YYFP9JO/2022,878,894
hCoV-19/England/PHEC-YYFP3Z3/2022,878,894
hCoV-19/England/PHEC-YYFP1SN/2022,878,891
hCoV-19/England/PHEC-YYFP1QU/2022,878,891
hCoV-19/England/PHEC-YYFP1IR/2022,878,891
hCoV-19/England/PHEC-YYFP1A6/2022,878,891
hCoV-19/England/PHEC-YYFP13H/2022,878,891
hCoV-19/England/PHEC-YYFOXZH/2022,878,905
hCoV-19/England/PHEC-YYFOXA4/2022,878,905
hCoV-19/England/PHEC-YYFOKPS/2022,878,904
hCoV-19/England/PHEC-YYFOJOO/2022,878,904
hCoV-19/England/PHEC-YYFOJGF/2022,878,904
