hCoV-19/England/PHEC-YYFWSMG/2022,900,915
hCoV-19/England/PHEC-YYFWRYQ/2022,900,915
hCoV-19/England/PHEC-YYFWNIF/2022,900,915
hCoV-19/England/PHEC-YYFWNCA/2022,900,915
hCoV-19/England/PHEC-YYFWNA9/2022,900,915
hCoV-19/England/PHEC-YYFWM1N/2022,900,915
hCoV-19/England/PHEC-YYFWIZQ/2022,900,915
hCoV-19/England/PHEC-YYFWIHR/2022,900,915
hCoV-19/England/PHEC-YYFWIAC/2022,900,915
hCoV-19/England/PHEC-YYFWI96/2022,900,915
hCoV-19/England/PHEC-YYFWI5G/2022,900,915
hCoV-19/England/PHEC-YYFUZPD/2022,900,915
hCoV-19/England/PHEC-YYFUZEP/2022,900,915
hCoV-19/England/PHEC-YYFUSAP/2022,900,912
hCoV-19/England/PHEC-YYFUAB4/2022,900,915
hCoV-19/England/PHEC-YYFU3GX/2022,900,915
hCoV-19/England/PHEC-YYFU1W3/2022,900,912
hCoV-19/England/PHEC-YYFU1SI/2022,900,912
hCoV-19/England/PHEC-YYFU19D/2022,900,912
hCoV-19/England/PHEC-YYFICRH/2022,900,917
hCoV-19/England/PHEC-YYFICJ1/2022,900,917
hCoV-19/England/PHEC-YYFICF4/2022,900,917
hCoV-19/England/PHEC-YYF3CMG/2022,900,924
hCoV-19/England/PHEC-YYFWU14/2022,901,915
hCoV-19/England/PHEC-YYFWSKE/2022,901,915
hCoV-19/England/PHEC-YYFWRNK/2022,901,915
hCoV-19/England/PHEC-YYFWRBC/2022,901,915
hCoV-19/England/PHEC-YYFWNDK/2022,901,915
hCoV-19/England/PHEC-YYFWMUY/2022,901,915
hCoV-19/England/PHEC-YYFWMIH/2022,901,915
hCoV-19/England/PHEC-YYFWKNR/2022,901,915
hCoV-19/England/PHEC-YYFWKF6/2022,901,915
hCoV-19/England/PHEC-YYFWK84/2022,901,915
hCoV-19/England/PHEC-YYFWIRI/2022,901,915
hCoV-19/England/PHEC-YYFWI1A/2022,901,915
hCoV-19/England/PHEC-YYFWDXT/2022,901,915
hCoV-19/England/PHEC-YYFWDWG/2022,901,915
hCoV-19/England/PHEC-YYFWDUE/2022,901,915
hCoV-19/England/PHEC-YYFWDSN/2022,901,915
hCoV-19/England/PHEC-YYFWDQU/2022,901,915
hCoV-19/England/PHEC-YYFWDIR/2022,901,915
hCoV-19/England/PHEC-YYFWDHS/2022,901,915
hCoV-19/England/PHEC-YYFWDA6/2022,901,915
hCoV-19/England/PHEC-YYFWD9O/2022,901,915
hCoV-19/England/PHEC-YYFWD5A/2022,901,915
hCoV-19/England/PHEC-YYFWD3H/2022,901,915
hCoV-19/England/PHEC-YYFWD1K/2022,901,915
hCoV-19/England/PHEC-YYFWCK1/2022,901,915
hCoV-19/England/PHEC-YYFWBSR/2022,901,915
hCoV-19/England/PHEC-YYFUSPR/2022,901,912
hCoV-19/England/PHEC-YYFUSKK/2022,901,912
hCoV-19/England/PHEC-YYFUSJC/2022,901,912
hCoV-19/England/PHEC-YYFUSEQ/2022,901,912
hCoV-19/England/PHEC-YYFUIAQ/2022,901,912
hCoV-19/England/PHEC-YYFUI3C/2022,901,912
hCoV-19/England/PHEC-YYFU7H6/2022,901,919
hCoV-19/England/PHEC-YYFU659/2022,901,919
hCoV-19/England/PHEC-YYFS4QA/2022,901,922
hCoV-19/England/PHEC-YYFIPON/2022,901,918
hCoV-19/England/PHEC-YYFIPJT/2022,901,918
hCoV-19/England/PHEC-YYFIP8I/2022,901,918
hCoV-19/England/PHEC-YYFIC9F/2022,901,918
hCoV-19/England/PHEC-YYF4NGA/2022,901,926
hCoV-19/England/PHEC-YYF3X4R/2022,901,924
hCoV-19/England/PHEC-YYF3O5B/2022,901,924
hCoV-19/England/PHEC-YYFWUPF/2022,902,915
hCoV-19/England/PHEC-YYFWUB7/2022,902,915
hCoV-19/England/PHEC-YYFWSX6/2022,902,915
hCoV-19/England/PHEC-YYFWST3/2022,902,915
hCoV-19/England/PHEC-YYFWSRW/2022,902,915
hCoV-19/England/PHEC-YYFWSO5/2022,902,915
hCoV-19/England/PHEC-YYFWSF1/2022,902,915
hCoV-19/England/PHEC-YYFWSDS/2022,902,915
hCoV-19/England/PHEC-YYFWMXJ/2022,902,915
hCoV-19/England/PHEC-YYFWMQM/2022,902,915
hCoV-19/England/PHEC-YYFWMEZ/2022,902,915
hCoV-19/England/PHEC-YYFWKRY/2022,902,915
hCoV-19/England/PHEC-YYFWK1D/2022,902,915
hCoV-19/England/PHEC-YYFWIUS/2022,902,915
hCoV-19/England/PHEC-YYFWD7W/2022,902,915
hCoV-19/England/PHEC-YYFWCS3/2022,902,915
hCoV-19/England/PHEC-YYFWCDY/2022,902,915
hCoV-19/England/PHEC-YYFWCBR/2022,902,915
hCoV-19/England/PHEC-YYFWC7M/2022,902,919
hCoV-19/England/PHEC-YYFST6Y/2022,902,919
hCoV-19/England/PHEC-YYFIMYF/2022,902,917
hCoV-19/England/PHEC-YYFIMSA/2022,902,917
hCoV-19/England/PHEC-YYFIMG3/2022,902,917
hCoV-19/England/PHEC-YYFIMF5/2022,902,917
hCoV-19/England/PHEC-YYFIMAW/2022,902,917
hCoV-19/England/PHEC-YYFIKW7/2022,902,917
hCoV-19/England/PHEC-YYFIKTD/2022,902,917
hCoV-19/England/PHEC-YYFIKS3/2022,902,917
hCoV-19/England/PHEC-YYFIKPC/2022,902,917
hCoV-19/England/PHEC-YYFIKNN/2022,902,917
hCoV-19/England/PHEC-YYFIKDY/2022,902,917
hCoV-19/England/PHEC-YYFIK5X/2022,902,917
hCoV-19/England/PHEC-YYFIK4T/2022,902,917
hCoV-19/England/PHEC-YYFIK1B/2022,902,917
hCoV-19/England/PHEC-YYFICZI/2022,902,917
hCoV-19/England/PHEC-YYFICQE/2022,902,917
hCoV-19/England/PHEC-YYFICPK/2022,902,917
hCoV-19/England/PHEC-YYFICD6/2022,902,917
hCoV-19/England/PHEC-YYFIC19/2022,902,917
hCoV-19/England/PHEC-YYF3XJ8/2022,902,924
hCoV-19/England/PHEC-YYF3XCB/2022,902,924
hCoV-19/England/PHEC-YYF3XBZ/2022,902,924
hCoV-19/England/PHEC-YYF3TH6/2022,902,924
hCoV-19/England/PHEC-YYF3TAG/2022,902,924
hCoV-19/England/PHEC-YYFZNT8/2022,903,922
hCoV-19/England/PHEC-YYFZBUR/2022,903,922
hCoV-19/England/PHEC-YYFZBMI/2022,903,922
hCoV-19/England/PHEC-YYFZBKZ/2022,903,922
hCoV-19/England/PHEC-YYFZB3A/2022,903,922
hCoV-19/England/PHEC-YYFWUZO/2022,903,915
hCoV-19/England/PHEC-YYFWUHG/2022,903,915
hCoV-19/England/PHEC-YYFWUEX/2022,903,915
hCoV-19/England/PHEC-YYFWUC8/2022,903,915
hCoV-19/England/PHEC-YYFWU8T/2022,903,915
hCoV-19/England/PHEC-YYFWU7R/2022,903,915
hCoV-19/England/PHEC-YYFWMHQ/2022,903,915
hCoV-19/England/PHEC-YYFWISO/2022,903,915
hCoV-19/England/PHEC-YYFWIQB/2022,903,915
hCoV-19/England/PHEC-YYFWIPD/2022,903,915
hCoV-19/England/PHEC-YYFWIN3/2022,903,915
hCoV-19/England/PHEC-YYFWIM8/2022,903,915
hCoV-19/England/PHEC-YYFWIJM/2022,903,915
hCoV-19/England/PHEC-YYFWIGT/2022,903,915
hCoV-19/England/PHEC-YYFWICF/2022,903,915
hCoV-19/England/PHEC-YYFWIB5/2022,903,915
hCoV-19/England/PHEC-YYFWI8X/2022,903,915
hCoV-19/England/PHEC-YYFSARQ/2022,903,922
hCoV-19/England/PHEC-YYFS9R8/2022,903,922
hCoV-19/England/PHEC-YYFS9QU/2022,903,922
hCoV-19/England/PHEC-YYFS9GD/2022,903,922
hCoV-19/England/PHEC-YYFS4KY/2022,903,922
hCoV-19/England/PHEC-YYFS4JN/2022,903,922
hCoV-19/England/PHEC-YYFIXZ1/2022,903,918
hCoV-19/England/PHEC-YYFIXOY/2022,903,918
hCoV-19/England/PHEC-YYFIXGI/2022,903,918
hCoV-19/England/PHEC-YYFIXCJ/2022,903,918
hCoV-19/England/PHEC-YYFIQJO/2022,903,918
hCoV-19/England/PHEC-YYFIQAT/2022,903,918
hCoV-19/England/PHEC-YYFIQ6F/2022,903,918
hCoV-19/England/PHEC-YYFIMZS/2022,903,917
hCoV-19/England/PHEC-YYFIMWH/2022,903,917
hCoV-19/England/PHEC-YYFIMTN/2022,903,917
hCoV-19/England/PHEC-YYFIMQJ/2022,903,917
hCoV-19/England/PHEC-YYFIMPM/2022,903,917
hCoV-19/England/PHEC-YYFIMOR/2022,903,917
hCoV-19/England/PHEC-YYFIMKT/2022,903,917
hCoV-19/England/PHEC-YYFIMEI/2022,903,917
hCoV-19/England/PHEC-YYFIMD9/2022,903,917
hCoV-19/England/PHEC-YYFIMCP/2022,903,917
hCoV-19/England/PHEC-YYFIM7K/2022,903,917
hCoV-19/England/PHEC-YYFIM5Q/2022,903,917
hCoV-19/England/PHEC-YYFIM4O/2022,903,917
hCoV-19/England/PHEC-YYFIKZZ/2022,903,917
hCoV-19/England/PHEC-YYFIKXE/2022,903,917
hCoV-19/England/PHEC-YYFIKR6/2022,903,917
hCoV-19/England/PHEC-YYFIKQK/2022,903,917
hCoV-19/England/PHEC-YYFIKOF/2022,903,917
hCoV-19/England/PHEC-YYFIKJW/2022,903,917
hCoV-19/England/PHEC-YYFIKI5/2022,903,917
hCoV-19/England/PHEC-YYFIKHP/2022,903,917
hCoV-19/England/PHEC-YYFIKES/2022,903,917
hCoV-19/England/PHEC-YYFIKCQ/2022,903,917
hCoV-19/England/PHEC-YYFIK98/2022,903,917
hCoV-19/England/PHEC-YYFIK8A/2022,903,917
hCoV-19/England/PHEC-YYFIK7M/2022,903,917
hCoV-19/England/PHEC-YYFIK6J/2022,903,917
hCoV-19/England/PHEC-YYFICYR/2022,903,917
hCoV-19/England/PHEC-YYFICW5/2022,903,917
hCoV-19/England/PHEC-YYFICSZ/2022,903,917
hCoV-19/England/PHEC-YYFICNY/2022,903,917
hCoV-19/England/PHEC-YYFICMQ/2022,903,917
hCoV-19/England/PHEC-YYFICI3/2022,903,917
hCoV-19/England/PHEC-YYFICBN/2022,903,917
hCoV-19/England/PHEC-YYFICAU/2022,903,917
hCoV-19/England/PHEC-YYFIC3T/2022,903,917
hCoV-19/England/PHEC-YYFAGZI/2022,903,922
hCoV-19/England/PHEC-YYFAGAU/2022,903,922
hCoV-19/England/PHEC-YYFAG5P/2022,903,922
hCoV-19/England/PHEC-YYFA8ON/2022,903,922
hCoV-19/England/PHEC-YYF4NF4/2022,903,926
hCoV-19/England/PHEC-YYF4NEW/2022,903,926
hCoV-19/England/PHEC-YYF4B5Q/2022,903,926
hCoV-19/England/PHEC-YYF3TNU/2022,903,924
hCoV-19/England/PHEC-YYF3TDT/2022,903,924
hCoV-19/England/PHEC-YYF3T64/2022,903,924
hCoV-19/England/PHEC-YYF151S/2022,903,910
hCoV-19/England/LSPA-3E81A11/2022,903,912
hCoV-19/England/PHEP-YYFGU5F/2022,904,919
hCoV-19/England/PHEC-YYFZRNR/2022,904,922
hCoV-19/England/PHEC-YYFZQZX/2022,904,922
hCoV-19/England/PHEC-YYFZNS7/2022,904,922
hCoV-19/England/PHEC-YYFZFMT/2022,904,922
hCoV-19/England/PHEC-YYFZFCX/2022,904,922
hCoV-19/England/PHEC-YYFZDTG/2022,904,922
hCoV-19/England/PHEC-YYFZD1R/2022,904,922
hCoV-19/England/PHEC-YYFZBXP/2022,904,922
hCoV-19/England/PHEC-YYFZBQX/2022,904,922
hCoV-19/England/PHEC-YYFZBIY/2022,904,922
hCoV-19/England/PHEC-YYFW3ZK/2022,904,916
hCoV-19/England/PHEC-YYFSWHB/2022,904,922
hCoV-19/England/PHEC-YYFSIX5/2022,904,922
hCoV-19/England/PHEC-YYFSHBO/2022,904,922
hCoV-19/England/PHEC-YYFS9WG/2022,904,922
hCoV-19/England/PHEC-YYFS9M3/2022,904,922
hCoV-19/England/PHEC-YYFS9FF/2022,904,922
hCoV-19/England/PHEC-YYFS61M/2022,904,922
hCoV-19/England/PHEC-YYFS4XS/2022,904,922
hCoV-19/England/PHEC-YYFS457/2022,904,922
hCoV-19/England/PHEC-YYFS3SE/2022,904,922
hCoV-19/England/PHEC-YYFS3KB/2022,904,922
hCoV-19/England/PHEC-YYFIXWA/2022,904,918
hCoV-19/England/PHEC-YYFIXT6/2022,904,918
hCoV-19/England/PHEC-YYFIXKP/2022,904,918
hCoV-19/England/PHEC-YYFIXJX/2022,904,918
hCoV-19/England/PHEC-YYFIXIS/2022,904,918
hCoV-19/England/PHEC-YYFIXET/2022,904,918
hCoV-19/England/PHEC-YYFIXD5/2022,904,918
hCoV-19/England/PHEC-YYFIQSI/2022,904,918
hCoV-19/England/PHEC-YYFIQOB/2022,904,918
hCoV-19/England/PHEC-YYFIQN6/2022,904,918
hCoV-19/England/PHEC-YYFIQMC/2022,904,918
hCoV-19/England/PHEC-YYFIQHJ/2022,904,918
hCoV-19/England/PHEC-YYFIPUH/2022,904,918
hCoV-19/England/PHEC-YYFIP7E/2022,904,918
hCoV-19/England/PHEC-YYFIP5C/2022,904,918
hCoV-19/England/PHEC-YYFIMX8/2022,904,917
hCoV-19/England/PHEC-YYFIMU6/2022,904,917
hCoV-19/England/PHEC-YYFIMI4/2022,904,917
hCoV-19/England/PHEC-YYFIM1Y/2022,904,917
hCoV-19/England/PHEC-YYFIJ6K/2022,904,917
hCoV-19/England/PHEC-YYFIHER/2022,904,919
hCoV-19/England/PHEC-YYFI3IC/2022,904,922
hCoV-19/England/PHEC-YYFAGYR/2022,904,922
hCoV-19/England/PHEC-YYFAFX8/2022,904,922
hCoV-19/England/PHEC-YYFAFNB/2022,904,922
hCoV-19/England/PHEC-YYFAFKT/2022,904,922
hCoV-19/England/PHEC-YYFAF5Q/2022,904,922
hCoV-19/England/PHEC-YYFAF4O/2022,904,922
hCoV-19/England/PHEC-YYFA8N9/2022,904,922
hCoV-19/England/PHEC-YYFA8D7/2022,904,922
hCoV-19/England/PHEC-YYF4EDA/2022,904,926
hCoV-19/England/PHEC-YYFZW77/2022,905,922
hCoV-19/England/PHEC-YYFZT4G/2022,905,922
hCoV-19/England/PHEC-YYFZSWP/2022,905,922
hCoV-19/England/PHEC-YYFZRYE/2022,905,922
hCoV-19/England/PHEC-YYFZRDN/2022,905,922
hCoV-19/England/PHEC-YYFZR5T/2022,905,922
hCoV-19/England/PHEC-YYFZIZE/2022,905,922
hCoV-19/England/PHEC-YYFZIRX/2022,905,922
hCoV-19/England/PHEC-YYFZIBI/2022,905,922
hCoV-19/England/PHEC-YYFZI4N/2022,905,922
hCoV-19/England/PHEC-YYFZFQM/2022,905,922
hCoV-19/England/PHEC-YYFZFOG/2022,905,922
hCoV-19/England/PHEC-YYFZFKU/2022,905,922
hCoV-19/England/PHEC-YYFZDXM/2022,905,922
hCoV-19/England/PHEC-YYFZDHO/2022,905,922
hCoV-19/England/PHEC-YYFZD9K/2022,905,922
hCoV-19/England/PHEC-YYFZAYW/2022,905,922
hCoV-19/England/PHEC-YYFSZRX/2022,905,922
hCoV-19/England/PHEC-YYFSZFP/2022,905,922
hCoV-19/England/PHEC-YYFSZDT/2022,905,922
hCoV-19/England/PHEC-YYFSIZK/2022,905,922
hCoV-19/England/PHEC-YYFSISC/2022,905,922
hCoV-19/England/PHEC-YYFSIOA/2022,905,922
hCoV-19/England/PHEC-YYFSIHY/2022,905,922
hCoV-19/England/PHEC-YYFSI5N/2022,905,922
hCoV-19/England/PHEC-YYFSHNQ/2022,905,922
hCoV-19/England/PHEC-YYFSHDC/2022,905,922
hCoV-19/England/PHEC-YYFSASJ/2022,905,922
hCoV-19/England/PHEC-YYFSAJR/2022,905,922
hCoV-19/England/PHEC-YYFSAH7/2022,905,922
hCoV-19/England/PHEC-YYFSA1T/2022,905,922
hCoV-19/England/PHEC-YYFS4ZF/2022,905,922
hCoV-19/England/PHEC-YYFS4P4/2022,905,922
hCoV-19/England/PHEC-YYFS4IJ/2022,905,922
hCoV-19/England/PHEC-YYFS4H5/2022,905,922
hCoV-19/England/PHEC-YYFS4ER/2022,905,922
hCoV-19/England/PHEC-YYFS473/2022,905,922
hCoV-19/England/PHEC-YYFS43B/2022,905,922
hCoV-19/England/PHEC-YYFS3ZG/2022,905,922
hCoV-19/England/PHEC-YYFS3XZ/2022,905,922
hCoV-19/England/PHEC-YYFS3RP/2022,905,922
hCoV-19/England/PHEC-YYFS3Q3/2022,905,922
hCoV-19/England/PHEC-YYFS3OW/2022,905,922
hCoV-19/England/PHEC-YYFS3M9/2022,905,922
hCoV-19/England/PHEC-YYFIXFZ/2022,905,918
hCoV-19/England/PHEC-YYFIQW3/2022,905,918
hCoV-19/England/PHEC-YYFIQPE/2022,905,918
hCoV-19/England/PHEC-YYFIQKQ/2022,905,918
hCoV-19/England/PHEC-YYFIQ8W/2022,905,918
hCoV-19/England/PHEC-YYFIQ4P/2022,905,918
hCoV-19/England/PHEC-YYFIHP4/2022,905,919
hCoV-19/England/PHEC-YYFIHM6/2022,905,919
hCoV-19/England/PHEC-YYFIHKY/2022,905,919
hCoV-19/England/PHEC-YYFIHJN/2022,905,919
hCoV-19/England/PHEC-YYFIH8G/2022,905,919
hCoV-19/England/PHEC-YYFIH57/2022,905,919
hCoV-19/England/PHEC-YYFI7P3/2022,905,919
hCoV-19/England/PHEC-YYFI5Q3/2022,905,919
hCoV-19/England/PHEC-YYFI59S/2022,905,919
hCoV-19/England/PHEC-YYFAR6J/2022,905,922
hCoV-19/England/PHEC-YYFAGU7/2022,905,922
hCoV-19/England/PHEC-YYFAGTB/2022,905,922
hCoV-19/England/PHEC-YYFAGPK/2022,905,922
hCoV-19/England/PHEC-YYFAGMQ/2022,905,922
hCoV-19/England/PHEC-YYFAGJ1/2022,905,922
hCoV-19/England/PHEC-YYFAFMX/2022,905,922
hCoV-19/England/PHEC-YYFAFCP/2022,905,922
hCoV-19/England/PHEC-YYFAFBD/2022,905,922
hCoV-19/England/PHEC-YYFAF6E/2022,905,922
hCoV-19/England/PHEC-YYFA8Q8/2022,905,922
hCoV-19/England/PHEC-YYFA8MP/2022,905,922
hCoV-19/England/PHEC-YYFA8KX/2022,905,922
hCoV-19/England/PHEC-YYFA8GZ/2022,905,922
hCoV-19/England/PHEC-YYFA8EU/2022,905,922
hCoV-19/England/PHEC-YYFA8CM/2022,905,922
hCoV-19/England/PHEC-YYF4EG1/2022,905,926
hCoV-19/England/PHEC-YYF4BAW/2022,905,926
hCoV-19/England/PHEC-YYF3WZF/2022,905,924
hCoV-19/England/PHEC-YYF3WTT/2022,905,924
hCoV-19/England/PHEC-YYF3WKY/2022,905,924
hCoV-19/England/PHEC-YYFZWZJ/2022,906,922
hCoV-19/England/PHEC-YYFZWBS/2022,906,922
hCoV-19/England/PHEC-YYFZUX5/2022,906,922
hCoV-19/England/PHEC-YYFZUSC/2022,906,922
hCoV-19/England/PHEC-YYFZUIQ/2022,906,922
hCoV-19/England/PHEC-YYFZUCB/2022,906,922
hCoV-19/England/PHEC-YYFZUBZ/2022,906,922
hCoV-19/England/PHEC-YYFZUAE/2022,906,922
hCoV-19/England/PHEC-YYFZTCD/2022,906,922
hCoV-19/England/PHEC-YYFZT3E/2022,906,922
hCoV-19/England/PHEC-YYFZSYS/2022,906,922
hCoV-19/England/PHEC-YYFZSPH/2022,906,922
hCoV-19/England/PHEC-YYFZSKN/2022,906,922
hCoV-19/England/PHEC-YYFZSC6/2022,906,922
hCoV-19/England/PHEC-YYFZRI7/2022,906,922
hCoV-19/England/PHEC-YYFZRBG/2022,906,922
hCoV-19/England/PHEC-YYFZNQQ/2022,906,922
hCoV-19/England/PHEC-YYFZN4I/2022,906,922
hCoV-19/England/PHEC-YYFZIMB/2022,906,922
hCoV-19/England/PHEC-YYFZIE8/2022,906,922
hCoV-19/England/PHEC-YYFZFND/2022,906,922
hCoV-19/England/PHEC-YYFZFJI/2022,906,922
hCoV-19/England/PHEC-YYFZFDB/2022,906,922
hCoV-19/England/PHEC-YYFZDJZ/2022,906,922
hCoV-19/England/PHEC-YYFZD7Q/2022,906,922
hCoV-19/England/PHEC-YYFZD51/2022,906,922
hCoV-19/England/PHEC-YYFZ1TZ/2022,906,922
hCoV-19/England/PHEC-YYFZ1MR/2022,906,922
hCoV-19/England/PHEC-YYFZ1EK/2022,906,922
hCoV-19/England/PHEC-YYFSZNU/2022,906,922
hCoV-19/England/PHEC-YYFSZBI/2022,906,922
hCoV-19/England/PHEC-YYFSZ8J/2022,906,922
hCoV-19/England/PHEC-YYFSW4F/2022,906,922
hCoV-19/England/PHEC-YYFSIQ7/2022,906,922
hCoV-19/England/PHEC-YYFSI8M/2022,906,922
hCoV-19/England/PHEC-YYFSI6H/2022,906,922
hCoV-19/England/PHEC-YYFSI1W/2022,906,922
hCoV-19/England/PHEC-YYFSHEN/2022,906,922
hCoV-19/England/PHEC-YYFSAUX/2022,906,922
hCoV-19/England/PHEC-YYFSATU/2022,906,922
hCoV-19/England/PHEC-YYFSAQ4/2022,906,922
hCoV-19/England/PHEC-YYFSAPH/2022,906,922
hCoV-19/England/PHEC-YYFSAMY/2022,906,922
hCoV-19/England/PHEC-YYFSAIM/2022,906,922
hCoV-19/England/PHEC-YYFSA9Z/2022,906,922
hCoV-19/England/PHEC-YYFSA75/2022,906,922
hCoV-19/England/PHEC-YYFSA4B/2022,906,922
hCoV-19/England/PHEC-YYFSA3D/2022,906,922
hCoV-19/England/PHEC-YYFS4YW/2022,906,922
hCoV-19/England/PHEC-YYFS4RC/2022,906,922
hCoV-19/England/PHEC-YYFS4FK/2022,906,922
hCoV-19/England/PHEC-YYFS4AD/2022,906,922
hCoV-19/England/PHEC-YYFS3DX/2022,906,922
hCoV-19/England/PHEC-YYFS3BU/2022,906,922
hCoV-19/England/PHEC-YYFS3AR/2022,906,922
hCoV-19/England/PHEC-YYFS36A/2022,906,922
hCoV-19/England/PHEC-YYFIQ5M/2022,906,918
hCoV-19/England/PHEC-YYFIHRC/2022,906,919
hCoV-19/England/PHEC-YYFIHAD/2022,906,919
hCoV-19/England/PHEC-YYFI7XI/2022,906,919
hCoV-19/England/PHEC-YYFI7QZ/2022,906,919
hCoV-19/England/PHEC-YYFI7K9/2022,906,919
hCoV-19/England/PHEC-YYFI7JB/2022,906,919
hCoV-19/England/PHEC-YYFI7C5/2022,906,919
hCoV-19/England/PHEC-YYFI78F/2022,906,919
hCoV-19/England/PHEC-YYFI5ZG/2022,906,919
hCoV-19/England/PHEC-YYFI5XZ/2022,906,919
hCoV-19/England/PHEC-YYFI5WC/2022,906,919
hCoV-19/England/PHEC-YYFI5UQ/2022,906,919
hCoV-19/England/PHEC-YYFI5IK/2022,906,919
hCoV-19/England/PHEC-YYFI5AR/2022,906,919
hCoV-19/England/PHEC-YYFI574/2022,906,919
hCoV-19/England/PHEC-YYFI54Y/2022,906,919
hCoV-19/England/PHEC-YYFI459/2022,906,919
hCoV-19/England/PHEC-YYFA8YD/2022,906,922
hCoV-19/England/PHEC-YYF5NR4/2022,906,929
hCoV-19/England/PHEC-YYF4BHC/2022,906,926
hCoV-19/England/PHEC-YYF3WNO/2022,906,924
hCoV-19/England/PHEC-YYF3WCH/2022,906,924
