hCoV-19/England/PHEC-YYGHAE3/2022,977,1006
hCoV-19/England/PHEC-YYG4ZHI/2022,977,994
hCoV-19/England/PHEC-YYG4ZCS/2022,977,994
hCoV-19/England/PHEC-YYG4YJU/2022,977,989
hCoV-19/England/PHEC-YYG4XSJ/2022,977,992
hCoV-19/England/PHEC-YYG4WEB/2022,977,992
hCoV-19/England/PHEC-YYG4SQU/2022,977,994
hCoV-19/England/PHEC-YYG4RT6/2022,977,992
hCoV-19/England/PHEC-YYG4RQF/2022,977,992
hCoV-19/England/PHEC-YYG4RHE/2022,977,992
hCoV-19/England/PHEC-YYG4QC9/2022,977,992
hCoV-19/England/PHEC-YYG4PIP/2022,977,992
hCoV-19/England/PHEC-YYG4ORP/2022,977,992
hCoV-19/England/PHEC-YYG4OP5/2022,977,992
hCoV-19/England/PHEC-YYG4ONT/2022,977,992
hCoV-19/England/PHEC-YYG4OKB/2022,977,992
hCoV-19/England/PHEC-YYG4OJD/2022,977,992
hCoV-19/England/PHEC-YYG4OGJ/2022,977,992
hCoV-19/England/PHEC-YYG4OFM/2022,977,992
hCoV-19/England/PHEC-YYG4OC7/2022,977,992
hCoV-19/England/PHEC-YYG4OBU/2022,977,992
hCoV-19/England/PHEC-YYG4NYD/2022,977,989
hCoV-19/England/PHEC-YYG4MHB/2022,977,992
hCoV-19/England/PHEC-YYG4MBA/2022,977,992
hCoV-19/England/PHEC-YYG4M79/2022,977,992
hCoV-19/England/PHEC-YYG4M5D/2022,977,992
hCoV-19/England/PHEC-YYG4KRU/2022,977,992
hCoV-19/England/PHEC-YYG4KQ9/2022,977,992
hCoV-19/England/PHEC-YYG4KO4/2022,977,992
hCoV-19/England/PHEC-YYG4KIO/2022,977,992
hCoV-19/England/PHEC-YYG4K8P/2022,977,992
hCoV-19/England/PHEC-YYG4K66/2022,977,992
hCoV-19/England/PHEC-YYG4K4G/2022,977,992
hCoV-19/England/PHEC-YYG4JWU/2022,977,992
hCoV-19/England/PHEC-YYG4J69/2022,977,992
hCoV-19/England/PHEC-YYG4J5F/2022,977,992
hCoV-19/England/PHEC-YYG4HRB/2022,977,995
hCoV-19/England/PHEC-YYG4GZO/2022,977,992
hCoV-19/England/PHEC-YYG4GJP/2022,977,992
hCoV-19/England/PHEC-YYG4GB7/2022,977,992
hCoV-19/England/PHEC-YYG4E96/2022,977,992
hCoV-19/England/PHEC-YYG4DPE/2022,977,992
hCoV-19/England/PHEC-YYG4D6F/2022,977,992
hCoV-19/England/PHEC-YYG4CX5/2022,977,992
hCoV-19/England/PHEC-YYG4CRT/2022,977,992
hCoV-19/England/PHEC-YYG4CKF/2022,977,992
hCoV-19/England/PHEC-YYG4BZI/2022,977,989
hCoV-19/England/PHEC-YYG4BU7/2022,977,989
hCoV-19/England/PHEC-YYG4B5P/2022,977,989
hCoV-19/England/PHEC-YYG4A6O/2022,977,994
hCoV-19/England/PHEC-YYG48HF/2022,977,992
hCoV-19/England/PHEC-YYG48G1/2022,977,992
hCoV-19/England/PHEC-YYG48EQ/2022,977,992
hCoV-19/England/PHEC-YYG47YE/2022,977,995
hCoV-19/England/PHEC-YYG45A3/2022,977,995
hCoV-19/England/PHEC-YYG3HZH/2022,977,989
hCoV-19/England/PHEC-YYG3H9C/2022,977,989
hCoV-19/England/PHEC-YYG5KOA/2022,978,999
hCoV-19/England/PHEC-YYG57R6/2022,978,1001
hCoV-19/England/PHEC-YYG4ZNK/2022,978,994
hCoV-19/England/PHEC-YYG4Z6T/2022,978,994
hCoV-19/England/PHEC-YYG4Y9G/2022,978,989
hCoV-19/England/PHEC-YYG4XWP/2022,978,992
hCoV-19/England/PHEC-YYG4XUX/2022,978,992
hCoV-19/England/PHEC-YYG4XRQ/2022,978,992
hCoV-19/England/PHEC-YYG4XN1/2022,978,992
hCoV-19/England/PHEC-YYG4XH7/2022,978,992
hCoV-19/England/PHEC-YYG4X59/2022,978,992
hCoV-19/England/PHEC-YYG4WQI/2022,978,992
hCoV-19/England/PHEC-YYG4WBX/2022,978,992
hCoV-19/England/PHEC-YYG4TAD/2022,978,992
hCoV-19/England/PHEC-YYG4T73/2022,978,992
hCoV-19/England/PHEC-YYG4T3B/2022,978,992
hCoV-19/England/PHEC-YYG4SR8/2022,978,994
hCoV-19/England/PHEC-YYG4SM3/2022,978,994
hCoV-19/England/PHEC-YYG4S7W/2022,978,994
hCoV-19/England/PHEC-YYG4S44/2022,978,994
hCoV-19/England/PHEC-YYG4S1K/2022,978,994
hCoV-19/England/PHEC-YYG4QZE/2022,978,992
hCoV-19/England/PHEC-YYG4QTW/2022,978,992
hCoV-19/England/PHEC-YYG4QSK/2022,978,992
hCoV-19/England/PHEC-YYG4QKD/2022,978,992
hCoV-19/England/PHEC-YYG4QJF/2022,978,992
hCoV-19/England/PHEC-YYG4QIC/2022,978,992
hCoV-19/England/PHEC-YYG4QH6/2022,978,992
hCoV-19/England/PHEC-YYG4QAG/2022,978,992
hCoV-19/England/PHEC-YYG4Q9A/2022,978,992
hCoV-19/England/PHEC-YYG4Q3R/2022,978,992
hCoV-19/England/PHEC-YYG4Q11/2022,978,992
hCoV-19/England/PHEC-YYG4PX4/2022,978,992
hCoV-19/England/PHEC-YYG4PUT/2022,978,992
hCoV-19/England/PHEC-YYG4PJG/2022,978,992
hCoV-19/England/PHEC-YYG4OQ3/2022,978,992
hCoV-19/England/PHEC-YYG4O88/2022,978,992
hCoV-19/England/PHEC-YYG4O56/2022,978,992
hCoV-19/England/PHEC-YYG4O1O/2022,978,992
hCoV-19/England/PHEC-YYG4KTA/2022,978,992
hCoV-19/England/PHEC-YYG4K9H/2022,978,992
hCoV-19/England/PHEC-YYG4K5R/2022,978,992
hCoV-19/England/PHEC-YYG4K1S/2022,978,992
hCoV-19/England/PHEC-YYG4JX6/2022,978,992
hCoV-19/England/PHEC-YYG4JQY/2022,978,992
hCoV-19/England/PHEC-YYG4J97/2022,978,992
hCoV-19/England/PHEC-YYG4H9K/2022,978,995
hCoV-19/England/PHEC-YYG4H7Q/2022,978,995
hCoV-19/England/PHEC-YYG4GKM/2022,978,992
hCoV-19/England/PHEC-YYG4FH8/2022,978,992
hCoV-19/England/PHEC-YYG4DKQ/2022,978,992
hCoV-19/England/PHEC-YYG4CNI/2022,978,992
hCoV-19/England/PHEC-YYG4CFX/2022,978,992
hCoV-19/England/PHEC-YYG4B19/2022,978,989
hCoV-19/England/PHEC-YYG4ABM/2022,978,994
hCoV-19/England/PHEC-YYG4A4A/2022,978,994
hCoV-19/England/PHEC-YYG9S6E/2022,979,1016
hCoV-19/England/PHEC-YYG5N3Q/2022,979,995
hCoV-19/England/PHEC-YYG4ZWF/2022,979,994
hCoV-19/England/PHEC-YYG4ZQ1/2022,979,994
hCoV-19/England/PHEC-YYG4ZMA/2022,979,994
hCoV-19/England/PHEC-YYG4XEG/2022,979,992
hCoV-19/England/PHEC-YYG4X9Z/2022,979,992
hCoV-19/England/PHEC-YYG4WTQ/2022,979,992
hCoV-19/England/PHEC-YYG4WM5/2022,979,992
hCoV-19/England/PHEC-YYG4WJ9/2022,979,992
hCoV-19/England/PHEC-YYG4WGF/2022,979,992
hCoV-19/England/PHEC-YYG4WF8/2022,979,992
hCoV-19/England/PHEC-YYG4WDM/2022,979,992
hCoV-19/England/PHEC-YYG4W1C/2022,979,992
hCoV-19/England/PHEC-YYG4TM6/2022,979,992
hCoV-19/England/PHEC-YYG4TKY/2022,979,992
hCoV-19/England/PHEC-YYG4TFK/2022,979,992
hCoV-19/England/PHEC-YYG4TDQ/2022,979,992
hCoV-19/England/PHEC-YYG4T9I/2022,979,992
hCoV-19/England/PHEC-YYG4SUE/2022,979,994
hCoV-19/England/PHEC-YYG4SOQ/2022,979,994
hCoV-19/England/PHEC-YYG4SJ7/2022,979,994
hCoV-19/England/PHEC-YYG4SHS/2022,979,994
hCoV-19/England/PHEC-YYG4SGD/2022,979,994
hCoV-19/England/PHEC-YYG4SE9/2022,979,994
hCoV-19/England/PHEC-YYG4SA6/2022,979,994
hCoV-19/England/PHEC-YYG4S61/2022,979,994
hCoV-19/England/PHEC-YYG4S3H/2022,979,994
hCoV-19/England/PHEC-YYG4QOS/2022,979,992
hCoV-19/England/PHEC-YYG4QNU/2022,979,992
hCoV-19/England/PHEC-YYG4QFP/2022,979,992
hCoV-19/England/PHEC-YYG4PSM/2022,979,992
hCoV-19/England/PHEC-YYG4PH9/2022,979,992
hCoV-19/England/PHEC-YYG4PD1/2022,979,992
hCoV-19/England/PHEC-YYG4PA8/2022,979,992
hCoV-19/England/PHEC-YYG4OWC/2022,979,992
hCoV-19/England/PHEC-YYG4OT1/2022,979,992
hCoV-19/England/PHEC-YYG4MKG/2022,979,992
hCoV-19/England/PHEC-YYG4I1M/2022,979,992
hCoV-19/England/PHEC-YYG4HZ4/2022,979,995
hCoV-19/England/PHEC-YYG4H3S/2022,979,995
hCoV-19/England/PHEC-YYG4GTH/2022,979,992
hCoV-19/England/PHEC-YYG4AYP/2022,979,994
hCoV-19/England/PHEC-YYG4AFD/2022,979,994
hCoV-19/England/PHEC-YYG47RY/2022,979,995
hCoV-19/England/PHEC-YYG47JS/2022,979,995
hCoV-19/England/PHEC-YYG47GH/2022,979,995
hCoV-19/England/PHEC-YYG4784/2022,979,995
hCoV-19/England/PHEC-YYG476M/2022,979,995
hCoV-19/England/PHEC-YYG45NG/2022,979,995
hCoV-19/England/PHEC-YYG45KS/2022,979,995
hCoV-19/England/PHEC-YYG45HT/2022,979,995
hCoV-19/England/PHEC-YYG45BE/2022,979,995
hCoV-19/England/PHEC-YYG43TJ/2022,979,995
hCoV-19/England/PHEC-YYG41XI/2022,979,992
hCoV-19/England/PHEC-YYG41UC/2022,979,992
hCoV-19/England/PHEC-YYG41SG/2022,979,992
hCoV-19/England/PHEC-YYG41RM/2022,979,992
hCoV-19/England/PHEC-YYG41M7/2022,979,992
hCoV-19/England/PHEC-YYG41K9/2022,979,992
hCoV-19/England/PHEC-YYG41JB/2022,979,992
hCoV-19/England/PHEC-YYG41IE/2022,979,992
hCoV-19/England/PHEC-YYG41BT/2022,979,992
hCoV-19/England/PHEC-YYG418F/2022,979,992
hCoV-19/England/PHEC-YYG5T47/2022,980,999
hCoV-19/England/PHEC-YYG5T1P/2022,980,999
hCoV-19/England/PHEC-YYG5QM9/2022,980,999
hCoV-19/England/PHEC-YYG5QC7/2022,980,999
hCoV-19/England/PHEC-YYG5O46/2022,980,999
hCoV-19/England/PHEC-YYG5N6R/2022,980,995
hCoV-19/England/PHEC-YYG5N4C/2022,980,995
hCoV-19/England/PHEC-YYG5JWT/2022,980,999
hCoV-19/England/PHEC-YYG5JUU/2022,980,999
hCoV-19/England/PHEC-YYG5F13/2022,980,996
hCoV-19/England/PHEC-YYG5DQR/2022,980,995
hCoV-19/England/PHEC-YYG5DMK/2022,980,995
hCoV-19/England/PHEC-YYG5DJQ/2022,980,995
hCoV-19/England/PHEC-YYG5D81/2022,980,995
hCoV-19/England/PHEC-YYG5D5J/2022,980,995
hCoV-19/England/PHEC-YYG5BDH/2022,980,995
hCoV-19/England/PHEC-YYG4ZTM/2022,980,994
hCoV-19/England/PHEC-YYG4ZK4/2022,980,994
hCoV-19/England/PHEC-YYG4XTU/2022,980,992
hCoV-19/England/PHEC-YYG4XOI/2022,980,992
hCoV-19/England/PHEC-YYG4X1T/2022,980,992
hCoV-19/England/PHEC-YYG4WK7/2022,980,992
hCoV-19/England/PHEC-YYG4W8D/2022,980,992
hCoV-19/England/PHEC-YYG4TYW/2022,980,992
hCoV-19/England/PHEC-YYG4PKR/2022,980,992
hCoV-19/England/PHEC-YYG4OYI/2022,980,992
hCoV-19/England/PHEC-YYG4OAR/2022,980,992
hCoV-19/England/PHEC-YYG4ICA/2022,980,992
hCoV-19/England/PHEC-YYG4HYJ/2022,980,995
hCoV-19/England/PHEC-YYG4H4W/2022,980,995
hCoV-19/England/PHEC-YYG4AZ6/2022,980,994
hCoV-19/England/PHEC-YYG4AWR/2022,980,994
hCoV-19/England/PHEC-YYG4ASY/2022,980,994
hCoV-19/England/PHEC-YYG4APU/2022,980,994
hCoV-19/England/PHEC-YYG4AJ5/2022,980,994
hCoV-19/England/PHEC-YYG4AGB/2022,980,994
hCoV-19/England/PHEC-YYG4AE7/2022,980,994
hCoV-19/England/PHEC-YYG4ACI/2022,980,994
hCoV-19/England/PHEC-YYG4A89/2022,980,994
hCoV-19/England/PHEC-YYG47PQ/2022,980,995
hCoV-19/England/PHEC-YYG47O8/2022,980,995
hCoV-19/England/PHEC-YYG47NR/2022,980,995
hCoV-19/England/PHEC-YYG47DN/2022,980,995
hCoV-19/England/PHEC-YYG47CO/2022,980,995
hCoV-19/England/PHEC-YYG47BG/2022,980,995
hCoV-19/England/PHEC-YYG46XJ/2022,980,995
hCoV-19/England/PHEC-YYG46DB/2022,980,995
hCoV-19/England/PHEC-YYG45Z5/2022,980,995
hCoV-19/England/PHEC-YYG45FY/2022,980,995
hCoV-19/England/PHEC-YYG454I/2022,980,995
hCoV-19/England/PHEC-YYG43OM/2022,980,995
hCoV-19/England/PHEC-YYG437T/2022,980,995
hCoV-19/England/PHEC-YYG436X/2022,980,995
hCoV-19/England/PHEC-YYG41DP/2022,980,992
hCoV-19/England/PHEC-YYG5RPF/2022,981,995
hCoV-19/England/PHEC-YYG5RC8/2022,981,995
hCoV-19/England/PHEC-YYG5QAR/2022,981,999
hCoV-19/England/PHEC-YYG5Q88/2022,981,999
hCoV-19/England/PHEC-YYG5O9W/2022,981,999
hCoV-19/England/PHEC-YYG5NQF/2022,981,995
hCoV-19/England/PHEC-YYG5JCN/2022,981,999
hCoV-19/England/PHEC-YYG5GN3/2022,981,996
hCoV-19/England/PHEC-YYG5GB5/2022,981,996
hCoV-19/England/PHEC-YYG5FQN/2022,981,996
hCoV-19/England/PHEC-YYG5EDI/2022,981,999
hCoV-19/England/PHEC-YYG5EB3/2022,981,999
hCoV-19/England/PHEC-YYG5E66/2022,981,999
hCoV-19/England/PHEC-YYG5DB6/2022,981,995
hCoV-19/England/PHEC-YYG5D3P/2022,981,995
hCoV-19/England/PHEC-YYG5BOB/2022,981,995
hCoV-19/England/PHEC-YYG5BN6/2022,981,995
hCoV-19/England/PHEC-YYG5BJO/2022,981,995
hCoV-19/England/PHEC-YYG5BGS/2022,981,995
hCoV-19/England/PHEC-YYG5AYM/2022,981,1000
hCoV-19/England/PHEC-YYG5ACU/2022,981,1000
hCoV-19/England/PHEC-YYG51OO/2022,981,999
hCoV-19/England/PHEC-YYG5191/2022,981,999
hCoV-19/England/PHEC-YYG516W/2022,981,999
hCoV-19/England/PHEC-YYG4Z5Z/2022,981,994
hCoV-19/England/PHEC-YYG4IM4/2022,981,992
hCoV-19/England/PHEC-YYG4IKH/2022,981,992
hCoV-19/England/PHEC-YYG4HDD/2022,981,995
hCoV-19/England/PHEC-YYG4AUG/2022,981,994
hCoV-19/England/PHEC-YYG4AOC/2022,981,994
hCoV-19/England/PHEC-YYG47XK/2022,981,995
hCoV-19/England/PHEC-YYG47UB/2022,981,995
hCoV-19/England/PHEC-YYG46TR/2022,981,995
hCoV-19/England/PHEC-YYG46R9/2022,981,995
hCoV-19/England/PHEC-YYG46QM/2022,981,995
hCoV-19/England/PHEC-YYG46KU/2022,981,995
hCoV-19/England/PHEC-YYG46EZ/2022,981,995
hCoV-19/England/PHEC-YYG46CX/2022,981,995
hCoV-19/England/PHEC-YYG469E/2022,981,995
hCoV-19/England/PHEC-YYG43P1/2022,981,995
hCoV-19/England/PHEC-YYGHYET/2022,982,1002
hCoV-19/England/PHEC-YYGH1OQ/2022,982,1006
hCoV-19/England/PHEC-YYG5ZNE/2022,982,1000
hCoV-19/England/PHEC-YYG5Z9P/2022,982,1000
hCoV-19/England/PHEC-YYG5TY1/2022,982,999
hCoV-19/England/PHEC-YYG5TPA/2022,982,999
hCoV-19/England/PHEC-YYG5TNQ/2022,982,999
hCoV-19/England/PHEC-YYG5T55/2022,982,999
hCoV-19/England/PHEC-YYG5RTH/2022,982,995
hCoV-19/England/PHEC-YYG5RS1/2022,982,995
hCoV-19/England/PHEC-YYG5QT1/2022,982,999
hCoV-19/England/PHEC-YYG5PXA/2022,982,999
hCoV-19/England/PHEC-YYG5PQ4/2022,982,999
hCoV-19/England/PHEC-YYG5P4B/2022,982,999
hCoV-19/England/PHEC-YYG5K8M/2022,982,999
hCoV-19/England/PHEC-YYG5JY4/2022,982,999
hCoV-19/England/PHEC-YYG5GZQ/2022,982,996
hCoV-19/England/PHEC-YYG5GUS/2022,982,996
hCoV-19/England/PHEC-YYG5FKK/2022,982,995
hCoV-19/England/PHEC-YYG5FJC/2022,982,995
hCoV-19/England/PHEC-YYG5FBH/2022,982,995
hCoV-19/England/PHEC-YYG5E7Y/2022,982,999
hCoV-19/England/PHEC-YYG5CDT/2022,982,999
hCoV-19/England/PHEC-YYG5BXR/2022,982,995
hCoV-19/England/PHEC-YYG5BSI/2022,982,995
hCoV-19/England/PHEC-YYG59PK/2022,982,1002
hCoV-19/England/PHEC-YYG51F8/2022,982,999
hCoV-19/England/PHEC-YYG4HWY/2022,982,995
hCoV-19/England/PHEC-YYG46UY/2022,982,995
hCoV-19/England/PHEC-YYG461N/2022,982,995
hCoV-19/England/PHEC-YYG5UKH/2022,983,999
hCoV-19/England/PHEC-YYG5TQS/2022,983,999
hCoV-19/England/PHEC-YYG5T9U/2022,983,999
hCoV-19/England/PHEC-YYG5RUA/2022,983,995
hCoV-19/England/PHEC-YYG5Q3N/2022,983,999
hCoV-19/England/PHEC-YYG5PMY/2022,983,999
hCoV-19/England/PHEC-YYG5PFC/2022,983,999
hCoV-19/England/PHEC-YYG5P3D/2022,983,999
hCoV-19/England/PHEC-YYG5ND5/2022,983,995
hCoV-19/England/PHEC-YYG5MEE/2022,983,999
hCoV-19/England/PHEC-YYG5KDU/2022,983,999
hCoV-19/England/PHEC-YYG5KCB/2022,983,999
hCoV-19/England/PHEC-YYG5GWW/2022,983,996
hCoV-19/England/PHEC-YYG5GSO/2022,983,996
hCoV-19/England/PHEC-YYG5GI1/2022,983,996
hCoV-19/England/PHEC-YYG5G96/2022,983,996
hCoV-19/England/PHEC-YYG5FHF/2022,983,996
hCoV-19/England/PHEC-YYG5FDA/2022,983,995
hCoV-19/England/PHEC-YYG5F99/2022,983,996
hCoV-19/England/PHEC-YYG5EK8/2022,983,999
hCoV-19/England/PHEC-YYG5E1S/2022,983,999
hCoV-19/England/PHEC-YYG5DU3/2022,983,995
hCoV-19/England/PHEC-YYG5DSU/2022,983,995
hCoV-19/England/PHEC-YYG5DII/2022,983,995
hCoV-19/England/PHEC-YYG5CBI/2022,983,999
hCoV-19/England/PHEC-YYG5B78/2022,983,995
hCoV-19/England/PHEC-YYG5B6F/2022,983,995
hCoV-19/England/PHEC-YYG5APT/2022,983,1000
hCoV-19/England/PHEC-YYG5ADF/2022,983,1000
hCoV-19/England/PHEC-YYG54JZ/2022,983,1000
hCoV-19/England/PHEC-YYG51YT/2022,983,999
hCoV-19/England/PHEC-YYG51UK/2022,983,999
hCoV-19/England/PHEC-YYG51TQ/2022,983,999
hCoV-19/England/PHEC-YYG4641/2022,983,995
