hCoV-19/England/PHEC-YYGUJWB/2022,942,961
hCoV-19/England/PHEC-YYGTZT7/2022,942,957
hCoV-19/England/PHEC-YYGTZEO/2022,942,957
hCoV-19/England/PHEC-YYGTRWK/2022,942,957
hCoV-19/England/PHEC-YYGTRSG/2022,942,957
hCoV-19/England/PHEC-YYGTRM7/2022,942,957
hCoV-19/England/PHEC-YYGTR1Q/2022,942,957
hCoV-19/England/PHEC-YYGTJYQ/2022,942,957
hCoV-19/England/PHEC-YYGTJSB/2022,942,957
hCoV-19/England/PHEC-YYGTJK4/2022,942,957
hCoV-19/England/PHEC-YYGTJE6/2022,942,957
hCoV-19/England/PHEC-YYGTJBC/2022,942,957
hCoV-19/England/PHEC-YYGTJ43/2022,942,957
hCoV-19/England/PHEC-YYGTHUW/2022,942,957
hCoV-19/England/PHEC-YYGTFOT/2022,942,957
hCoV-19/England/PHEC-YYGTEWG/2022,942,957
hCoV-19/England/PHEC-YYGTEHS/2022,942,957
hCoV-19/England/PHEC-YYGTE61/2022,942,957
hCoV-19/England/PHEC-YYGTB63/2022,942,957
hCoV-19/England/PHEC-YYGT9QH/2022,942,957
hCoV-19/England/PHEC-YYGT9FQ/2022,942,957
hCoV-19/England/PHEC-YYGT91U/2022,942,957
hCoV-19/England/PHEC-YYGT6U1/2022,942,957
hCoV-19/England/PHEC-YYGT6MD/2022,942,957
hCoV-19/England/PHEC-YYGT6KF/2022,942,957
hCoV-19/England/PHEC-YYGT5KE/2022,942,957
hCoV-19/England/PHEC-YYGT5JK/2022,942,957
hCoV-19/England/PHEC-YYGT5CR/2022,942,957
hCoV-19/England/PHEC-YYGT51Z/2022,942,957
hCoV-19/England/PHEC-YYGT4X9/2022,942,957
hCoV-19/England/PHEC-YYGT47N/2022,942,957
hCoV-19/England/PHEC-YYGT3ST/2022,942,957
hCoV-19/England/PHEC-YYGT3EQ/2022,942,957
hCoV-19/England/PHEC-YYGOH6Y/2022,942,954
hCoV-19/England/PHEC-YYGOGTO/2022,942,954
hCoV-19/England/PHEC-YYGOGH4/2022,942,954
hCoV-19/England/PHEC-YYGOGAN/2022,942,954
hCoV-19/England/PHEC-YYGOEGF/2022,942,954
hCoV-19/England/PHEC-YYGOEBX/2022,942,954
hCoV-19/England/PHEC-YYGO8NQ/2022,942,954
hCoV-19/England/PHEC-YYGO89U/2022,942,954
hCoV-19/England/PHEC-YYGO847/2022,942,954
hCoV-19/England/PHEC-YYG1YKB/2022,942,957
hCoV-19/England/PHEC-YYG1R8D/2022,942,957
hCoV-19/England/PHEC-YYG1NWK/2022,942,957
hCoV-19/England/PHEC-YYG1NRM/2022,942,957
hCoV-19/England/PHEC-YYG1NJB/2022,942,957
hCoV-19/England/PHEC-YYG1NH4/2022,942,957
hCoV-19/England/PHEC-YYG1NED/2022,942,957
hCoV-19/England/PHEC-YYG1FW8/2022,942,957
hCoV-19/England/PHEC-YYG1FUJ/2022,942,957
hCoV-19/England/PHEC-YYG1FIF/2022,942,957
hCoV-19/England/PHEC-YYG1BUP/2022,942,957
hCoV-19/England/PHEC-YYG1BTT/2022,942,957
hCoV-19/England/PHEC-YYG1BM6/2022,942,957
hCoV-19/England/PHEC-YYG1BGE/2022,942,957
hCoV-19/England/PHEC-YYG1B57/2022,942,957
hCoV-19/England/PHEC-YYGUWO6/2022,943,964
hCoV-19/England/PHEC-YYGTZXN/2022,943,957
hCoV-19/England/PHEC-YYGTZWZ/2022,943,957
hCoV-19/England/PHEC-YYGTZSU/2022,943,957
hCoV-19/England/PHEC-YYGTZAX/2022,943,957
hCoV-19/England/PHEC-YYGTZ4M/2022,943,957
hCoV-19/England/PHEC-YYGTRAN/2022,943,957
hCoV-19/England/PHEC-YYGTR5H/2022,943,957
hCoV-19/England/PHEC-YYGTJXO/2022,943,957
hCoV-19/England/PHEC-YYGTJNK/2022,943,957
hCoV-19/England/PHEC-YYGTJGN/2022,943,957
hCoV-19/England/PHEC-YYGTJ8Y/2022,943,957
hCoV-19/England/PHEC-YYGTHRU/2022,943,957
hCoV-19/England/PHEC-YYGTHO4/2022,943,957
hCoV-19/England/PHEC-YYGTHNZ/2022,943,957
hCoV-19/England/PHEC-YYGTHMF/2022,943,957
hCoV-19/England/PHEC-YYGTHJJ/2022,943,957
hCoV-19/England/PHEC-YYGTHFT/2022,943,957
hCoV-19/England/PHEC-YYGTH9H/2022,943,957
hCoV-19/England/PHEC-YYGTH5R/2022,943,957
hCoV-19/England/PHEC-YYGTFDC/2022,943,957
hCoV-19/England/PHEC-YYGTEDJ/2022,943,957
hCoV-19/England/PHEC-YYGTDIJ/2022,943,957
hCoV-19/England/PHEC-YYGTDH5/2022,943,957
hCoV-19/England/PHEC-YYGTAN5/2022,943,957
hCoV-19/England/PHEC-YYGTAGU/2022,943,957
hCoV-19/England/PHEC-YYGTAFI/2022,943,957
hCoV-19/England/PHEC-YYGTAD3/2022,943,957
hCoV-19/England/PHEC-YYGTAB7/2022,943,957
hCoV-19/England/PHEC-YYGT9X4/2022,943,957
hCoV-19/England/PHEC-YYGT9NW/2022,943,957
hCoV-19/England/PHEC-YYGT9IP/2022,943,957
hCoV-19/England/PHEC-YYGT8A9/2022,943,957
hCoV-19/England/PHEC-YYGT7PY/2022,943,957
hCoV-19/England/PHEC-YYGT795/2022,943,957
hCoV-19/England/PHEC-YYGT6DU/2022,943,957
hCoV-19/England/PHEC-YYGT5RW/2022,943,957
hCoV-19/England/PHEC-YYGT4ZQ/2022,943,957
hCoV-19/England/PHEC-YYGT4OH/2022,943,957
hCoV-19/England/PHEC-YYGT4KJ/2022,943,957
hCoV-19/England/PHEC-YYGT4HR/2022,943,957
hCoV-19/England/PHEC-YYGT4AC/2022,943,957
hCoV-19/England/PHEC-YYGT3WI/2022,943,957
hCoV-19/England/PHEC-YYGT3UZ/2022,943,957
hCoV-19/England/PHEC-YYGT3PR/2022,943,957
hCoV-19/England/PHEC-YYGT3O7/2022,943,957
hCoV-19/England/PHEC-YYGT3ME/2022,943,957
hCoV-19/England/PHEC-YYGT3G1/2022,943,957
hCoV-19/England/PHEC-YYG1YT1/2022,943,957
hCoV-19/England/PHEC-YYG1Y88/2022,943,957
hCoV-19/England/PHEC-YYG1RPZ/2022,943,957
hCoV-19/England/PHEC-YYG1RJ9/2022,943,957
hCoV-19/England/PHEC-YYG1RHA/2022,943,957
hCoV-19/England/PHEC-YYG1R91/2022,943,957
hCoV-19/England/PHEC-YYG1R7S/2022,943,957
hCoV-19/England/PHEC-YYG1R6W/2022,943,957
hCoV-19/England/PHEC-YYG1FYO/2022,943,957
hCoV-19/England/PHEC-YYG1FOX/2022,943,957
hCoV-19/England/PHEC-YYG1FDK/2022,943,957
hCoV-19/England/PHEC-YYG1DZD/2022,943,957
hCoV-19/England/PHEC-YYG1DXW/2022,943,957
hCoV-19/England/PHEC-YYG1DTX/2022,943,957
hCoV-19/England/PHEC-YYG1DQS/2022,943,957
hCoV-19/England/PHEC-YYG1DC4/2022,943,957
hCoV-19/England/PHEC-YYG1B9I/2022,943,957
hCoV-19/England/PHEC-YYG1B3B/2022,943,957
hCoV-19/England/PHEC-YYGWBEY/2022,944,964
hCoV-19/England/PHEC-YYGUWJP/2022,944,964
hCoV-19/England/PHEC-YYGUKNF/2022,944,961
hCoV-19/England/PHEC-YYGUJI9/2022,944,961
hCoV-19/England/PHEC-YYGU87T/2022,944,961
hCoV-19/England/PHEC-YYGTZRA/2022,944,957
hCoV-19/England/PHEC-YYGTZMK/2022,944,957
hCoV-19/England/PHEC-YYGTZFS/2022,944,957
hCoV-19/England/PHEC-YYGTHTA/2022,944,957
hCoV-19/England/PHEC-YYGTHQ9/2022,944,957
hCoV-19/England/PHEC-YYGTH3E/2022,944,957
hCoV-19/England/PHEC-YYGTH1S/2022,944,957
hCoV-19/England/PHEC-YYGTAZO/2022,944,957
hCoV-19/England/PHEC-YYGTAY9/2022,944,957
hCoV-19/England/PHEC-YYGTAUA/2022,944,957
hCoV-19/England/PHEC-YYGTARZ/2022,944,957
hCoV-19/England/PHEC-YYGTA4K/2022,944,957
hCoV-19/England/PHEC-YYGT7BA/2022,944,957
hCoV-19/England/PHEC-YYGT5GO/2022,944,957
hCoV-19/England/PHEC-YYGT4RI/2022,944,957
hCoV-19/England/PHEC-YYGT4QB/2022,944,957
hCoV-19/England/PHEC-YYGT4FU/2022,944,957
hCoV-19/England/PHEC-YYGT48X/2022,944,957
hCoV-19/England/PHEC-YYGT3Y6/2022,944,957
hCoV-19/England/PHEC-YYGT3DA/2022,944,957
hCoV-19/England/PHEC-YYG1RUK/2022,944,957
hCoV-19/England/PHEC-YYG1RQI/2022,944,957
hCoV-19/England/PHEC-YYG1ROO/2022,944,957
hCoV-19/England/PHEC-YYG1RGF/2022,944,957
hCoV-19/England/PHEC-YYG1R1C/2022,944,957
hCoV-19/England/PHEC-YYG1OMX/2022,944,959
hCoV-19/England/PHEC-YYG1DUM/2022,944,957
hCoV-19/England/PHEC-YYG1DSF/2022,944,957
hCoV-19/England/PHEC-YYG1DI8/2022,944,957
hCoV-19/England/PHEC-YYG1D6I/2022,944,957
hCoV-19/England/PHEC-YYG1D47/2022,944,957
hCoV-19/England/PHEC-YYG1D1P/2022,944,957
hCoV-19/England/PHEC-YYGWNXT/2022,945,964
hCoV-19/England/PHEC-YYGWNHS/2022,945,964
hCoV-19/England/PHEC-YYGWNA6/2022,945,964
hCoV-19/England/PHEC-YYGWN7W/2022,945,964
hCoV-19/England/PHEC-YYGWN5A/2022,945,964
hCoV-19/England/PHEC-YYGWN44/2022,945,964
hCoV-19/England/PHEC-YYGUW14/2022,945,964
hCoV-19/England/PHEC-YYGUJS7/2022,945,961
hCoV-19/England/PHEC-YYGUJA3/2022,945,961
hCoV-19/England/PHEC-YYGUJ7X/2022,945,961
hCoV-19/England/PHEC-YYGUG89/2022,945,961
hCoV-19/England/PHEC-YYGTZJQ/2022,945,957
hCoV-19/England/PHEC-YYGTHIO/2022,945,957
hCoV-19/England/PHEC-YYG1HDU/2022,945,960
hCoV-19/England/PHEC-YYG1D55/2022,945,957
hCoV-19/England/PHEC-YYG19PH/2022,945,960
hCoV-19/England/PHEC-YYG1567/2022,945,960
hCoV-19/England/PHEC-YYG13SX/2022,945,960
hCoV-19/England/PHEC-YYGWNE9/2022,946,964
hCoV-19/England/PHEC-YYGWDYQ/2022,946,964
hCoV-19/England/PHEC-YYGUPFH/2022,946,961
hCoV-19/England/PHEC-YYGUPDY/2022,946,961
hCoV-19/England/PHEC-YYGUMRY/2022,946,961
hCoV-19/England/PHEC-YYGUMGH/2022,946,961
hCoV-19/England/PHEC-YYGUMBG/2022,946,961
hCoV-19/England/PHEC-YYGUGFD/2022,946,961
hCoV-19/England/PHEC-YYGUEKZ/2022,946,961
hCoV-19/England/PHEC-YYGU9P4/2022,946,964
hCoV-19/England/PHEC-YYGU9ER/2022,946,964
hCoV-19/England/PHEC-YYGU8TJ/2022,946,961
hCoV-19/England/PHEC-YYGU8QO/2022,946,961
hCoV-19/England/PHEC-YYGU8P1/2022,946,961
hCoV-19/England/PHEC-YYGU8KA/2022,946,961
hCoV-19/England/PHEC-YYGU8A5/2022,946,961
hCoV-19/England/PHEC-YYGU16R/2022,946,964
hCoV-19/England/PHEC-YYGU15K/2022,946,964
hCoV-19/England/PHEC-YYGIHAN/2022,946,971
hCoV-19/England/PHEC-YYGARWH/2022,946,978
hCoV-19/England/PHEC-YYG1HRT/2022,946,960
hCoV-19/England/PHEC-YYG1HQ7/2022,946,960
hCoV-19/England/PHEC-YYG15MR/2022,946,960
hCoV-19/England/PHEC-YYG137B/2022,946,960
hCoV-19/Scotland/SCOT-18217/2022,947,967
hCoV-19/England/PHEC-YYGWYDM/2022,947,964
hCoV-19/England/PHEC-YYGWYBX/2022,947,964
hCoV-19/England/PHEC-YYGWQUH/2022,947,965
hCoV-19/England/PHEC-YYGWN9O/2022,947,964
hCoV-19/England/PHEC-YYGWN61/2022,947,964
hCoV-19/England/PHEC-YYGWD7U/2022,947,964
hCoV-19/England/PHEC-YYGWBQW/2022,947,964
hCoV-19/England/PHEC-YYGUPG4/2022,947,961
hCoV-19/England/PHEC-YYGUP8A/2022,947,961
hCoV-19/England/PHEC-YYGUMYE/2022,947,961
hCoV-19/England/PHEC-YYGUMXK/2022,947,961
hCoV-19/England/PHEC-YYGUMPQ/2022,947,961
hCoV-19/England/PHEC-YYGUMJS/2022,947,961
hCoV-19/England/PHEC-YYGUMF6/2022,947,961
hCoV-19/England/PHEC-YYGUMEA/2022,947,961
hCoV-19/England/PHEC-YYGUKQP/2022,947,961
hCoV-19/England/PHEC-YYGUKJZ/2022,947,961
hCoV-19/England/PHEC-YYGUK7Q/2022,947,961
hCoV-19/England/PHEC-YYGUJYK/2022,947,961
hCoV-19/England/PHEC-YYGUJNG/2022,947,961
hCoV-19/England/PHEC-YYGUJBE/2022,947,961
hCoV-19/England/PHEC-YYGUGNJ/2022,947,961
hCoV-19/England/PHEC-YYGUGMZ/2022,947,961
hCoV-19/England/PHEC-YYGUF5Z/2022,947,961
hCoV-19/England/PHEC-YYGUF43/2022,947,961
hCoV-19/England/PHEC-YYGUEMI/2022,947,961
hCoV-19/England/PHEC-YYGUEJ3/2022,947,961
hCoV-19/England/PHEC-YYGUE7O/2022,947,961
hCoV-19/England/PHEC-YYGUE6Q/2022,947,961
hCoV-19/England/PHEC-YYGUCMT/2022,947,961
hCoV-19/England/PHEC-YYGUC9E/2022,947,961
hCoV-19/England/PHEC-YYGU9TT/2022,947,964
hCoV-19/England/PHEC-YYGU9JN/2022,947,964
hCoV-19/England/PHEC-YYGU9H5/2022,947,964
hCoV-19/England/PHEC-YYGU8UF/2022,947,961
hCoV-19/England/PHEC-YYGU656/2022,947,964
hCoV-19/England/PHEC-YYGU1HE/2022,947,964
hCoV-19/England/PHEC-YYGIH46/2022,947,971
hCoV-19/England/PHEC-YYGARQJ/2022,947,978
hCoV-19/England/PHEC-YYG15IX/2022,947,960
hCoV-19/England/PHEC-YYG15AJ/2022,947,960
hCoV-19/England/PHEC-YYGZGSA/2022,948,974
hCoV-19/England/PHEC-YYGZGAW/2022,948,974
hCoV-19/England/PHEC-YYGWNR8/2022,948,964
hCoV-19/England/PHEC-YYGWNIR/2022,948,964
hCoV-19/England/PHEC-YYGWN3H/2022,948,964
hCoV-19/England/PHEC-YYGWN1K/2022,948,964
hCoV-19/England/PHEC-YYGWDWF/2022,948,964
hCoV-19/England/PHEC-YYGWBFG/2022,948,964
hCoV-19/England/PHEC-YYGWB45/2022,948,964
hCoV-19/England/PHEC-YYGUWY9/2022,948,964
hCoV-19/England/PHEC-YYGUWRZ/2022,948,964
hCoV-19/England/PHEC-YYGUWN5/2022,948,964
hCoV-19/England/PHEC-YYGUMUB/2022,948,961
hCoV-19/England/PHEC-YYGUMTF/2022,948,961
hCoV-19/England/PHEC-YYGUMKW/2022,948,961
hCoV-19/England/PHEC-YYGUM5T/2022,948,961
hCoV-19/England/PHEC-YYGUM3I/2022,948,961
hCoV-19/England/PHEC-YYGUM1D/2022,948,961
hCoV-19/England/PHEC-YYGUKZ4/2022,948,961
hCoV-19/England/PHEC-YYGUKUN/2022,948,961
hCoV-19/England/PHEC-YYGUKPX/2022,948,961
hCoV-19/England/PHEC-YYGUKI6/2022,948,961
hCoV-19/England/PHEC-YYGUKHO/2022,948,961
hCoV-19/England/PHEC-YYGUKG7/2022,948,961
hCoV-19/England/PHEC-YYGUK9K/2022,948,961
hCoV-19/England/PHEC-YYGUK3S/2022,948,961
hCoV-19/England/PHEC-YYGUJRN/2022,948,961
hCoV-19/England/PHEC-YYGUJKS/2022,948,961
hCoV-19/England/PHEC-YYGUJFY/2022,948,961
hCoV-19/England/PHEC-YYGUJ8H/2022,948,961
hCoV-19/England/PHEC-YYGUIQN/2022,948,964
hCoV-19/England/PHEC-YYGUIJC/2022,948,964
hCoV-19/England/PHEC-YYGUEWN/2022,948,961
hCoV-19/England/PHEC-YYGUEIY/2022,948,961
hCoV-19/England/PHEC-YYGUCXJ/2022,948,961
hCoV-19/England/PHEC-YYGUCOG/2022,948,961
hCoV-19/England/PHEC-YYGU8RR/2022,948,961
hCoV-19/England/PHEC-YYGU818/2022,948,961
hCoV-19/England/PHEC-YYGIH9W/2022,948,971
hCoV-19/England/PHEC-YYGIFI9/2022,948,968
hCoV-19/England/PHEC-YYGAOX5/2022,948,981
