hCoV-19/England/PHEC-YYGTKIN/2022,879,957
hCoV-19/England/PHEC-YYGTK1E/2022,879,957
hCoV-19/England/PHEC-YYFXIZ3/2022,879,903
hCoV-19/England/PHEC-YYFXI5T/2022,879,903
hCoV-19/England/PHEC-YYFTOZ3/2022,879,908
hCoV-19/England/PHEC-YYFQY7R/2022,879,894
hCoV-19/England/PHEC-YYFQNWW/2022,879,894
hCoV-19/England/PHEC-YYFQNUS/2022,879,894
hCoV-19/England/PHEC-YYFQDB4/2022,879,897
hCoV-19/England/PHEC-YYFPUWF/2022,879,891
hCoV-19/England/PHEC-YYFPAXM/2022,879,894
hCoV-19/England/PHEC-YYFP9GS/2022,879,894
hCoV-19/England/PHEC-YYFP9FA/2022,879,894
hCoV-19/England/PHEC-YYFP98W/2022,879,894
hCoV-19/England/PHEC-YYFP6W4/2022,879,894
hCoV-19/England/PHEC-YYFP6KX/2022,879,894
hCoV-19/England/PHEC-YYFP6JT/2022,879,894
hCoV-19/England/PHEC-YYFP6IA/2022,879,894
hCoV-19/England/PHEC-YYFP6HK/2022,879,894
hCoV-19/England/PHEC-YYFP4TR/2022,879,894
hCoV-19/England/PHEC-YYFP41N/2022,879,894
hCoV-19/England/PHEC-YYFP3JS/2022,879,894
hCoV-19/England/PHEC-YYFOTCT/2022,879,905
hCoV-19/England/PHEC-YYFOT6C/2022,879,905
hCoV-19/England/PHEC-YYFOT51/2022,879,905
hCoV-19/England/PHEC-YYFOT1R/2022,879,905
hCoV-19/England/PHEC-YYFOJC3/2022,879,904
hCoV-19/England/PHEC-YYFOEOT/2022,879,904
hCoV-19/England/PHEC-YYFOE6I/2022,879,904
hCoV-19/England/PHEC-YYFO1RY/2022,879,905
hCoV-19/England/PHEC-YYFO1JS/2022,879,905
hCoV-19/England/PHEC-YYFO1GH/2022,879,905
hCoV-19/England/PHEC-YYFO1BG/2022,879,905
hCoV-19/Scotland/LSPA-3E3A4CE/2022,880,888
hCoV-19/England/PHEC-YYGTKMZ/2022,880,957
hCoV-19/England/PHEC-YYGTKE7/2022,880,957
hCoV-19/England/PHEC-YYGTK34/2022,880,957
hCoV-19/England/PHEC-YYGJPJJ/2022,880,945
hCoV-19/England/PHEC-YYGJPEM/2022,880,945
hCoV-19/England/PHEC-YYGJCRW/2022,880,945
hCoV-19/England/PHEC-YYGJC3J/2022,880,945
hCoV-19/England/PHEC-YYFXZMO/2022,880,903
hCoV-19/England/PHEC-YYFXTP1/2022,880,902
hCoV-19/England/PHEC-YYFXN7Y/2022,880,901
hCoV-19/England/PHEC-YYFQRCD/2022,880,897
hCoV-19/England/PHEC-YYFQOHS/2022,880,901
hCoV-19/England/PHEC-YYFQNX9/2022,880,894
hCoV-19/England/PHEC-YYFQNSO/2022,880,894
hCoV-19/England/PHEC-YYFQNGT/2022,880,894
hCoV-19/England/PHEC-YYFQDMG/2022,880,897
hCoV-19/England/PHEC-YYFQDCR/2022,880,897
hCoV-19/England/PHEC-YYFQBRS/2022,880,894
hCoV-19/England/PHEC-YYFQBN4/2022,880,894
hCoV-19/England/PHEC-YYFQBJC/2022,880,894
hCoV-19/England/PHEC-YYFQBHF/2022,880,894
hCoV-19/England/PHEC-YYFQBDA/2022,880,894
hCoV-19/England/PHEC-YYFP9R4/2022,880,894
hCoV-19/England/PHEC-YYFP6SS/2022,880,894
hCoV-19/England/PHEC-YYFP6EU/2022,880,894
hCoV-19/England/PHEC-YYFP6CM/2022,880,894
hCoV-19/England/PHEC-YYFP6BB/2022,880,894
hCoV-19/England/PHEC-YYFP5BR/2022,880,894
hCoV-19/England/PHEC-YYFP4Y8/2022,880,894
hCoV-19/England/PHEC-YYFP4W6/2022,880,894
hCoV-19/England/PHEC-YYFP4HQ/2022,880,894
hCoV-19/England/PHEC-YYFP47C/2022,880,894
hCoV-19/England/PHEC-YYFP43W/2022,880,894
hCoV-19/England/PHEC-YYFP3QC/2022,880,894
hCoV-19/England/PHEC-YYFP3PQ/2022,880,894
hCoV-19/England/PHEC-YYFP3CO/2022,880,894
hCoV-19/England/PHEC-YYFP31D/2022,880,894
hCoV-19/England/PHEC-YYFOXRD/2022,880,905
hCoV-19/England/PHEC-YYFOXH1/2022,880,905
hCoV-19/England/PHEC-YYFOTHO/2022,880,905
hCoV-19/England/PHEC-YYFOT4W/2022,880,905
hCoV-19/England/PHEC-YYFOQ5I/2022,880,905
hCoV-19/England/PHEC-YYFO6T3/2022,880,905
hCoV-19/England/PHEC-YYFO1YE/2022,880,905
hCoV-19/England/PHEC-YYFO1F6/2022,880,905
hCoV-19/England/LSPA-3E3BA16/2022,880,887
hCoV-19/England/LSPA-3E3A130/2022,880,887
hCoV-19/England/LSPA-3E3A121/2022,880,887
hCoV-19/England/LSPA-3E39FBF/2022,880,887
hCoV-19/Scotland/LSPA-3E3B928/2022,881,888
hCoV-19/England/PHEC-YYGTMRR/2022,881,957
hCoV-19/England/PHEC-YYGTMFN/2022,881,957
hCoV-19/England/PHEC-YYGTKUG/2022,881,957
hCoV-19/England/PHEC-YYGTKPU/2022,881,957
hCoV-19/England/PHEC-YYGTKOC/2022,881,957
hCoV-19/England/PHEC-YYGTKHW/2022,881,957
hCoV-19/England/PHEC-YYGTKFD/2022,881,957
hCoV-19/England/PHEC-YYGTKCI/2022,881,957
hCoV-19/England/PHEC-YYGTK6O/2022,881,957
hCoV-19/England/PHEC-YYGTK4A/2022,881,957
hCoV-19/England/PHEC-YYGJPX7/2022,881,945
hCoV-19/England/PHEC-YYGJCZP/2022,881,945
hCoV-19/England/PHEC-YYFXJER/2022,881,901
hCoV-19/England/PHEC-YYFXJAD/2022,881,901
hCoV-19/England/PHEC-YYFQZJS/2022,881,901
hCoV-19/England/PHEC-YYFQYAQ/2022,881,894
hCoV-19/England/PHEC-YYFQXIF/2022,881,901
hCoV-19/England/PHEC-YYFQWQX/2022,881,901
hCoV-19/England/PHEC-YYFQUA5/2022,881,901
hCoV-19/England/PHEC-YYFQTQ1/2022,881,901
hCoV-19/England/PHEC-YYFQSZ4/2022,881,901
hCoV-19/England/PHEC-YYFQSUN/2022,881,901
hCoV-19/England/PHEC-YYFQSPX/2022,881,901
hCoV-19/England/PHEC-YYFQRQ9/2022,881,897
hCoV-19/England/PHEC-YYFQO61/2022,881,901
hCoV-19/England/PHEC-YYFQN5G/2022,881,894
hCoV-19/England/PHEC-YYFQN3K/2022,881,894
hCoV-19/England/PHEC-YYFQKGJ/2022,881,898
hCoV-19/England/PHEC-YYFQJUX/2022,881,898
hCoV-19/England/PHEC-YYFQJSJ/2022,881,898
hCoV-19/England/PHEC-YYFQJPH/2022,881,898
hCoV-19/England/PHEC-YYFQI7X/2022,881,901
hCoV-19/England/PHEC-YYFQDQY/2022,881,897
hCoV-19/England/PHEC-YYFQ8OZ/2022,881,897
hCoV-19/England/PHEC-YYFP9ZU/2022,881,894
hCoV-19/England/PHEC-YYFP9AT/2022,881,894
hCoV-19/England/PHEC-YYFP7HM/2022,881,894
hCoV-19/England/PHEC-YYFP79F/2022,881,894
hCoV-19/England/PHEC-YYFP6UH/2022,881,894
hCoV-19/England/PHEC-YYFP616/2022,881,894
hCoV-19/England/PHEC-YYFP46K/2022,881,894
hCoV-19/England/PHEC-YYFOXKZ/2022,881,905
hCoV-19/England/PHEC-YYFOXG9/2022,881,905
hCoV-19/England/PHEC-YYFOXE5/2022,881,905
hCoV-19/England/PHEC-YYFORGK/2022,881,904
hCoV-19/England/PHEC-YYFOR1T/2022,881,904
hCoV-19/England/PHEC-YYFOQ9P/2022,881,905
hCoV-19/England/PHEC-YYFOQ7T/2022,881,905
hCoV-19/England/PHEC-YYFOQ6X/2022,881,905
hCoV-19/England/PHEC-YYFO6O5/2022,881,905
hCoV-19/England/PHEC-YYFO6KE/2022,881,905
hCoV-19/England/PHEC-YYF4DR5/2022,881,926
hCoV-19/England/PHEC-YYGTJ9X/2022,882,957
hCoV-19/England/PHEC-YYGJCNA/2022,882,945
hCoV-19/England/PHEC-YYFXTQO/2022,882,902
hCoV-19/England/PHEC-YYFXJTT/2022,882,901
hCoV-19/England/PHEC-YYFXJCH/2022,882,901
hCoV-19/England/PHEC-YYFQYN5/2022,882,894
hCoV-19/England/PHEC-YYFQYGU/2022,882,894
hCoV-19/England/PHEC-YYFQYEX/2022,882,894
hCoV-19/England/PHEC-YYFQYD3/2022,882,894
hCoV-19/England/PHEC-YYFQY8T/2022,882,894
hCoV-19/England/PHEC-YYFQWOK/2022,882,901
hCoV-19/England/PHEC-YYFQURR/2022,882,901
hCoV-19/England/PHEC-YYFQTXO/2022,882,901
hCoV-19/England/PHEC-YYFQTOP/2022,882,901
hCoV-19/England/PHEC-YYFQT1J/2022,882,901
hCoV-19/England/PHEC-YYFQSMU/2022,882,901
hCoV-19/England/PHEC-YYFQS6C/2022,882,901
hCoV-19/England/PHEC-YYFQRTA/2022,882,897
hCoV-19/England/PHEC-YYFQPMH/2022,882,901
hCoV-19/England/PHEC-YYFQPJY/2022,882,901
hCoV-19/England/PHEC-YYFQJMY/2022,882,898
hCoV-19/England/PHEC-YYFQJH7/2022,882,898
hCoV-19/England/PHEC-YYFQFDW/2022,882,897
hCoV-19/England/PHEC-YYFQF8C/2022,882,897
hCoV-19/England/PHEC-YYFQEGM/2022,882,897
hCoV-19/England/PHEC-YYFQDYH/2022,882,897
hCoV-19/England/PHEC-YYFQDGO/2022,882,897
hCoV-19/England/PHEC-YYFP96F/2022,882,894
hCoV-19/England/PHEC-YYFOEBO/2022,882,904
hCoV-19/England/PHEC-YYFO8H4/2022,882,904
hCoV-19/England/PHEC-YYFO6CR/2022,882,905
hCoV-19/England/LSPA-3E3E512/2022,882,889
hCoV-19/England/LSPA-3E3D847/2022,882,889
hCoV-19/Scotland/LSPA-3E422E7/2022,883,895
hCoV-19/England/PHEC-YYFXSOG/2022,883,903
hCoV-19/England/PHEC-YYFXPX1/2022,883,902
hCoV-19/England/PHEC-YYFXPW8/2022,883,902
hCoV-19/England/PHEC-YYFXPTP/2022,883,902
hCoV-19/England/PHEC-YYFQZNR/2022,883,901
hCoV-19/England/PHEC-YYFQXPS/2022,883,901
hCoV-19/England/PHEC-YYFQX6U/2022,883,901
hCoV-19/England/PHEC-YYFQUEH/2022,883,901
hCoV-19/England/PHEC-YYFQTE6/2022,883,901
hCoV-19/England/PHEC-YYFQSCT/2022,883,901
hCoV-19/England/PHEC-YYFQSAA/2022,883,901
hCoV-19/England/PHEC-YYFQS9K/2022,883,901
hCoV-19/England/PHEC-YYFQS4W/2022,883,901
hCoV-19/England/PHEC-YYFQRMF/2022,883,897
hCoV-19/England/PHEC-YYFQREM/2022,883,897
hCoV-19/England/PHEC-YYFQRDI/2022,883,897
hCoV-19/England/PHEC-YYFQRB3/2022,883,897
hCoV-19/England/PHEC-YYFQPRK/2022,883,901
hCoV-19/England/PHEC-YYFQPAB/2022,883,901
hCoV-19/England/PHEC-YYFQP47/2022,883,901
hCoV-19/England/PHEC-YYFQOSN/2022,883,901
hCoV-19/England/PHEC-YYFQOR8/2022,883,901
hCoV-19/England/PHEC-YYFQOM3/2022,883,901
hCoV-19/England/PHEC-YYFQKHH/2022,883,898
hCoV-19/England/PHEC-YYFQK74/2022,883,898
hCoV-19/England/PHEC-YYFQJZ8/2022,883,898
hCoV-19/England/PHEC-YYFQJC6/2022,883,898
hCoV-19/England/PHEC-YYFQJBW/2022,883,898
hCoV-19/England/PHEC-YYFQJ9Z/2022,883,898
hCoV-19/England/PHEC-YYFQJ75/2022,883,898
hCoV-19/England/PHEC-YYFQJ3D/2022,883,898
hCoV-19/England/PHEC-YYFQIWB/2022,883,901
hCoV-19/England/PHEC-YYFQIS7/2022,883,901
hCoV-19/England/PHEC-YYFQING/2022,883,901
hCoV-19/England/PHEC-YYFQFY4/2022,883,897
hCoV-19/England/PHEC-YYFQFWT/2022,883,897
hCoV-19/England/PHEC-YYFQFSP/2022,883,897
hCoV-19/England/PHEC-YYFQDKE/2022,883,897
hCoV-19/England/PHEC-YYFQD97/2022,883,897
hCoV-19/England/PHEC-YYFQD69/2022,883,897
hCoV-19/England/PHEC-YYFQ8EE/2022,883,897
hCoV-19/England/PHEC-YYFO67B/2022,883,905
hCoV-19/England/PHEC-YYFO63J/2022,883,905
hCoV-19/Scotland/LSPA-3E40F4C/2022,884,895
hCoV-19/England/PHEC-YYFXTJ4/2022,884,902
hCoV-19/England/PHEC-YYFXJKY/2022,884,901
hCoV-19/England/PHEC-YYFXIYE/2022,884,903
hCoV-19/England/PHEC-YYFXIBG/2022,884,903
hCoV-19/England/PHEC-YYFX1DF/2022,884,902
hCoV-19/England/PHEC-YYFQZTF/2022,884,901
hCoV-19/England/PHEC-YYFQXNC/2022,884,901
hCoV-19/England/PHEC-YYFQXDK/2022,884,901
hCoV-19/England/PHEC-YYFQXCA/2022,884,901
hCoV-19/England/PHEC-YYFQXA9/2022,884,901
hCoV-19/England/PHEC-YYFQWKZ/2022,884,901
hCoV-19/England/PHEC-YYFQSOE/2022,884,901
hCoV-19/England/PHEC-YYFQRIO/2022,884,897
hCoV-19/England/PHEC-YYFQRHN/2022,884,897
hCoV-19/England/PHEC-YYFQR5R/2022,884,897
hCoV-19/England/PHEC-YYFQPZD/2022,884,901
hCoV-19/England/PHEC-YYFQPWJ/2022,884,901
hCoV-19/England/PHEC-YYFQPK6/2022,884,901
hCoV-19/England/PHEC-YYFQPEN/2022,884,901
hCoV-19/England/PHEC-YYFQPDC/2022,884,901
hCoV-19/England/PHEC-YYFQP8R/2022,884,901
hCoV-19/England/PHEC-YYFQOFF/2022,884,901
hCoV-19/England/PHEC-YYFQO44/2022,884,901
hCoV-19/England/PHEC-YYFQO3H/2022,884,901
hCoV-19/England/PHEC-YYFQKOW/2022,884,898
hCoV-19/England/PHEC-YYFQJRQ/2022,884,898
hCoV-19/England/PHEC-YYFQJOI/2022,884,898
hCoV-19/England/PHEC-YYFQJEG/2022,884,898
hCoV-19/England/PHEC-YYFQIRN/2022,884,901
hCoV-19/England/PHEC-YYFQIJA/2022,884,901
hCoV-19/England/PHEC-YYFQIA3/2022,884,901
hCoV-19/England/PHEC-YYFQI4I/2022,884,901
hCoV-19/England/PHEC-YYFQFMR/2022,884,897
hCoV-19/England/PHEC-YYFQFJE/2022,884,897
hCoV-19/England/PHEC-YYFQDHD/2022,884,897
hCoV-19/England/PHEC-YYFQD3J/2022,884,897
hCoV-19/England/PHEC-YYFO8RM/2022,884,904
hCoV-19/England/PHEC-YYFO7JM/2022,884,905
hCoV-19/England/PHEC-YYFO6HD/2022,884,905
hCoV-19/England/PHEC-YYFO648/2022,884,905
hCoV-19/Scotland/LSPA-3E42311/2022,885,895
hCoV-19/England/QEUH-3E43A2A/2022,885,894
hCoV-19/England/QEUH-3E437BA/2022,885,894
hCoV-19/England/QEUH-3E4377E/2022,885,894
hCoV-19/England/QEUH-3E4376F/2022,885,894
hCoV-19/England/QEUH-3E436DB/2022,885,894
hCoV-19/England/QEUH-3E436BD/2022,885,894
hCoV-19/England/PHEC-YYFXW3S/2022,885,903
hCoV-19/England/PHEC-YYFXTWD/2022,885,902
hCoV-19/England/PHEC-YYFXSR9/2022,885,903
hCoV-19/England/PHEC-YYFXSPP/2022,885,903
hCoV-19/England/PHEC-YYFXSKU/2022,885,903
hCoV-19/England/PHEC-YYFXJZF/2022,885,901
hCoV-19/England/PHEC-YYFXJH5/2022,885,901
hCoV-19/England/PHEC-YYFXJ57/2022,885,901
hCoV-19/England/PHEC-YYFXF5B/2022,885,901
hCoV-19/England/PHEC-YYFXF4D/2022,885,901
hCoV-19/England/PHEC-YYFX1UR/2022,885,902
hCoV-19/England/PHEC-YYFX1N8/2022,885,902
hCoV-19/England/PHEC-YYFTQI9/2022,885,908
hCoV-19/England/PHEC-YYFTO7P/2022,885,908
hCoV-19/England/PHEC-YYFQZXK/2022,885,901
hCoV-19/England/PHEC-YYFQZ1D/2022,885,901
hCoV-19/England/PHEC-YYFQWH1/2022,885,901
hCoV-19/England/PHEC-YYFQWG9/2022,885,901
hCoV-19/England/PHEC-YYFQWCU/2022,885,901
hCoV-19/England/PHEC-YYFQWA4/2022,885,901
hCoV-19/England/PHEC-YYFQW87/2022,885,901
hCoV-19/England/PHEC-YYFQUXQ/2022,885,901
hCoV-19/England/PHEC-YYFQUWD/2022,885,901
hCoV-19/England/PHEC-YYFQUP1/2022,885,901
hCoV-19/England/PHEC-YYFQU5I/2022,885,901
hCoV-19/England/PHEC-YYFQU33/2022,885,901
hCoV-19/England/PHEC-YYFQTCS/2022,885,901
hCoV-19/England/PHEC-YYFQTA7/2022,885,901
hCoV-19/England/PHEC-YYFQT7U/2022,885,901
hCoV-19/England/PHEC-YYFQT43/2022,885,901
hCoV-19/England/PHEC-YYFQR7Y/2022,885,897
hCoV-19/England/PHEC-YYFQPY1/2022,885,901
hCoV-19/England/PHEC-YYFQOPI/2022,885,901
hCoV-19/England/PHEC-YYFQKZG/2022,885,898
hCoV-19/England/PHEC-YYFQKWC/2022,885,898
hCoV-19/England/PHEC-YYFQKT1/2022,885,898
hCoV-19/England/PHEC-YYFQKQ3/2022,885,898
hCoV-19/England/PHEC-YYFQKIK/2022,885,898
hCoV-19/England/PHEC-YYFQK6A/2022,885,898
hCoV-19/England/PHEC-YYFQIMW/2022,885,901
hCoV-19/England/PHEC-YYFQI5U/2022,885,901
hCoV-19/England/PHEC-YYFQFCN/2022,885,897
hCoV-19/England/PHEC-YYFQESK/2022,885,898
hCoV-19/England/PHEC-YYFQE4N/2022,885,898
hCoV-19/England/PHEC-YYFQCYU/2022,885,898
hCoV-19/England/PHEC-YYFQCWK/2022,885,898
hCoV-19/England/PHEC-YYFQCUC/2022,885,898
hCoV-19/England/PHEC-YYFQCTO/2022,885,898
hCoV-19/England/PHEC-YYFQCSG/2022,885,898
hCoV-19/England/PHEC-YYFQCP3/2022,885,898
hCoV-19/England/PHEC-YYFQCIE/2022,885,898
hCoV-19/England/PHEC-YYFQCBT/2022,885,898
hCoV-19/England/PHEC-YYFQC8F/2022,885,898
hCoV-19/England/PHEC-YYFQC1Q/2022,885,898
hCoV-19/England/LSPA-3E43ADF/2022,885,893
