hCoV-19/England/PHEC-YYGZXDS/2022,963,975
hCoV-19/England/PHEC-YYGZUYA/2022,963,978
hCoV-19/England/PHEC-YYGZUJG/2022,963,978
hCoV-19/England/PHEC-YYGZTQ6/2022,963,978
hCoV-19/England/PHEC-YYGZTO3/2022,963,978
hCoV-19/England/PHEC-YYGZTHB/2022,963,978
hCoV-19/England/PHEC-YYGZQPD/2022,963,975
hCoV-19/England/PHEC-YYGZQEP/2022,963,975
hCoV-19/England/PHEC-YYGZQ96/2022,963,975
hCoV-19/England/PHEC-YYGZOTA/2022,963,978
hCoV-19/England/PHEC-YYGZM9B/2022,963,975
hCoV-19/England/PHEC-YYGZM5J/2022,963,975
hCoV-19/England/PHEC-YYGZEZW/2022,963,974
hCoV-19/England/PHEC-YYGZEON/2022,963,974
hCoV-19/England/PHEC-YYGZE4Q/2022,963,974
hCoV-19/England/PHEC-YYGZE3O/2022,963,974
hCoV-19/England/PHEC-YYGZCMJ/2022,963,975
hCoV-19/England/PHEC-YYGZCJP/2022,963,975
hCoV-19/England/PHEC-YYGZCAQ/2022,963,975
hCoV-19/England/PHEC-YYGZ8GA/2022,963,974
hCoV-19/England/PHEC-YYGZ8F4/2022,963,974
hCoV-19/England/PHEC-YYGZ87J/2022,963,974
hCoV-19/England/PHEC-YYGZ5X1/2022,963,978
hCoV-19/England/PHEC-YYGZ5RE/2022,963,978
hCoV-19/England/PHEC-YYGZ5KH/2022,963,978
hCoV-19/England/PHEC-YYGZ4C3/2022,963,978
hCoV-19/England/PHEC-YYGZ1U1/2022,963,978
hCoV-19/England/PHEC-YYGZ16H/2022,963,978
hCoV-19/England/PHEC-YYGZ14R/2022,963,978
hCoV-19/England/PHEC-YYGAYUN/2022,963,978
hCoV-19/England/PHEC-YYGAYI6/2022,963,978
hCoV-19/England/PHEC-YYGAXHB/2022,963,981
hCoV-19/England/PHEC-YYGARD9/2022,963,978
hCoV-19/England/PHEC-YYGAGR5/2022,963,978
hCoV-19/England/PHEC-YYGADS3/2022,963,978
hCoV-19/England/PHEC-YYGADHP/2022,963,978
hCoV-19/England/PHEC-YYGZXO5/2022,964,978
hCoV-19/England/PHEC-YYGZXMG/2022,964,978
hCoV-19/England/PHEC-YYGZXCR/2022,964,978
hCoV-19/England/PHEC-YYGZWJF/2022,964,978
hCoV-19/England/PHEC-YYGZWE8/2022,964,978
hCoV-19/England/PHEC-YYGZWDT/2022,964,978
hCoV-19/England/PHEC-YYGZU65/2022,964,978
hCoV-19/England/PHEC-YYGZU5B/2022,964,978
hCoV-19/England/PHEC-YYGZTWT/2022,964,978
hCoV-19/England/PHEC-YYGZSHH/2022,964,978
hCoV-19/England/PHEC-YYGZQY7/2022,964,975
hCoV-19/England/PHEC-YYGZQRI/2022,964,975
hCoV-19/England/PHEC-YYGZQB5/2022,964,975
hCoV-19/England/PHEC-YYGZQAC/2022,964,975
hCoV-19/England/PHEC-YYGZQ6Y/2022,964,975
hCoV-19/England/PHEC-YYGZPRS/2022,964,975
hCoV-19/England/PHEC-YYGZPME/2022,964,975
hCoV-19/England/PHEC-YYGZPKK/2022,964,975
hCoV-19/England/PHEC-YYGZPHF/2022,964,975
hCoV-19/England/PHEC-YYGZP99/2022,964,975
hCoV-19/England/PHEC-YYGZIQ4/2022,964,978
hCoV-19/England/PHEC-YYGZHTC/2022,964,978
hCoV-19/England/PHEC-YYGZHOQ/2022,964,978
hCoV-19/England/PHEC-YYGZHA6/2022,964,978
hCoV-19/England/PHEC-YYGZH61/2022,964,978
hCoV-19/England/PHEC-YYGZH3H/2022,964,978
hCoV-19/England/PHEC-YYGZCD3/2022,964,975
hCoV-19/England/PHEC-YYGZANX/2022,964,978
hCoV-19/England/PHEC-YYGZ9OM/2022,964,978
hCoV-19/England/PHEC-YYGZ9KA/2022,964,978
hCoV-19/England/PHEC-YYGZ9GY/2022,964,978
hCoV-19/England/PHEC-YYGZ9EH/2022,964,978
hCoV-19/England/PHEC-YYGZ9DG/2022,964,978
hCoV-19/England/PHEC-YYGZ6TK/2022,964,978
hCoV-19/England/PHEC-YYGZ6SY/2022,964,978
hCoV-19/England/PHEC-YYGZ6OC/2022,964,978
hCoV-19/England/PHEC-YYGZ6J5/2022,964,978
hCoV-19/England/PHEC-YYGZ6E7/2022,964,978
hCoV-19/England/PHEC-YYGZ6D8/2022,964,978
hCoV-19/England/PHEC-YYGZ6BM/2022,964,978
hCoV-19/England/PHEC-YYGZ6AH/2022,964,978
hCoV-19/England/PHEC-YYGZ5UJ/2022,964,978
hCoV-19/England/PHEC-YYGZ5TP/2022,964,978
hCoV-19/England/PHEC-YYGZ5PS/2022,964,978
hCoV-19/England/PHEC-YYGZ5OX/2022,964,978
hCoV-19/England/PHEC-YYGZ5IF/2022,964,978
hCoV-19/England/PHEC-YYGZ5CA/2022,964,978
hCoV-19/England/PHEC-YYGZ4PZ/2022,964,978
hCoV-19/England/PHEC-YYGZ4EB/2022,964,978
hCoV-19/England/PHEC-YYGZ3XW/2022,964,978
hCoV-19/England/PHEC-YYGZ3OT/2022,964,978
hCoV-19/England/PHEC-YYGZ3JY/2022,964,978
hCoV-19/England/PHEC-YYGZ15N/2022,964,978
hCoV-19/England/PHEC-YYGAYWY/2022,964,978
hCoV-19/England/PHEC-YYGAYQP/2022,964,978
hCoV-19/England/PHEC-YYGAYPX/2022,964,978
hCoV-19/England/PHEC-YYGAY7Q/2022,964,978
hCoV-19/England/PHEC-YYGAY6C/2022,964,978
hCoV-19/England/PHEC-YYGAX4F/2022,964,981
hCoV-19/England/PHEC-YYGAMST/2022,964,979
hCoV-19/England/PHEC-YYGAMPR/2022,964,979
hCoV-19/England/PHEC-YYGAMFW/2022,964,979
hCoV-19/England/PHEC-YYGAM99/2022,964,979
hCoV-19/England/PHEC-YYGAM8O/2022,964,979
hCoV-19/England/PHEC-YYGAK7R/2022,964,979
hCoV-19/England/PHEC-YYGAICH/2022,964,985
hCoV-19/England/PHEC-YYGAF4X/2022,964,978
hCoV-19/England/PHEC-YYGACI1/2022,964,979
hCoV-19/England/PHEC-YYGABHX/2022,964,978
hCoV-19/England/PHEC-YYGABEA/2022,964,978
hCoV-19/England/PHEC-YYGABDN/2022,964,978
hCoV-19/England/PHEC-YYGAB7P/2022,964,978
hCoV-19/England/PHEC-YYG5NZ1/2022,964,995
hCoV-19/England/PHEC-YYG3JST/2022,964,985
hCoV-19/England/PHEC-YYGZWRX/2022,965,978
hCoV-19/England/PHEC-YYGZUSM/2022,965,978
hCoV-19/England/PHEC-YYGZUA8/2022,965,978
hCoV-19/England/PHEC-YYGZHWG/2022,965,978
hCoV-19/England/PHEC-YYGZHUE/2022,965,978
hCoV-19/England/PHEC-YYGZHR8/2022,965,978
hCoV-19/England/PHEC-YYGZH9O/2022,965,978
hCoV-19/England/PHEC-YYGZH1K/2022,965,978
hCoV-19/England/PHEC-YYGZ9YC/2022,965,978
hCoV-19/England/PHEC-YYGZ9XQ/2022,965,978
hCoV-19/England/PHEC-YYGZ9TJ/2022,965,978
hCoV-19/England/PHEC-YYGZ9NE/2022,965,978
hCoV-19/England/PHEC-YYGZ9FN/2022,965,978
hCoV-19/England/PHEC-YYGZ6UG/2022,965,978
hCoV-19/England/PHEC-YYGZ6PU/2022,965,978
hCoV-19/England/PHEC-YYGZ6K3/2022,965,978
hCoV-19/England/PHEC-YYGZ6HW/2022,965,978
hCoV-19/England/PHEC-YYGZ634/2022,965,978
hCoV-19/England/PHEC-YYGZ61E/2022,965,978
hCoV-19/England/PHEC-YYGZ4YT/2022,965,978
hCoV-19/England/PHEC-YYGZ3WJ/2022,965,978
hCoV-19/England/PHEC-YYGZ3QS/2022,965,978
hCoV-19/England/PHEC-YYGZ3H3/2022,965,978
hCoV-19/England/PHEC-YYGZ3GG/2022,965,978
hCoV-19/England/PHEC-YYGZ3AB/2022,965,978
hCoV-19/England/PHEC-YYGAYTG/2022,965,978
hCoV-19/England/PHEC-YYGAYOE/2022,965,978
hCoV-19/England/PHEC-YYGAY3S/2022,965,978
hCoV-19/England/PHEC-YYGARZS/2022,965,978
hCoV-19/England/PHEC-YYGARTN/2022,965,978
hCoV-19/England/PHEC-YYGAR6E/2022,965,978
hCoV-19/England/PHEC-YYGAR5Q/2022,965,978
hCoV-19/England/PHEC-YYGAR31/2022,965,978
hCoV-19/England/PHEC-YYGAPQY/2022,965,979
hCoV-19/England/PHEC-YYGAPMG/2022,965,979
hCoV-19/England/PHEC-YYGAPJK/2022,965,979
hCoV-19/England/PHEC-YYGANKU/2022,965,978
hCoV-19/England/PHEC-YYGANJI/2022,965,978
hCoV-19/England/PHEC-YYGAN7C/2022,965,978
hCoV-19/England/PHEC-YYGAN6K/2022,965,978
hCoV-19/England/PHEC-YYGAMDA/2022,965,979
hCoV-19/England/PHEC-YYGAM7D/2022,965,979
hCoV-19/England/PHEC-YYGAM6B/2022,965,979
hCoV-19/England/PHEC-YYGAKRZ/2022,965,979
hCoV-19/England/PHEC-YYGAKPF/2022,965,979
hCoV-19/England/PHEC-YYGAKIW/2022,965,979
hCoV-19/England/PHEC-YYGAKFI/2022,965,979
hCoV-19/England/PHEC-YYGAKD3/2022,965,979
hCoV-19/England/PHEC-YYGAK8T/2022,965,979
hCoV-19/England/PHEC-YYGAK14/2022,965,979
hCoV-19/England/PHEC-YYGAFSZ/2022,965,978
hCoV-19/England/PHEC-YYGAFNY/2022,965,978
hCoV-19/England/PHEC-YYGAEOY/2022,965,979
hCoV-19/England/PHEC-YYGAEKP/2022,965,979
hCoV-19/England/PHEC-YYGADFH/2022,965,978
hCoV-19/England/PHEC-YYGACX9/2022,965,979
hCoV-19/England/PHEC-YYGACUS/2022,965,979
hCoV-19/England/PHEC-YYGACPD/2022,965,979
hCoV-19/England/PHEC-YYGACFU/2022,965,979
hCoV-19/England/PHEC-YYGACDZ/2022,965,979
hCoV-19/England/PHEC-YYGAC8X/2022,965,979
hCoV-19/England/PHEC-YYGABXK/2022,965,978
hCoV-19/England/PHEC-YYGABQC/2022,965,978
hCoV-19/England/PHEC-YYGABI7/2022,965,978
hCoV-19/England/PHEC-YYGABF6/2022,965,978
hCoV-19/England/PHEC-YYGABCO/2022,965,978
hCoV-19/England/PHEC-YYGA8YN/2022,965,978
hCoV-19/England/PHEC-YYGA8OB/2022,965,979
hCoV-19/England/PHEC-YYGZHGD/2022,966,978
hCoV-19/England/PHEC-YYGZHFF/2022,966,978
hCoV-19/England/PHEC-YYGZ6QT/2022,966,978
hCoV-19/England/PHEC-YYGZ6CI/2022,966,978
hCoV-19/England/PHEC-YYGAXNS/2022,966,981
hCoV-19/England/PHEC-YYGAXMR/2022,966,981
hCoV-19/England/PHEC-YYGAWJD/2022,966,982
hCoV-19/England/PHEC-YYGAWC7/2022,966,982
hCoV-19/England/PHEC-YYGAUZ8/2022,966,982
hCoV-19/England/PHEC-YYGAUKN/2022,966,982
hCoV-19/England/PHEC-YYGAUH7/2022,966,982
hCoV-19/England/PHEC-YYGAU1T/2022,966,982
hCoV-19/England/PHEC-YYGATQH/2022,966,981
hCoV-19/England/PHEC-YYGARAW/2022,966,978
hCoV-19/England/PHEC-YYGAOAE/2022,966,981
hCoV-19/England/PHEC-YYGANS4/2022,966,978
hCoV-19/England/PHEC-YYGAMIU/2022,966,979
hCoV-19/England/PHEC-YYGAM4J/2022,966,979
hCoV-19/England/PHEC-YYGAM3M/2022,966,979
hCoV-19/England/PHEC-YYGAM13/2022,966,979
hCoV-19/England/PHEC-YYGAKZO/2022,966,979
hCoV-19/England/PHEC-YYGAKY9/2022,966,979
hCoV-19/England/PHEC-YYGAKJP/2022,966,979
hCoV-19/England/PHEC-YYGAKC8/2022,966,979
hCoV-19/England/PHEC-YYGAKAQ/2022,966,979
hCoV-19/England/PHEC-YYGAJ6D/2022,966,979
hCoV-19/England/PHEC-YYGAJ4M/2022,966,979
hCoV-19/England/PHEC-YYGAIRC/2022,966,982
hCoV-19/England/PHEC-YYGAIB1/2022,966,982
hCoV-19/England/PHEC-YYGAGUH/2022,966,978
hCoV-19/England/PHEC-YYGAGTY/2022,966,978
hCoV-19/England/PHEC-YYGAGMP/2022,966,978
hCoV-19/England/PHEC-YYGAGJT/2022,966,978
hCoV-19/England/PHEC-YYGAG7E/2022,966,978
hCoV-19/England/PHEC-YYGAG4Q/2022,966,978
hCoV-19/England/PHEC-YYGAG3O/2022,966,978
hCoV-19/England/PHEC-YYGAG16/2022,966,978
hCoV-19/England/PHEC-YYGAFPK/2022,966,978
hCoV-19/England/PHEC-YYGAFCC/2022,966,978
hCoV-19/England/PHEC-YYGAFBN/2022,966,978
hCoV-19/England/PHEC-YYGAEYB/2022,966,979
hCoV-19/England/PHEC-YYGAE8U/2022,966,979
hCoV-19/England/PHEC-YYGAE7G/2022,966,979
hCoV-19/England/PHEC-YYGACZQ/2022,966,979
hCoV-19/England/PHEC-YYGACY7/2022,966,979
hCoV-19/England/PHEC-YYGACQB/2022,966,979
hCoV-19/England/PHEC-YYGACB5/2022,966,979
hCoV-19/England/PHEC-YYGAC96/2022,966,979
hCoV-19/England/PHEC-YYGABUB/2022,966,978
hCoV-19/England/PHEC-YYGABAZ/2022,966,978
hCoV-19/England/PHEC-YYGA8ZU/2022,966,979
hCoV-19/England/PHEC-YYGA8W3/2022,966,979
hCoV-19/England/PHEC-YYGA8N6/2022,966,979
hCoV-19/England/PHEC-YYGA8HJ/2022,966,979
hCoV-19/England/PHEC-YYGA8CK/2022,966,979
hCoV-19/England/PHEC-YYGA7P1/2022,966,985
hCoV-19/England/PHEC-YYGAXUU/2022,967,981
hCoV-19/England/PHEC-YYGAX67/2022,967,981
hCoV-19/England/PHEC-YYGAX1I/2022,967,981
hCoV-19/England/PHEC-YYGAWHH/2022,967,982
hCoV-19/England/PHEC-YYGAW6A/2022,967,982
hCoV-19/England/PHEC-YYGAW1O/2022,967,982
hCoV-19/England/PHEC-YYGAUTU/2022,967,982
hCoV-19/England/PHEC-YYGATSM/2022,967,981
hCoV-19/England/PHEC-YYGATH9/2022,967,981
hCoV-19/England/PHEC-YYGATCY/2022,967,981
hCoV-19/England/PHEC-YYGAT5B/2022,967,981
hCoV-19/England/PHEC-YYGAPYH/2022,967,979
hCoV-19/England/PHEC-YYGAPRW/2022,967,979
hCoV-19/England/PHEC-YYGAPF1/2022,967,979
hCoV-19/England/PHEC-YYGAPDS/2022,967,979
hCoV-19/England/PHEC-YYGAOZK/2022,967,981
hCoV-19/England/PHEC-YYGAOQ7/2022,967,981
hCoV-19/England/PHEC-YYGAOP9/2022,967,981
hCoV-19/England/PHEC-YYGAOJ8/2022,967,981
hCoV-19/England/PHEC-YYGAMY6/2022,967,979
hCoV-19/England/PHEC-YYGAKEX/2022,967,979
hCoV-19/England/PHEC-YYGAG5C/2022,967,978
hCoV-19/England/PHEC-YYGACWW/2022,967,979
hCoV-19/England/PHEC-YYGACHR/2022,967,979
hCoV-19/England/PHEC-YYGACAC/2022,967,979
hCoV-19/England/PHEC-YYGA9HT/2022,967,985
hCoV-19/England/PHEC-YYGA8JO/2022,967,979
hCoV-19/England/PHEC-YYGA8DH/2022,967,979
hCoV-19/England/PHEC-YYGA7YC/2022,967,985
hCoV-19/England/PHEC-YYGA6N8/2022,967,985
hCoV-19/England/PHEC-YYGA56T/2022,967,985
hCoV-19/England/PHEC-YYGA1P7/2022,967,981
hCoV-19/England/PHEC-YYGA1MB/2022,967,981
hCoV-19/England/PHEC-YYGA1KD/2022,967,981
hCoV-19/England/PHEC-YYGA1FP/2022,967,981
hCoV-19/England/PHEC-YYGA19A/2022,967,981
hCoV-19/England/PHEC-YYG4C4R/2022,967,992
hCoV-19/England/PHEC-YYG3YMT/2022,967,985
hCoV-19/England/PHEC-YYG3YBF/2022,967,985
hCoV-19/England/PHEC-YYG3FPE/2022,967,985
hCoV-19/England/PHEC-YYG3FCK/2022,967,985
hCoV-19/England/PHEC-YYGAXJE/2022,968,981
hCoV-19/England/PHEC-YYGAUYS/2022,968,981
hCoV-19/England/PHEC-YYGAURQ/2022,968,981
hCoV-19/England/PHEC-YYGAUGK/2022,968,981
hCoV-19/England/PHEC-YYGAUFC/2022,968,981
hCoV-19/England/PHEC-YYGAUBW/2022,968,981
hCoV-19/England/PHEC-YYGAU8E/2022,968,981
hCoV-19/England/PHEC-YYGATZJ/2022,968,981
hCoV-19/England/PHEC-YYGATOZ/2022,968,981
hCoV-19/England/PHEC-YYGAT77/2022,968,981
hCoV-19/England/PHEC-YYGAMUZ/2022,968,979
hCoV-19/England/PHEC-YYGAMO7/2022,968,979
hCoV-19/England/PHEC-YYGAMKK/2022,968,979
hCoV-19/England/PHEC-YYGAKWS/2022,968,979
hCoV-19/England/PHEC-YYGAHYP/2022,968,985
hCoV-19/England/PHEC-YYGAHQT/2022,968,985
hCoV-19/England/PHEC-YYGAHPU/2022,968,985
hCoV-19/England/PHEC-YYGA9XC/2022,968,985
hCoV-19/England/PHEC-YYGA9UD/2022,968,985
hCoV-19/England/PHEC-YYGA9T8/2022,968,985
hCoV-19/England/PHEC-YYGA9OJ/2022,968,985
hCoV-19/England/PHEC-YYGA9NG/2022,968,985
hCoV-19/England/PHEC-YYGA9FY/2022,968,985
hCoV-19/England/PHEC-YYGA9A3/2022,968,985
hCoV-19/England/PHEC-YYGA7NE/2022,968,985
hCoV-19/England/PHEC-YYGA7BK/2022,968,985
hCoV-19/England/PHEC-YYGA6S6/2022,968,985
hCoV-19/England/PHEC-YYGA6RD/2022,968,985
hCoV-19/England/PHEC-YYGA6H1/2022,968,985
hCoV-19/England/PHEC-YYGA6CU/2022,968,985
hCoV-19/England/PHEC-YYGA6BJ/2022,968,985
hCoV-19/England/PHEC-YYGA64S/2022,968,985
hCoV-19/England/PHEC-YYGA543/2022,968,985
hCoV-19/England/PHEC-YYGA4TC/2022,968,985
hCoV-19/England/PHEC-YYGA4M3/2022,968,985
hCoV-19/England/PHEC-YYGA4CZ/2022,968,985
hCoV-19/England/PHEC-YYGA41K/2022,968,985
hCoV-19/England/PHEC-YYGA3YO/2022,968,985
hCoV-19/England/PHEC-YYGA3HZ/2022,968,985
hCoV-19/England/PHEC-YYGA37I/2022,968,985
hCoV-19/England/PHEC-YYGA1ZE/2022,968,981
hCoV-19/England/PHEC-YYGA1Q5/2022,968,981
hCoV-19/England/PHEC-YYGA1IC/2022,968,981
hCoV-19/England/PHEC-YYGA1DT/2022,968,981
hCoV-19/England/PHEC-YYGA1BI/2022,968,981
hCoV-19/England/PHEC-YYGA1AG/2022,968,981
hCoV-19/England/PHEC-YYGA13R/2022,968,981
hCoV-19/England/PHEC-YYG4A9Q/2022,968,994
hCoV-19/England/PHEC-YYG3Y9E/2022,968,985
hCoV-19/England/PHEC-YYG3Y6K/2022,968,985
hCoV-19/England/PHEC-YYG3PKG/2022,968,987
hCoV-19/England/PHEC-YYG3PFO/2022,968,987
hCoV-19/England/PHEC-YYG3KDZ/2022,968,985
hCoV-19/England/PHEC-YYG3FKQ/2022,968,985
hCoV-19/England/PHEC-YYG3BK1/2022,968,985
hCoV-19/England/PHEC-YYG3BJW/2022,968,985
hCoV-19/England/PHEC-YYG3BG4/2022,968,985
hCoV-19/England/PHEC-YYG3BCQ/2022,968,985
hCoV-19/England/PHEC-YYGATNW/2022,969,981
hCoV-19/England/PHEC-YYGATEE/2022,969,981
hCoV-19/England/PHEC-YYGAT8K/2022,969,981
hCoV-19/England/PHEC-YYGAHIN/2022,969,985
hCoV-19/England/PHEC-YYGAH6O/2022,969,985
hCoV-19/England/PHEC-YYGA9DR/2022,969,985
hCoV-19/England/PHEC-YYGA98H/2022,969,985
hCoV-19/England/PHEC-YYGA7TJ/2022,969,985
hCoV-19/England/PHEC-YYGA7OM/2022,969,985
hCoV-19/England/PHEC-YYGA6QX/2022,969,985
hCoV-19/England/PHEC-YYGA6OK/2022,969,985
hCoV-19/England/PHEC-YYGA6J3/2022,969,985
hCoV-19/England/PHEC-YYGA6A4/2022,969,985
hCoV-19/England/PHEC-YYGA65W/2022,969,985
hCoV-19/England/PHEC-YYGA5Q1/2022,969,985
hCoV-19/England/PHEC-YYGA5HI/2022,969,985
hCoV-19/England/PHEC-YYGA59X/2022,969,985
hCoV-19/England/PHEC-YYGA4OQ/2022,969,985
hCoV-19/England/PHEC-YYGA4J7/2022,969,985
hCoV-19/England/PHEC-YYGA4IR/2022,969,985
hCoV-19/England/PHEC-YYGA4GD/2022,969,985
hCoV-19/England/PHEC-YYGA4E9/2022,969,985
hCoV-19/England/PHEC-YYGA4DJ/2022,969,985
hCoV-19/England/PHEC-YYG9XMS/2022,969,1013
hCoV-19/England/PHEC-YYG4YBD/2022,969,989
hCoV-19/England/PHEC-YYG4WAY/2022,969,992
hCoV-19/England/PHEC-YYG4CSC/2022,969,992
hCoV-19/England/PHEC-YYG4CAE/2022,969,992
hCoV-19/England/PHEC-YYG3YR9/2022,969,985
hCoV-19/England/PHEC-YYG3WG8/2022,969,987
hCoV-19/England/PHEC-YYG3R4Q/2022,969,985
hCoV-19/England/PHEC-YYG3NTN/2022,969,985
hCoV-19/England/PHEC-YYG3NSA/2022,969,985
hCoV-19/England/PHEC-YYG3NOR/2022,969,985
hCoV-19/England/PHEC-YYG3N7K/2022,969,985
hCoV-19/England/PHEC-YYG3N1Y/2022,969,985
hCoV-19/England/PHEC-YYG3KCF/2022,969,985
hCoV-19/England/PHEC-YYG3FDH/2022,969,985
