hCoV-19/England/PHEC-YY8PE7H/2022,1033,1055
hCoV-19/England/PHEC-YY8PCDP/2022,1033,1055
hCoV-19/England/PHEC-YY8MZ4Z/2022,1033,1048
hCoV-19/England/PHEC-YY8MSYP/2022,1033,1048
hCoV-19/England/PHEC-YY8MISB/2022,1033,1048
hCoV-19/England/PHEC-YY8MHS4/2022,1033,1048
hCoV-19/England/PHEC-YY8MH3W/2022,1033,1048
hCoV-19/England/PHEC-YY8MAKZ/2022,1033,1048
hCoV-19/England/PHEC-YY8M7XE/2022,1033,1048
hCoV-19/England/PHEC-YY8M7G4/2022,1033,1048
hCoV-19/England/PHEC-YY8M6ZS/2022,1033,1048
hCoV-19/England/PHEC-YY8M6X8/2022,1033,1048
hCoV-19/England/PHEC-YY8M6D9/2022,1033,1048
hCoV-19/England/PHEC-YY8M5AZ/2022,1033,1048
hCoV-19/England/PHEC-YY8M4MU/2022,1033,1048
hCoV-19/England/PHEC-YY8M4JZ/2022,1033,1048
hCoV-19/England/PHEC-YY8M4G7/2022,1033,1048
hCoV-19/England/PHEC-YY8M3BE/2022,1033,1048
hCoV-19/England/PHEC-YY8CPM6/2022,1033,1048
hCoV-19/England/PHEC-YY8CPFK/2022,1033,1048
hCoV-19/England/PHEC-YY8CMTU/2022,1033,1048
hCoV-19/England/PHEC-YY8CMC6/2022,1033,1048
hCoV-19/England/PHEC-YY8CK9A/2022,1033,1048
hCoV-19/England/PHEC-YY8CJWX/2022,1033,1048
hCoV-19/England/PHEC-YY8PCXI/2022,1034,1055
hCoV-19/England/PHEC-YY8PCP3/2022,1034,1055
hCoV-19/England/PHEC-YY8PCFJ/2022,1034,1055
hCoV-19/England/PHEC-YY8MZHU/2022,1034,1048
hCoV-19/England/PHEC-YY8MHKU/2022,1034,1048
hCoV-19/England/PHEC-YY8MHG5/2022,1034,1048
hCoV-19/England/PHEC-YY8MAZH/2022,1034,1048
hCoV-19/England/PHEC-YY8M7W7/2022,1034,1048
hCoV-19/England/PHEC-YY8M7U9/2022,1034,1048
hCoV-19/England/PHEC-YY8M7TD/2022,1034,1048
hCoV-19/England/PHEC-YY8M7PC/2022,1034,1048
hCoV-19/England/PHEC-YY8M74T/2022,1034,1048
hCoV-19/England/PHEC-YY8M6YF/2022,1034,1048
hCoV-19/England/PHEC-YY8M6U6/2022,1034,1048
hCoV-19/England/PHEC-YY8M6NB/2022,1034,1048
hCoV-19/England/PHEC-YY8M6I4/2022,1034,1048
hCoV-19/England/PHEC-YY8M6BD/2022,1034,1048
hCoV-19/England/PHEC-YY8M631/2022,1034,1048
hCoV-19/England/PHEC-YY8M3C1/2022,1034,1048
hCoV-19/England/PHEC-YY8CQ1Q/2022,1034,1048
hCoV-19/England/PHEC-YY8CP6Z/2022,1034,1048
hCoV-19/England/PHEC-YY8CP57/2022,1034,1048
hCoV-19/England/PHEC-YY8CP3B/2022,1034,1048
hCoV-19/England/PHEC-YY8CMYS/2022,1034,1048
hCoV-19/England/PHEC-YY8CMXA/2022,1034,1048
hCoV-19/England/PHEC-YY8CMUX/2022,1034,1048
hCoV-19/England/PHEC-YY8CMFC/2022,1034,1048
hCoV-19/England/PHEC-YY8CM59/2022,1034,1048
hCoV-19/England/PHEC-YY8CM4B/2022,1034,1048
hCoV-19/England/PHEC-YY8CKWQ/2022,1034,1048
hCoV-19/England/PHEC-YY8CKAG/2022,1034,1048
hCoV-19/England/PHEC-YY8CJUT/2022,1034,1048
hCoV-19/England/PHEC-YY8CJSM/2022,1034,1048
hCoV-19/England/PHEC-YY8CJKR/2022,1034,1048
hCoV-19/England/PHEC-YY8CJD1/2022,1034,1048
hCoV-19/England/PHEC-YY8C1DJ/2022,1034,1051
hCoV-19/England/PHEC-YY8MH9E/2022,1035,1048
hCoV-19/England/PHEC-YY8M73U/2022,1035,1048
hCoV-19/England/PHEC-YY8CZXC/2022,1035,1051
hCoV-19/England/PHEC-YY8CZPO/2022,1035,1051
hCoV-19/England/PHEC-YY8CUXO/2022,1035,1051
hCoV-19/England/PHEC-YY8CUJH/2022,1035,1051
hCoV-19/England/PHEC-YY8CUGN/2022,1035,1051
hCoV-19/England/PHEC-YY8CUE6/2022,1035,1051
hCoV-19/England/PHEC-YY8CUA7/2022,1035,1051
hCoV-19/England/PHEC-YY8CU6T/2022,1035,1051
hCoV-19/England/PHEC-YY8CTX1/2022,1035,1051
hCoV-19/England/PHEC-YY8CTKH/2022,1035,1051
hCoV-19/England/PHEC-YY8CQBT/2022,1035,1048
hCoV-19/England/PHEC-YY8CPYW/2022,1035,1048
hCoV-19/England/PHEC-YY8CPWM/2022,1035,1048
hCoV-19/England/PHEC-YY8CPUP/2022,1035,1048
hCoV-19/England/PHEC-YY8CPQA/2022,1035,1048
hCoV-19/England/PHEC-YY8CPH5/2022,1035,1048
hCoV-19/England/PHEC-YY8CP1X/2022,1035,1048
hCoV-19/England/PHEC-YY8CO36/2022,1035,1048
hCoV-19/England/PHEC-YY8CMRQ/2022,1035,1048
hCoV-19/England/PHEC-YY8CMJR/2022,1035,1048
hCoV-19/England/PHEC-YY8CMH7/2022,1035,1048
hCoV-19/England/PHEC-YY8CMEG/2022,1035,1048
hCoV-19/England/PHEC-YY8CMBW/2022,1035,1048
hCoV-19/England/PHEC-YY8CMAF/2022,1035,1048
hCoV-19/England/PHEC-YY8CM9Z/2022,1035,1048
hCoV-19/England/PHEC-YY8CM8E/2022,1035,1048
hCoV-19/England/PHEC-YY8CM3D/2022,1035,1048
hCoV-19/England/PHEC-YY8CKTW/2022,1035,1048
hCoV-19/England/PHEC-YY8CKRX/2022,1035,1048
hCoV-19/England/PHEC-YY8CKP7/2022,1035,1048
hCoV-19/England/PHEC-YY8CKOS/2022,1035,1048
hCoV-19/England/PHEC-YY8CKGM/2022,1035,1048
hCoV-19/England/PHEC-YY8CKFP/2022,1035,1048
hCoV-19/England/PHEC-YY8CKC9/2022,1035,1048
hCoV-19/England/PHEC-YY8CJRO/2022,1035,1048
hCoV-19/England/PHEC-YY8CJQH/2022,1035,1048
hCoV-19/England/PHEC-YY8CJEE/2022,1035,1048
hCoV-19/England/PHEC-YY8CJBS/2022,1035,1048
hCoV-19/England/PHEC-YY8CJ77/2022,1035,1048
hCoV-19/England/PHEC-YY8CJ65/2022,1035,1048
hCoV-19/England/PHEC-YY8CJ5B/2022,1035,1048
hCoV-19/England/PHEC-YY8CIUF/2022,1035,1051
hCoV-19/England/PHEC-YY8CI33/2022,1035,1051
hCoV-19/England/PHEC-YY8CASH/2022,1035,1051
hCoV-19/England/PHEC-YY8C5G4/2022,1035,1052
hCoV-19/England/PHEC-YY8C1E9/2022,1035,1051
hCoV-19/England/PHEC-YYEG54H/2022,1036,1163
hCoV-19/England/PHEC-YY8PMGE/2022,1036,1055
hCoV-19/England/PHEC-YY8PMER/2022,1036,1055
hCoV-19/England/PHEC-YY8PM1X/2022,1036,1055
hCoV-19/England/PHEC-YY8PJPH/2022,1036,1055
hCoV-19/England/PHEC-YY8PJ1T/2022,1036,1055
hCoV-19/England/PHEC-YY8PHGZ/2022,1036,1062
hCoV-19/England/PHEC-YY8CZKS/2022,1036,1051
hCoV-19/England/PHEC-YY8CX6I/2022,1036,1048
hCoV-19/England/PHEC-YY8CWTK/2022,1036,1051
hCoV-19/England/PHEC-YY8CWSY/2022,1036,1051
hCoV-19/England/PHEC-YY8CWK3/2022,1036,1051
hCoV-19/England/PHEC-YY8CWJ5/2022,1036,1051
hCoV-19/England/PHEC-YY8CWE7/2022,1036,1051
hCoV-19/England/PHEC-YY8CW4A/2022,1036,1051
hCoV-19/England/PHEC-YY8CUWF/2022,1036,1051
hCoV-19/England/PHEC-YY8CTUJ/2022,1036,1051
hCoV-19/England/PHEC-YY8CTPS/2022,1036,1051
hCoV-19/England/PHEC-YY8CTM4/2022,1036,1051
hCoV-19/England/PHEC-YY8CTHZ/2022,1036,1051
hCoV-19/England/PHEC-YY8COK7/2022,1036,1048
hCoV-19/England/PHEC-YY8COJ9/2022,1036,1048
hCoV-19/England/PHEC-YY8COGF/2022,1036,1048
hCoV-19/England/PHEC-YY8COC3/2022,1036,1048
hCoV-19/England/PHEC-YY8CO8D/2022,1036,1048
hCoV-19/England/PHEC-YY8CO54/2022,1036,1048
hCoV-19/England/PHEC-YY8CMSJ/2022,1036,1048
hCoV-19/England/PHEC-YY8CKZE/2022,1036,1048
hCoV-19/England/PHEC-YY8CK4N/2022,1036,1048
hCoV-19/England/PHEC-YY8CIXQ/2022,1036,1051
hCoV-19/England/PHEC-YY8CIWD/2022,1036,1051
hCoV-19/England/PHEC-YY8CAE3/2022,1036,1051
hCoV-19/England/PHEC-YY8CA1R/2022,1036,1051
hCoV-19/England/PHEC-YY8C9SI/2022,1036,1055
hCoV-19/England/PHEC-YY8C6W4/2022,1036,1055
hCoV-19/England/PHEC-YY8C6IA/2022,1036,1055
hCoV-19/England/PHEC-YY8C63O/2022,1036,1055
hCoV-19/England/PHEC-YY8C4PP/2022,1036,1052
hCoV-19/England/PHEC-YY8C3NR/2022,1036,1051
hCoV-19/England/PHEC-YY8C1FF/2022,1036,1051
hCoV-19/England/PHEC-YY8C1CZ/2022,1036,1051
hCoV-19/England/PHEC-YY8PMWM/2022,1037,1055
hCoV-19/England/PHEC-YY8PMTT/2022,1037,1055
hCoV-19/England/PHEC-YY8PKXZ/2022,1037,1055
hCoV-19/England/PHEC-YY8PKP5/2022,1037,1055
hCoV-19/England/PHEC-YY8PK9S/2022,1037,1055
hCoV-19/England/PHEC-YY8PK6A/2022,1037,1055
hCoV-19/England/PHEC-YY8PK4Y/2022,1037,1055
hCoV-19/England/PHEC-YY8PJZ8/2022,1037,1055
hCoV-19/England/PHEC-YY8PJQ4/2022,1037,1055
hCoV-19/England/PHEC-YY8PJC6/2022,1037,1055
hCoV-19/England/PHEC-YY8PJ3D/2022,1037,1055
hCoV-19/England/PHEC-YY8PGEJ/2022,1037,1055
hCoV-19/England/PHEC-YY8PD69/2022,1037,1055
hCoV-19/England/PHEC-YY8PC6S/2022,1037,1055
hCoV-19/England/PHEC-YY8PC5H/2022,1037,1055
hCoV-19/England/PHEC-YY8CZT8/2022,1037,1051
hCoV-19/England/PHEC-YY8CZOJ/2022,1037,1051
hCoV-19/England/PHEC-YY8CZI9/2022,1037,1051
hCoV-19/England/PHEC-YY8CX9U/2022,1037,1048
hCoV-19/England/PHEC-YY8CUYQ/2022,1037,1051
hCoV-19/England/PHEC-YY8CUBC/2022,1037,1051
hCoV-19/England/PHEC-YY8CTRE/2022,1037,1051
hCoV-19/England/PHEC-YY8COWE/2022,1037,1048
hCoV-19/England/PHEC-YY8CMZ8/2022,1037,1048
hCoV-19/England/PHEC-YY8CIKA/2022,1037,1051
hCoV-19/England/PHEC-YY8CHMX/2022,1037,1055
hCoV-19/England/PHEC-YY8CAWY/2022,1037,1051
hCoV-19/England/PHEC-YY8CAI6/2022,1037,1051
hCoV-19/England/PHEC-YY8CAG7/2022,1037,1051
hCoV-19/England/PHEC-YY8CADD/2022,1037,1051
hCoV-19/England/PHEC-YY8CA7Q/2022,1037,1051
hCoV-19/England/PHEC-YY8C7I3/2022,1037,1055
hCoV-19/England/PHEC-YY8C6Q8/2022,1037,1055
hCoV-19/England/PHEC-YY8C6MP/2022,1037,1055
hCoV-19/England/PHEC-YY8C6D7/2022,1037,1055
hCoV-19/England/PHEC-YY8C616/2022,1037,1055
hCoV-19/England/PHEC-YY8C4MT/2022,1037,1052
hCoV-19/England/PHEC-YY8C31D/2022,1037,1051
hCoV-19/England/PHEC-YY8C1OQ/2022,1037,1051
hCoV-19/England/PHEC-YY8C1J7/2022,1037,1051
hCoV-19/England/PHEC-YY8C1IR/2022,1037,1051
hCoV-19/England/PHEC-YY8C1HS/2022,1037,1051
hCoV-19/England/PHEC-YY8C19O/2022,1037,1051
hCoV-19/England/PLYM-325E4514/2022,1038,1048
hCoV-19/England/PHEC-YYEYMGB/2022,1038,1136
hCoV-19/England/PHEC-YY8PTHI/2022,1038,1057
hCoV-19/England/PHEC-YY8PRZC/2022,1038,1055
hCoV-19/England/PHEC-YY8PR66/2022,1038,1055
hCoV-19/England/PHEC-YY8PMXS/2022,1038,1055
hCoV-19/England/PHEC-YY8PMQA/2022,1038,1055
hCoV-19/England/PHEC-YY8PMKY/2022,1038,1055
hCoV-19/England/PHEC-YY8PKC7/2022,1038,1055
hCoV-19/England/PHEC-YY8PKBU/2022,1038,1055
hCoV-19/England/PHEC-YY8PGFX/2022,1038,1055
hCoV-19/England/PHEC-YY8PG4R/2022,1038,1055
hCoV-19/England/PHEC-YY8PF67/2022,1038,1055
hCoV-19/England/PHEC-YY8PEWQ/2022,1038,1055
hCoV-19/England/PHEC-YY8PEP7/2022,1038,1055
hCoV-19/England/PHEC-YY8PE11/2022,1038,1055
hCoV-19/England/PHEC-YY8PD97/2022,1038,1055
hCoV-19/England/PHEC-YY8CHJU/2022,1038,1055
hCoV-19/England/PHEC-YY8C75P/2022,1038,1055
hCoV-19/England/PHEC-YY8C6UH/2022,1038,1055
hCoV-19/England/PHEC-YY8C67E/2022,1038,1055
hCoV-19/England/PHEC-YY8C3W9/2022,1038,1052
hCoV-19/England/PHEC-YY8C3CO/2022,1038,1051
hCoV-19/England/PHEC-YY8C15A/2022,1038,1051
hCoV-19/England/PHEC-YY8Q15W/2022,1039,1064
hCoV-19/England/PHEC-YY8PYN5/2022,1039,1055
hCoV-19/England/PHEC-YY8PYGU/2022,1039,1055
hCoV-19/England/PHEC-YY8PT9X/2022,1039,1057
hCoV-19/England/PHEC-YY8PRSQ/2022,1039,1055
hCoV-19/England/PHEC-YY8PRHN/2022,1039,1055
hCoV-19/England/PHEC-YY8PMCH/2022,1039,1055
hCoV-19/England/PHEC-YY8PKSE/2022,1039,1055
hCoV-19/England/PHEC-YY8PKAR/2022,1039,1055
hCoV-19/England/PHEC-YY8PK3N/2022,1039,1055
hCoV-19/England/PHEC-YY8PIFY/2022,1039,1058
hCoV-19/England/PHEC-YY8PI8H/2022,1039,1058
hCoV-19/England/PHEC-YY8PGWO/2022,1039,1055
hCoV-19/England/PHEC-YY8PGNI/2022,1039,1055
hCoV-19/England/PHEC-YY8PGJ8/2022,1039,1055
hCoV-19/England/PHEC-YY8PGIQ/2022,1039,1055
hCoV-19/England/PHEC-YY8PDT3/2022,1039,1055
hCoV-19/England/PHEC-YY8PD48/2022,1039,1055
hCoV-19/England/PHEC-YY8PD3J/2022,1039,1055
hCoV-19/England/PHEC-YY8PD1Z/2022,1039,1055
hCoV-19/England/PHEC-YY8C7YR/2022,1039,1055
hCoV-19/England/PHEC-YY8C7HM/2022,1039,1055
hCoV-19/England/PHEC-YY8C7GA/2022,1039,1055
hCoV-19/England/PHEC-YY8C5AI/2022,1039,1052
hCoV-19/England/PHEC-YY8C4ND/2022,1039,1052
