hCoV-19/England/PHEC-YY8ZTY3/2022,1089,1108
hCoV-19/England/PHEC-YY8ZTOA/2022,1089,1108
hCoV-19/England/PHEC-YY8ZTKF/2022,1089,1108
hCoV-19/England/PHEC-YY8ZTHY/2022,1089,1108
hCoV-19/England/PHEC-YY8ZT3G/2022,1089,1108
hCoV-19/England/PHEC-YY8ZOXH/2022,1089,1108
hCoV-19/England/PHEC-YY8ZOBA/2022,1089,1108
hCoV-19/England/PHEC-YY8ZOAJ/2022,1089,1108
hCoV-19/England/PHEC-YY8ZEXR/2022,1089,1105
hCoV-19/England/PHEC-YY8ZEW3/2022,1089,1105
hCoV-19/England/PHEC-YY8ZEPE/2022,1089,1105
hCoV-19/England/PHEC-YY8Z3RJ/2022,1089,1111
hCoV-19/England/PHEC-YY8IJG3/2022,1089,1104
hCoV-19/England/PHEC-YY8IGZ3/2022,1089,1104
hCoV-19/England/PHEC-YY8IGAZ/2022,1089,1104
hCoV-19/England/PHEC-YY8IG3I/2022,1089,1104
hCoV-19/England/PHEC-YY8IEYG/2022,1089,1104
hCoV-19/England/PHEC-YY8ZT4R/2022,1090,1108
hCoV-19/England/PHEC-YY8ZOZM/2022,1090,1108
hCoV-19/England/PHEC-YY8ZOIX/2022,1090,1108
hCoV-19/England/PHEC-YY8ZO5D/2022,1090,1108
hCoV-19/England/PHEC-YY8ZO4F/2022,1090,1108
hCoV-19/England/PHEC-YY8ZJD5/2022,1090,1107
hCoV-19/England/PHEC-YY8ZJAO/2022,1090,1107
hCoV-19/England/PHEC-YY8ZG3T/2022,1090,1105
hCoV-19/England/PHEC-YY8ZA47/2022,1090,1111
hCoV-19/England/PHEC-YY8Z8EU/2022,1090,1105
hCoV-19/England/PHEC-YY8Z3ZN/2022,1090,1111
hCoV-19/England/PHEC-YY8Z3XU/2022,1090,1111
hCoV-19/England/PHEC-YY8Z3TQ/2022,1090,1111
hCoV-19/England/PHEC-YY8IRDR/2022,1090,1104
hCoV-19/England/PHEC-YY8IDUR/2022,1090,1104
hCoV-19/England/PHEC-YY89DX3/2022,1090,1128
hCoV-19/England/PHEC-YY89DMB/2022,1090,1128
hCoV-19/England/PHEC-YY89DC9/2022,1090,1128
hCoV-19/England/PHEC-YY84I9O/2022,1090,1115
hCoV-19/England/PHEC-YY84I7W/2022,1090,1115
hCoV-19/England/PHEC-YY84HPQ/2022,1090,1118
hCoV-19/England/PHEC-YY848WW/2022,1090,1115
hCoV-19/England/PHEC-YY8481A/2022,1090,1115
hCoV-19/England/PHEC-YY8ZTX5/2022,1091,1108
hCoV-19/England/PHEC-YY8ZTJ8/2022,1091,1108
hCoV-19/England/PHEC-YY8ZTFX/2022,1091,1108
hCoV-19/England/PHEC-YY8ZTEJ/2022,1091,1108
hCoV-19/England/PHEC-YY8ZTDU/2022,1091,1108
hCoV-19/England/PHEC-YY8ZTBZ/2022,1091,1108
hCoV-19/England/PHEC-YY8ZT8M/2022,1091,1108
hCoV-19/England/PHEC-YY8ZT6H/2022,1091,1108
hCoV-19/England/PHEC-YY8ZOWT/2022,1091,1108
hCoV-19/England/PHEC-YY8ZKFS/2022,1091,1107
hCoV-19/England/PHEC-YY8ZJ4C/2022,1091,1107
hCoV-19/England/PHEC-YY8ZGAU/2022,1091,1105
hCoV-19/England/PHEC-YY8ZG5P/2022,1091,1105
hCoV-19/England/PHEC-YY8ZF4O/2022,1091,1104
hCoV-19/England/PHEC-YY8ZET9/2022,1091,1105
hCoV-19/England/PHEC-YY8Z4X1/2022,1091,1111
hCoV-19/England/PHEC-YY8Z3J9/2022,1091,1111
hCoV-19/England/PHEC-YY8Z3IG/2022,1091,1111
hCoV-19/England/PHEC-YY8Z3HA/2022,1091,1111
hCoV-19/England/PHEC-YY8Z1YA/2022,1091,1108
hCoV-19/England/PHEC-YY8IS77/2022,1091,1104
hCoV-19/England/PHEC-YY8AJ8T/2022,1091,1111
hCoV-19/England/PHEC-YY8A8P8/2022,1091,1111
hCoV-19/England/PHEC-YY89DTW/2022,1091,1128
hCoV-19/England/PHEC-YY84W9T/2022,1091,1115
hCoV-19/England/PHEC-YY84IR8/2022,1091,1115
hCoV-19/England/PHEC-YY84IK5/2022,1091,1115
hCoV-19/England/PHEC-YY84IFF/2022,1091,1115
hCoV-19/England/PHEC-YY84H1D/2022,1091,1118
hCoV-19/England/PHEC-YY84GZX/2022,1091,1115
hCoV-19/England/PHEC-YY84G4J/2022,1091,1115
hCoV-19/England/PHEC-YY84G3M/2022,1091,1115
hCoV-19/England/PHEC-YY848Y7/2022,1091,1115
hCoV-19/England/PHEC-YY8ZOY4/2022,1092,1108
hCoV-19/England/PHEC-YY8ZOJE/2022,1092,1108
hCoV-19/England/PHEC-YY8ZMFI/2022,1092,1107
hCoV-19/England/PHEC-YY8ZKRA/2022,1092,1107
hCoV-19/England/PHEC-YY8ZKQR/2022,1092,1107
hCoV-19/England/PHEC-YY8ZEBY/2022,1092,1105
hCoV-19/England/PHEC-YY8IW95/2022,1092,1104
hCoV-19/England/PHEC-YY8ISYA/2022,1092,1104
hCoV-19/England/PHEC-YY8ISRO/2022,1092,1104
hCoV-19/England/PHEC-YY8ISOZ/2022,1092,1104
hCoV-19/England/PHEC-YY8ISNW/2022,1092,1104
hCoV-19/England/PHEC-YY8ISJG/2022,1092,1104
hCoV-19/England/PHEC-YY8ISCY/2022,1092,1104
hCoV-19/England/PHEC-YY8I48G/2022,1092,1104
hCoV-19/England/PHEC-YY8AJ4K/2022,1092,1111
hCoV-19/England/PHEC-YY84IUE/2022,1092,1115
hCoV-19/England/PHEC-YY84IM3/2022,1092,1115
hCoV-19/England/PHEC-YY84IGD/2022,1092,1115
hCoV-19/England/PHEC-YY84ICZ/2022,1092,1115
hCoV-19/England/PHEC-YY84I3H/2022,1092,1115
hCoV-19/England/PHEC-YY84GHF/2022,1092,1115
hCoV-19/England/PHEC-YY84BTY/2022,1092,1114
hCoV-19/England/PHEC-YY848QB/2022,1092,1115
hCoV-19/England/PHEC-YY848N3/2022,1092,1115
hCoV-19/England/PHEC-YY848KJ/2022,1092,1115
hCoV-19/England/PHEC-YY848DZ/2022,1092,1115
hCoV-19/England/PHEC-YY8ZQMG/2022,1093,1108
hCoV-19/England/PHEC-YY8ZQKE/2022,1093,1108
hCoV-19/England/PHEC-YY8ZQB4/2022,1093,1108
hCoV-19/England/PHEC-YY8ZO8C/2022,1093,1108
hCoV-19/England/PHEC-YY8ZER4/2022,1093,1105
hCoV-19/England/PHEC-YY8Z8KX/2022,1093,1105
hCoV-19/England/PHEC-YY8Z8CM/2022,1093,1105
hCoV-19/England/PHEC-YY8Z87E/2022,1093,1105
hCoV-19/England/PHEC-YY8Z5K5/2022,1093,1111
hCoV-19/England/PHEC-YY8Z5J7/2022,1093,1111
hCoV-19/England/PHEC-YY8Z5FF/2022,1093,1111
hCoV-19/England/PHEC-YY8Z4YO/2022,1093,1111
hCoV-19/England/PHEC-YY8Z3DM/2022,1093,1111
hCoV-19/England/PHEC-YY8Z31C/2022,1093,1111
hCoV-19/England/PHEC-YY8HMAR/2022,1093,1118
hCoV-19/England/PHEC-YY8AXZK/2022,1093,1111
hCoV-19/England/PHEC-YY8AXQ7/2022,1093,1111
hCoV-19/England/PHEC-YY8AXOA/2022,1093,1111
hCoV-19/England/PHEC-YY8ATZE/2022,1093,1111
hCoV-19/England/PHEC-YY8ATE8/2022,1093,1111
hCoV-19/England/PHEC-YY8ATAG/2022,1093,1111
hCoV-19/England/PHEC-YY8AT8J/2022,1093,1111
hCoV-19/England/PHEC-YY8AT11/2022,1093,1111
hCoV-19/England/PHEC-YY8AR7J/2022,1093,1111
hCoV-19/England/PHEC-YY8AOYA/2022,1093,1111
hCoV-19/England/PHEC-YY8AOKR/2022,1093,1111
hCoV-19/England/PHEC-YY8AOA8/2022,1093,1111
hCoV-19/England/PHEC-YY8AO5B/2022,1093,1111
hCoV-19/England/PHEC-YY8AO1U/2022,1093,1111
hCoV-19/England/PHEC-YY8AFUH/2022,1093,1111
hCoV-19/England/PHEC-YY8AED4/2022,1093,1111
hCoV-19/England/PHEC-YY8A8FZ/2022,1093,1111
hCoV-19/England/PHEC-YY8A8AO/2022,1093,1111
hCoV-19/England/PHEC-YY8A6NG/2022,1093,1113
hCoV-19/England/PHEC-YY89DZE/2022,1093,1128
hCoV-19/England/PHEC-YY89D3R/2022,1093,1128
hCoV-19/England/PHEC-YY84IWG/2022,1093,1115
hCoV-19/England/PHEC-YY84IJ7/2022,1093,1115
hCoV-19/England/PHEC-YY84I44/2022,1093,1115
hCoV-19/England/PHEC-YY84G99/2022,1093,1115
hCoV-19/England/PHEC-YY84BMP/2022,1093,1114
hCoV-19/England/PHEC-YY848X9/2022,1093,1115
hCoV-19/England/PHEC-YY848M8/2022,1093,1115
hCoV-19/England/QEUH-32688308/2022,1094,1107
hCoV-19/England/PHEC-YY8Z5QU/2022,1094,1111
hCoV-19/England/PHEC-YY8Z5OQ/2022,1094,1111
hCoV-19/England/PHEC-YY8Z5DJ/2022,1094,1111
hCoV-19/England/PHEC-YY8HM74/2022,1094,1118
hCoV-19/England/PHEC-YY8AXTS/2022,1094,1111
hCoV-19/England/PHEC-YY8AXSC/2022,1094,1111
hCoV-19/England/PHEC-YY8AXP9/2022,1094,1111
hCoV-19/England/PHEC-YY8ATX3/2022,1094,1111
hCoV-19/England/PHEC-YY8ATWQ/2022,1094,1111
hCoV-19/England/PHEC-YY8ATSK/2022,1094,1111
hCoV-19/England/PHEC-YY8ATMB/2022,1094,1111
hCoV-19/England/PHEC-YY8ATKD/2022,1094,1111
hCoV-19/England/PHEC-YY8ATJF/2022,1094,1111
hCoV-19/England/PHEC-YY8ATGM/2022,1094,1111
hCoV-19/England/PHEC-YY8ATC9/2022,1094,1111
hCoV-19/England/PHEC-YY8APGX/2022,1094,1111
hCoV-19/England/PHEC-YY8AOWX/2022,1094,1111
hCoV-19/England/PHEC-YY8AOSM/2022,1094,1111
hCoV-19/England/PHEC-YY8AOP6/2022,1094,1111
hCoV-19/England/PHEC-YY8AOIP/2022,1094,1111
hCoV-19/England/PHEC-YY8AOCY/2022,1094,1111
hCoV-19/England/PHEC-YY8AO4D/2022,1094,1111
hCoV-19/England/PHEC-YY8AO3F/2022,1094,1111
hCoV-19/England/PHEC-YY8AKN4/2022,1094,1111
hCoV-19/England/PHEC-YY8AF5C/2022,1094,1111
hCoV-19/England/PHEC-YY8A8GI/2022,1094,1111
hCoV-19/England/PHEC-YY84I5A/2022,1094,1115
hCoV-19/England/PHEC-YY84BQ8/2022,1094,1114
hCoV-19/England/PHEC-YY848OH/2022,1094,1115
hCoV-19/England/PHEC-YY845WY/2022,1094,1118
hCoV-19/England/PHEC-YY8ATP7/2022,1095,1111
hCoV-19/England/PHEC-YY8AT3R/2022,1095,1111
hCoV-19/England/PHEC-YY8AO8K/2022,1095,1111
hCoV-19/England/PHEC-YY8AGHJ/2022,1095,1111
hCoV-19/England/PHEC-YY8AG5M/2022,1095,1111
hCoV-19/England/PHEC-YY8AG4P/2022,1095,1111
hCoV-19/England/PHEC-YY8ADCP/2022,1095,1111
hCoV-19/England/PHEC-YY8A8IS/2022,1095,1111
hCoV-19/England/PHEC-YY8A8ET/2022,1095,1111
hCoV-19/England/PHEC-YY8A8D5/2022,1095,1111
hCoV-19/England/PHEC-YY87WE4/2022,1095,1125
hCoV-19/England/PHEC-YY84ZJ5/2022,1095,1115
hCoV-19/England/PHEC-YY84S43/2022,1095,1115
hCoV-19/England/PHEC-YY84NT9/2022,1095,1114
hCoV-19/England/PHEC-YY84JB3/2022,1095,1115
hCoV-19/England/PHEC-YY84EUI/2022,1095,1115
hCoV-19/England/PHEC-YY84BON/2022,1095,1114
hCoV-19/England/PHEC-YY84BCM/2022,1095,1114
hCoV-19/England/PHEC-YY84B16/2022,1095,1114
hCoV-19/England/PHEC-YY8436Q/2022,1095,1118
