hCoV-19/England/PHEC-YY8TZ3C/2022,1068,1085
hCoV-19/England/PHEC-YY8TXZA/2022,1068,1083
hCoV-19/England/PHEC-YY8TXHQ/2022,1068,1083
hCoV-19/England/PHEC-YY8TX6K/2022,1068,1083
hCoV-19/England/PHEC-YY8TRAB/2022,1068,1083
hCoV-19/England/PHEC-YY8TQYE/2022,1068,1083
hCoV-19/England/PHEC-YY8TQPQ/2022,1068,1083
hCoV-19/England/PHEC-YY8TQM1/2022,1068,1083
hCoV-19/England/PHEC-YY8TQCO/2022,1068,1083
hCoV-19/England/PHEC-YY8TQ1D/2022,1068,1083
hCoV-19/England/PHEC-YY8TOG4/2022,1068,1083
hCoV-19/England/PHEC-YY8TOES/2022,1068,1083
hCoV-19/England/PHEC-YY8TNKY/2022,1068,1083
hCoV-19/England/PHEC-YY8TNH5/2022,1068,1083
hCoV-19/England/PHEC-YY8TKHU/2022,1068,1083
hCoV-19/England/PHEC-YY8TK9P/2022,1068,1083
hCoV-19/England/PHEC-YY8TJZ6/2022,1068,1083
hCoV-19/England/PHEC-YY8TGRE/2022,1068,1083
hCoV-19/England/PHEC-YY8TGPS/2022,1068,1083
hCoV-19/England/PHEC-YY8TGM4/2022,1068,1083
hCoV-19/England/PHEC-YY8TGKH/2022,1068,1083
hCoV-19/England/PHEC-YY8TFSR/2022,1068,1083
hCoV-19/England/PHEC-YY8TFAY/2022,1068,1083
hCoV-19/England/PHEC-YY8TF91/2022,1068,1083
hCoV-19/England/PHEC-YY8TDYU/2022,1068,1083
hCoV-19/England/PHEC-YY8OZT6/2022,1068,1080
hCoV-19/England/PHEC-YY8OZOY/2022,1068,1080
hCoV-19/England/PHEC-YY8OZ9N/2022,1068,1080
hCoV-19/England/PHEC-YY8OAXN/2022,1068,1080
hCoV-19/England/PHEC-YY8OAO9/2022,1068,1080
hCoV-19/England/PHEC-YY8OAII/2022,1068,1080
hCoV-19/England/PHEC-YY8O9X5/2022,1068,1083
hCoV-19/England/PHEC-YY8O9GP/2022,1068,1083
hCoV-19/England/PHEC-YY8O695/2022,1068,1083
hCoV-19/England/PHEC-YY8O3EX/2022,1068,1080
hCoV-19/England/PHEC-YY8O3D3/2022,1068,1080
hCoV-19/England/PHEC-YY81R45/2022,1068,1090
hCoV-19/England/PHEC-YY8URYQ/2022,1069,1092
hCoV-19/England/PHEC-YY8TZPF/2022,1069,1085
hCoV-19/England/PHEC-YY8TXUY/2022,1069,1083
hCoV-19/England/PHEC-YY8TXR9/2022,1069,1083
hCoV-19/England/PHEC-YY8TX7C/2022,1069,1083
hCoV-19/England/PHEC-YY8TW9D/2022,1069,1085
hCoV-19/England/PHEC-YY8TSO9/2022,1069,1085
hCoV-19/England/PHEC-YY8TRZD/2022,1069,1083
hCoV-19/England/PHEC-YY8TRTX/2022,1069,1083
hCoV-19/England/PHEC-YY8TR47/2022,1069,1083
hCoV-19/England/PHEC-YY8TQRY/2022,1069,1083
hCoV-19/England/PHEC-YY8TQO8/2022,1069,1083
hCoV-19/England/PHEC-YY8TPWY/2022,1069,1083
hCoV-19/England/PHEC-YY8TPUN/2022,1069,1083
hCoV-19/England/PHEC-YY8TOZZ/2022,1069,1083
hCoV-19/England/PHEC-YY8TOYG/2022,1069,1083
hCoV-19/England/PHEC-YY8TOCQ/2022,1069,1083
hCoV-19/England/PHEC-YY8TO1B/2022,1069,1083
hCoV-19/England/PHEC-YY8TKYC/2022,1069,1083
hCoV-19/England/PHEC-YY8TKMS/2022,1069,1083
hCoV-19/England/PHEC-YY8TJK3/2022,1069,1083
hCoV-19/England/PHEC-YY8TGX1/2022,1069,1083
hCoV-19/England/PHEC-YY8TGTP/2022,1069,1083
hCoV-19/England/PHEC-YY8TGOX/2022,1069,1083
hCoV-19/England/PHEC-YY8TFYT/2022,1069,1083
hCoV-19/England/PHEC-YY8TE6T/2022,1069,1083
hCoV-19/England/PHEC-YY8TCT8/2022,1069,1083
hCoV-19/England/PHEC-YY8TCKS/2022,1069,1083
hCoV-19/England/PHEC-YY8TBRP/2022,1069,1083
hCoV-19/England/PHEC-YY8TA7D/2022,1069,1085
hCoV-19/England/PHEC-YY8T9OS/2022,1069,1087
hCoV-19/England/PHEC-YY8T5MF/2022,1069,1086
hCoV-19/England/PHEC-YY8T1XG/2022,1069,1083
hCoV-19/England/PHEC-YY8T19F/2022,1069,1083
hCoV-19/England/PHEC-YY8UEHT/2022,1070,1093
hCoV-19/England/PHEC-YY8UDWG/2022,1070,1092
hCoV-19/England/PHEC-YY8TZS1/2022,1070,1085
hCoV-19/England/PHEC-YY8TZN5/2022,1070,1085
hCoV-19/England/PHEC-YY8TZFI/2022,1070,1085
hCoV-19/England/PHEC-YY8TZ8T/2022,1070,1085
hCoV-19/England/PHEC-YY8TXOG/2022,1070,1083
hCoV-19/England/PHEC-YY8TXKU/2022,1070,1083
hCoV-19/England/PHEC-YY8TXDB/2022,1070,1083
hCoV-19/England/PHEC-YY8TX1N/2022,1070,1083
hCoV-19/England/PHEC-YY8TWU5/2022,1070,1085
hCoV-19/England/PHEC-YY8TWOB/2022,1070,1085
hCoV-19/England/PHEC-YY8TSH8/2022,1070,1085
hCoV-19/England/PHEC-YY8TS9B/2022,1070,1085
hCoV-19/England/PHEC-YY8TRXW/2022,1070,1083
hCoV-19/England/PHEC-YY8TRSF/2022,1070,1083
hCoV-19/England/PHEC-YY8TRI8/2022,1070,1083
hCoV-19/England/PHEC-YY8TQW9/2022,1070,1083
hCoV-19/England/PHEC-YY8TPXM/2022,1070,1083
hCoV-19/England/PHEC-YY8TG8N/2022,1070,1083
hCoV-19/England/PHEC-YY8TFXU/2022,1070,1083
hCoV-19/England/PHEC-YY8TFQI/2022,1070,1083
hCoV-19/England/PHEC-YY8TFOO/2022,1070,1083
hCoV-19/England/PHEC-YY8TFIG/2022,1070,1083
hCoV-19/England/PHEC-YY8TFBX/2022,1070,1083
hCoV-19/England/PHEC-YY8TF1C/2022,1070,1083
hCoV-19/England/PHEC-YY8TC6P/2022,1070,1083
hCoV-19/England/PHEC-YY8TAWI/2022,1070,1085
hCoV-19/England/PHEC-YY8TAO7/2022,1070,1085
hCoV-19/England/PHEC-YY8TAN4/2022,1070,1085
hCoV-19/England/PHEC-YY8TAIU/2022,1070,1085
hCoV-19/England/PHEC-YY8TAG1/2022,1070,1085
hCoV-19/England/PHEC-YY8T7Y3/2022,1070,1087
hCoV-19/England/PHEC-YY8T5IO/2022,1070,1086
hCoV-19/England/PHEC-YY8T47B/2022,1070,1086
hCoV-19/England/PHEC-YY8T3B5/2022,1070,1085
hCoV-19/England/PHEC-YY8T1NY/2022,1070,1083
hCoV-19/England/PHEC-YY81RDK/2022,1070,1087
hCoV-19/England/PHEC-YY81NY1/2022,1070,1087
hCoV-19/England/PHEC-YY8URBC/2022,1071,1092
hCoV-19/England/PHEC-YY8UJ3S/2022,1071,1093
hCoV-19/England/PHEC-YY8UEZ5/2022,1071,1093
hCoV-19/England/PHEC-YY8TZEX/2022,1071,1085
hCoV-19/England/PHEC-YY8TZD3/2022,1071,1085
hCoV-19/England/PHEC-YY8TZB7/2022,1071,1085
hCoV-19/England/PHEC-YY8TWZU/2022,1071,1085
hCoV-19/England/PHEC-YY8TWR4/2022,1071,1085
hCoV-19/England/PHEC-YY8TWKQ/2022,1071,1085
hCoV-19/England/PHEC-YY8TWJO/2022,1071,1085
hCoV-19/England/PHEC-YY8TW6F/2022,1071,1085
hCoV-19/England/PHEC-YY8TW4P/2022,1071,1085
hCoV-19/England/PHEC-YY8TUJT/2022,1071,1083
hCoV-19/England/PHEC-YY8TSRA/2022,1071,1085
hCoV-19/England/PHEC-YY8TSFS/2022,1071,1085
hCoV-19/England/PHEC-YY8TSD4/2022,1071,1085
hCoV-19/England/PHEC-YY8TPZ4/2022,1071,1083
hCoV-19/England/PHEC-YY8TH67/2022,1071,1087
hCoV-19/England/PHEC-YY8TCBE/2022,1071,1083
hCoV-19/England/PHEC-YY8TAEQ/2022,1071,1085
hCoV-19/England/PHEC-YY8TA13/2022,1071,1085
hCoV-19/England/PHEC-YY8T9SK/2022,1071,1087
hCoV-19/England/PHEC-YY8T9H6/2022,1071,1087
hCoV-19/England/PHEC-YY8T9AG/2022,1071,1087
hCoV-19/England/PHEC-YY8T7Q7/2022,1071,1087
hCoV-19/England/PHEC-YY8T5CD/2022,1071,1086
hCoV-19/England/PHEC-YY8T3US/2022,1071,1085
hCoV-19/England/PHEC-YY8T3SO/2022,1071,1085
hCoV-19/England/PHEC-YY8T1QE/2022,1071,1083
hCoV-19/England/PHEC-YY8T1PK/2022,1071,1083
hCoV-19/England/PHEC-YY8T1F4/2022,1071,1083
hCoV-19/England/PHEC-YY8T1AU/2022,1071,1083
hCoV-19/England/PHEC-YY81YQA/2022,1071,1087
hCoV-19/England/PHEC-YY81YM6/2022,1071,1087
hCoV-19/England/PHEC-YY81YJN/2022,1071,1087
hCoV-19/England/PHEC-YY81YB1/2022,1071,1087
hCoV-19/England/PHEC-YY81REY/2022,1071,1087
hCoV-19/England/LOND-YYBK7JH/2022,1071,1092
hCoV-19/England/PHEC-YY8UKM1/2022,1072,1093
hCoV-19/England/PHEC-YY8UKI7/2022,1072,1093
hCoV-19/England/PHEC-YY8TZWS/2022,1072,1085
hCoV-19/England/PHEC-YY8TZO6/2022,1072,1085
hCoV-19/England/PHEC-YY8TZAQ/2022,1072,1085
hCoV-19/England/PHEC-YY8TZ4K/2022,1072,1085
hCoV-19/England/PHEC-YY8TZ14/2022,1072,1085
hCoV-19/England/PHEC-YY8TSWZ/2022,1072,1085
hCoV-19/England/PHEC-YY8TSAX/2022,1072,1085
hCoV-19/England/PHEC-YY8TS6D/2022,1072,1085
hCoV-19/England/PHEC-YY8TS4M/2022,1072,1085
hCoV-19/England/PHEC-YY8TS15/2022,1072,1085
hCoV-19/England/PHEC-YY8THEK/2022,1072,1087
hCoV-19/England/PHEC-YY8TAHF/2022,1072,1085
hCoV-19/England/PHEC-YY8TA6B/2022,1072,1085
hCoV-19/England/PHEC-YY8T9KD/2022,1072,1087
hCoV-19/England/PHEC-YY8T76H/2022,1072,1087
hCoV-19/England/PHEC-YY8T6D1/2022,1072,1087
hCoV-19/England/PHEC-YY8T59H/2022,1072,1086
hCoV-19/England/PHEC-YY8T57Y/2022,1072,1086
hCoV-19/England/PHEC-YY8T566/2022,1072,1086
hCoV-19/England/PHEC-YY8T54G/2022,1072,1086
hCoV-19/England/PHEC-YY8T4DS/2022,1072,1086
hCoV-19/England/PHEC-YY8T3X9/2022,1072,1085
hCoV-19/England/PHEC-YY8T3I1/2022,1072,1085
hCoV-19/England/PHEC-YY81YCH/2022,1072,1087
hCoV-19/England/PHEC-YY81WMK/2022,1072,1090
hCoV-19/England/PHEC-YY81NOT/2022,1072,1087
hCoV-19/England/PHEC-YY81GNK/2022,1072,1090
hCoV-19/England/PHEC-YY81G5Z/2022,1072,1090
hCoV-19/England/PHEC-YY81FTC/2022,1072,1090
hCoV-19/England/PHEC-YY81F5A/2022,1072,1090
hCoV-19/England/PHEC-YY81DJ9/2022,1072,1087
hCoV-19/England/PHEC-YY81DC3/2022,1072,1087
hCoV-19/England/PHEC-YY819WC/2022,1072,1091
hCoV-19/England/PHEC-YYE84M4/2022,1073,1169
hCoV-19/England/PHEC-YY8UY9U/2022,1073,1091
hCoV-19/England/PHEC-YY8UJTG/2022,1073,1093
hCoV-19/England/PHEC-YY8UJNF/2022,1073,1093
hCoV-19/England/PHEC-YY8UJDD/2022,1073,1093
hCoV-19/England/PHEC-YY8UGS9/2022,1073,1093
hCoV-19/England/PHEC-YY8UEPO/2022,1073,1093
hCoV-19/England/PHEC-YY8UEKS/2022,1073,1093
hCoV-19/England/PHEC-YY8UEA3/2022,1073,1093
hCoV-19/England/PHEC-YY8U8N8/2022,1073,1093
hCoV-19/England/PHEC-YY8U8G9/2022,1073,1093
hCoV-19/England/PHEC-YY8T9BI/2022,1073,1087
hCoV-19/England/PHEC-YY8T6WX/2022,1073,1087
hCoV-19/England/PHEC-YY8T6SM/2022,1073,1087
hCoV-19/England/PHEC-YY8T6JG/2022,1073,1087
hCoV-19/England/PHEC-YY8T65B/2022,1073,1087
hCoV-19/England/PHEC-YY8T63F/2022,1073,1087
hCoV-19/England/PHEC-YY8HST8/2022,1073,1121
hCoV-19/England/PHEC-YY81TUH/2022,1073,1090
hCoV-19/England/PHEC-YY81RYO/2022,1073,1087
hCoV-19/England/PHEC-YY81R6U/2022,1073,1090
hCoV-19/England/PHEC-YY81NRK/2022,1073,1087
hCoV-19/England/PHEC-YY81NAB/2022,1073,1087
hCoV-19/England/PHEC-YY81GJH/2022,1073,1090
hCoV-19/England/PHEC-YY81GE6/2022,1073,1090
hCoV-19/England/PHEC-YY81GDE/2022,1073,1090
hCoV-19/England/PHEC-YY81F9O/2022,1073,1090
hCoV-19/England/PHEC-YY81F44/2022,1073,1090
hCoV-19/England/PHEC-YY81F3H/2022,1073,1090
hCoV-19/England/PHEC-YY81DTQ/2022,1073,1087
hCoV-19/England/PHEC-YY81D7S/2022,1073,1087
hCoV-19/England/PHEC-YY819YI/2022,1073,1091
hCoV-19/England/PHEC-YY819XZ/2022,1073,1091
hCoV-19/England/PHEC-YY8UY6I/2022,1074,1091
hCoV-19/England/PHEC-YY8URWF/2022,1074,1092
hCoV-19/England/PHEC-YY8UKUB/2022,1074,1093
hCoV-19/England/PHEC-YY8UKAZ/2022,1074,1093
hCoV-19/England/PHEC-YY8UK6M/2022,1074,1093
hCoV-19/England/PHEC-YY8UK5T/2022,1074,1093
hCoV-19/England/PHEC-YY8UGXQ/2022,1074,1093
hCoV-19/England/PHEC-YY8UGWD/2022,1074,1093
hCoV-19/England/PHEC-YY8UGTJ/2022,1074,1093
hCoV-19/England/PHEC-YY8UFCI/2022,1074,1092
hCoV-19/England/PHEC-YY81YAD/2022,1074,1087
hCoV-19/England/PHEC-YY81RTP/2022,1074,1090
hCoV-19/England/PHEC-YY81ROX/2022,1074,1090
hCoV-19/England/PHEC-YY81RKH/2022,1074,1090
hCoV-19/England/PHEC-YY81RJ6/2022,1074,1090
hCoV-19/England/PHEC-YY81R1M/2022,1074,1090
hCoV-19/England/PHEC-YY81GYQ/2022,1074,1090
hCoV-19/England/PHEC-YY81GXO/2022,1074,1090
hCoV-19/England/PHEC-YY81G1J/2022,1074,1090
hCoV-19/England/PHEC-YY81FWG/2022,1074,1090
hCoV-19/England/PHEC-YY81FIR/2022,1074,1090
hCoV-19/England/PHEC-YY81FA6/2022,1074,1090
hCoV-19/England/PHEC-YY81DIG/2022,1074,1087
hCoV-19/England/PHEC-YY81BRM/2022,1074,1087
hCoV-19/England/PHEC-YY819P5/2022,1074,1091
