hCoV-19/Scotland/QEUH-3D7F1B8/2022,837,846
hCoV-19/Scotland/EDB59928/2022,837,866
hCoV-19/England/PHEC-YYRHG7N/2022,837,852
hCoV-19/England/PHEC-YYRH9GA/2022,837,852
hCoV-19/England/PHEC-YYRH8HD/2022,837,852
hCoV-19/England/PHEC-YYRH6R7/2022,837,852
hCoV-19/England/PHEC-YYRH6EI/2022,837,852
hCoV-19/England/PHEC-YYRH5W9/2022,837,852
hCoV-19/England/PHEC-YYR6YJP/2022,837,853
hCoV-19/England/PHEC-YYR6KXZ/2022,837,854
hCoV-19/England/PHEC-YYR6J9Z/2022,837,854
hCoV-19/England/PHEC-YYR6J63/2022,837,854
hCoV-19/England/PHEC-YYR6HZW/2022,837,855
hCoV-19/England/PHEC-YYR6H5C/2022,837,855
hCoV-19/England/PHEC-YYR6FWT/2022,837,854
hCoV-19/England/PHEC-YYR6BQN/2022,837,853
hCoV-19/England/PHEC-YYR67MC/2022,837,855
hCoV-19/England/PHEC-YYR5ZNK/2022,837,852
hCoV-19/England/PHEC-YYR5WAY/2022,837,852
hCoV-19/England/PHEC-YYR5W54/2022,837,852
hCoV-19/England/PHEC-YYR5W4H/2022,837,852
hCoV-19/England/PHEC-YYR5IW8/2022,837,852
hCoV-19/England/PHEC-YYR5IM4/2022,837,852
hCoV-19/England/PHEC-YYR5IJ6/2022,837,852
hCoV-19/England/PHEC-YYR5IEY/2022,837,852
hCoV-19/England/PHEC-YYR5HYJ/2022,837,852
hCoV-19/England/PHEC-YYR5HRB/2022,837,852
hCoV-19/England/PHEC-YYR5AWR/2022,837,852
hCoV-19/England/PHEC-YYR5A34/2022,837,852
hCoV-19/England/PHEC-YYR54A4/2022,837,852
hCoV-19/England/PHEC-YYR546Q/2022,837,852
hCoV-19/England/PHEC-YYR4XD1/2022,837,852
hCoV-19/England/PHEC-YYR4Q6H/2022,837,852
hCoV-19/England/PHEC-YYR3PX6/2022,837,849
hCoV-19/England/PHEC-YYFYSWH/2022,837,859
hCoV-19/England/PHEC-YYFYSHC/2022,837,859
hCoV-19/England/PHEC-YYFYS9G/2022,837,859
hCoV-19/England/PHEC-YYFN1X8/2022,837,861
hCoV-19/Scotland/QEUH-3F7E72E/2022,838,1317
hCoV-19/Scotland/QEUH-3D91BEF/2022,838,846
hCoV-19/Scotland/QEUH-3D89573/2022,838,846
hCoV-19/Scotland/QEUH-3D87FB3/2022,838,846
hCoV-19/Scotland/QEUH-3D84068/2022,838,848
hCoV-19/England/QEUH-3D97879/2022,838,856
hCoV-19/England/QEUH-3D976BB/2022,838,856
hCoV-19/England/QEUH-3D971F6/2022,838,856
hCoV-19/England/PHEC-YYRHGM8/2022,838,852
hCoV-19/England/PHEC-YYRHE5R/2022,838,852
hCoV-19/England/PHEC-YYRHE4G/2022,838,852
hCoV-19/England/PHEC-YYRH9YR/2022,838,852
hCoV-19/England/PHEC-YYRH9U7/2022,838,852
hCoV-19/England/PHEC-YYRH9EW/2022,838,852
hCoV-19/England/PHEC-YYRH9CC/2022,838,852
hCoV-19/England/PHEC-YYRH897/2022,838,852
hCoV-19/England/PHEC-YYRH7QK/2022,838,852
hCoV-19/England/PHEC-YYRH6AW/2022,838,852
hCoV-19/England/PHEC-YYRH67K/2022,838,852
hCoV-19/England/PHEC-YYRH4OE/2022,838,852
hCoV-19/England/PHEC-YYRH4MU/2022,838,852
hCoV-19/England/PHEC-YYRH4I6/2022,838,852
hCoV-19/England/PHEC-YYRH4CT/2022,838,852
hCoV-19/England/PHEC-YYR9B1Z/2022,838,856
hCoV-19/England/PHEC-YYR9AYF/2022,838,856
hCoV-19/England/PHEC-YYR98GK/2022,838,856
hCoV-19/England/PHEC-YYR95KQ/2022,838,856
hCoV-19/England/PHEC-YYR7M8E/2022,838,852
hCoV-19/England/PHEC-YYR6Q54/2022,838,855
hCoV-19/England/PHEC-YYR6KJD/2022,838,854
hCoV-19/England/PHEC-YYR6HUH/2022,838,855
hCoV-19/England/PHEC-YYR6BME/2022,838,853
hCoV-19/England/PHEC-YYR6AHQ/2022,838,855
hCoV-19/England/PHEC-YYR67T9/2022,838,855
hCoV-19/England/PHEC-YYR67HJ/2022,838,855
hCoV-19/England/PHEC-YYR67CK/2022,838,855
hCoV-19/England/PHEC-YYR63NN/2022,838,855
hCoV-19/England/PHEC-YYR6189/2022,838,855
hCoV-19/England/PHEC-YYR5ZDE/2022,838,852
hCoV-19/England/PHEC-YYR5WZN/2022,838,852
hCoV-19/England/PHEC-YYR5WQI/2022,838,852
hCoV-19/England/PHEC-YYR5WJ9/2022,838,852
hCoV-19/England/PHEC-YYR5WF8/2022,838,852
hCoV-19/England/PHEC-YYR5WC3/2022,838,852
hCoV-19/England/PHEC-YYR5W8D/2022,838,852
hCoV-19/England/PHEC-YYR5IPS/2022,838,852
hCoV-19/England/PHEC-YYR5I8N/2022,838,852
hCoV-19/England/PHEC-YYR5HF9/2022,838,852
hCoV-19/England/PHEC-YYR5AYP/2022,838,852
hCoV-19/England/PHEC-YYR545W/2022,838,852
hCoV-19/England/PHEC-YYGMQZ8/2022,838,950
hCoV-19/England/PHEC-YYFNZ5J/2022,838,862
hCoV-19/England/PHEC-YYFBZHJ/2022,838,859
hCoV-19/England/LSPA-3D9ED91/2022,838,905
hCoV-19/England/CLIMB-CM7Y8U9R/2022,838,1310
hCoV-19/Scotland/QEUH-3D93F0F/2022,839,846
hCoV-19/Scotland/QEUH-3D93A2C/2022,839,846
hCoV-19/Scotland/QEUH-3D930A2/2022,839,846
hCoV-19/Scotland/QEUH-3D92EF4/2022,839,846
hCoV-19/Scotland/QEUH-3D90FC6/2022,839,846
hCoV-19/England/QEUH-3D985EA/2022,839,856
hCoV-19/England/QEUH-3D9817D/2022,839,856
hCoV-19/England/QEUH-3D9781F/2022,839,856
hCoV-19/England/PHEP-YYRHJIX/2022,839,855
hCoV-19/England/PHEC-YYRHGJM/2022,839,852
hCoV-19/England/PHEC-YYRH9TB/2022,839,852
hCoV-19/England/PHEC-YYRH7PC/2022,839,852
hCoV-19/England/PHEC-YYRH7K1/2022,839,852
hCoV-19/England/PHEC-YYRH7JW/2022,839,852
hCoV-19/England/PHEC-YYRH7G4/2022,839,852
hCoV-19/England/PHEC-YYRH78A/2022,839,852
hCoV-19/England/PHEC-YYRH5XK/2022,839,852
hCoV-19/England/PHEC-YYRH5I7/2022,839,852
hCoV-19/England/PHEC-YYRH5GH/2022,839,852
hCoV-19/England/PHEC-YYRH5BG/2022,839,852
hCoV-19/England/PHEC-YYRH4YJ/2022,839,852
hCoV-19/England/PHEC-YYRH4F9/2022,839,852
hCoV-19/England/PHEC-YYRH4DD/2022,839,852
hCoV-19/England/PHEC-YYRH41R/2022,839,852
hCoV-19/England/PHEC-YYRH3HT/2022,839,852
hCoV-19/England/PHEC-YYRH3A3/2022,839,852
hCoV-19/England/PHEC-YYRH36P/2022,839,852
hCoV-19/England/PHEC-YYRH34I/2022,839,852
hCoV-19/England/PHEC-YYR9Y6Y/2022,839,855
hCoV-19/England/PHEC-YYR9N3E/2022,839,856
hCoV-19/England/PHEC-YYR9HKP/2022,839,856
hCoV-19/England/PHEC-YYR9HCJ/2022,839,856
hCoV-19/England/PHEC-YYR9FKR/2022,839,856
hCoV-19/England/PHEC-YYR9A31/2022,839,856
hCoV-19/England/PHEC-YYR95U5/2022,839,856
hCoV-19/England/PHEC-YYR7XNQ/2022,839,853
hCoV-19/England/PHEC-YYR7XEN/2022,839,853
hCoV-19/England/PHEC-YYR7X8R/2022,839,853
hCoV-19/England/PHEC-YYR7TGR/2022,839,853
hCoV-19/England/PHEC-YYR7O91/2022,839,853
hCoV-19/England/PHEC-YYR7KDT/2022,839,852
hCoV-19/England/PHEC-YYR7K7H/2022,839,852
hCoV-19/England/PHEC-YYR7JEE/2022,839,852
hCoV-19/England/PHEC-YYR6XNC/2022,839,855
hCoV-19/England/PHEC-YYR6XFG/2022,839,855
hCoV-19/England/PHEC-YYR6UTJ/2022,839,855
hCoV-19/England/PHEC-YYR6U6X/2022,839,855
hCoV-19/England/PHEC-YYR6U18/2022,839,855
hCoV-19/England/PHEC-YYR6Q6W/2022,839,855
hCoV-19/England/PHEC-YYR6A9E/2022,839,855
hCoV-19/England/PHEC-YYR678W/2022,839,855
hCoV-19/England/PHEC-YYR5WM5/2022,839,852
hCoV-19/England/PHEC-YYR5WHA/2022,839,852
hCoV-19/England/PHEC-YYR5HDD/2022,839,852
hCoV-19/England/PHEC-YYR54YM/2022,839,852
hCoV-19/England/PHEC-YYFYQ34/2022,839,859
hCoV-19/England/PHEC-YYFYPXO/2022,839,859
hCoV-19/England/PHEC-YYFYPMA/2022,839,859
hCoV-19/England/PHEC-YYFYPCS/2022,839,859
hCoV-19/England/PHEC-YYFYP8Y/2022,839,859
hCoV-19/England/PHEC-YYFYP7U/2022,839,859
hCoV-19/England/PHEC-YYFYP6T/2022,839,859
hCoV-19/England/PHEC-YYFYP5Z/2022,839,859
hCoV-19/England/PHEC-YYFYOG9/2022,839,859
hCoV-19/England/PHEC-YYFYOFB/2022,839,859
hCoV-19/England/PHEC-YYFYNJ8/2022,839,856
hCoV-19/England/PHEC-YYFYDSM/2022,839,856
hCoV-19/England/PHEC-YYFYDIP/2022,839,856
hCoV-19/England/PHEC-YYFY151/2022,839,859
hCoV-19/England/PHEC-YYFDF45/2022,839,863
hCoV-19/England/PHEC-YYFBY6H/2022,839,859
hCoV-19/England/PHEC-YYFBMU8/2022,839,859
hCoV-19/England/LSPA-3D9FB0F/2022,839,905
hCoV-19/Wales/PHWC-PJ5HNG/2022,840,869
hCoV-19/Scotland/QEUH-3F92FB3/2022,840,1317
hCoV-19/Scotland/QEUH-2EAFA926/2022,840,1300
hCoV-19/England/QEUH-3DA2019/2022,840,856
hCoV-19/England/PHEC-YYRH7NN/2022,840,852
hCoV-19/England/PHEC-YYRH5KW/2022,840,852
hCoV-19/England/PHEC-YYRH5HX/2022,840,852
hCoV-19/England/PHEC-YYRH57P/2022,840,852
hCoV-19/England/PHEC-YYRH56M/2022,840,852
hCoV-19/England/PHEC-YYR9TRR/2022,840,856
hCoV-19/England/PHEC-YYR9SG5/2022,840,856
hCoV-19/England/PHEC-YYR9OQT/2022,840,856
hCoV-19/England/PHEC-YYR9GX3/2022,840,856
hCoV-19/England/PHEC-YYR9F3F/2022,840,856
hCoV-19/England/PHEC-YYR91PT/2022,840,856
hCoV-19/England/PHEC-YYR91DF/2022,840,856
hCoV-19/England/PHEC-YYR7XSF/2022,840,853
hCoV-19/England/PHEC-YYR7XK6/2022,840,853
hCoV-19/England/PHEC-YYR7XH3/2022,840,853
hCoV-19/England/PHEC-YYR7XC4/2022,840,853
hCoV-19/England/PHEC-YYR7X9U/2022,840,853
hCoV-19/England/PHEC-YYR7X47/2022,840,853
hCoV-19/England/PHEC-YYR7TYO/2022,840,853
hCoV-19/England/PHEC-YYR7TRE/2022,840,853
hCoV-19/England/PHEC-YYR7TM4/2022,840,853
hCoV-19/England/PHEC-YYR7TKH/2022,840,853
hCoV-19/England/PHEC-YYR7Q6S/2022,840,853
hCoV-19/England/PHEC-YYR7Q5H/2022,840,853
hCoV-19/England/PHEC-YYR7OZN/2022,840,853
hCoV-19/England/PHEC-YYR7OWE/2022,840,853
hCoV-19/England/PHEC-YYR7OSR/2022,840,853
hCoV-19/England/PHEC-YYR7OQI/2022,840,853
hCoV-19/England/PHEC-YYR7OPZ/2022,840,853
hCoV-19/England/PHEC-YYR7OM5/2022,840,853
hCoV-19/England/PHEC-YYR7OK7/2022,840,853
hCoV-19/England/PHEC-YYR7OGF/2022,840,853
hCoV-19/England/PHEC-YYR7OF8/2022,840,853
hCoV-19/England/PHEC-YYR7OEB/2022,840,853
hCoV-19/England/PHEC-YYR7OAY/2022,840,853
hCoV-19/England/PHEC-YYR7O8D/2022,840,853
hCoV-19/England/PHEC-YYR7O54/2022,840,853
hCoV-19/England/PHEC-YYR7O4H/2022,840,853
hCoV-19/England/PHEC-YYR7O36/2022,840,853
hCoV-19/England/PHEC-YYR7O1C/2022,840,853
hCoV-19/England/PHEC-YYR6XUJ/2022,840,855
hCoV-19/England/PHEC-YYR6XTP/2022,840,855
hCoV-19/England/PHEC-YYR6XKH/2022,840,855
hCoV-19/England/PHEC-YYR6XJ6/2022,840,855
hCoV-19/England/PHEC-YYR6XGR/2022,840,855
hCoV-19/England/PHEC-YYR6XA9/2022,840,855
hCoV-19/England/PHEC-YYR6X45/2022,840,855
hCoV-19/England/PHEC-YYR6WG9/2022,840,855
hCoV-19/England/PHEC-YYR6QWE/2022,840,855
hCoV-19/England/PHEC-YYR6QUK/2022,840,855
hCoV-19/England/PHEC-YYR6Q4H/2022,840,855
hCoV-19/England/PHEC-YYR6PSF/2022,840,855
hCoV-19/England/PHEC-YYR6PJY/2022,840,855
hCoV-19/England/PHEC-YYR6PAB/2022,840,855
hCoV-19/England/PHEC-YYR6P6I/2022,840,855
hCoV-19/England/PHEC-YYR6AUY/2022,840,855
hCoV-19/England/PHEC-YYR6AQM/2022,840,855
hCoV-19/England/PHEC-YYR6AKU/2022,840,855
hCoV-19/England/PHEC-YYR64KT/2022,840,855
hCoV-19/England/PHEC-YYR64JU/2022,840,855
hCoV-19/England/PHEC-YYR64BD/2022,840,855
hCoV-19/England/PHEC-YYR63U9/2022,840,855
hCoV-19/England/PHEC-YYR63JW/2022,840,855
hCoV-19/England/PHEC-YYR63I5/2022,840,855
hCoV-19/England/PHEC-YYR63G4/2022,840,855
hCoV-19/England/PHEC-YYR63DY/2022,840,855
hCoV-19/England/PHEC-YYR637M/2022,840,855
hCoV-19/England/PHEC-YYFYSX8/2022,840,859
hCoV-19/England/PHEC-YYFYQYP/2022,840,859
hCoV-19/England/PHEC-YYFYQWR/2022,840,859
hCoV-19/England/PHEC-YYFYQUG/2022,840,859
hCoV-19/England/PHEC-YYFYQSY/2022,840,859
hCoV-19/England/PHEC-YYFYQPU/2022,840,859
hCoV-19/England/PHEC-YYFYQNJ/2022,840,859
hCoV-19/England/PHEC-YYFYQIN/2022,840,859
hCoV-19/England/PHEC-YYFYQHW/2022,840,859
hCoV-19/England/PHEC-YYFYQFD/2022,840,859
hCoV-19/England/PHEC-YYFYQE7/2022,840,859
hCoV-19/England/PHEC-YYFYQBM/2022,840,859
hCoV-19/England/PHEC-YYFYQ89/2022,840,859
hCoV-19/England/PHEC-YYFYQ1E/2022,840,859
hCoV-19/England/PHEC-YYFYPE6/2022,840,859
hCoV-19/England/PHEC-YYFYORD/2022,840,859
hCoV-19/England/PHEC-YYFYOQX/2022,840,859
hCoV-19/England/PHEC-YYFYOPT/2022,840,859
hCoV-19/England/PHEC-YYFYOKZ/2022,840,859
hCoV-19/England/PHEC-YYFYOBJ/2022,840,859
hCoV-19/England/PHEC-YYFYNAE/2022,840,856
hCoV-19/England/PHEC-YYFYJ8R/2022,840,856
hCoV-19/England/PHEC-YYFNZAX/2022,840,862
hCoV-19/England/PHEC-YYFBW6E/2022,840,859
hCoV-19/England/PHEC-YYFBSKX/2022,840,859
hCoV-19/England/PHEC-YYFBKQU/2022,840,859
hCoV-19/England/PHEC-YYFBIEW/2022,840,859
hCoV-19/England/PHEC-YYFBAGI/2022,840,859
hCoV-19/England/PHEC-YYFBAFZ/2022,840,859
hCoV-19/England/LSPA-3F819C8/2022,840,1317
hCoV-19/England/LSPA-3F8195F/2022,840,1317
hCoV-19/England/LSPA-3E2C939/2022,840,883
hCoV-19/England/LSPA-3E2C8E1/2022,840,883
hCoV-19/England/LSPA-3E2C8B4/2022,840,883
hCoV-19/England/LSPA-3E2C83C/2022,840,883
hCoV-19/England/LSPA-3E2C82D/2022,840,883
hCoV-19/England/LSPA-3E2C81E/2022,840,883
hCoV-19/England/LSPA-3E2C7E4/2022,840,883
hCoV-19/England/LSPA-3E2C7C6/2022,840,883
hCoV-19/England/LSPA-3DCE105/2022,840,853
hCoV-19/England/LSPA-3212396C/2022,840,1317
hCoV-19/England/CLIMB-CM7YRAUH/2022,840,1310
hCoV-19/England/CLIMB-CM7YR8DJ/2022,840,1310
hCoV-19/England/CLIMB-CM7YR87W/2022,840,1310
hCoV-19/England/CLIMB-CM7YMT65/2022,840,1310
hCoV-19/England/CLIMB-CM7YM33M/2022,840,1310
hCoV-19/England/CLIMB-CM7YKY3H/2022,840,1310
hCoV-19/England/CLIMB-CM7YKUIO/2022,840,1310
hCoV-19/England/CLIMB-CM7YKUCS/2022,840,1310
hCoV-19/England/CLIMB-CM7YKQIO/2022,840,1310
hCoV-19/England/CLIMB-CM7YK3SY/2022,840,1310
hCoV-19/England/CLIMB-CM7YJYSF/2022,840,1310
hCoV-19/England/CLIMB-CM7YJY6H/2022,840,1310
hCoV-19/England/CLIMB-CM7YJXXZ/2022,840,1310
hCoV-19/England/CLIMB-CM7YJO1U/2022,840,1310
hCoV-19/England/CLIMB-CM7YJ8C4/2022,840,1310
hCoV-19/England/CLIMB-CM7YGREU/2022,840,1310
hCoV-19/England/CLIMB-CM7YGNFN/2022,840,1310
hCoV-19/England/CLIMB-CM7YGJ4F/2022,840,1310
hCoV-19/England/CLIMB-CM7YG3MQ/2022,840,1310
hCoV-19/England/CLIMB-CM7YFWN3/2022,840,1310
hCoV-19/England/CLIMB-CM7YFP8O/2022,840,1310
hCoV-19/England/CLIMB-CM7YFKZU/2022,840,1310
hCoV-19/England/CLIMB-CM7YFIQM/2022,840,1310
hCoV-19/England/CLIMB-CM7YFICR/2022,840,1310
hCoV-19/England/CLIMB-CM7YFDYT/2022,840,1310
hCoV-19/England/CLIMB-CM7YF4ZR/2022,840,1310
hCoV-19/England/CLIMB-CM7YEMYW/2022,840,1310
hCoV-19/England/CLIMB-CM7YEDXJ/2022,840,1310
hCoV-19/England/CLIMB-CM7Y8J6O/2022,840,1310
hCoV-19/Scotland/QEUH-3DAF1BF/2022,841,849
hCoV-19/Scotland/QEUH-3DAF049/2022,841,849
hCoV-19/Scotland/QEUH-3DAEEC8/2022,841,849
hCoV-19/Scotland/QEUH-3DAE675/2022,841,849
hCoV-19/Scotland/QEUH-3DAE50F/2022,841,849
hCoV-19/Scotland/QEUH-3DAE4F3/2022,841,849
hCoV-19/Scotland/QEUH-3DAE411/2022,841,849
hCoV-19/Scotland/QEUH-3DAD3F7/2022,841,849
hCoV-19/Scotland/QEUH-3DAD2EB/2022,841,849
hCoV-19/Scotland/QEUH-3DAD1B1/2022,841,849
hCoV-19/Scotland/QEUH-2EAFE184/2022,841,1317
hCoV-19/England/PHEC-YYRH7DY/2022,841,852
hCoV-19/England/PHEC-YYR9ZTD/2022,841,856
hCoV-19/England/PHEC-YYR9ZS3/2022,841,856
hCoV-19/England/PHEC-YYR9ZPC/2022,841,856
hCoV-19/England/PHEC-YYR9ZOF/2022,841,856
hCoV-19/England/PHEC-YYR9ZI5/2022,841,856
hCoV-19/England/PHEC-YYR9Z4T/2022,841,856
hCoV-19/England/PHEC-YYR9Z3U/2022,841,856
hCoV-19/England/PHEC-YYR9Z1B/2022,841,856
hCoV-19/England/PHEC-YYR9XA7/2022,841,856
hCoV-19/England/PHEC-YYR9X5Z/2022,841,856
hCoV-19/England/PHEC-YYR9X43/2022,841,856
hCoV-19/England/PHEC-YYR9TKA/2022,841,856
hCoV-19/England/PHEC-YYR9TGY/2022,841,856
hCoV-19/England/PHEC-YYR9TFN/2022,841,856
hCoV-19/England/PHEC-YYR9TDG/2022,841,856
hCoV-19/England/PHEC-YYR9SCX/2022,841,856
hCoV-19/England/PHEC-YYR9PW8/2022,841,856
hCoV-19/England/PHEC-YYR9PA9/2022,841,856
hCoV-19/England/PHEC-YYR9OWR/2022,841,856
hCoV-19/England/PHEC-YYR9ONJ/2022,841,856
hCoV-19/England/PHEC-YYR9OK3/2022,841,856
hCoV-19/England/PHEC-YYR9OJ5/2022,841,856
hCoV-19/England/PHEC-YYR9OFD/2022,841,856
hCoV-19/England/PHEC-YYR9O89/2022,841,856
hCoV-19/England/PHEC-YYR9O1E/2022,841,856
hCoV-19/England/PHEC-YYR91UR/2022,841,856
hCoV-19/England/PHEC-YYR913A/2022,841,856
hCoV-19/England/PHEC-YYR7XWJ/2022,841,853
hCoV-19/England/PHEC-YYR7XOT/2022,841,853
hCoV-19/England/PHEC-YYR7TBQ/2022,841,853
hCoV-19/England/PHEC-YYR7OBX/2022,841,853
hCoV-19/England/PHEC-YYR6QZN/2022,841,855
hCoV-19/England/PHEC-YYR6PQS/2022,841,855
hCoV-19/England/PHEC-YYR6PDC/2022,841,855
hCoV-19/England/PHEC-YYR6PC4/2022,841,855
hCoV-19/England/PHEC-YYR6P1P/2022,841,855
hCoV-19/England/PHEC-YYR6AZA/2022,841,855
hCoV-19/England/PHEC-YYR6AS4/2022,841,855
hCoV-19/England/PHEC-YYR6A5O/2022,841,855
hCoV-19/England/PHEC-YYR6A41/2022,841,855
hCoV-19/England/PHEC-YYR6A3W/2022,841,855
hCoV-19/England/PHEC-YYR648Z/2022,841,855
hCoV-19/England/PHEC-YYR63R6/2022,841,855
hCoV-19/England/PHEC-YYR63ES/2022,841,855
hCoV-19/England/PHEC-YYFYUHX/2022,841,859
hCoV-19/England/PHEC-YYFYU7P/2022,841,859
hCoV-19/England/PHEC-YYFYRGM/2022,841,856
hCoV-19/England/PHEC-YYFYOZH/2022,841,859
hCoV-19/England/PHEC-YYFYOS6/2022,841,859
hCoV-19/England/PHEC-YYFYOIY/2022,841,859
hCoV-19/England/PHEC-YYFYOH1/2022,841,859
hCoV-19/England/PHEC-YYFYOA4/2022,841,859
hCoV-19/England/PHEC-YYFYO5W/2022,841,859
hCoV-19/England/PHEC-YYFYO3A/2022,841,859
hCoV-19/England/PHEC-YYFYG88/2022,841,856
hCoV-19/England/PHEC-YYFYDNW/2022,841,856
hCoV-19/England/PHEC-YYFYDBS/2022,841,856
hCoV-19/England/PHEC-YYFY6EP/2022,841,859
hCoV-19/England/PHEC-YYFY1QP/2022,841,859
hCoV-19/England/PHEC-YYFNSP8/2022,841,862
hCoV-19/England/PHEC-YYFNIMC/2022,841,862
hCoV-19/England/PHEC-YYFDQS4/2022,841,863
hCoV-19/England/PHEC-YYFDQIH/2022,841,863
hCoV-19/England/PHEC-YYFBZDH/2022,841,859
hCoV-19/England/PHEC-YYFBSPJ/2022,841,859
hCoV-19/England/LSPA-3F81A2F/2022,841,1317
hCoV-19/England/CLIMB-CM7YRQE5/2022,841,1310
hCoV-19/England/CLIMB-CM7YRMJD/2022,841,1310
hCoV-19/England/CLIMB-CM7YRI75/2022,841,1310
hCoV-19/England/CLIMB-CM7YRHTP/2022,841,1310
hCoV-19/England/CLIMB-CM7YR1GD/2022,841,1310
hCoV-19/England/CLIMB-CM7YMZRC/2022,841,1310
hCoV-19/England/CLIMB-CM7YMXXO/2022,841,1310
hCoV-19/England/CLIMB-CM7YMUZQ/2022,841,1310
hCoV-19/England/CLIMB-CM7YMUPR/2022,841,1310
hCoV-19/England/CLIMB-CM7YMQH6/2022,841,1310
hCoV-19/England/CLIMB-CM7YMIOS/2022,841,1310
hCoV-19/England/CLIMB-CM7YM1P5/2022,841,1310
hCoV-19/England/CLIMB-CM7YM1H6/2022,841,1310
hCoV-19/England/CLIMB-CM7YKIRH/2022,841,1310
hCoV-19/England/CLIMB-CM7YKHDB/2022,841,1310
hCoV-19/England/CLIMB-CM7YKCP4/2022,841,1310
hCoV-19/England/CLIMB-CM7YJXJC/2022,841,1310
hCoV-19/England/CLIMB-CM7YJS1F/2022,841,1310
hCoV-19/England/CLIMB-CM7YJF99/2022,841,1310
hCoV-19/England/CLIMB-CM7YJF4K/2022,841,1310
hCoV-19/England/CLIMB-CM7YJ373/2022,841,1310
hCoV-19/England/CLIMB-CM7YGDYH/2022,841,1310
hCoV-19/England/CLIMB-CM7YFY74/2022,841,1310
hCoV-19/England/CLIMB-CM7YFGE5/2022,841,1310
hCoV-19/England/CLIMB-CM7YFCQT/2022,841,1310
hCoV-19/England/CLIMB-CM7YFASM/2022,841,1310
hCoV-19/England/CLIMB-CM7YF3AT/2022,841,1310
hCoV-19/England/CLIMB-CM7YEM7E/2022,841,1310
hCoV-19/England/CLIMB-CM7YEAMW/2022,841,1310
hCoV-19/England/CLIMB-CM7Y8TNI/2022,841,1310
hCoV-19/England/CLIMB-CM7Y8T31/2022,841,1310
hCoV-19/England/CLIMB-CM7Y8Q6Y/2022,841,1310
hCoV-19/England/CLIMB-CM7Y8GHI/2022,841,1310
hCoV-19/England/CLIMB-CM7Y8913/2022,841,1310
hCoV-19/England/CLIMB-CM7Y81BX/2022,841,1310
hCoV-19/Scotland/QEUH-3E42BEC/2022,842,895
hCoV-19/Scotland/QEUH-3DADE6F/2022,842,849
hCoV-19/Scotland/QEUH-3DAD306/2022,842,849
hCoV-19/Scotland/QEUH-3DAC914/2022,842,849
hCoV-19/Scotland/QEUH-3257574F/2022,842,1317
hCoV-19/England/PHEC-YYR9ZXE/2022,842,856
hCoV-19/England/PHEC-YYR9ZQK/2022,842,856
hCoV-19/England/PHEC-YYR9ZJW/2022,842,856
hCoV-19/England/PHEC-YYR9ZBR/2022,842,856
hCoV-19/England/PHEC-YYR9Z6J/2022,842,856
hCoV-19/England/PHEC-YYR9XNK/2022,842,856
hCoV-19/England/PHEC-YYR9XMA/2022,842,856
hCoV-19/England/PHEC-YYR9XE6/2022,842,856
hCoV-19/England/PHEC-YYR9XDE/2022,842,856
hCoV-19/England/PHEC-YYR9TYC/2022,842,856
hCoV-19/England/PHEC-YYR9TXQ/2022,842,856
hCoV-19/England/PHEC-YYR9TUF/2022,842,856
hCoV-19/England/PHEC-YYR9TQO/2022,842,856
hCoV-19/England/PHEC-YYR9TNE/2022,842,856
hCoV-19/England/PHEC-YYR9TCW/2022,842,856
hCoV-19/England/PHEC-YYR9T18/2022,842,856
hCoV-19/England/PHEC-YYR9SW6/2022,842,856
hCoV-19/England/PHEC-YYR9SMT/2022,842,856
hCoV-19/England/PHEC-YYR9S9E/2022,842,856
hCoV-19/England/PHEC-YYR9Q61/2022,842,856
hCoV-19/England/PHEC-YYR9Q5A/2022,842,856
hCoV-19/England/PHEC-YYR9O4A/2022,842,856
hCoV-19/England/PHEC-YYR9O34/2022,842,856
hCoV-19/England/PHEC-YYR9AWH/2022,842,856
hCoV-19/England/PHEC-YYR9ATN/2022,842,856
hCoV-19/England/PHEC-YYR9AQJ/2022,842,856
hCoV-19/England/PHEC-YYR9APM/2022,842,856
hCoV-19/England/PHEC-YYR9AMX/2022,842,856
hCoV-19/England/PHEC-YYR9AKT/2022,842,856
hCoV-19/England/PHEC-YYR9AJU/2022,842,856
hCoV-19/England/PHEC-YYR9ACP/2022,842,856
hCoV-19/England/PHEC-YYR9A1Y/2022,842,856
hCoV-19/England/PHEC-YYR6AIH/2022,842,855
hCoV-19/England/PHEC-YYFYWCX/2022,842,859
hCoV-19/England/PHEC-YYFYW1N/2022,842,859
hCoV-19/England/PHEC-YYFYTKS/2022,842,859
hCoV-19/England/PHEC-YYFYRMB/2022,842,856
hCoV-19/England/PHEC-YYFYRJF/2022,842,856
hCoV-19/England/PHEC-YYFYMIF/2022,842,859
hCoV-19/England/PHEC-YYFYMA9/2022,842,859
hCoV-19/England/PHEC-YYFYJ55/2022,842,856
hCoV-19/England/PHEC-YYFYHRZ/2022,842,859
hCoV-19/England/PHEC-YYFYHN5/2022,842,859
hCoV-19/England/PHEC-YYFYHD3/2022,842,859
hCoV-19/England/PHEC-YYFYHB7/2022,842,859
hCoV-19/England/PHEC-YYFYGHH/2022,842,856
hCoV-19/England/PHEC-YYFYGFM/2022,842,856
hCoV-19/England/PHEC-YYFYFZ8/2022,842,856
hCoV-19/England/PHEC-YYFYAHK/2022,842,859
hCoV-19/England/PHEC-YYFYA7E/2022,842,859
hCoV-19/England/PHEC-YYFY9O5/2022,842,859
hCoV-19/England/PHEC-YYFY8WM/2022,842,856
hCoV-19/England/PHEC-YYFY89I/2022,842,856
hCoV-19/England/PHEC-YYFY6I1/2022,842,859
hCoV-19/England/PHEC-YYFY6HR/2022,842,859
hCoV-19/England/PHEC-YYFY4QF/2022,842,859
hCoV-19/England/PHEC-YYFY4MM/2022,842,859
hCoV-19/England/PHEC-YYFY4CJ/2022,842,859
hCoV-19/England/PHEC-YYFY48U/2022,842,859
hCoV-19/England/PHEC-YYFY46R/2022,842,859
hCoV-19/England/PHEC-YYFY3YN/2022,842,859
hCoV-19/England/PHEC-YYFY3JO/2022,842,859
hCoV-19/England/PHEC-YYFY3BY/2022,842,859
hCoV-19/England/PHEC-YYFY1OE/2022,842,859
hCoV-19/England/PHEC-YYFY1NF/2022,842,859
hCoV-19/England/PHEC-YYFY1I6/2022,842,859
hCoV-19/England/PHEC-YYFNZ6D/2022,842,862
hCoV-19/England/PHEC-YYFNZ3P/2022,842,862
hCoV-19/England/PHEC-YYFNI5M/2022,842,862
hCoV-19/England/PHEC-YYFNI4P/2022,842,862
hCoV-19/England/PHEC-YYFNAXB/2022,842,862
hCoV-19/England/PHEC-YYFNA6N/2022,842,862
hCoV-19/England/PHEC-YYFNA14/2022,842,862
hCoV-19/England/PHEC-YYFJQ8P/2022,842,875
hCoV-19/England/PHEC-YYFDFOX/2022,842,863
hCoV-19/England/PHEC-YYFBYWO/2022,842,859
hCoV-19/England/PHEC-YYFBYKF/2022,842,859
hCoV-19/England/PHEC-YYFBYJ8/2022,842,859
hCoV-19/England/PHEC-YYFBYEJ/2022,842,859
hCoV-19/England/PHEC-YYFBJNC/2022,842,859
hCoV-19/England/PHEC-YYFBJ9T/2022,842,859
hCoV-19/England/PHEC-YYFB4WS/2022,842,859
hCoV-19/England/PHEC-YYFB4TH/2022,842,859
hCoV-19/England/PHEC-YYFB4IW/2022,842,859
hCoV-19/England/PHEC-YYFB4EX/2022,842,859
hCoV-19/England/PHEC-YYFB48T/2022,842,859
hCoV-19/England/PHEC-YYFB3T7/2022,842,859
hCoV-19/England/PHEC-YYFB3AX/2022,842,859
hCoV-19/England/LSPA-3E2C91B/2022,842,883
hCoV-19/England/CLIMB-CM7YRKZ9/2022,842,1310
hCoV-19/England/CLIMB-CM7YMY8C/2022,842,1310
hCoV-19/England/CLIMB-CM7YMX6Y/2022,842,1310
hCoV-19/England/CLIMB-CM7YMTXP/2022,842,1310
hCoV-19/England/CLIMB-CM7YMSCJ/2022,842,1311
hCoV-19/England/CLIMB-CM7YMAQA/2022,842,1310
hCoV-19/England/CLIMB-CM7YM8PW/2022,842,1310
hCoV-19/England/CLIMB-CM7YM8J4/2022,842,1310
hCoV-19/England/CLIMB-CM7YKDSH/2022,842,1310
hCoV-19/England/CLIMB-CM7YJX6T/2022,842,1310
hCoV-19/England/CLIMB-CM7YJNU8/2022,842,1310
hCoV-19/England/CLIMB-CM7YJINZ/2022,842,1310
hCoV-19/England/CLIMB-CM7YJC1Z/2022,842,1310
hCoV-19/England/CLIMB-CM7YJ3TR/2022,842,1310
hCoV-19/England/CLIMB-CM7YGGZF/2022,842,1310
hCoV-19/England/CLIMB-CM7YGED8/2022,842,1310
hCoV-19/England/CLIMB-CM7YG5XS/2022,842,1310
hCoV-19/England/CLIMB-CM7YG5NF/2022,842,1310
hCoV-19/England/CLIMB-CM7YFNCF/2022,842,1310
hCoV-19/England/CLIMB-CM7YFHAC/2022,842,1310
hCoV-19/England/CLIMB-CM7YEUPH/2022,842,1310
hCoV-19/England/CLIMB-CM7YEQNJ/2022,842,1310
hCoV-19/England/CLIMB-CM7YEMIK/2022,842,1310
hCoV-19/England/CLIMB-CM7YEBG3/2022,842,1310
hCoV-19/England/CLIMB-CM7YE31I/2022,842,1310
hCoV-19/England/CLIMB-CM7Y8Y7N/2022,842,1310
hCoV-19/England/CLIMB-CM7Y8EU7/2022,842,1310
hCoV-19/England/CLIMB-CM7Y88RY/2022,842,1310
hCoV-19/Scotland/SCOT-11876/2022,843,866
hCoV-19/Scotland/QEUH-3DBA676/2022,843,853
hCoV-19/Scotland/QEUH-3DB53CF/2022,843,853
hCoV-19/Scotland/QEUH-3DB4CC5/2022,843,853
hCoV-19/England/QEUH-3DB2131/2022,843,856
hCoV-19/England/PHEC-YYR9ZR6/2022,843,856
hCoV-19/England/PHEC-YYR9ZFH/2022,843,856
hCoV-19/England/PHEC-YYR9TWD/2022,843,856
hCoV-19/England/PHEC-YYR9SZA/2022,843,856
hCoV-19/England/PHEC-YYR9SIH/2022,843,856
hCoV-19/England/PHEC-YYR9SAS/2022,843,856
hCoV-19/England/PHEC-YYR9HSW/2022,843,856
hCoV-19/England/PHEC-YYFYWS4/2022,843,859
hCoV-19/England/PHEC-YYFYWPP/2022,843,859
hCoV-19/England/PHEC-YYFYWG5/2022,843,859
hCoV-19/England/PHEC-YYFYW41/2022,843,859
hCoV-19/England/PHEC-YYFYUW9/2022,843,859
hCoV-19/England/PHEC-YYFYUM1/2022,843,859
hCoV-19/England/PHEC-YYFYU1D/2022,843,859
hCoV-19/England/PHEC-YYFYT4I/2022,843,859
hCoV-19/England/PHEC-YYFYRC9/2022,843,856
hCoV-19/England/PHEC-YYFYMEY/2022,843,859
hCoV-19/England/PHEC-YYFYKRJ/2022,843,856
hCoV-19/England/PHEC-YYFYKGF/2022,843,856
hCoV-19/England/PHEC-YYFYKF8/2022,843,856
hCoV-19/England/PHEC-YYFYKDM/2022,843,856
hCoV-19/England/PHEC-YYFYKBX/2022,843,856
hCoV-19/England/PHEC-YYFYK8D/2022,843,856
hCoV-19/England/PHEC-YYFYJZD/2022,843,856
hCoV-19/England/PHEC-YYFYJSF/2022,843,856
hCoV-19/England/PHEC-YYFYJQS/2022,843,856
hCoV-19/England/PHEC-YYFYJPA/2022,843,856
hCoV-19/England/PHEC-YYFYJI8/2022,843,856
hCoV-19/England/PHEC-YYFYJH3/2022,843,856
hCoV-19/England/PHEC-YYFYJC4/2022,843,856
hCoV-19/England/PHEC-YYFYJ47/2022,843,856
hCoV-19/England/PHEC-YYFYHC8/2022,843,859
hCoV-19/England/PHEC-YYFYEZR/2022,843,856
hCoV-19/England/PHEC-YYFYESG/2022,843,856
hCoV-19/England/PHEC-YYFYERM/2022,843,856
hCoV-19/England/PHEC-YYFYEP3/2022,843,856
hCoV-19/England/PHEC-YYFYENX/2022,843,856
hCoV-19/England/PHEC-YYFYEG8/2022,843,856
hCoV-19/England/PHEC-YYFYAKX/2022,843,859
hCoV-19/England/PHEC-YYFY9UI/2022,843,859
hCoV-19/England/PHEC-YYFY873/2022,843,856
hCoV-19/England/PHEC-YYFY4OY/2022,843,859
hCoV-19/England/PHEC-YYFY4IS/2022,843,859
hCoV-19/England/PHEC-YYFY43Q/2022,843,859
hCoV-19/England/PHEC-YYFY3XR/2022,843,859
hCoV-19/England/PHEC-YYFY3R4/2022,843,859
hCoV-19/England/PHEC-YYFY3OB/2022,843,859
hCoV-19/England/PHEC-YYFY3GS/2022,843,859
hCoV-19/England/PHEC-YYFY3AT/2022,843,859
hCoV-19/England/PHEC-YYFY1WY/2022,843,859
hCoV-19/England/PHEC-YYFY1PX/2022,843,859
hCoV-19/England/PHEC-YYFNIXR/2022,843,862
hCoV-19/England/PHEC-YYFNICK/2022,843,862
hCoV-19/England/PHEC-YYFNAWS/2022,843,862
hCoV-19/England/PHEC-YYFNA8T/2022,843,862
hCoV-19/England/PHEC-YYFN5NA/2022,843,862
hCoV-19/England/PHEC-YYFDPRY/2022,843,863
hCoV-19/England/PHEC-YYFDC9K/2022,843,863
hCoV-19/England/PHEC-YYFBYSC/2022,843,859
hCoV-19/England/PHEC-YYFBYMD/2022,843,859
hCoV-19/England/PHEC-YYFBY4R/2022,843,859
hCoV-19/England/PHEC-YYFBRXZ/2022,843,859
hCoV-19/England/PHEC-YYFBNGM/2022,843,859
hCoV-19/England/PHEC-YYFBK9O/2022,843,859
hCoV-19/England/PHEC-YYFBK7W/2022,843,859
hCoV-19/England/PHEC-YYFBJM4/2022,843,859
hCoV-19/England/PHEC-YYFB4Y9/2022,843,859
hCoV-19/England/PHEC-YYFB4S1/2022,843,859
hCoV-19/England/PHEC-YYFB4QD/2022,843,859
hCoV-19/England/PHEC-YYFB4PF/2022,843,859
hCoV-19/England/PHEC-YYFB4O6/2022,843,859
hCoV-19/England/PHEC-YYFB4KM/2022,843,859
hCoV-19/England/PHEC-YYFB414/2022,843,859
hCoV-19/England/PHEC-YYFB3WZ/2022,843,859
hCoV-19/England/PHEC-YYFB3PG/2022,843,859
hCoV-19/England/PHEC-YYFB3O9/2022,843,859
hCoV-19/England/LSPA-3DD8681/2022,843,853
hCoV-19/England/CLIMB-CM7YRHU3/2022,843,1310
hCoV-19/England/CLIMB-CM7YREBS/2022,843,1310
hCoV-19/England/CLIMB-CM7YRCMP/2022,843,1310
hCoV-19/England/CLIMB-CM7YR7EU/2022,843,1310
hCoV-19/England/CLIMB-CM7YR5FQ/2022,843,1310
hCoV-19/England/CLIMB-CM7YMRW4/2022,843,1310
hCoV-19/England/CLIMB-CM7YMRRX/2022,843,1310
hCoV-19/England/CLIMB-CM7YKCS9/2022,843,1310
hCoV-19/England/CLIMB-CM7YK874/2022,843,1310
hCoV-19/England/CLIMB-CM7YK5RT/2022,843,1310
hCoV-19/England/CLIMB-CM7YJJTD/2022,843,1310
hCoV-19/England/CLIMB-CM7YJBC4/2022,843,1310
hCoV-19/England/CLIMB-CM7YGY13/2022,843,1310
hCoV-19/England/CLIMB-CM7YGOBN/2022,843,1310
hCoV-19/England/CLIMB-CM7YG7NW/2022,843,1310
hCoV-19/England/CLIMB-CM7YFCKJ/2022,843,1310
hCoV-19/England/CLIMB-CM7YF8FC/2022,843,1310
hCoV-19/England/CLIMB-CM7Y8T3N/2022,843,1310
hCoV-19/England/CLIMB-CM7Y8N7Q/2022,843,1311
hCoV-19/England/CLIMB-CM7Y8KPU/2022,843,1310
hCoV-19/England/CLIMB-CM7Y8HWT/2022,843,1310
hCoV-19/England/CLIMB-CM7Y8GEJ/2022,843,1310
