hCoV-19/England/PHEC-YY8KZ9X/2022,1026,1043
hCoV-19/England/PHEC-YY8KYKT/2022,1026,1041
hCoV-19/England/PHEC-YY8JOX3/2022,1026,1038
hCoV-19/England/PHEC-YY8JHZH/2022,1026,1038
hCoV-19/England/PHEC-YY8JHWN/2022,1026,1038
hCoV-19/England/PHEC-YY8JHS6/2022,1026,1038
hCoV-19/England/PHEC-YY8JHA4/2022,1026,1038
hCoV-19/England/PHEC-YY8JH3A/2022,1026,1038
hCoV-19/England/PHEC-YY8J9UB/2022,1026,1041
hCoV-19/England/PHEC-YY8J9O8/2022,1026,1041
hCoV-19/England/PHEC-YY8J73Z/2022,1026,1038
hCoV-19/England/PHEC-YY8POGD/2022,1027,1055
hCoV-19/England/PHEC-YY8KW54/2022,1027,1041
hCoV-19/England/PHEC-YY8KIDK/2022,1027,1041
hCoV-19/England/PHEC-YY8KB9F/2022,1027,1041
hCoV-19/England/PHEC-YY8K6ZA/2022,1027,1044
hCoV-19/England/PHEC-YY8K3WD/2022,1027,1043
hCoV-19/England/PHEC-YY8J7C1/2022,1027,1038
hCoV-19/England/PHEC-YY8C5NN/2022,1027,1052
hCoV-19/England/PHEC-YY8C46K/2022,1027,1052
hCoV-19/England/PHEC-YY8PCRM/2022,1028,1055
hCoV-19/England/PHEC-YY8MIJH/2022,1028,1048
hCoV-19/England/PHEC-YY8M5XK/2022,1028,1048
hCoV-19/England/PHEC-YY8M59J/2022,1028,1048
hCoV-19/England/PHEC-YY8KZSB/2022,1028,1043
hCoV-19/England/PHEC-YY8KSXT/2022,1028,1041
hCoV-19/England/PHEC-YY8KH3S/2022,1028,1044
hCoV-19/England/PHEC-YY8KBMQ/2022,1028,1041
hCoV-19/England/PHEC-YY8KAOC/2022,1028,1043
hCoV-19/England/PHEC-YY8K9DY/2022,1028,1044
hCoV-19/England/PHEC-YY8K98A/2022,1028,1044
hCoV-19/England/PHEC-YY8K7PQ/2022,1028,1044
hCoV-19/England/PHEC-YY8K7JS/2022,1028,1044
hCoV-19/England/PHEC-YY8K7EA/2022,1028,1044
hCoV-19/England/PHEC-YY8K63W/2022,1028,1044
hCoV-19/England/LOND-YYBKAIE/2022,1028,1055
hCoV-19/England/PHEC-YY8PXSD/2022,1029,1055
hCoV-19/England/PHEC-YY8MIRG/2022,1029,1048
hCoV-19/England/PHEC-YY8MIMA/2022,1029,1048
hCoV-19/England/PHEC-YY8MIGN/2022,1029,1048
hCoV-19/England/PHEC-YY8MHQM/2022,1029,1048
hCoV-19/England/PHEC-YY8M51D/2022,1029,1048
hCoV-19/England/PHEC-YY8KZCS/2022,1029,1043
hCoV-19/England/PHEC-YY8KHXM/2022,1029,1044
hCoV-19/England/PHEC-YY8KHTG/2022,1029,1044
hCoV-19/England/PHEC-YY8KHQP/2022,1029,1044
hCoV-19/England/PHEC-YY8KHAA/2022,1029,1044
hCoV-19/England/PHEC-YY8KAUG/2022,1029,1043
hCoV-19/England/PHEC-YY8KATK/2022,1029,1043
hCoV-19/England/PHEC-YY8KA4A/2022,1029,1043
hCoV-19/England/PHEC-YY8K9YG/2022,1029,1044
hCoV-19/England/PHEC-YY8K7RY/2022,1029,1044
hCoV-19/England/PHEC-YY8K7NR/2022,1029,1044
hCoV-19/England/PHEC-YY8K7M1/2022,1029,1044
hCoV-19/England/PHEC-YY8K7DN/2022,1029,1044
hCoV-19/England/PHEC-YY8K75T/2022,1029,1044
hCoV-19/England/PHEC-YY8K6HQ/2022,1029,1044
hCoV-19/England/PHEC-YY8K65O/2022,1029,1044
hCoV-19/England/PHEC-YY8K3BK/2022,1029,1043
hCoV-19/England/PHEC-YY8MZKA/2022,1030,1048
hCoV-19/England/PHEC-YY8MIQ1/2022,1030,1048
hCoV-19/England/PHEC-YY8MIE6/2022,1030,1048
hCoV-19/England/PHEC-YY8MI5Z/2022,1030,1048
hCoV-19/England/PHEC-YY8MHZA/2022,1030,1048
hCoV-19/England/PHEC-YY8MHY8/2022,1030,1048
hCoV-19/England/PHEC-YY8MHR9/2022,1030,1048
hCoV-19/England/PHEC-YY8MH1N/2022,1030,1048
hCoV-19/England/PHEC-YY8MACU/2022,1030,1048
hCoV-19/England/PHEC-YY8MA5W/2022,1030,1048
hCoV-19/England/PHEC-YY8M7R6/2022,1030,1048
hCoV-19/England/PHEC-YY8M5PQ/2022,1030,1048
hCoV-19/England/PHEC-YY8M5CO/2022,1030,1048
hCoV-19/England/PHEC-YY8M4PX/2022,1030,1048
hCoV-19/England/PHEC-YY8M4CT/2022,1030,1048
hCoV-19/England/PHEC-YY8M3QQ/2022,1030,1048
hCoV-19/England/PHEC-YY8KZRG/2022,1030,1043
hCoV-19/England/PHEC-YY8KS61/2022,1030,1043
hCoV-19/England/PHEC-YY8KHSH/2022,1030,1044
hCoV-19/England/PHEC-YY8KH9K/2022,1030,1044
hCoV-19/England/PHEC-YY8KH1R/2022,1030,1044
hCoV-19/England/PHEC-YY8K9NN/2022,1030,1044
hCoV-19/England/PHEC-YY8K7TF/2022,1030,1044
hCoV-19/England/PHEC-YY8K7QC/2022,1030,1044
hCoV-19/England/PHEC-YY8K7KW/2022,1030,1044
hCoV-19/England/PHEC-YY8K79J/2022,1030,1044
hCoV-19/England/PHEC-YY8K73I/2022,1030,1044
hCoV-19/England/PHEC-YY8K6XJ/2022,1030,1044
hCoV-19/England/PHEC-YY8K6W6/2022,1030,1044
hCoV-19/England/PHEC-YY8K6PP/2022,1030,1044
hCoV-19/England/PHEC-YY8K6OG/2022,1030,1044
hCoV-19/England/PHEC-YY8K6ND/2022,1030,1044
hCoV-19/England/PHEC-YY8K6MT/2022,1030,1044
hCoV-19/England/PHEC-YY8K6JI/2022,1030,1044
hCoV-19/England/PHEC-YY8K6EZ/2022,1030,1044
hCoV-19/England/PHEC-YY8PCQZ/2022,1031,1055
hCoV-19/England/PHEC-YY8PC8F/2022,1031,1055
hCoV-19/England/PHEC-YY8MZP1/2022,1031,1048
hCoV-19/England/PHEC-YY8MZGY/2022,1031,1048
hCoV-19/England/PHEC-YY8MZBK/2022,1031,1048
hCoV-19/England/PHEC-YY8MZ18/2022,1031,1048
hCoV-19/England/PHEC-YY8MSZ6/2022,1031,1048
hCoV-19/England/PHEC-YY8MSBM/2022,1031,1048
hCoV-19/England/PHEC-YY8MIXO/2022,1031,1048
hCoV-19/England/PHEC-YY8MIOP/2022,1031,1048
hCoV-19/England/PHEC-YY8MHUY/2022,1031,1048
hCoV-19/England/PHEC-YY8MHOG/2022,1031,1048
hCoV-19/England/PHEC-YY8MHDB/2022,1031,1048
hCoV-19/England/PHEC-YY8MH6K/2022,1031,1048
hCoV-19/England/PHEC-YY8MAXP/2022,1031,1048
hCoV-19/England/PHEC-YY8MARD/2022,1031,1048
hCoV-19/England/PHEC-YY8MAMI/2022,1031,1048
hCoV-19/England/PHEC-YY8MAG9/2022,1031,1048
hCoV-19/England/PHEC-YY8MA87/2022,1031,1048
hCoV-19/England/PHEC-YY8MA7O/2022,1031,1048
hCoV-19/England/PHEC-YY8MA6Q/2022,1031,1048
hCoV-19/England/PHEC-YY8M67K/2022,1031,1048
hCoV-19/England/PHEC-YY8M5W9/2022,1031,1048
hCoV-19/England/PHEC-YY8M5JS/2022,1031,1048
hCoV-19/England/PHEC-YY8M41R/2022,1031,1048
hCoV-19/England/PHEC-YY8KH7Q/2022,1031,1044
hCoV-19/England/PHEC-YY8KH4W/2022,1031,1044
hCoV-19/England/PHEC-YY8CQIE/2022,1031,1048
hCoV-19/England/PHEC-YY8PCO1/2022,1032,1055
hCoV-19/England/PHEC-YY8MZXQ/2022,1032,1048
hCoV-19/England/PHEC-YY8MZQO/2022,1032,1048
hCoV-19/England/PHEC-YY8MSD8/2022,1032,1048
hCoV-19/England/PHEC-YY8MS4A/2022,1032,1048
hCoV-19/England/PHEC-YY8MI6T/2022,1032,1048
hCoV-19/England/PHEC-YY8MHW6/2022,1032,1048
hCoV-19/England/PHEC-YY8MHPP/2022,1032,1048
hCoV-19/England/PHEC-YY8MHEZ/2022,1032,1048
hCoV-19/England/PHEC-YY8MHBF/2022,1032,1048
hCoV-19/England/PHEC-YY8MH5O/2022,1032,1048
hCoV-19/England/PHEC-YY8MAYM/2022,1032,1048
hCoV-19/England/PHEC-YY8MAWN/2022,1032,1048
hCoV-19/England/PHEC-YY8MAPT/2022,1032,1048
hCoV-19/England/PHEC-YY8MAOK/2022,1032,1048
hCoV-19/England/PHEC-YY8MAIY/2022,1032,1048
hCoV-19/England/PHEC-YY8MAH1/2022,1032,1048
hCoV-19/England/PHEC-YY8MA3A/2022,1032,1048
hCoV-19/England/PHEC-YY8MA1G/2022,1032,1048
hCoV-19/England/PHEC-YY8M7YG/2022,1032,1048
hCoV-19/England/PHEC-YY8M7MO/2022,1032,1048
hCoV-19/England/PHEC-YY8M7ES/2022,1032,1048
hCoV-19/England/PHEC-YY8M78A/2022,1032,1048
hCoV-19/England/PHEC-YY8M65Q/2022,1032,1048
hCoV-19/England/PHEC-YY8M64O/2022,1032,1048
hCoV-19/England/PHEC-YY8M5UB/2022,1032,1048
hCoV-19/England/PHEC-YY8M4Z4/2022,1032,1048
hCoV-19/England/PHEC-YY8M4NF/2022,1032,1048
hCoV-19/England/PHEC-YY8M3YK/2022,1032,1048
hCoV-19/England/PHEC-YY8M3XC/2022,1032,1048
hCoV-19/England/PHEC-YY8M3OJ/2022,1032,1048
hCoV-19/England/PHEC-YY8CMOI/2022,1032,1048
hCoV-19/England/PHEC-YY8CM1T/2022,1032,1048
