hCoV-19/England/PHEC-YYFXZCQ/2022,886,903
hCoV-19/England/PHEC-YYFXTGY/2022,886,902
hCoV-19/England/PHEC-YYFXMZD/2022,886,902
hCoV-19/England/PHEC-YYFXM55/2022,886,902
hCoV-19/England/PHEC-YYFXM47/2022,886,902
hCoV-19/England/PHEC-YYFXJNO/2022,886,901
hCoV-19/England/PHEC-YYFXJFK/2022,886,901
hCoV-19/England/PHEC-YYFXHMM/2022,886,904
hCoV-19/England/PHEC-YYFXHKP/2022,886,904
hCoV-19/England/PHEC-YYFXHJX/2022,886,904
hCoV-19/England/PHEC-YYFXFBS/2022,886,901
hCoV-19/England/PHEC-YYFXCRJ/2022,886,902
hCoV-19/England/PHEC-YYFX9HF/2022,886,904
hCoV-19/England/PHEC-YYFX8TU/2022,886,901
hCoV-19/England/PHEC-YYFTO5T/2022,886,908
hCoV-19/England/PHEC-YYFQXUJ/2022,886,901
hCoV-19/England/PHEC-YYFQXOX/2022,886,901
hCoV-19/England/PHEC-YYFQUS9/2022,886,901
hCoV-19/England/PHEC-YYFQT5Z/2022,886,901
hCoV-19/England/PHEC-YYFQSRB/2022,886,901
hCoV-19/England/PHEC-YYFQSDD/2022,886,901
hCoV-19/England/PHEC-YYFQOJ7/2022,886,901
hCoV-19/England/PHEC-YYFQM9I/2022,886,898
hCoV-19/England/PHEC-YYFQIXC/2022,886,901
hCoV-19/England/PHEC-YYFQIUD/2022,886,901
hCoV-19/England/PHEC-YYFQIHT/2022,886,901
hCoV-19/England/PHEC-YYFQI9M/2022,886,901
hCoV-19/England/PHEC-YYFQI6P/2022,886,901
hCoV-19/England/PHEC-YYFQC46/2022,886,898
hCoV-19/England/PHEC-YYFOYR1/2022,886,904
hCoV-19/Scotland/LSPA-3E48384/2022,887,895
hCoV-19/Scotland/EDB62979/2022,887,908
hCoV-19/England/PHEC-YYFXTMS/2022,887,902
hCoV-19/England/PHEC-YYFXT6X/2022,887,902
hCoV-19/England/PHEC-YYFXRU1/2022,887,901
hCoV-19/England/PHEC-YYFXQ3H/2022,887,902
hCoV-19/England/PHEC-YYFXPGR/2022,887,902
hCoV-19/England/PHEC-YYFXPEY/2022,887,902
hCoV-19/England/PHEC-YYFXPA9/2022,887,902
hCoV-19/England/PHEC-YYFXOPU/2022,887,902
hCoV-19/England/PHEC-YYFXMBO/2022,887,902
hCoV-19/England/PHEC-YYFXM9U/2022,887,902
hCoV-19/England/PHEC-YYFXM6I/2022,887,902
hCoV-19/England/PHEC-YYFXKYU/2022,887,902
hCoV-19/England/PHEC-YYFXKP3/2022,887,902
hCoV-19/England/PHEC-YYFXK7A/2022,887,902
hCoV-19/England/PHEC-YYFXJIJ/2022,887,901
hCoV-19/England/PHEC-YYFXHZ1/2022,887,904
hCoV-19/England/PHEC-YYFXHWA/2022,887,904
hCoV-19/England/PHEC-YYFXHSW/2022,887,904
hCoV-19/England/PHEC-YYFXHP8/2022,887,904
hCoV-19/England/PHEC-YYFXHIS/2022,887,904
hCoV-19/England/PHEC-YYFXGSK/2022,887,901
hCoV-19/England/PHEC-YYFXG9A/2022,887,901
hCoV-19/England/PHEC-YYFXFQH/2022,887,901
hCoV-19/England/PHEC-YYFXEYI/2022,887,901
hCoV-19/England/PHEC-YYFXEQ3/2022,887,901
hCoV-19/England/PHEC-YYFXEP5/2022,887,901
hCoV-19/England/PHEC-YYFXEOW/2022,887,901
hCoV-19/England/PHEC-YYFXEM9/2022,887,901
hCoV-19/England/PHEC-YYFXEKB/2022,887,901
hCoV-19/England/PHEC-YYFXE88/2022,887,901
hCoV-19/England/PHEC-YYFXCJ9/2022,887,902
hCoV-19/England/PHEC-YYFX8UX/2022,887,901
hCoV-19/England/PHEC-YYFX8N1/2022,887,901
hCoV-19/England/PHEC-YYFX8MY/2022,887,901
hCoV-19/England/PHEC-YYFX89Z/2022,887,901
hCoV-19/England/PHEC-YYFX875/2022,887,901
hCoV-19/England/PHEC-YYFX3TB/2022,887,904
hCoV-19/England/PHEC-YYFX3SZ/2022,887,904
hCoV-19/England/PHEC-YYFX3I3/2022,887,904
hCoV-19/England/PHEC-YYFX1YM/2022,887,902
hCoV-19/England/PHEC-YYFX1BJ/2022,887,902
hCoV-19/England/PHEC-YYFQZW9/2022,887,901
hCoV-19/England/PHEC-YYFQX8N/2022,887,901
hCoV-19/England/PHEC-YYFQUYC/2022,887,901
hCoV-19/England/PHEC-YYFQUBK/2022,887,901
hCoV-19/England/PHEC-YYFQSG7/2022,887,901
hCoV-19/England/PHEC-YYFQSF9/2022,887,901
hCoV-19/England/PHEC-YYFQKUQ/2022,887,898
hCoV-19/England/PHEC-YYFQ1PU/2022,887,901
hCoV-19/England/PHEC-YYFQ1CI/2022,887,901
hCoV-19/England/PHEC-YYFQ1AH/2022,887,901
hCoV-19/England/PHEC-YYFOYFO/2022,887,904
hCoV-19/England/PHEC-YYFOWPC/2022,887,905
hCoV-19/England/PHEC-YYFOWNN/2022,887,905
hCoV-19/England/PHEC-YYFOBDU/2022,887,904
hCoV-19/England/PHEC-YYFO7T4/2022,887,905
hCoV-19/England/PHEC-YYFXZQK/2022,888,903
hCoV-19/England/PHEC-YYFXZHP/2022,888,903
hCoV-19/England/PHEC-YYFXZ6J/2022,888,903
hCoV-19/England/PHEC-YYFXZ3U/2022,888,903
hCoV-19/England/PHEC-YYFXTXQ/2022,888,902
hCoV-19/England/PHEC-YYFXT18/2022,888,902
hCoV-19/England/PHEC-YYFXR5N/2022,888,901
hCoV-19/England/PHEC-YYFXQXT/2022,888,902
hCoV-19/England/PHEC-YYFXQTC/2022,888,902
hCoV-19/England/PHEC-YYFXQ7W/2022,888,902
hCoV-19/England/PHEC-YYFXQ61/2022,888,902
hCoV-19/England/PHEC-YYFXOWR/2022,888,902
hCoV-19/England/PHEC-YYFXOJ5/2022,888,902
hCoV-19/England/PHEC-YYFXOE7/2022,888,902
hCoV-19/England/PHEC-YYFXOAH/2022,888,902
hCoV-19/England/PHEC-YYFXO9Q/2022,888,902
hCoV-19/England/PHEC-YYFXKWK/2022,888,902
hCoV-19/England/PHEC-YYFXKUC/2022,888,902
hCoV-19/England/PHEC-YYFXKO1/2022,888,902
hCoV-19/England/PHEC-YYFXKNX/2022,888,902
hCoV-19/England/PHEC-YYFXKDP/2022,888,902
hCoV-19/England/PHEC-YYFXKAN/2022,888,902
hCoV-19/England/PHEC-YYFXK46/2022,888,902
hCoV-19/England/PHEC-YYFXK1Q/2022,888,902
hCoV-19/England/PHEC-YYFXJ9I/2022,888,902
hCoV-19/England/PHEC-YYFXJ73/2022,888,901
hCoV-19/England/PHEC-YYFXJ6Z/2022,888,902
hCoV-19/England/PHEC-YYFXH7G/2022,888,904
hCoV-19/England/PHEC-YYFXGNU/2022,888,901
hCoV-19/England/PHEC-YYFXGJF/2022,888,901
hCoV-19/England/PHEC-YYFXGE8/2022,888,901
hCoV-19/England/PHEC-YYFXFZJ/2022,888,901
hCoV-19/England/PHEC-YYFXFIP/2022,888,901
hCoV-19/England/PHEC-YYFXF65/2022,888,901
hCoV-19/England/PHEC-YYFXEWC/2022,888,901
hCoV-19/England/PHEC-YYFXEUQ/2022,888,901
hCoV-19/England/PHEC-YYFXET1/2022,888,901
hCoV-19/England/PHEC-YYFXEJD/2022,888,901
hCoV-19/England/PHEC-YYFXEIK/2022,888,901
hCoV-19/England/PHEC-YYFXEGJ/2022,888,901
hCoV-19/England/PHEC-YYFXEDX/2022,888,901
hCoV-19/England/PHEC-YYFXE3N/2022,888,901
hCoV-19/England/PHEC-YYFXE1O/2022,888,901
hCoV-19/England/PHEC-YYFXCUK/2022,888,902
hCoV-19/England/PHEC-YYFXCTQ/2022,888,902
hCoV-19/England/PHEC-YYFXC36/2022,888,902
hCoV-19/England/PHEC-YYFXAR7/2022,888,903
hCoV-19/England/PHEC-YYFXAPM/2022,888,903
hCoV-19/England/PHEC-YYFXAMX/2022,888,903
hCoV-19/England/PHEC-YYFXAEI/2022,888,903
hCoV-19/England/PHEC-YYFX9T5/2022,888,904
hCoV-19/England/PHEC-YYFX9QN/2022,888,904
hCoV-19/England/PHEC-YYFX9ME/2022,888,904
hCoV-19/England/PHEC-YYFX8Z8/2022,888,901
hCoV-19/England/PHEC-YYFX8YS/2022,888,901
hCoV-19/England/PHEC-YYFX8PH/2022,888,901
hCoV-19/England/PHEC-YYFX8OI/2022,888,901
hCoV-19/England/PHEC-YYFX81T/2022,888,901
hCoV-19/England/PHEC-YYFX7NH/2022,888,904
hCoV-19/England/PHEC-YYFX781/2022,888,904
hCoV-19/England/PHEC-YYFX6S1/2022,888,904
hCoV-19/England/PHEC-YYFX69Y/2022,888,904
hCoV-19/England/PHEC-YYFX67R/2022,888,904
hCoV-19/England/PHEC-YYFX5R4/2022,888,904
hCoV-19/England/PHEC-YYFX1MI/2022,888,902
hCoV-19/England/PHEC-YYFX1KZ/2022,888,902
hCoV-19/England/PHEC-YYFTZXD/2022,888,908
hCoV-19/England/PHEC-YYFTQA3/2022,888,908
hCoV-19/England/PHEC-YYFTBMB/2022,888,908
hCoV-19/England/PHEC-YYFOYEK/2022,888,904
hCoV-19/England/PHEC-YYFOY95/2022,888,904
hCoV-19/England/PHEC-YYFOY8C/2022,888,904
hCoV-19/England/PHEC-YYFOCSB/2022,888,904
hCoV-19/England/PHEC-YYFOBRT/2022,888,904
hCoV-19/England/PHEC-YYFOBKF/2022,888,904
hCoV-19/England/PHEC-YYFOB1W/2022,888,904
hCoV-19/England/PHEC-YYFO1QC/2022,888,905
hCoV-19/England/PHEC-YYFO1M1/2022,888,905
hCoV-19/England/PHEC-YYFO15T/2022,888,905
hCoV-19/England/PHEC-YYF4D8I/2022,888,926
hCoV-19/England/PHEC-YYF4BTN/2022,888,926
hCoV-19/England/PHEC-YYFXZXE/2022,889,903
hCoV-19/England/PHEC-YYFXZW7/2022,889,903
hCoV-19/England/PHEC-YYFXZU9/2022,889,903
hCoV-19/England/PHEC-YYFXZTD/2022,889,903
hCoV-19/England/PHEC-YYFXZOF/2022,889,903
hCoV-19/England/PHEC-YYFXZI5/2022,889,903
hCoV-19/England/PHEC-YYFXZES/2022,889,903
hCoV-19/England/PHEC-YYFXZBR/2022,889,903
hCoV-19/England/PHEC-YYFXZAI/2022,889,903
hCoV-19/England/PHEC-YYFXZ8A/2022,889,903
hCoV-19/England/PHEC-YYFXTA5/2022,889,902
hCoV-19/England/PHEC-YYFXQJ7/2022,889,902
hCoV-19/England/PHEC-YYFXQ9O/2022,889,902
hCoV-19/England/PHEC-YYFXP6U/2022,889,902
hCoV-19/England/PHEC-YYFXOTK/2022,889,902
hCoV-19/England/PHEC-YYFXOSY/2022,889,902
hCoV-19/England/PHEC-YYFXOMZ/2022,889,902
hCoV-19/England/PHEC-YYFXOK3/2022,889,902
hCoV-19/England/PHEC-YYFXOGB/2022,889,902
hCoV-19/England/PHEC-YYFXOCI/2022,889,902
hCoV-19/England/PHEC-YYFXMUM/2022,889,902
hCoV-19/England/PHEC-YYFXMSF/2022,889,902
hCoV-19/England/PHEC-YYFXK8F/2022,889,902
hCoV-19/England/PHEC-YYFXHN7/2022,889,904
hCoV-19/England/PHEC-YYFXH4C/2022,889,904
hCoV-19/England/PHEC-YYFXESE/2022,889,901
hCoV-19/England/PHEC-YYFXE56/2022,889,901
hCoV-19/England/PHEC-YYFXAYF/2022,889,903
hCoV-19/England/PHEC-YYFXA9G/2022,889,903
hCoV-19/England/PHEC-YYFX9WI/2022,889,904
hCoV-19/England/PHEC-YYFX9UZ/2022,889,904
hCoV-19/England/PHEC-YYFX7YY/2022,889,904
hCoV-19/England/PHEC-YYFX7WZ/2022,889,904
hCoV-19/England/PHEC-YYFX7T7/2022,889,904
hCoV-19/England/PHEC-YYFX7RA/2022,889,904
hCoV-19/England/PHEC-YYFX7PG/2022,889,904
hCoV-19/England/PHEC-YYFX7KC/2022,889,904
hCoV-19/England/PHEC-YYFX7JQ/2022,889,904
hCoV-19/England/PHEC-YYFX6ZO/2022,889,904
hCoV-19/England/PHEC-YYFX6IW/2022,889,904
hCoV-19/England/PHEC-YYFX6HG/2022,889,904
hCoV-19/England/PHEC-YYFX1XP/2022,889,902
hCoV-19/England/PHEC-YYFX1QX/2022,889,902
hCoV-19/England/PHEC-YYFX1PT/2022,889,902
hCoV-19/England/PHEC-YYFX1G9/2022,889,902
hCoV-19/England/PHEC-YYFX1FB/2022,889,902
hCoV-19/England/PHEC-YYFX1CU/2022,889,902
hCoV-19/England/PHEC-YYFX1A4/2022,889,902
hCoV-19/England/PHEC-YYFX187/2022,889,902
hCoV-19/England/PHEC-YYFTO9J/2022,889,908
hCoV-19/England/PHEC-YYFTBX3/2022,889,908
hCoV-19/England/PHEC-YYFTBFP/2022,889,908
hCoV-19/England/PHEC-YYFOYQ6/2022,889,904
hCoV-19/England/PHEC-YYFOYPY/2022,889,904
hCoV-19/England/PHEC-YYFOMGD/2022,889,904
hCoV-19/England/PHEC-YYFOKA9/2022,889,904
hCoV-19/England/PHEC-YYFOK9T/2022,889,904
hCoV-19/England/PHEC-YYFOCA7/2022,889,904
hCoV-19/England/PHEC-YYFOC7U/2022,889,904
hCoV-19/England/PHEC-YYFOC43/2022,889,904
hCoV-19/England/PHEC-YYFOBWO/2022,889,904
hCoV-19/England/PHEC-YYFOBU1/2022,889,904
hCoV-19/England/PHEC-YYFOBTS/2022,889,904
hCoV-19/England/PHEC-YYFOBNI/2022,889,904
hCoV-19/England/PHEC-YYFOBIQ/2022,889,904
hCoV-19/England/PHEC-YYFOBGP/2022,889,904
hCoV-19/England/PHEC-YYFOBFX/2022,889,904
hCoV-19/England/LSPA-3E53113/2022,889,898
hCoV-19/England/LSPA-3E4D589/2022,889,896
hCoV-19/Wales/LSPA-3E5241B/2022,890,902
hCoV-19/England/PHEC-YYFXOHW/2022,890,902
hCoV-19/England/PHEC-YYFXO6O/2022,890,902
hCoV-19/England/PHEC-YYFXO4A/2022,890,902
hCoV-19/England/PHEC-YYFXCSR/2022,890,902
hCoV-19/England/PHEC-YYFXA7K/2022,890,903
hCoV-19/England/PHEC-YYFXA6E/2022,890,903
hCoV-19/England/PHEC-YYFXA5Q/2022,890,903
hCoV-19/England/PHEC-YYFX9ZX/2022,890,904
hCoV-19/England/PHEC-YYFX76D/2022,890,904
hCoV-19/England/PHEC-YYFX6RZ/2022,890,904
hCoV-19/England/PHEC-YYFX6QD/2022,890,904
hCoV-19/England/PHEC-YYFX6O6/2022,890,904
hCoV-19/England/PHEC-YYFX6KM/2022,890,904
hCoV-19/England/PHEC-YYFX6EX/2022,890,904
hCoV-19/England/PHEC-YYFX6C8/2022,890,904
hCoV-19/England/PHEC-YYFX3YR/2022,890,903
hCoV-19/England/PHEC-YYFX3RH/2022,890,903
hCoV-19/England/PHEC-YYFX3D6/2022,890,903
hCoV-19/England/PHEC-YYFX1ZH/2022,890,902
hCoV-19/England/PHEC-YYFTYRO/2022,890,908
hCoV-19/England/PHEC-YYFTYQH/2022,890,908
hCoV-19/England/PHEC-YYFTYOZ/2022,890,908
hCoV-19/England/PHEC-YYFTY8K/2022,890,908
hCoV-19/England/PHEC-YYFTKSB/2022,890,908
hCoV-19/England/PHEC-YYFTBE8/2022,890,908
hCoV-19/England/PHEC-YYFT5M8/2022,890,908
hCoV-19/England/PHEC-YYFT5EP/2022,890,908
hCoV-19/England/PHEC-YYFOZD7/2022,890,905
hCoV-19/England/PHEC-YYFOYO3/2022,890,904
hCoV-19/England/PHEC-YYFOYIX/2022,890,904
hCoV-19/England/PHEC-YYFOYAJ/2022,890,904
hCoV-19/England/PHEC-YYFOW3U/2022,890,905
hCoV-19/England/PHEC-YYFOMR8/2022,890,904
hCoV-19/England/PHEC-YYFOME9/2022,890,904
hCoV-19/England/PHEC-YYFOM44/2022,890,904
hCoV-19/England/PHEC-YYFOK6U/2022,890,904
hCoV-19/England/PHEC-YYFOK37/2022,890,904
hCoV-19/England/PHEC-YYFOCWF/2022,890,904
hCoV-19/England/PHEC-YYFOCTM/2022,890,904
hCoV-19/England/PHEC-YYFOCQ1/2022,890,904
hCoV-19/England/PHEC-YYFOCOP/2022,890,904
hCoV-19/England/PHEC-YYFOCK4/2022,890,904
hCoV-19/England/PHEC-YYFOC6T/2022,890,904
hCoV-19/England/PHEC-YYFOBEJ/2022,890,904
hCoV-19/England/PHEC-YYFXA31/2022,891,903
hCoV-19/England/PHEC-YYFX9JC/2022,891,904
hCoV-19/England/PHEC-YYFUNSF/2022,891,911
hCoV-19/England/PHEC-YYFTWAU/2022,891,908
hCoV-19/England/PHEC-YYFTNYS/2022,891,908
hCoV-19/England/PHEC-YYFTN8E/2022,891,908
hCoV-19/England/PHEC-YYFTB9A/2022,891,908
hCoV-19/England/PHEC-YYFT8WE/2022,891,908
hCoV-19/England/PHEC-YYFT4ST/2022,891,908
hCoV-19/England/PHEC-YYFT4KK/2022,891,908
hCoV-19/England/PHEC-YYFT4HF/2022,891,908
hCoV-19/England/PHEC-YYFT4EQ/2022,891,908
hCoV-19/England/PHEC-YYFT4AP/2022,891,908
hCoV-19/England/PHEC-YYFT48O/2022,891,908
hCoV-19/England/PHEC-YYFT43M/2022,891,908
hCoV-19/England/PHEC-YYFOZHK/2022,891,905
hCoV-19/England/PHEC-YYFOPFD/2022,891,904
hCoV-19/England/PHEC-YYFOPD8/2022,891,904
hCoV-19/England/PHEC-YYFOMXT/2022,891,904
hCoV-19/England/PHEC-YYFOMWG/2022,891,904
hCoV-19/England/PHEC-YYFOMTC/2022,891,904
hCoV-19/England/PHEC-YYFOMSN/2022,891,904
hCoV-19/England/PHEC-YYFOMQU/2022,891,904
hCoV-19/England/PHEC-YYFOMJ7/2022,891,904
hCoV-19/England/PHEC-YYFOMIR/2022,891,904
hCoV-19/England/PHEC-YYFOM7W/2022,891,904
hCoV-19/England/PHEC-YYFOM5A/2022,891,904
hCoV-19/England/PHEC-YYFOM3H/2022,891,904
hCoV-19/England/PHEC-YYFOKW8/2022,891,904
hCoV-19/England/PHEC-YYFOKTP/2022,891,904
hCoV-19/England/PHEC-YYFOKQW/2022,891,904
hCoV-19/England/PHEC-YYFOKOX/2022,891,904
hCoV-19/England/PHEC-YYFOKIF/2022,891,904
hCoV-19/England/PHEC-YYFO54K/2022,891,905
hCoV-19/England/PHEC-YYF4BCP/2022,891,926
hCoV-19/England/PHEC-YYF1KP1/2022,891,909
hCoV-19/England/PHEC-YYF13SO/2022,891,910
hCoV-19/England/PHEC-YYFUNUM/2022,892,911
hCoV-19/England/PHEC-YYFUNTX/2022,892,911
hCoV-19/England/PHEC-YYFUNK6/2022,892,911
hCoV-19/England/PHEC-YYFTY1U/2022,892,908
hCoV-19/England/PHEC-YYFTWSZ/2022,892,908
hCoV-19/England/PHEC-YYFTOXK/2022,892,908
hCoV-19/England/PHEC-YYFTNWP/2022,892,908
hCoV-19/England/PHEC-YYFTNRQ/2022,892,908
hCoV-19/England/PHEC-YYFTNC6/2022,892,908
hCoV-19/England/PHEC-YYFTNBW/2022,892,908
hCoV-19/England/PHEC-YYFTBOS/2022,892,908
hCoV-19/England/PHEC-YYFTB64/2022,892,908
hCoV-19/England/PHEC-YYFT4ZX/2022,892,908
hCoV-19/England/PHEC-YYFT4O7/2022,892,908
hCoV-19/England/PHEC-YYFT4IU/2022,892,908
hCoV-19/England/PHEC-YYFOM9O/2022,892,904
hCoV-19/England/PHEC-YYFOKUJ/2022,892,904
hCoV-19/England/PHEC-YYFOCRG/2022,892,904
hCoV-19/England/PHEC-YYFOCNK/2022,892,904
hCoV-19/England/PHEC-YYFOCDE/2022,892,904
hCoV-19/England/PHEC-YYF4BOR/2022,892,926
hCoV-19/England/PHEC-YYF4BJU/2022,892,926
hCoV-19/England/PHEC-YYF1KOM/2022,892,909
hCoV-19/England/PHEC-YYF1KNE/2022,892,909
hCoV-19/England/PHEC-YYF1KCW/2022,892,909
hCoV-19/England/PHEC-YYF141Z/2022,892,910
