hCoV-19/Wales/PHWC-PJGUHF/2022,802,819
hCoV-19/Wales/PHWC-PJGUAP/2022,802,819
hCoV-19/Scotland/QEUH-3AC026D/2022,802,811
hCoV-19/Scotland/QEUH-3A9A30F/2022,802,811
hCoV-19/Scotland/QEUH-3A94A4C/2022,802,811
hCoV-19/Scotland/QEUH-3A8A803/2022,802,811
hCoV-19/England/PHEP-YYRXS6M/2022,802,817
hCoV-19/England/PHEP-YYRXPK7/2022,802,817
hCoV-19/England/PHEP-YYRXNB4/2022,802,817
hCoV-19/England/PHEP-YYRXEPH/2022,802,817
hCoV-19/England/PHEP-YYRXBI1/2022,802,817
hCoV-19/England/PHEP-YYRXBGT/2022,802,817
hCoV-19/England/PHEP-YYRX516/2022,802,817
hCoV-19/England/PHEP-YYRQ3PP/2022,802,817
hCoV-19/England/PHEP-YYRP7X8/2022,802,814
hCoV-19/England/PHEP-YYROXCW/2022,802,819
hCoV-19/England/PHEP-YYROX6X/2022,802,819
hCoV-19/England/PHEC-YYRHPSJ/2022,802,852
hCoV-19/England/PHEC-YYDXZKW/2022,802,817
hCoV-19/England/PHEC-YYDXZ1D/2022,802,817
hCoV-19/England/PHEC-YYDXHN9/2022,802,818
hCoV-19/England/PHEC-YYDX9ZT/2022,802,818
hCoV-19/England/PHEC-YYDX7HJ/2022,802,818
hCoV-19/England/PHEC-YYDX75M/2022,802,818
hCoV-19/England/PHEC-YYDX6YB/2022,802,818
hCoV-19/England/PHEC-YYDX6D5/2022,802,818
hCoV-19/England/PHEC-YYDX5ZI/2022,802,818
hCoV-19/England/PHEC-YYDX5AU/2022,802,818
hCoV-19/England/PHEC-YYDWZRI/2022,802,824
hCoV-19/England/PHEC-YYDWZJM/2022,802,824
hCoV-19/England/PHEC-YYDWZGT/2022,802,824
hCoV-19/England/PHEC-YYDWZFU/2022,802,824
hCoV-19/England/PHEC-YYDWZCF/2022,802,824
hCoV-19/England/PHEC-YYDWZB5/2022,802,824
hCoV-19/England/PHEC-YYDWZ8X/2022,802,824
hCoV-19/England/PHEC-YYDWZ1A/2022,802,824
hCoV-19/England/PHEC-YYDWSKK/2022,802,824
hCoV-19/England/PHEC-YYDWSHF/2022,802,824
hCoV-19/England/PHEC-YYDWI14/2022,802,824
hCoV-19/England/PHEC-YYDWDYT/2022,802,821
hCoV-19/England/PHEC-YYDUAWI/2022,802,821
hCoV-19/England/PHEC-YYDTYQ6/2022,802,818
hCoV-19/England/PHEC-YYDTYCN/2022,802,818
hCoV-19/England/PHEC-YYDTRXA/2022,802,818
hCoV-19/England/PHEC-YYDTQ5I/2022,802,819
hCoV-19/England/PHEC-YYDTKDK/2022,802,819
hCoV-19/England/PHEC-YYDTK6U/2022,802,819
hCoV-19/England/PHEC-YYDTJPZ/2022,802,819
hCoV-19/England/PHEC-YYDTJOO/2022,802,819
hCoV-19/England/PHEC-YYDTJ8D/2022,802,819
hCoV-19/England/PHEC-YYDTEY1/2022,802,818
hCoV-19/England/PHEC-YYDTENQ/2022,802,818
hCoV-19/England/PHEC-YYDT9X7/2022,802,820
hCoV-19/England/PHEC-YYDT9W1/2022,802,820
hCoV-19/England/PHEC-YYDT9UW/2022,802,820
hCoV-19/England/PHEC-YYDT95R/2022,802,820
hCoV-19/England/PHEC-YYDT8ZR/2022,802,818
hCoV-19/England/PHEC-YYDT8WK/2022,802,818
hCoV-19/England/PHEC-YYDT8AN/2022,802,818
hCoV-19/England/PHEC-YYDT846/2022,802,818
hCoV-19/England/PHEC-YYDT81Q/2022,802,818
hCoV-19/England/PHEC-YYDT1O8/2022,802,819
hCoV-19/England/PHEC-YYDSMAW/2022,802,824
hCoV-19/England/PHEC-YYDSM8Z/2022,802,824
hCoV-19/England/PHEC-YYDSM7K/2022,802,824
hCoV-19/England/PHEC-YYDSKOF/2022,802,824
hCoV-19/England/PHEC-YYDSK4T/2022,802,824
hCoV-19/England/PHEC-YYDSK1B/2022,802,824
hCoV-19/England/PHEC-YYDSDWR/2022,802,824
hCoV-19/England/PHEC-YYDSDFD/2022,802,824
hCoV-19/England/PHEC-YYDSCRH/2022,802,824
hCoV-19/England/PHEC-YYDSCI3/2022,802,824
hCoV-19/England/PHEC-YYDSC7J/2022,802,824
hCoV-19/England/PHEC-YYDSC3T/2022,802,824
hCoV-19/England/PHEC-YYDQZ4I/2022,802,817
hCoV-19/England/PHEC-YYDQ5W7/2022,802,817
hCoV-19/England/PHEC-YYDPRZO/2022,802,817
hCoV-19/England/PHEC-YYDPRUA/2022,802,817
hCoV-19/England/PHEC-YYDPRO6/2022,802,817
hCoV-19/England/PHEC-YYDPRIW/2022,802,817
hCoV-19/England/PHEC-YYDPREX/2022,802,817
hCoV-19/England/PHEC-YYDPR8T/2022,802,817
hCoV-19/England/PHEC-YYDI1AX/2022,802,824
hCoV-19/England/PHEC-YYDI15J/2022,802,824
hCoV-19/England/PHEC-YYDC96J/2022,802,817
hCoV-19/England/PHEC-YYD5MW1/2022,802,827
hCoV-19/England/PHEC-YYD3YI9/2022,802,826
hCoV-19/England/PHEC-YYD3QDS/2022,802,827
hCoV-19/England/PHEC-YYD3KYY/2022,802,827
hCoV-19/England/PHEC-YYD3KU3/2022,802,827
hCoV-19/England/PHEC-YYD3KO9/2022,802,827
hCoV-19/England/PHEC-YYD3KAX/2022,802,827
hCoV-19/England/PHEC-YYD3JOY/2022,802,827
hCoV-19/England/PHEC-YYD3CJC/2022,802,827
hCoV-19/England/PHEC-YYD1Z6R/2022,802,820
hCoV-19/England/PHEC-YYD1YP6/2022,802,820
hCoV-19/England/PHEC-YYD1YJG/2022,802,820
hCoV-19/England/PHEC-YYD1YCY/2022,802,820
hCoV-19/England/PHEC-YYD1Y8K/2022,802,820
hCoV-19/England/PHEC-YYD1Y65/2022,802,820
hCoV-19/England/PHEC-YYD1Y1U/2022,802,820
hCoV-19/England/PHEC-YYD1X7Q/2022,802,820
hCoV-19/England/PHEC-YYD1X6C/2022,802,820
hCoV-19/England/PHEC-YYD1WSZ/2022,802,820
hCoV-19/England/PHEC-YYD1WQE/2022,802,820
hCoV-19/England/PHEC-YYD1WHM/2022,802,820
hCoV-19/England/PHEC-YYD1RER/2022,802,820
hCoV-19/England/PHEC-YYD1MWR/2022,802,820
hCoV-19/England/PHEC-YYD1MIN/2022,802,820
hCoV-19/England/PHEC-YYD1ISS/2022,802,820
hCoV-19/England/PHEC-YYD1IPJ/2022,802,820
hCoV-19/England/PHEC-YYD1AFS/2022,802,820
hCoV-19/England/MILK-3A9CEB1/2022,802,809
hCoV-19/England/MILK-3A92826/2022,802,809
hCoV-19/England/MILK-3A8D4DF/2022,802,809
hCoV-19/England/MILK-3A5B7B3/2022,802,807
hCoV-19/England/MILK-3A5809D/2022,802,807
hCoV-19/England/LSPA-3AB74BE/2022,802,810
hCoV-19/England/LSPA-3A914D8/2022,802,809
hCoV-19/Scotland/QEUH-3AD97DB/2022,803,811
hCoV-19/Scotland/QEUH-3AC359E/2022,803,811
hCoV-19/Scotland/QEUH-3ABC1C1/2022,803,812
hCoV-19/Scotland/QEUH-3AB7F9F/2022,803,811
hCoV-19/Scotland/QEUH-3AB7A9E/2022,803,811
hCoV-19/Scotland/QEUH-3AAE265/2022,803,811
hCoV-19/Scotland/CVR15837/2022,803,848
hCoV-19/England/PHEP-YYRTQWN/2022,803,821
hCoV-19/England/PHEP-YYRT5O7/2022,803,821
hCoV-19/England/PHEP-YYROYDI/2022,803,817
hCoV-19/England/PHEP-YYROWKU/2022,803,819
hCoV-19/England/PHEC-YYRU98E/2022,803,845
hCoV-19/England/PHEC-YYRDCT8/2022,803,835
hCoV-19/England/PHEC-YYDXNCF/2022,803,817
hCoV-19/England/PHEC-YYDXHZW/2022,803,818
hCoV-19/England/PHEC-YYDXHXF/2022,803,818
hCoV-19/England/PHEC-YYDXHQ8/2022,803,818
hCoV-19/England/PHEC-YYDXHMP/2022,803,818
hCoV-19/England/PHEC-YYDXHIA/2022,803,818
hCoV-19/England/PHEC-YYDX9WZ/2022,803,818
hCoV-19/England/PHEC-YYDX9U3/2022,803,818
hCoV-19/England/PHEC-YYDX9O9/2022,803,818
hCoV-19/England/PHEC-YYDX9NH/2022,803,818
hCoV-19/England/PHEC-YYDX9D4/2022,803,818
hCoV-19/England/PHEC-YYDX7W3/2022,803,818
hCoV-19/England/PHEC-YYDX7T9/2022,803,818
hCoV-19/England/PHEC-YYDX7R4/2022,803,818
hCoV-19/England/PHEC-YYDX7OB/2022,803,818
hCoV-19/England/PHEC-YYDX7MC/2022,803,818
hCoV-19/England/PHEC-YYDX7DH/2022,803,818
hCoV-19/England/PHEC-YYDX79D/2022,803,818
hCoV-19/England/PHEC-YYDX6MM/2022,803,818
hCoV-19/England/PHEC-YYDX6KP/2022,803,818
hCoV-19/England/PHEC-YYDX6CJ/2022,803,818
hCoV-19/England/PHEC-YYDX67G/2022,803,818
hCoV-19/England/PHEC-YYDWSZX/2022,803,824
hCoV-19/England/PHEC-YYDWSWI/2022,803,824
hCoV-19/England/PHEC-YYDWSUZ/2022,803,824
hCoV-19/England/PHEC-YYDWSRS/2022,803,824
hCoV-19/England/PHEC-YYDWSQN/2022,803,824
hCoV-19/England/PHEC-YYDWSJC/2022,803,824
hCoV-19/England/PHEC-YYDWSEQ/2022,803,824
hCoV-19/England/PHEC-YYDWS7D/2022,803,824
hCoV-19/England/PHEC-YYDWIPF/2022,803,824
hCoV-19/England/PHEC-YYDWIO6/2022,803,824
hCoV-19/England/PHEC-YYDWIKM/2022,803,824
hCoV-19/England/PHEC-YYDWIHG/2022,803,824
hCoV-19/England/PHEC-YYDWIGU/2022,803,824
hCoV-19/England/PHEC-YYDWIEX/2022,803,824
hCoV-19/England/PHEC-YYDWI8T/2022,803,824
hCoV-19/England/PHEC-YYDWBC5/2022,803,821
hCoV-19/England/PHEC-YYDUXPP/2022,803,821
hCoV-19/England/PHEC-YYDUXMT/2022,803,821
hCoV-19/England/PHEC-YYDUXIH/2022,803,821
hCoV-19/England/PHEC-YYDUXHQ/2022,803,821
hCoV-19/England/PHEC-YYDUX5O/2022,803,821
hCoV-19/England/PHEC-YYDUSKC/2022,803,821
hCoV-19/England/PHEC-YYDUBXZ/2022,803,820
hCoV-19/England/PHEC-YYDUAIU/2022,803,821
hCoV-19/England/PHEC-YYDU9DT/2022,803,821
hCoV-19/England/PHEC-YYDU98J/2022,803,821
hCoV-19/England/PHEC-YYDU6ZJ/2022,803,821
hCoV-19/England/PHEC-YYDTYR1/2022,803,818
hCoV-19/England/PHEC-YYDTX7O/2022,803,819
hCoV-19/England/PHEC-YYDTX3A/2022,803,819
hCoV-19/England/PHEC-YYDTRPH/2022,803,818
hCoV-19/England/PHEC-YYDTRKN/2022,803,818
hCoV-19/England/PHEC-YYDTRJR/2022,803,818
hCoV-19/England/PHEC-YYDTPWR/2022,803,819
hCoV-19/England/PHEC-YYDTPQT/2022,803,819
hCoV-19/England/PHEC-YYDTO8H/2022,803,819
hCoV-19/England/PHEC-YYDTNJG/2022,803,818
hCoV-19/England/PHEC-YYDTNFQ/2022,803,818
hCoV-19/England/PHEC-YYDTNEE/2022,803,818
hCoV-19/England/PHEC-YYDTNCY/2022,803,818
hCoV-19/England/PHEC-YYDTNA8/2022,803,818
hCoV-19/England/PHEC-YYDTMXT/2022,803,819
hCoV-19/England/PHEC-YYDTMWG/2022,803,819
hCoV-19/England/PHEC-YYDTMSN/2022,803,819
hCoV-19/England/PHEC-YYDTMPI/2022,803,819
hCoV-19/England/PHEC-YYDTMFF/2022,803,819
hCoV-19/England/PHEC-YYDTME9/2022,803,819
hCoV-19/England/PHEC-YYDTMCZ/2022,803,819
hCoV-19/England/PHEC-YYDTKZB/2022,803,819
hCoV-19/England/PHEC-YYDTKW8/2022,803,819
hCoV-19/England/PHEC-YYDTKSD/2022,803,819
hCoV-19/England/PHEC-YYDTKQW/2022,803,819
hCoV-19/England/PHEC-YYDTKPS/2022,803,819
hCoV-19/England/PHEC-YYDTKIF/2022,803,819
hCoV-19/England/PHEC-YYDTKHZ/2022,803,819
hCoV-19/England/PHEC-YYDTKGR/2022,803,819
hCoV-19/England/PHEC-YYDTKCA/2022,803,819
hCoV-19/England/PHEC-YYDTKBQ/2022,803,819
hCoV-19/England/PHEC-YYDTK7I/2022,803,819
hCoV-19/England/PHEC-YYDTK45/2022,803,819
hCoV-19/England/PHEC-YYDTK37/2022,803,819
hCoV-19/England/PHEC-YYDTK1M/2022,803,819
hCoV-19/England/PHEC-YYDTJWE/2022,803,819
hCoV-19/England/PHEC-YYDTJSR/2022,803,819
hCoV-19/England/PHEC-YYDTJRJ/2022,803,819
hCoV-19/England/PHEC-YYDTJK7/2022,803,819
hCoV-19/England/PHEC-YYDTJGF/2022,803,819
hCoV-19/England/PHEC-YYDTJF8/2022,803,819
hCoV-19/England/PHEC-YYDTJEB/2022,803,819
hCoV-19/England/PHEC-YYDTJDM/2022,803,818
hCoV-19/England/PHEC-YYDTJAY/2022,803,819
hCoV-19/England/PHEC-YYDTJ91/2022,803,819
hCoV-19/England/PHEC-YYDTJ6W/2022,803,819
hCoV-19/England/PHEC-YYDTJ54/2022,803,819
hCoV-19/England/PHEC-YYDTJ1C/2022,803,819
hCoV-19/England/PHEC-YYDTHY6/2022,803,820
hCoV-19/England/PHEC-YYDTGKY/2022,803,818
hCoV-19/England/PHEC-YYDTGDQ/2022,803,818
hCoV-19/England/PHEC-YYDTGB1/2022,803,818
hCoV-19/England/PHEC-YYDTF9S/2022,803,818
hCoV-19/England/PHEC-YYDTDRX/2022,803,818
hCoV-19/England/PHEC-YYDTDKD/2022,803,818
hCoV-19/England/PHEC-YYDTBU1/2022,803,818
hCoV-19/England/PHEC-YYDTBSC/2022,803,818
hCoV-19/England/PHEC-YYDTBAE/2022,803,818
hCoV-19/England/PHEC-YYDT9K8/2022,803,820
hCoV-19/England/PHEC-YYDT9JJ/2022,803,820
hCoV-19/England/PHEC-YYDT9GX/2022,803,820
hCoV-19/England/PHEC-YYDT9DI/2022,803,820
hCoV-19/England/PHEC-YYDT7HR/2022,803,820
hCoV-19/England/PHEC-YYDT796/2022,803,820
hCoV-19/England/PHEC-YYDT75G/2022,803,820
hCoV-19/England/PHEC-YYDT6ZP/2022,803,820
hCoV-19/England/PHEC-YYDT6NA/2022,803,820
hCoV-19/England/PHEC-YYDT6MG/2022,803,820
hCoV-19/England/PHEC-YYDT648/2022,803,820
hCoV-19/England/PHEC-YYDT59Y/2022,803,820
hCoV-19/England/PHEC-YYDT57R/2022,803,820
hCoV-19/England/PHEC-YYDSMR7/2022,803,824
hCoV-19/England/PHEC-YYDSMPM/2022,803,824
hCoV-19/England/PHEC-YYDSMG3/2022,803,824
hCoV-19/England/PHEC-YYDSM6E/2022,803,824
hCoV-19/England/PHEC-YYDSD89/2022,803,824
hCoV-19/England/PHEC-YYDSCXG/2022,803,824
hCoV-19/England/PHEC-YYDSCBN/2022,803,824
hCoV-19/England/PHEC-YYDQXTX/2022,803,817
hCoV-19/England/PHEC-YYDQXOT/2022,803,817
hCoV-19/England/PHEC-YYDQ46K/2022,803,817
hCoV-19/England/PHEC-YYDIMAS/2022,803,824
hCoV-19/England/PHEC-YYDI3Q7/2022,803,824
hCoV-19/England/PHEC-YYDI1QR/2022,803,824
hCoV-19/England/PHEC-YYDI1H8/2022,803,824
hCoV-19/England/PHEC-YYDI1B6/2022,803,824
hCoV-19/England/PHEC-YYDH9R7/2022,803,828
hCoV-19/England/PHEC-YYDA9YP/2022,803,826
hCoV-19/England/PHEC-YYDA5TQ/2022,803,826
hCoV-19/England/PHEC-YYDA5M5/2022,803,826
hCoV-19/England/PHEC-YYDA5K7/2022,803,826
hCoV-19/England/PHEC-YYDA5C3/2022,803,826
hCoV-19/England/PHEC-YYDA5BX/2022,803,826
hCoV-19/England/PHEC-YYDA37A/2022,803,826
hCoV-19/England/PHEC-YYD5PX5/2022,803,827
hCoV-19/England/PHEC-YYD5PKF/2022,803,827
hCoV-19/England/PHEC-YYD5MX7/2022,803,827
hCoV-19/England/PHEC-YYD5M66/2022,803,827
hCoV-19/England/PHEC-YYD5M5R/2022,803,827
hCoV-19/England/PHEC-YYD5KQY/2022,803,827
hCoV-19/England/PHEC-YYD5K1Z/2022,803,827
hCoV-19/England/PHEC-YYD5JT4/2022,803,827
hCoV-19/England/PHEC-YYD5JB5/2022,803,827
hCoV-19/England/PHEC-YYD5J1A/2022,803,827
hCoV-19/England/PHEC-YYD5CY4/2022,803,827
hCoV-19/England/PHEC-YYD5CQ6/2022,803,827
hCoV-19/England/PHEC-YYD3YWB/2022,803,826
hCoV-19/England/PHEC-YYD3YT8/2022,803,826
hCoV-19/England/PHEC-YYD3KPG/2022,803,827
hCoV-19/England/PHEC-YYD3KGW/2022,803,827
hCoV-19/England/PHEC-YYD3K9B/2022,803,827
hCoV-19/England/PHEC-YYD3K15/2022,803,827
hCoV-19/England/PHEC-YYD3JWA/2022,803,827
hCoV-19/England/PHEC-YYD3JIS/2022,803,827
hCoV-19/England/PHEC-YYD3JCJ/2022,803,827
hCoV-19/England/PHEC-YYD3J7G/2022,803,827
hCoV-19/England/PHEC-YYD3J1H/2022,803,827
hCoV-19/England/PHEC-YYD3BUN/2022,803,826
hCoV-19/England/PHEC-YYD3BF9/2022,803,826
hCoV-19/England/PHEC-YYD1ZWA/2022,803,820
hCoV-19/England/PHEC-YYD1ZT6/2022,803,820
hCoV-19/England/PHEC-YYD1ZSW/2022,803,820
hCoV-19/England/PHEC-YYD1ZP8/2022,803,820
hCoV-19/England/PHEC-YYD1ZIS/2022,803,820
hCoV-19/England/PHEC-YYD1ZAO/2022,803,820
hCoV-19/England/PHEC-YYD1YH9/2022,803,820
hCoV-19/England/PHEC-YYD1SJO/2022,803,820
hCoV-19/England/PHEC-YYD1SGS/2022,803,820
hCoV-19/England/PHEC-YYD1PZH/2022,803,820
hCoV-19/England/PHEC-YYD1OW9/2022,803,820
hCoV-19/England/PHEC-YYD1OHX/2022,803,820
hCoV-19/England/PHEC-YYD1OAZ/2022,803,820
hCoV-19/England/PHEC-YYD1O3I/2022,803,820
hCoV-19/England/PHEC-YYD1NQ4/2022,803,820
hCoV-19/England/PHEC-YYD1NEG/2022,803,820
hCoV-19/England/PHEC-YYD1IZW/2022,803,820
hCoV-19/England/PHEC-YYD1IUH/2022,803,820
hCoV-19/England/PHEC-YYD1IQ8/2022,803,820
hCoV-19/England/PHEC-YYD1ION/2022,803,820
hCoV-19/England/PHEC-YYD1CXQ/2022,803,820
hCoV-19/England/PHEC-YYD1BZE/2022,803,820
hCoV-19/England/PHEC-YYD1BSK/2022,803,820
hCoV-19/England/PHEC-YYD1BE8/2022,803,820
hCoV-19/England/PHEC-YYD1ASU/2022,803,820
hCoV-19/England/PHEC-YYD1ARA/2022,803,820
hCoV-19/England/PHEC-YYD1AKC/2022,803,820
hCoV-19/England/PHEC-YYD1AJQ/2022,803,820
hCoV-19/England/PHEC-YYD1AB6/2022,803,820
hCoV-19/England/PHEC-YYD1A81/2022,803,820
hCoV-19/England/PHEC-YYD1A15/2022,803,820
hCoV-19/England/PHEC-YYD16R1/2022,803,820
hCoV-19/England/PHEC-YYD16MR/2022,803,820
hCoV-19/England/MILK-3AA4F3B/2022,803,810
hCoV-19/England/LSPA-3AE4F8A/2022,803,811
hCoV-19/England/LSPA-3AB493A/2022,803,810
hCoV-19/England/BRBR-3A9F355/2022,803,809
hCoV-19/Wales/PHWC-PJXPI8/2022,804,827
hCoV-19/Wales/PHWC-PJPYHK/2022,804,824
hCoV-19/Wales/PHWC-PJCXRQ/2022,804,824
hCoV-19/Wales/PHWC-PJCWAY/2022,804,824
hCoV-19/Wales/PHWC-PJCCNI/2022,804,824
hCoV-19/Scotland/QEUH-3B01C34/2022,804,812
hCoV-19/Scotland/EDB52940/2022,804,834
hCoV-19/Scotland/EDB52318/2022,804,828
hCoV-19/Scotland/CVR15859/2022,804,848
hCoV-19/Scotland/CVR15858/2022,804,848
hCoV-19/Scotland/CVR15840/2022,804,848
hCoV-19/Scotland/CVR15839/2022,804,848
hCoV-19/England/QEUH-2E949EB1/2022,804,1314
hCoV-19/England/PHEP-YYRXZR9/2022,804,817
hCoV-19/England/PHEP-YYRX7N7/2022,804,817
hCoV-19/England/PHEP-YYRTCYP/2022,804,821
hCoV-19/England/PHEP-YYR1F1P/2022,804,824
hCoV-19/England/PHEC-YYDXHF3/2022,804,818
hCoV-19/England/PHEC-YYDXHEU/2022,804,818
hCoV-19/England/PHEC-YYDXH9R/2022,804,818
hCoV-19/England/PHEC-YYDX9YY/2022,804,818
hCoV-19/England/PHEC-YYDX7YN/2022,804,818
hCoV-19/England/PHEC-YYDX6Z1/2022,804,818
hCoV-19/England/PHEC-YYDX6WA/2022,804,818
hCoV-19/England/PHEC-YYDX6IS/2022,804,818
hCoV-19/England/PHEC-YYDX6AO/2022,804,818
hCoV-19/England/PHEC-YYDX65K/2022,804,818
hCoV-19/England/PHEC-YYDX63Q/2022,804,818
hCoV-19/England/PHEC-YYDX61H/2022,804,818
hCoV-19/England/PHEC-YYDWSME/2022,804,824
hCoV-19/England/PHEC-YYDWSFW/2022,804,824
hCoV-19/England/PHEC-YYDWS13/2022,804,824
hCoV-19/England/PHEC-YYDWRX1/2022,804,821
hCoV-19/England/PHEC-YYDWIFI/2022,804,824
hCoV-19/England/PHEC-YYDWBZR/2022,804,821
hCoV-19/England/PHEC-YYDWBWK/2022,804,821
hCoV-19/England/PHEC-YYDWBUC/2022,804,821
hCoV-19/England/PHEC-YYDWBTO/2022,804,821
hCoV-19/England/PHEC-YYDWBO1/2022,804,821
hCoV-19/England/PHEC-YYDWB7A/2022,804,821
hCoV-19/England/PHEC-YYDWB6S/2022,804,821
hCoV-19/England/PHEC-YYDUSRA/2022,804,821
hCoV-19/England/PHEC-YYDUSEO/2022,804,821
hCoV-19/England/PHEC-YYDUQF6/2022,804,821
hCoV-19/England/PHEC-YYDUIXD/2022,804,821
hCoV-19/England/PHEC-YYDUIMM/2022,804,821
hCoV-19/England/PHEC-YYDUIET/2022,804,821
hCoV-19/England/PHEC-YYDUHWT/2022,804,821
hCoV-19/England/PHEC-YYDUHO3/2022,804,821
hCoV-19/England/PHEC-YYDUHDW/2022,804,821
hCoV-19/England/PHEC-YYDUH5D/2022,804,821
hCoV-19/England/PHEC-YYDUFSR/2022,804,821
hCoV-19/England/PHEC-YYDUFK7/2022,804,821
hCoV-19/England/PHEC-YYDUF4H/2022,804,821
hCoV-19/England/PHEC-YYDUF36/2022,804,821
hCoV-19/England/PHEC-YYDU9X3/2022,804,821
hCoV-19/England/PHEC-YYDU9TW/2022,804,821
hCoV-19/England/PHEC-YYDU9NU/2022,804,821
hCoV-19/England/PHEC-YYDU9MB/2022,804,821
hCoV-19/England/PHEC-YYDU9BI/2022,804,821
hCoV-19/England/PHEC-YYDU911/2022,804,821
hCoV-19/England/PHEC-YYDU7X5/2022,804,821
hCoV-19/England/PHEC-YYDU7TS/2022,804,821
hCoV-19/England/PHEC-YYDU65B/2022,804,821
hCoV-19/England/PHEC-YYDU64D/2022,804,821
hCoV-19/England/PHEC-YYDU5TA/2022,804,821
hCoV-19/England/PHEC-YYDU5RU/2022,804,821
hCoV-19/England/PHEC-YYDU5IO/2022,804,821
hCoV-19/England/PHEC-YYDU5DI/2022,804,821
hCoV-19/England/PHEC-YYDU5CD/2022,804,821
hCoV-19/England/PHEC-YYDU5AK/2022,804,821
hCoV-19/England/PHEC-YYDU3N3/2022,804,821
hCoV-19/England/PHEC-YYDU3HR/2022,804,821
hCoV-19/England/PHEC-YYDU3EP/2022,804,821
hCoV-19/England/PHEC-YYDU3DZ/2022,804,821
hCoV-19/England/PHEC-YYDU3AC/2022,804,821
hCoV-19/England/PHEC-YYDTW5X/2022,804,819
hCoV-19/England/PHEC-YYDTNZJ/2022,804,818
hCoV-19/England/PHEC-YYDTNWX/2022,804,818
hCoV-19/England/PHEC-YYDTNUT/2022,804,818
hCoV-19/England/PHEC-YYDTNSM/2022,804,818
hCoV-19/England/PHEC-YYDTNIP/2022,804,818
hCoV-19/England/PHEC-YYDTNH9/2022,804,818
hCoV-19/England/PHEC-YYDTN77/2022,804,818
hCoV-19/England/PHEC-YYDTN65/2022,804,818
hCoV-19/England/PHEC-YYDTN5B/2022,804,818
hCoV-19/England/PHEC-YYDTN3F/2022,804,818
hCoV-19/England/PHEC-YYDTN1U/2022,804,818
hCoV-19/England/PHEC-YYDTMUE/2022,804,819
hCoV-19/England/PHEC-YYDTMTC/2022,804,819
hCoV-19/England/PHEC-YYDTMOQ/2022,804,819
hCoV-19/England/PHEC-YYDTM5A/2022,804,819
hCoV-19/England/PHEC-YYDTM1K/2022,804,819
hCoV-19/England/PHEC-YYDTK9T/2022,804,819
hCoV-19/England/PHEC-YYDTJBX/2022,804,818
hCoV-19/England/PHEC-YYDTGZF/2022,804,818
hCoV-19/England/PHEC-YYDTGTT/2022,804,818
hCoV-19/England/PHEC-YYDTGIJ/2022,804,818
hCoV-19/England/PHEC-YYDTGH5/2022,804,818
hCoV-19/England/PHEC-YYDTG8G/2022,804,818
hCoV-19/England/PHEC-YYDTG73/2022,804,818
hCoV-19/England/PHEC-YYDTEWJ/2022,804,818
hCoV-19/England/PHEC-YYDTEUM/2022,804,818
hCoV-19/England/PHEC-YYDTEMH/2022,804,818
hCoV-19/England/PHEC-YYDTEAB/2022,804,818
hCoV-19/England/PHEC-YYDTE9U/2022,804,818
hCoV-19/England/PHEC-YYDTE55/2022,804,818
hCoV-19/England/PHEC-YYDTDZE/2022,804,818
hCoV-19/England/PHEC-YYDTDX3/2022,804,818
hCoV-19/England/PHEC-YYDTDWQ/2022,804,818
hCoV-19/England/PHEC-YYDTDTW/2022,804,818
hCoV-19/England/PHEC-YYDTDQ5/2022,804,818
hCoV-19/England/PHEC-YYDTDP7/2022,804,818
hCoV-19/England/PHEC-YYDTDNU/2022,804,818
hCoV-19/England/PHEC-YYDTDGM/2022,804,818
hCoV-19/England/PHEC-YYDTDE8/2022,804,818
hCoV-19/England/PHEC-YYDTD8J/2022,804,818
hCoV-19/England/PHEC-YYDTD7H/2022,804,818
hCoV-19/England/PHEC-YYDTCPW/2022,804,819
hCoV-19/England/PHEC-YYDTC8Y/2022,804,819
hCoV-19/England/PHEC-YYDT8YU/2022,804,818
hCoV-19/England/PHEC-YYDT8ED/2022,804,818
hCoV-19/England/PHEC-YYDT7PD/2022,804,820
hCoV-19/England/PHEC-YYDT7JM/2022,804,820
hCoV-19/England/PHEC-YYDT7B5/2022,804,820
hCoV-19/England/PHEC-YYDT5WS/2022,804,820
hCoV-19/England/PHEC-YYDT5IW/2022,804,820
hCoV-19/England/PHEC-YYDT5FI/2022,804,820
hCoV-19/England/PHEC-YYDT54K/2022,804,820
hCoV-19/England/PHEC-YYDSQKQ/2022,804,824
hCoV-19/England/PHEC-YYDSQFA/2022,804,824
hCoV-19/England/PHEC-YYDSQCK/2022,804,824
hCoV-19/England/PHEC-YYDSQ8W/2022,804,824
hCoV-19/England/PHEC-YYDSPZW/2022,804,824
hCoV-19/England/PHEC-YYDSP7E/2022,804,824
hCoV-19/England/PHEC-YYDSP3O/2022,804,824
hCoV-19/England/PHEC-YYDI36H/2022,804,824
hCoV-19/England/PHEC-YYDHWDK/2022,804,828
hCoV-19/England/PHEC-YYDHW8N/2022,804,828
hCoV-19/England/PHEC-YYDHAS9/2022,804,828
hCoV-19/England/PHEC-YYDH9BD/2022,804,828
hCoV-19/England/PHEC-YYDAYP1/2022,804,825
hCoV-19/England/PHEC-YYDASC6/2022,804,826
hCoV-19/England/PHEC-YYDAMYB/2022,804,826
hCoV-19/England/PHEC-YYDAMJX/2022,804,826
hCoV-19/England/PHEC-YYDAMB9/2022,804,826
hCoV-19/England/PHEC-YYDAKT9/2022,804,826
hCoV-19/England/PHEC-YYDAKAT/2022,804,826
hCoV-19/England/PHEC-YYDA5QI/2022,804,826
hCoV-19/England/PHEC-YYDA5PZ/2022,804,826
hCoV-19/England/PHEC-YYDA5OO/2022,804,826
hCoV-19/England/PHEC-YYDA5J9/2022,804,826
hCoV-19/England/PHEC-YYDA5IG/2022,804,826
hCoV-19/England/PHEC-YYDA5HA/2022,804,826
hCoV-19/England/PHEC-YYDA5EB/2022,804,826
hCoV-19/England/PHEC-YYDA5DM/2022,804,826
hCoV-19/England/PHEC-YYDA56W/2022,804,826
hCoV-19/England/PHEC-YYDA54H/2022,804,826
hCoV-19/England/PHEC-YYDA51C/2022,804,826
hCoV-19/England/PHEC-YYDA4ZD/2022,804,826
hCoV-19/England/PHEC-YYDA4Y1/2022,804,826
hCoV-19/England/PHEC-YYDA4WJ/2022,804,826
hCoV-19/England/PHEC-YYDA4TX/2022,804,826
hCoV-19/England/PHEC-YYDA4OT/2022,804,826
hCoV-19/England/PHEC-YYDA4NQ/2022,804,826
hCoV-19/England/PHEC-YYDA4K6/2022,804,826
hCoV-19/England/PHEC-YYDA4I8/2022,804,826
hCoV-19/England/PHEC-YYDA4DC/2022,804,826
hCoV-19/England/PHEC-YYDA4BO/2022,804,826
hCoV-19/England/PHEC-YYDA48R/2022,804,826
hCoV-19/England/PHEC-YYDA46I/2022,804,826
hCoV-19/England/PHEC-YYDA41P/2022,804,826
hCoV-19/England/PHEC-YYDA3UC/2022,804,826
hCoV-19/England/PHEC-YYDA3IE/2022,804,826
hCoV-19/England/PHEC-YYDA3H4/2022,804,826
hCoV-19/England/PHEC-YYDA31Q/2022,804,826
hCoV-19/England/PHEC-YYD9NB4/2022,804,831
hCoV-19/England/PHEC-YYD9BZQ/2022,804,831
hCoV-19/England/PHEC-YYD63HQ/2022,804,831
hCoV-19/England/PHEC-YYD5PY3/2022,804,827
hCoV-19/England/PHEC-YYD5KB4/2022,804,827
hCoV-19/England/PHEC-YYD5JSO/2022,804,827
hCoV-19/England/PHEC-YYD5JAC/2022,804,827
hCoV-19/England/PHEC-YYD5FIS/2022,804,827
hCoV-19/England/PHEC-YYD5FHE/2022,804,827
hCoV-19/England/PHEC-YYD4OBS/2022,804,828
hCoV-19/England/PHEC-YYD41BW/2022,804,827
hCoV-19/England/PHEC-YYD3Y6P/2022,804,826
hCoV-19/England/PHEC-YYD3NXK/2022,804,826
hCoV-19/England/PHEC-YYD3NW9/2022,804,826
hCoV-19/England/PHEC-YYD3NHX/2022,804,826
hCoV-19/England/PHEC-YYD3NF6/2022,804,826
hCoV-19/England/PHEC-YYD3NCO/2022,804,826
hCoV-19/England/PHEC-YYD3N9J/2022,804,826
hCoV-19/England/PHEC-YYD3N7P/2022,804,826
hCoV-19/England/PHEC-YYD3JET/2022,804,827
hCoV-19/England/PHEC-YYD3DG5/2022,804,826
hCoV-19/England/PHEC-YYD3DEZ/2022,804,826
hCoV-19/England/PHEC-YYD3BZ4/2022,804,826
hCoV-19/England/PHEC-YYD3B4W/2022,804,826
hCoV-19/England/PHEC-YYD3B3S/2022,804,826
hCoV-19/England/PHEC-YYD1XKI/2022,804,820
hCoV-19/England/PHEC-YYD1XF9/2022,804,820
hCoV-19/England/PHEC-YYD1QYK/2022,804,820
hCoV-19/England/PHEC-YYD1PUR/2022,804,820
hCoV-19/England/PHEC-YYD1PTE/2022,804,820
hCoV-19/England/PHEC-YYD1PQX/2022,804,820
hCoV-19/England/PHEC-YYD1PMI/2022,804,820
hCoV-19/England/PHEC-YYD1PKZ/2022,804,820
hCoV-19/England/PHEC-YYD1P6Q/2022,804,820
hCoV-19/England/PHEC-YYD1P5W/2022,804,820
hCoV-19/England/PHEC-YYD1P3A/2022,804,820
hCoV-19/England/PHEC-YYD1P1G/2022,804,820
hCoV-19/England/PHEC-YYD1N9Z/2022,804,820
hCoV-19/England/PHEC-YYD1N63/2022,804,820
hCoV-19/England/PHEC-YYD1HWU/2022,804,820
hCoV-19/England/PHEC-YYD1HSX/2022,804,820
hCoV-19/England/PHEC-YYD1HO5/2022,804,820
hCoV-19/England/PHEC-YYD1HJK/2022,804,820
hCoV-19/England/PHEC-YYD1H97/2022,804,820
hCoV-19/England/PHEC-YYD1H69/2022,804,820
hCoV-19/England/PHEC-YYD1H5F/2022,804,820
hCoV-19/England/PHEC-YYD1H48/2022,804,820
hCoV-19/England/PHEC-YYD1DYI/2022,804,820
hCoV-19/England/PHEC-YYD1BX3/2022,804,820
hCoV-19/England/PHEC-YYD1BWQ/2022,804,820
hCoV-19/England/PHEC-YYD1BTW/2022,804,820
hCoV-19/England/PHEC-YYD1BQ5/2022,804,820
hCoV-19/England/PHEC-YYD1BOS/2022,804,820
hCoV-19/England/PHEC-YYD1BJF/2022,804,820
hCoV-19/England/PHEC-YYD1BIC/2022,804,820
hCoV-19/England/PHEC-YYD1BFP/2022,804,820
hCoV-19/England/PHEC-YYD1B11/2022,804,820
hCoV-19/England/PHEC-YYD1AZT/2022,804,820
hCoV-19/England/PHEC-YYD1AWZ/2022,804,820
hCoV-19/England/PHEC-YYD1AH8/2022,804,820
hCoV-19/England/PHEC-YYD1A3P/2022,804,820
hCoV-19/England/PHEC-YYD16PY/2022,804,820
hCoV-19/England/PHEC-6M0B1ZB4/2022,804,838
hCoV-19/England/MILK-3AE36B3/2022,804,812
hCoV-19/England/LSPA-3B2FDB5/2022,804,813
hCoV-19/England/LSPA-3B05562/2022,804,813
hCoV-19/England/LSPA-3ADF40B/2022,804,811
hCoV-19/England/LSPA-3ADC92D/2022,804,811
hCoV-19/England/ALDP-3B263BC/2022,804,813
hCoV-19/Wales/PHWC-PJX431/2022,805,827
hCoV-19/Wales/PHWC-PJQXNQ/2022,805,826
hCoV-19/Wales/PHWC-PJQN3C/2022,805,826
hCoV-19/Wales/NORT-YNN1AFU/2022,805,825
hCoV-19/Scotland/QEUH-3B1514D/2022,805,814
hCoV-19/Scotland/QEUH-3B037D7/2022,805,812
hCoV-19/Scotland/QEUH-3AFF5C6/2022,805,812
hCoV-19/Scotland/QEUH-3AFC480/2022,805,814
hCoV-19/Scotland/QEUH-3AF8606/2022,805,814
hCoV-19/Scotland/QEUH-3AF76CB/2022,805,814
hCoV-19/Scotland/QEUH-3AF74FE/2022,805,814
hCoV-19/Scotland/QEUH-3AF6CD9/2022,805,814
hCoV-19/Scotland/QEUH-3AF6AFD/2022,805,812
hCoV-19/Scotland/QEUH-3AEB1E7/2022,805,814
hCoV-19/Scotland/CVR15325/2022,805,831
hCoV-19/England/PLYM-3B2116C/2022,805,813
hCoV-19/England/PHEP-YYRU9FC/2022,805,826
hCoV-19/England/PHEP-YYRU1PJ/2022,805,826
hCoV-19/England/PHEP-YYRT4WS/2022,805,821
hCoV-19/England/PHEP-YYRT4O6/2022,805,821
hCoV-19/England/PHEP-YYR1S3Q/2022,805,824
hCoV-19/England/PHEC-YYRGW1Z/2022,805,835
hCoV-19/England/PHEC-YYRGP16/2022,805,835
hCoV-19/England/PHEC-YYRGMSA/2022,805,835
hCoV-19/England/PHEC-YYRGM31/2022,805,835
hCoV-19/England/PHEC-YYDZRT8/2022,805,824
hCoV-19/England/PHEC-YYDWRCA/2022,805,821
hCoV-19/England/PHEC-YYDWNY1/2022,805,821
hCoV-19/England/PHEC-YYDWNRK/2022,805,821
hCoV-19/England/PHEC-YYDWNK6/2022,805,821
hCoV-19/England/PHEC-YYDWNEN/2022,805,821
hCoV-19/England/PHEC-YYDWN8R/2022,805,821
hCoV-19/England/PHEC-YYDWD36/2022,805,821
hCoV-19/England/PHEC-YYDWBXI/2022,805,821
hCoV-19/England/PHEC-YYDWBJB/2022,805,821
hCoV-19/England/PHEC-YYDWBED/2022,805,821
hCoV-19/England/PHEC-YYDWB9W/2022,805,821
hCoV-19/England/PHEC-YYDWB1Q/2022,805,821
hCoV-19/England/PHEC-YYDUZXB/2022,805,821
hCoV-19/England/PHEC-YYDUZUA/2022,805,821
hCoV-19/England/PHEC-YYDUZO6/2022,805,821
hCoV-19/England/PHEC-YYDUZC8/2022,805,821
hCoV-19/England/PHEC-YYDUZ9Y/2022,805,821
hCoV-19/England/PHEC-YYDUZ6N/2022,805,821
hCoV-19/England/PHEC-YYDUZ5E/2022,805,821
hCoV-19/England/PHEC-YYDUZ4K/2022,805,821
hCoV-19/England/PHEC-YYDUZ3C/2022,805,821
hCoV-19/England/PHEC-YYDUYN1/2022,805,820
hCoV-19/England/PHEC-YYDUYFC/2022,805,820
hCoV-19/England/PHEC-YYDUY8E/2022,805,820
hCoV-19/England/PHEC-YYDUTSA/2022,805,821
hCoV-19/England/PHEC-YYDUTHC/2022,805,821
hCoV-19/England/PHEC-YYDUSFS/2022,805,821
hCoV-19/England/PHEC-YYDUSB6/2022,805,821
hCoV-19/England/PHEC-YYDUS9B/2022,805,821
hCoV-19/England/PHEC-YYDUQ5T/2022,805,821
hCoV-19/England/PHEC-YYDUIWA/2022,805,821
hCoV-19/England/PHEC-YYDUIJX/2022,805,821
hCoV-19/England/PHEC-YYDUIHE/2022,805,821
hCoV-19/England/PHEC-YYDUIFZ/2022,805,821
hCoV-19/England/PHEC-YYDUIAO/2022,805,821
hCoV-19/England/PHEC-YYDUI5K/2022,805,821
hCoV-19/England/PHEC-YYDUHUU/2022,805,821
hCoV-19/England/PHEC-YYDUHSP/2022,805,821
hCoV-19/England/PHEC-YYDUHQ6/2022,805,821
hCoV-19/England/PHEC-YYDUHPY/2022,805,821
hCoV-19/England/PHEC-YYDUHMR/2022,805,821
hCoV-19/England/PHEC-YYDUHIX/2022,805,821
hCoV-19/England/PHEC-YYDUHFO/2022,805,821
hCoV-19/England/PHEC-YYDUHCN/2022,805,821
hCoV-19/England/PHEC-YYDUHAJ/2022,805,821
hCoV-19/England/PHEC-YYDUH95/2022,805,821
hCoV-19/England/PHEC-YYDUH79/2022,805,821
hCoV-19/England/PHEC-YYDUH4F/2022,805,821
hCoV-19/England/PHEC-YYDUH1I/2022,805,821
hCoV-19/England/PHEC-YYDUFXU/2022,805,821
hCoV-19/England/PHEC-YYDUFWE/2022,805,821
hCoV-19/England/PHEC-YYDUFPZ/2022,805,821
hCoV-19/England/PHEC-YYDUFOO/2022,805,821
hCoV-19/England/PHEC-YYDUFAY/2022,805,821
hCoV-19/England/PHEC-YYDUDSG/2022,805,821
hCoV-19/England/PHEC-YYDUDIE/2022,805,821
hCoV-19/England/PHEC-YYDUC6P/2022,805,821
hCoV-19/England/PHEC-YYDUAY6/2022,805,821
hCoV-19/England/PHEC-YYDUAG1/2022,805,821
hCoV-19/England/PHEC-YYDU9WQ/2022,805,821
hCoV-19/England/PHEC-YYDU9OS/2022,805,821
hCoV-19/England/PHEC-YYDU9H6/2022,805,821
hCoV-19/England/PHEC-YYDU9C9/2022,805,821
hCoV-19/England/PHEC-YYDU97H/2022,805,821
hCoV-19/England/PHEC-YYDU964/2022,805,821
hCoV-19/England/PHEC-YYDU7U1/2022,805,821
hCoV-19/England/PHEC-YYDU7RT/2022,805,821
hCoV-19/England/PHEC-YYDU7Q7/2022,805,821
hCoV-19/England/PHEC-YYDU7P9/2022,805,821
hCoV-19/England/PHEC-YYDU7KF/2022,805,821
hCoV-19/England/PHEC-YYDU7J8/2022,805,821
hCoV-19/England/PHEC-YYDU7HY/2022,805,821
hCoV-19/England/PHEC-YYDU7GP/2022,805,821
hCoV-19/England/PHEC-YYDU7EJ/2022,805,821
hCoV-19/England/PHEC-YYDU7DU/2022,805,821
hCoV-19/England/PHEC-YYDU7CB/2022,805,821
hCoV-19/England/PHEC-YYDU7BZ/2022,805,821
hCoV-19/England/PHEC-YYDU7AE/2022,805,821
hCoV-19/England/PHEC-YYDU6YA/2022,805,821
hCoV-19/England/PHEC-YYDU6SM/2022,805,821
hCoV-19/England/PHEC-YYDU6RO/2022,805,821
hCoV-19/England/PHEC-YYDU6P6/2022,805,821
hCoV-19/England/PHEC-YYDU6KR/2022,805,821
hCoV-19/England/PHEC-YYDU6H9/2022,805,821
hCoV-19/England/PHEC-YYDU6D1/2022,805,821
hCoV-19/England/PHEC-YYDU6CY/2022,805,821
hCoV-19/England/PHEC-YYDU677/2022,805,821
hCoV-19/England/PHEC-YYDU63F/2022,805,821
hCoV-19/England/PHEC-YYDU57Y/2022,805,821
hCoV-19/England/PHEC-YYDU566/2022,805,821
hCoV-19/England/PHEC-YYDU1HM/2022,805,821
hCoV-19/England/PHEC-YYDTMR8/2022,805,819
hCoV-19/England/PHEC-YYDTMDJ/2022,805,819
hCoV-19/England/PHEC-YYDTM7W/2022,805,819
hCoV-19/England/PHEC-YYDTKEY/2022,805,819
hCoV-19/England/PHEC-YYDTK8N/2022,805,819
hCoV-19/England/PHEC-YYDTHST/2022,805,820
hCoV-19/England/PHEC-YYDTHPR/2022,805,820
hCoV-19/England/PHEC-YYDTHO7/2022,805,820
hCoV-19/England/PHEC-YYDTHDA/2022,805,820
hCoV-19/England/PHEC-YYDTH4J/2022,805,820
hCoV-19/England/PHEC-YYDTEZD/2022,805,818
hCoV-19/England/PHEC-YYDTEI8/2022,805,818
hCoV-19/England/PHEC-YYDTEH3/2022,805,818
hCoV-19/England/PHEC-YYDTE6I/2022,805,818
hCoV-19/England/PHEC-YYDT8DP/2022,805,818
hCoV-19/England/PHEC-YYDT7Y7/2022,805,820
hCoV-19/England/PHEC-YYDT7CF/2022,805,820
hCoV-19/England/PHEC-YYDT5UA/2022,805,820
hCoV-19/England/PHEC-YYDT5RZ/2022,805,820
hCoV-19/England/PHEC-YYDT5QD/2022,805,820
hCoV-19/England/PHEC-YYDT5PF/2022,805,820
hCoV-19/England/PHEC-YYDT5N5/2022,805,820
hCoV-19/England/PHEC-YYDT5MJ/2022,805,820
hCoV-19/England/PHEC-YYDT5D3/2022,805,820
hCoV-19/England/PHEC-YYDT5B7/2022,805,820
hCoV-19/England/PHEC-YYDT514/2022,805,820
hCoV-19/England/PHEC-YYDT4ZT/2022,805,820
hCoV-19/England/PHEC-YYDT4WZ/2022,805,820
hCoV-19/England/PHEC-YYDT4II/2022,805,820
hCoV-19/England/PHEC-YYDT4H8/2022,805,820
hCoV-19/England/PHEC-YYDT46D/2022,805,820
hCoV-19/England/PHEC-YYDT45J/2022,805,820
hCoV-19/England/PHEC-YYDT43P/2022,805,820
hCoV-19/England/PHEC-YYDT415/2022,805,820
hCoV-19/England/PHEC-YYDSXR3/2022,805,824
hCoV-19/England/PHEC-YYDSXQF/2022,805,824
hCoV-19/England/PHEC-YYDSXN7/2022,805,824
hCoV-19/England/PHEC-YYDSXHE/2022,805,824
hCoV-19/England/PHEC-YYDSXD5/2022,805,824
hCoV-19/England/PHEC-YYDSXB9/2022,805,824
hCoV-19/England/PHEC-YYDSXAO/2022,805,824
hCoV-19/England/PHEC-YYDSX7G/2022,805,824
hCoV-19/England/PHEC-YYDSX6R/2022,805,824
hCoV-19/England/PHEC-YYDSX4C/2022,805,824
hCoV-19/England/PHEC-YYDSQYN/2022,805,824
hCoV-19/England/PHEC-YYDSQU5/2022,805,824
hCoV-19/England/PHEC-YYDSQT9/2022,805,824
hCoV-19/England/PHEC-YYDSQJO/2022,805,824
hCoV-19/England/PHEC-YYDSOYY/2022,805,824
hCoV-19/England/PHEC-YYDS9PZ/2022,805,824
hCoV-19/England/PHEC-YYDS9C3/2022,805,824
hCoV-19/England/PHEC-YYDI4X4/2022,805,824
hCoV-19/England/PHEC-YYDH3ZH/2022,805,828
hCoV-19/England/PHEC-YYDAZT1/2022,805,826
hCoV-19/England/PHEC-YYDAZSE/2022,805,826
hCoV-19/England/PHEC-YYDAZRP/2022,805,826
hCoV-19/England/PHEC-YYDAZNT/2022,805,826
hCoV-19/England/PHEC-YYDAZFM/2022,805,826
hCoV-19/England/PHEC-YYDAZAR/2022,805,826
hCoV-19/England/PHEC-YYDAZ6A/2022,805,826
hCoV-19/England/PHEC-YYDAZ3N/2022,805,826
hCoV-19/England/PHEC-YYDAYHU/2022,805,825
hCoV-19/England/PHEC-YYDAY4Z/2022,805,825
hCoV-19/England/PHEC-YYDAY18/2022,805,825
hCoV-19/England/PHEC-YYDASXA/2022,805,826
hCoV-19/England/PHEC-YYDASWP/2022,805,826
hCoV-19/England/PHEC-YYDASUX/2022,805,826
hCoV-19/England/PHEC-YYDASRQ/2022,805,826
hCoV-19/England/PHEC-YYDASOI/2022,805,826
hCoV-19/England/PHEC-YYDASN1/2022,805,826
hCoV-19/England/PHEC-YYDASJR/2022,805,826
hCoV-19/England/PHEC-YYDASH7/2022,805,826
hCoV-19/England/PHEC-YYDASGK/2022,805,826
hCoV-19/England/PHEC-YYDASFC/2022,805,826
hCoV-19/England/PHEC-YYDASEG/2022,805,826
hCoV-19/England/PHEC-YYDAS63/2022,805,826
hCoV-19/England/PHEC-YYDAS3D/2022,805,826
hCoV-19/England/PHEC-YYDAMD5/2022,805,826
hCoV-19/England/PHEC-YYDAKZU/2022,805,826
hCoV-19/England/PHEC-YYDAKSI/2022,805,826
hCoV-19/England/PHEC-YYDAKIZ/2022,805,826
hCoV-19/England/PHEC-YYDAIWQ/2022,805,826
hCoV-19/England/PHEC-YYDAHYO/2022,805,826
hCoV-19/England/PHEC-YYDAHW8/2022,805,826
hCoV-19/England/PHEC-YYDAHRE/2022,805,826
hCoV-19/England/PHEC-YYDAHPS/2022,805,826
hCoV-19/England/PHEC-YYDAHBQ/2022,805,826
hCoV-19/England/PHEC-YYDAH1M/2022,805,826
hCoV-19/England/PHEC-YYDA5ZN/2022,805,826
hCoV-19/England/PHEC-YYDA5AY/2022,805,826
hCoV-19/England/PHEC-YYDA591/2022,805,826
hCoV-19/England/PHEC-YYDA57S/2022,805,826
hCoV-19/England/PHEC-YYDA4JY/2022,805,826
hCoV-19/England/PHEC-YYDA3QZ/2022,805,826
hCoV-19/England/PHEC-YYDA3P3/2022,805,826
hCoV-19/England/PHEC-YYDA3JB/2022,805,826
hCoV-19/England/PHEC-YYDA3G8/2022,805,826
hCoV-19/England/PHEC-YYDA3ED/2022,805,826
hCoV-19/England/PHEC-YYDA3C5/2022,805,826
hCoV-19/England/PHEC-YYD9N8Q/2022,805,831
hCoV-19/England/PHEC-YYD6Z1R/2022,805,831
hCoV-19/England/PHEC-YYD5GZT/2022,805,827
hCoV-19/England/PHEC-YYD5GXN/2022,805,827
hCoV-19/England/PHEC-YYD5GNH/2022,805,827
hCoV-19/England/PHEC-YYD51B1/2022,805,828
hCoV-19/England/PHEC-YYD3JFZ/2022,805,827
hCoV-19/England/PHEC-YYD1XDD/2022,805,820
hCoV-19/England/PHEC-YYD1QHT/2022,805,820
hCoV-19/England/PHEC-YYD1Q9M/2022,805,820
hCoV-19/England/PHEC-YYD1Q6P/2022,805,820
hCoV-19/England/PHEC-YYD1Q5U/2022,805,820
hCoV-19/England/PHEC-YYD1PXP/2022,805,820
hCoV-19/England/PHEC-YYD1PS6/2022,805,820
hCoV-19/England/PHEC-YYD1PH1/2022,805,820
hCoV-19/England/PHEC-YYD1PG9/2022,805,820
hCoV-19/England/PHEC-YYD1F3Y/2022,805,820
hCoV-19/England/PHEC-YYD19ZK/2022,805,820
hCoV-19/England/PHEC-YYD19SC/2022,805,820
hCoV-19/England/PHEC-YYD19IQ/2022,805,820
hCoV-19/England/PHEC-YYD19AE/2022,805,820
hCoV-19/England/PHEC-YYD1976/2022,805,820
hCoV-19/England/LSPA-3B075BB/2022,805,812
hCoV-19/England/ALDP-3B2C5ED/2022,805,813
hCoV-19/England/ALDP-3B196A4/2022,805,813
hCoV-19/Wales/PHWC-PJOASZ/2022,806,827
hCoV-19/Wales/PHWC-PJO4XR/2022,806,827
hCoV-19/Wales/PHWC-PJO4CK/2022,806,827
hCoV-19/Scotland/QEUH-3B3157C/2022,806,814
hCoV-19/Scotland/QEUH-3B3156D/2022,806,814
hCoV-19/Scotland/QEUH-3B26B87/2022,806,814
hCoV-19/Scotland/QEUH-3B268AE/2022,806,814
hCoV-19/Scotland/QEUH-3B23786/2022,806,814
hCoV-19/Scotland/QEUH-3B23513/2022,806,814
hCoV-19/Scotland/QEUH-3B22462/2022,806,814
hCoV-19/Scotland/QEUH-3B1D5EF/2022,806,814
hCoV-19/Scotland/QEUH-3B1C1A0/2022,806,814
hCoV-19/Scotland/QEUH-3B18FB9/2022,806,814
hCoV-19/Scotland/QEUH-3B1416C/2022,806,814
hCoV-19/Scotland/QEUH-3B1407E/2022,806,814
hCoV-19/Scotland/QEUH-3B11202/2022,806,814
hCoV-19/Scotland/QEUH-3B111D8/2022,806,814
hCoV-19/Scotland/QEUH-3B0FD42/2022,806,814
hCoV-19/Scotland/QEUH-3B0F058/2022,806,814
hCoV-19/Scotland/CVR15891/2022,806,848
hCoV-19/Scotland/CVR15890/2022,806,848
hCoV-19/Scotland/CVR15889/2022,806,848
hCoV-19/Scotland/CVR15855/2022,806,848
hCoV-19/Scotland/CVR15849/2022,806,848
hCoV-19/Scotland/CVR15845/2022,806,848
hCoV-19/Scotland/CVR15841/2022,806,848
hCoV-19/Scotland/CVR15827/2022,806,848
hCoV-19/Scotland/CVR15823/2022,806,848
hCoV-19/England/PLYM-3B57A80/2022,806,814
hCoV-19/England/PLYM-3B511EB/2022,806,814
hCoV-19/England/PHEP-YYRWMHX/2022,806,828
hCoV-19/England/PHEP-YYR1SJX/2022,806,824
hCoV-19/England/PHEC-YYRPYJO/2022,806,838
hCoV-19/England/PHEC-YYRNZ8U/2022,806,834
hCoV-19/England/PHEC-YYRN5KJ/2022,806,834
hCoV-19/England/PHEC-YYRN1ZZ/2022,806,834
hCoV-19/England/PHEC-YYRGPXF/2022,806,835
hCoV-19/England/PHEC-YYRGPF3/2022,806,835
hCoV-19/England/PHEC-YYRGMHC/2022,806,835
hCoV-19/England/PHEC-YYRGFKZ/2022,806,835
hCoV-19/England/PHEC-YYRG7IE/2022,806,835
hCoV-19/England/PHEC-YYRB4WZ/2022,806,834
hCoV-19/England/PHEC-YYRB4O9/2022,806,834
hCoV-19/England/PHEC-YYR8KRH/2022,806,835
hCoV-19/England/PHEC-YYFYUYE/2022,806,859
hCoV-19/England/PHEC-YYDZSZJ/2022,806,824
hCoV-19/England/PHEC-YYDZ9SN/2022,806,825
hCoV-19/England/PHEC-YYDWU5K/2022,806,824
hCoV-19/England/PHEC-YYDWJUR/2022,806,824
hCoV-19/England/PHEC-YYDWJ5W/2022,806,824
hCoV-19/England/PHEC-YYDWETJ/2022,806,824
hCoV-19/England/PHEC-YYDWCAZ/2022,806,824
hCoV-19/England/PHEC-YYDWBG8/2022,806,821
hCoV-19/England/PHEC-YYDW1IZ/2022,806,824
hCoV-19/England/PHEC-YYDW1AT/2022,806,824
hCoV-19/England/PHEC-YYDUZGU/2022,806,821
hCoV-19/England/PHEC-YYDUZFI/2022,806,821
hCoV-19/England/PHEC-YYDUZB7/2022,806,821
hCoV-19/England/PHEC-YYDUWR4/2022,806,821
hCoV-19/England/PHEC-YYDUWN6/2022,806,821
hCoV-19/England/PHEC-YYDUWMC/2022,806,821
hCoV-19/England/PHEC-YYDUWKQ/2022,806,821
hCoV-19/England/PHEC-YYDUWGS/2022,806,821
hCoV-19/England/PHEC-YYDUWFA/2022,806,821
hCoV-19/England/PHEC-YYDUWCK/2022,806,821
hCoV-19/England/PHEC-YYDUSU3/2022,806,821
hCoV-19/England/PHEC-YYDUST7/2022,806,821
hCoV-19/England/PHEC-YYDUSD4/2022,806,821
hCoV-19/England/PHEC-YYDUS3P/2022,806,821
hCoV-19/England/PHEC-YYDUS15/2022,806,821
hCoV-19/England/PHEC-YYDURAB/2022,806,821
hCoV-19/England/PHEC-YYDUR47/2022,806,821
hCoV-19/England/PHEC-YYDUQW9/2022,806,821
hCoV-19/England/PHEC-YYDUQBG/2022,806,821
hCoV-19/England/PHEC-YYDUICJ/2022,806,821
hCoV-19/England/PHEC-YYDUFQI/2022,806,821
hCoV-19/England/PHEC-YYDUDWK/2022,806,821
hCoV-19/England/PHEC-YYDUDM7/2022,806,821
hCoV-19/England/PHEC-YYDUDJB/2022,806,821
hCoV-19/England/PHEC-YYDUDC5/2022,806,821
hCoV-19/England/PHEC-YYDUA8O/2022,806,821
hCoV-19/England/PHEC-YYDU78M/2022,806,821
hCoV-19/England/PHEC-YYDU1J1/2022,806,821
hCoV-19/England/PHEC-YYDT7M8/2022,806,820
hCoV-19/England/PHEC-YYDT56N/2022,806,820
hCoV-19/England/PHEC-YYDSXET/2022,806,824
hCoV-19/England/PHEC-YYDSRBK/2022,806,824
hCoV-19/England/PHEC-YYDSQ4P/2022,806,824
hCoV-19/England/PHEC-YYDSPXF/2022,806,824
hCoV-19/England/PHEC-YYDSPTY/2022,806,824
hCoV-19/England/PHEC-YYDSPQ8/2022,806,824
hCoV-19/England/PHEC-YYDSPON/2022,806,824
hCoV-19/England/PHEC-YYDSGYK/2022,806,824
hCoV-19/England/PHEC-YYDS9M5/2022,806,824
hCoV-19/England/PHEC-YYDS6XW/2022,806,824
hCoV-19/England/PHEC-YYDS6PA/2022,806,824
hCoV-19/England/PHEC-YYDS6OT/2022,806,824
hCoV-19/England/PHEC-YYDS647/2022,806,824
hCoV-19/England/PHEC-YYDS61P/2022,806,824
hCoV-19/England/PHEC-YYDIUWS/2022,806,824
hCoV-19/England/PHEC-YYDICU9/2022,806,824
hCoV-19/England/PHEC-YYDICPC/2022,806,824
hCoV-19/England/PHEC-YYDICOF/2022,806,824
hCoV-19/England/PHEC-YYDH4QQ/2022,806,828
hCoV-19/England/PHEC-YYDAZP5/2022,806,826
hCoV-19/England/PHEC-YYDAYTJ/2022,806,825
hCoV-19/England/PHEC-YYDAKFA/2022,806,826
hCoV-19/England/PHEC-YYDAJHK/2022,806,826
hCoV-19/England/PHEC-YYDAJ9R/2022,806,826
hCoV-19/England/PHEC-YYDAJ7E/2022,806,826
hCoV-19/England/PHEC-YYDA9UG/2022,806,826
hCoV-19/England/PHEC-YYDA9SY/2022,806,826
hCoV-19/England/PHEC-YYDA9PU/2022,806,826
hCoV-19/England/PHEC-YYDA9GB/2022,806,826
hCoV-19/England/PHEC-YYDA9D8/2022,806,826
hCoV-19/England/PHEC-YYDA9CI/2022,806,826
hCoV-19/England/PHEC-YYDA67U/2022,806,826
hCoV-19/England/PHEC-YYD7WJH/2022,806,831
hCoV-19/England/PHEC-YYD7WDE/2022,806,831
hCoV-19/England/PHEC-YYD7QER/2022,806,831
hCoV-19/England/PHEC-YYD7INJ/2022,806,831
hCoV-19/England/PHEC-YYD6ST8/2022,806,831
hCoV-19/England/PHEC-YYD5XWQ/2022,806,828
hCoV-19/England/PHEC-YYD5RHJ/2022,806,828
hCoV-19/England/PHEC-YYD5R4P/2022,806,828
hCoV-19/England/PHEC-YYD5GYY/2022,806,827
hCoV-19/England/PHEC-YYD5GSU/2022,806,827
hCoV-19/England/PHEC-YYD5GO9/2022,806,827
hCoV-19/England/PHEC-YYD5GKC/2022,806,827
hCoV-19/England/PHEC-YYD5GD4/2022,806,827
hCoV-19/England/PHEC-YYD5G5J/2022,806,827
hCoV-19/England/PHEC-YYD5F9N/2022,806,827
hCoV-19/England/PHEC-YYD5ET5/2022,806,827
hCoV-19/England/PHEC-YYD5EQN/2022,806,827
hCoV-19/England/PHEC-YYD5EPR/2022,806,827
hCoV-19/England/PHEC-YYD5EIU/2022,806,827
hCoV-19/England/PHEC-YYD5EG1/2022,806,827
hCoV-19/England/PHEC-YYD5EAP/2022,806,827
hCoV-19/England/PHEC-YYD4QHB/2022,806,828
hCoV-19/England/PHEC-YYD4JHG/2022,806,827
hCoV-19/England/PHEC-YYD1XJZ/2022,806,820
hCoV-19/England/LSPA-3B52BEC/2022,806,814
hCoV-19/England/LSPA-3B3DA08/2022,806,814
hCoV-19/England/LSPA-3B32E52/2022,806,813
hCoV-19/England/LSPA-3B2EACE/2022,806,813
hCoV-19/England/LSPA-3B2B9C4/2022,806,813
hCoV-19/England/ALDP-3B579DE/2022,806,814
hCoV-19/Wales/PHWC-PJOAMQ/2022,807,827
hCoV-19/Scotland/CVR15911/2022,807,848
hCoV-19/Scotland/CVR15909/2022,807,848
hCoV-19/Scotland/CVR15907/2022,807,848
hCoV-19/Scotland/CVR15854/2022,807,848
hCoV-19/Scotland/CVR15844/2022,807,848
hCoV-19/Scotland/CVR15843/2022,807,848
hCoV-19/Scotland/CVR15842/2022,807,848
hCoV-19/Scotland/CVR15832/2022,807,848
hCoV-19/Scotland/CVR15829/2022,807,848
hCoV-19/Scotland/CVR15236/2022,807,831
hCoV-19/Scotland/CVR15235/2022,807,831
hCoV-19/Scotland/CVR15234/2022,807,831
hCoV-19/Scotland/CVR15156/2022,807,831
hCoV-19/England/PHEP-YYRUQJI/2022,807,826
hCoV-19/England/PHEC-YYRGR9P/2022,807,835
hCoV-19/England/PHEC-YYRGR7T/2022,807,835
hCoV-19/England/PHEC-YYRGR4Z/2022,807,835
hCoV-19/England/PHEC-YYRGFG9/2022,807,835
hCoV-19/England/PHEC-YYRG7G8/2022,807,835
hCoV-19/England/PHEC-YYRG7ED/2022,807,835
hCoV-19/England/PHEC-YYRB4GW/2022,807,834
hCoV-19/England/PHEC-YYRB481/2022,807,834
hCoV-19/England/PHEC-YYR8KYR/2022,807,835
hCoV-19/England/PHEC-YYR8KF4/2022,807,835
hCoV-19/England/PHEC-YYDZRI9/2022,807,824
hCoV-19/England/PHEC-YYDZHRK/2022,807,824
hCoV-19/England/PHEC-YYDZFPX/2022,807,824
hCoV-19/England/PHEC-YYDZFCT/2022,807,824
hCoV-19/England/PHEC-YYDZBNJ/2022,807,824
hCoV-19/England/PHEC-YYDZBGB/2022,807,824
hCoV-19/England/PHEC-YYDZBD8/2022,807,824
hCoV-19/England/PHEC-YYDZ5DP/2022,807,824
hCoV-19/England/PHEC-YYDWUET/2022,807,824
hCoV-19/England/PHEC-YYDWU9N/2022,807,824
hCoV-19/England/PHEC-YYDWTGZ/2022,807,824
hCoV-19/England/PHEC-YYDWTD7/2022,807,824
hCoV-19/England/PHEC-YYDWTCM/2022,807,824
hCoV-19/England/PHEC-YYDWT9R/2022,807,824
hCoV-19/England/PHEC-YYDW96A/2022,807,824
hCoV-19/England/PHEC-YYDW1R4/2022,807,824
hCoV-19/England/PHEC-YYDW19D/2022,807,824
hCoV-19/England/PHEC-YYDW18W/2022,807,824
hCoV-19/England/PHEC-YYDUSWZ/2022,807,821
hCoV-19/England/PHEC-YYDURH3/2022,807,821
hCoV-19/England/PHEC-YYDSRGY/2022,807,824
hCoV-19/England/PHEC-YYDSJW6/2022,807,824
hCoV-19/England/PHEC-YYDSFWN/2022,807,824
hCoV-19/England/PHEC-YYDSFKZ/2022,807,824
hCoV-19/England/PHEC-YYDSF9C/2022,807,824
hCoV-19/England/PHEC-YYDSF6Q/2022,807,824
hCoV-19/England/PHEC-YYDSF3A/2022,807,824
hCoV-19/England/PHEC-YYDSEO8/2022,807,824
hCoV-19/England/PHEC-YYDSE9J/2022,807,824
hCoV-19/England/PHEC-YYDSD9Q/2022,807,824
hCoV-19/England/PHEC-YYDS9ZN/2022,807,824
hCoV-19/England/PHEC-YYDS9J9/2022,807,824
hCoV-19/England/PHEC-YYDS91C/2022,807,824
hCoV-19/England/PHEC-YYDIXCM/2022,807,824
hCoV-19/England/PHEC-YYDIX16/2022,807,824
hCoV-19/England/PHEC-YYDIUY9/2022,807,824
hCoV-19/England/PHEC-YYDIQJ1/2022,807,824
hCoV-19/England/PHEC-YYDIQ19/2022,807,824
hCoV-19/England/PHEC-YYDIOHJ/2022,807,824
hCoV-19/England/PHEC-YYDH4T8/2022,807,828
hCoV-19/England/PHEC-YYDAMT6/2022,807,826
hCoV-19/England/PHEC-YYDAMAO/2022,807,826
hCoV-19/England/PHEC-YYDAM4C/2022,807,826
hCoV-19/England/PHEC-YYDAM1H/2022,807,826
hCoV-19/England/PHEC-YYDAKGS/2022,807,826
hCoV-19/England/PHEC-YYDAJZW/2022,807,826
hCoV-19/England/PHEC-YYDAJ5C/2022,807,826
hCoV-19/England/PHEC-YYDAJ4Q/2022,807,826
hCoV-19/England/PHEC-YYDAH37/2022,807,826
hCoV-19/England/PHEC-YYDACYY/2022,807,826
hCoV-19/England/PHEC-YYDABIY/2022,807,825
hCoV-19/England/PHEC-YYDA7XT/2022,807,826
hCoV-19/England/PHEC-YYDA7PI/2022,807,826
hCoV-19/England/PHEC-YYDA7OQ/2022,807,826
hCoV-19/England/PHEC-YYDA7K5/2022,807,826
hCoV-19/England/PHEC-YYDA7GD/2022,807,826
hCoV-19/England/PHEC-YYDA7CZ/2022,807,826
hCoV-19/England/PHEC-YYDA7A6/2022,807,826
hCoV-19/England/PHEC-YYDA73H/2022,807,826
hCoV-19/England/PHEC-YYDA6PW/2022,807,826
hCoV-19/England/PHEC-YYDA1XH/2022,807,826
hCoV-19/England/PHEC-YYDA1CN/2022,807,826
hCoV-19/England/PHEC-YYD9TBM/2022,807,831
hCoV-19/England/PHEC-YYD9O7U/2022,807,831
hCoV-19/England/PHEC-YYD7P9S/2022,807,831
hCoV-19/England/PHEC-YYD7P3N/2022,807,831
hCoV-19/England/PHEC-YYD7484/2022,807,831
hCoV-19/England/PHEC-YYD5XRX/2022,807,828
hCoV-19/England/PHEC-YYD5X64/2022,807,828
hCoV-19/England/PHEC-YYD4ZXU/2022,807,828
hCoV-19/England/PHEC-YYD4ZWE/2022,807,828
hCoV-19/England/PHEC-YYD4ZAY/2022,807,828
hCoV-19/England/PHEC-YYD4Z8D/2022,807,828
hCoV-19/England/PHEC-YYD4SEN/2022,807,827
hCoV-19/England/PHEC-YYD4AEY/2022,807,828
hCoV-19/England/PHEC-YYD43E9/2022,807,828
hCoV-19/England/PHEC-YYD3DQM/2022,807,827
hCoV-19/England/PHEC-YYD3DPP/2022,807,827
hCoV-19/England/PHEC-YYD3A6I/2022,807,827
hCoV-19/England/PHEC-6M0B0ZD5/2022,807,838
hCoV-19/England/LSPA-3B40DDC/2022,807,814
hCoV-19/Wales/PHWC-PJOEQA/2022,808,827
hCoV-19/Wales/PHWC-PJO3IA/2022,808,827
hCoV-19/Wales/LSPA-3B653A2/2022,808,820
hCoV-19/Scotland/QEUH-3BCA7DC/2022,808,819
hCoV-19/Scotland/QEUH-3BA50CD/2022,808,819
hCoV-19/Scotland/CVR15910/2022,808,848
hCoV-19/Scotland/CVR15904/2022,808,848
hCoV-19/Scotland/CVR15903/2022,808,848
hCoV-19/Scotland/CVR15892/2022,808,848
hCoV-19/Scotland/CVR15853/2022,808,848
hCoV-19/Scotland/CVR15850/2022,808,848
hCoV-19/Scotland/CVR15239/2022,808,831
hCoV-19/Scotland/CVR15237/2022,808,831
hCoV-19/Scotland/CVR15230/2022,808,831
hCoV-19/Scotland/CVR15229/2022,808,831
hCoV-19/Scotland/CVR15169/2022,808,831
hCoV-19/Scotland/CVR15162/2022,808,831
hCoV-19/Scotland/CVR15161/2022,808,831
hCoV-19/Scotland/CVR15160/2022,808,831
hCoV-19/Scotland/CVR15159/2022,808,831
hCoV-19/Scotland/CVR15158/2022,808,831
hCoV-19/Scotland/CVR15157/2022,808,831
hCoV-19/Scotland/CVR15150/2022,808,831
hCoV-19/England/PHEP-YYR1WTY/2022,808,824
hCoV-19/England/PHEC-YYRNSU5/2022,808,834
hCoV-19/England/PHEC-YYRNSJO/2022,808,834
hCoV-19/England/PHEC-YYRM4GY/2022,808,839
hCoV-19/England/PHEC-YYRM4FN/2022,808,839
hCoV-19/England/PHEC-YYRDP1R/2022,808,835
hCoV-19/England/PHEC-YYRDCQQ/2022,808,835
hCoV-19/England/PHEC-YYRB4YY/2022,808,834
hCoV-19/England/PHEC-YYRB4EO/2022,808,834
hCoV-19/England/PHEC-YYRB3WA/2022,808,834
hCoV-19/England/PHEC-YYRB36R/2022,808,834
hCoV-19/England/PHEC-YYR8KGA/2022,808,835
hCoV-19/England/PHEC-YYDZRZ5/2022,808,824
hCoV-19/England/PHEC-YYDZRHT/2022,808,824
hCoV-19/England/PHEC-YYDZR5U/2022,808,824
hCoV-19/England/PHEC-YYDZNGY/2022,808,824
hCoV-19/England/PHEC-YYDZNBK/2022,808,824
hCoV-19/England/PHEC-YYDZHTX/2022,808,824
hCoV-19/England/PHEC-YYDZHPA/2022,808,824
hCoV-19/England/PHEC-YYDZGNR/2022,808,824
hCoV-19/England/PHEC-YYDZGF6/2022,808,824
hCoV-19/England/PHEC-YYDZFTG/2022,808,824
hCoV-19/England/PHEC-YYDZFG7/2022,808,824
hCoV-19/England/PHEC-YYDZBWR/2022,808,824
hCoV-19/England/PHEC-YYDZBQT/2022,808,824
hCoV-19/England/PHEC-YYDZB4A/2022,808,824
hCoV-19/England/PHEC-YYDZ6DK/2022,808,824
hCoV-19/England/PHEC-YYDZ5JB/2022,808,824
hCoV-19/England/PHEC-YYDZ5FJ/2022,808,824
hCoV-19/England/PHEC-YYDZ1F1/2022,808,824
hCoV-19/England/PHEC-YYDW6Q4/2022,808,824
hCoV-19/England/PHEC-YYDURSF/2022,808,821
hCoV-19/England/PHEC-YYDUR9U/2022,808,821
hCoV-19/England/PHEC-YYDUFDM/2022,808,821
hCoV-19/England/PHEC-YYDSJY8/2022,808,824
hCoV-19/England/PHEC-YYDSJG5/2022,808,824
hCoV-19/England/PHEC-YYDSJBF/2022,808,824
hCoV-19/England/PHEC-YYDSJ1N/2022,808,824
hCoV-19/England/PHEC-YYDSGRN/2022,808,824
hCoV-19/England/PHEC-YYDSGJA/2022,808,824
hCoV-19/England/PHEC-YYDSGE4/2022,808,824
hCoV-19/England/PHEC-YYDSGBE/2022,808,824
hCoV-19/England/PHEC-YYDSFS6/2022,808,824
hCoV-19/England/PHEC-YYDSFJ3/2022,808,824
hCoV-19/England/PHEC-YYDSFG9/2022,808,824
hCoV-19/England/PHEC-YYDSF87/2022,808,824
hCoV-19/England/PHEC-YYDSF4S/2022,808,824
hCoV-19/England/PHEC-YYDS9WE/2022,808,824
hCoV-19/England/PHEC-YYDS9OO/2022,808,824
hCoV-19/England/PHEC-YYDS9IG/2022,808,824
hCoV-19/England/PHEC-YYDS9EB/2022,808,824
hCoV-19/England/PHEC-YYDS9DM/2022,808,824
hCoV-19/England/PHEC-YYDS98D/2022,808,824
hCoV-19/England/PHEC-YYDS6AB/2022,808,824
hCoV-19/England/PHEC-YYDIXUH/2022,808,824
hCoV-19/England/PHEC-YYDIXBB/2022,808,824
hCoV-19/England/PHEC-YYDIWRS/2022,808,824
hCoV-19/England/PHEC-YYDIWQN/2022,808,824
hCoV-19/England/PHEC-YYDIWO7/2022,808,824
hCoV-19/England/PHEC-YYDIWME/2022,808,824
hCoV-19/England/PHEC-YYDIWIU/2022,808,824
hCoV-19/England/PHEC-YYDIU9Y/2022,808,824
hCoV-19/England/PHEC-YYDHBTY/2022,808,828
hCoV-19/England/PHEC-YYDHBMP/2022,808,828
hCoV-19/England/PHEC-YYDH36Q/2022,808,828
hCoV-19/England/PHEC-YYDAYFN/2022,808,825
hCoV-19/England/PHEC-YYDATK8/2022,808,826
hCoV-19/England/PHEC-YYDATJJ/2022,808,826
hCoV-19/England/PHEC-YYDAOKE/2022,808,826
hCoV-19/England/PHEC-YYDAMZ1/2022,808,826
hCoV-19/England/PHEC-YYDAMSW/2022,808,826
hCoV-19/England/PHEC-YYDAM7G/2022,808,826
hCoV-19/England/PHEC-YYDAM6R/2022,808,826
hCoV-19/England/PHEC-YYDAM5K/2022,808,826
hCoV-19/England/PHEC-YYDAKXR/2022,808,826
hCoV-19/England/PHEC-YYDAKPE/2022,808,826
hCoV-19/England/PHEC-YYDAKOB/2022,808,826
hCoV-19/England/PHEC-YYDAKE1/2022,808,826
hCoV-19/England/PHEC-YYDAKDH/2022,808,826
hCoV-19/England/PHEC-YYDAKCK/2022,808,826
hCoV-19/England/PHEC-YYDAK5M/2022,808,826
hCoV-19/England/PHEC-YYDAHZB/2022,808,826
hCoV-19/England/PHEC-YYDAHIF/2022,808,826
hCoV-19/England/PHEC-YYDAH6U/2022,808,826
hCoV-19/England/PHEC-YYDA7DJ/2022,808,826
hCoV-19/England/PHEC-YYDA1Q6/2022,808,826
hCoV-19/England/PHEC-YYD7XDP/2022,808,831
hCoV-19/England/PHEC-YYD7XBT/2022,808,831
hCoV-19/England/PHEC-YYD5XDT/2022,808,828
hCoV-19/England/PHEC-YYD5RZU/2022,808,828
hCoV-19/England/PHEC-YYD4AJ6/2022,808,828
hCoV-19/England/PHEC-YYD4AGR/2022,808,828
hCoV-19/England/PHEC-YYD4A7I/2022,808,828
hCoV-19/England/PHEC-YYD4A6U/2022,808,828
hCoV-19/England/PHEC-YYD4A45/2022,808,828
hCoV-19/England/PHEC-YYD43CZ/2022,808,828
hCoV-19/England/PHEC-YYD41UX/2022,808,827
hCoV-19/England/PHEC-YYD41SJ/2022,808,827
hCoV-19/England/PHEC-YYD41Q4/2022,808,827
hCoV-19/England/PHEC-YYD37MZ/2022,808,827
hCoV-19/England/PHEC-6M0B0Z8A/2022,808,838
hCoV-19/England/MILK-3B6765C/2022,808,814
hCoV-19/England/LSPA-3B91BC3/2022,808,816
hCoV-19/England/LSPA-3B78DCC/2022,808,815
hCoV-19/England/ALDP-3B8DB8E/2022,808,816
hCoV-19/England/ALDP-3B847A1/2022,808,815
