hCoV-19/Wales/PHWC-P8PWIG/2022,746,765
hCoV-19/Wales/PHWC-P8PSE9/2022,746,765
hCoV-19/Wales/PHWC-P8AK7J/2022,746,773
hCoV-19/Wales/MILK-32C2931/2022,746,755
hCoV-19/Scotland/QEUH-32D4468/2022,746,755
hCoV-19/Scotland/QEUH-32D4064/2022,746,755
hCoV-19/England/QEUH-32CF372/2022,746,753
hCoV-19/England/QEUH-32CD7D2/2022,746,753
hCoV-19/England/PLYM-3301B4E/2022,746,754
hCoV-19/England/PHEC-YYNZ8CO/2022,746,791
hCoV-19/England/PHEC-YYNJQWI/2022,746,773
hCoV-19/England/PHEC-YYNC4XQ/2022,746,779
hCoV-19/England/PHEC-YYN7ONX/2022,746,796
hCoV-19/England/PHEC-YYN7OM7/2022,746,796
hCoV-19/England/PHEC-5U069Z1B/2022,746,785
hCoV-19/England/NORW-3182D77/2022,746,774
hCoV-19/England/NORT-YNB9WRY/2022,746,792
hCoV-19/England/NORT-YB3GZZ/2022,746,766
hCoV-19/England/MILK-32D3232/2022,746,753
hCoV-19/England/MILK-32D3065/2022,746,753
hCoV-19/England/MILK-32C27DD/2022,746,753
hCoV-19/England/MILK-32C263A/2022,746,753
hCoV-19/England/MILK-329EF3C/2022,746,752
hCoV-19/England/DHSC-CYYNKJW/2022,746,831
hCoV-19/England/DHSC-CYYNBWG/2022,746,831
hCoV-19/England/DHSC-CYDZCWP/2022,746,831
hCoV-19/England/DHSC-CYDAQXW/2022,746,831
hCoV-19/England/DHSC-CYBKTZ9/2022,746,831
hCoV-19/England/DHSC-CYBDMFA/2022,746,789
hCoV-19/England/BRBR-32D9DA4/2022,746,753
hCoV-19/England/ALDP-32FB638/2022,746,754
hCoV-19/Wales/PHWC-P8XP57/2022,747,767
hCoV-19/Wales/PHWC-P8XI5I/2022,747,767
hCoV-19/Wales/PHWC-P8QXJN/2022,747,766
hCoV-19/Wales/PHWC-P84PRI/2022,747,773
hCoV-19/Scotland/SCOT-4419/2022,747,773
hCoV-19/Scotland/SCOT-4356/2022,747,773
hCoV-19/Scotland/QEUH-32E8E45/2022,747,755
hCoV-19/England/QEUH-334E9A5/2022,747,756
hCoV-19/England/PLYM-32EF9B6/2022,747,754
hCoV-19/England/PHEC-YYNZ8RY/2022,747,791
hCoV-19/England/PHEC-YYNWX98/2022,747,790
hCoV-19/England/PHEC-YYNIKSH/2022,747,789
hCoV-19/England/PHEC-YYN5QTS/2022,747,796
hCoV-19/England/PHEC-YYFXIEA/2022,747,903
hCoV-19/England/PHEC-5X0BEZ08/2022,747,821
hCoV-19/England/PHEC-5X0BDZB0/2022,747,821
hCoV-19/England/PHEC-5X0BBZ5C/2022,747,821
hCoV-19/England/PHEC-5X0B9Z9E/2022,747,821
hCoV-19/England/PHEC-5X0B8ZEC/2022,747,821
hCoV-19/England/PHEC-5X0B8Z82/2022,747,821
hCoV-19/England/PHEC-5X0B7ZD0/2022,747,821
hCoV-19/England/PHEC-5P051ZF6/2022,747,772
hCoV-19/England/PHEC-5P051Z8D/2022,747,772
hCoV-19/England/PHEC-5P050ZEA/2022,747,772
hCoV-19/England/PHEC-5P04FZ39/2022,747,772
hCoV-19/England/NORW-318123C/2022,747,774
hCoV-19/England/NORW-316DA75/2022,747,774
hCoV-19/England/NORW-316C609/2022,747,774
hCoV-19/England/NORT-YB4O67/2022,747,768
hCoV-19/England/MILK-330FDC2/2022,747,755
hCoV-19/England/MILK-330EEFD/2022,747,755
hCoV-19/England/MILK-330354E/2022,747,754
hCoV-19/England/MILK-33003ED/2022,747,754
hCoV-19/England/MILK-32FAD70/2022,747,754
hCoV-19/England/MILK-32FACFB/2022,747,754
hCoV-19/England/MILK-32F9D71/2022,747,754
hCoV-19/England/MILK-32F7AB8/2022,747,754
hCoV-19/England/MILK-32F38B2/2022,747,754
hCoV-19/England/MILK-32F2F54/2022,747,754
hCoV-19/England/DHSC-CYNHHJM/2022,747,831
hCoV-19/England/DHSC-CYBK6R3/2022,747,831
hCoV-19/England/BRBR-32F5D75/2022,747,755
hCoV-19/England/BRBR-32F3A52/2022,747,755
hCoV-19/England/ALDP-3346187/2022,747,756
hCoV-19/England/ALDP-3341A45/2022,747,756
hCoV-19/England/ALDP-331E49E/2022,747,755
hCoV-19/Wales/PHWC-P84EOB/2022,748,773
hCoV-19/Wales/PHWC-P81N65/2022,748,770
hCoV-19/Scotland/EDB41005/2022,748,779
hCoV-19/Scotland/CVR14443/2022,748,817
hCoV-19/England/PLYM-332D511/2022,748,755
hCoV-19/England/PLYM-332CC68/2022,748,755
hCoV-19/England/PHEC-YYNWOZS/2022,748,790
hCoV-19/England/PHEC-YYNKPAC/2022,748,776
hCoV-19/England/PHEC-YYN8UT4/2022,748,768
hCoV-19/England/PHEC-5X0BEZAE/2022,748,821
hCoV-19/England/PHEC-5U068Z5A/2022,748,785
hCoV-19/England/PHEC-5U055Z45/2022,748,785
hCoV-19/England/PHEC-5U055Z27/2022,748,785
hCoV-19/England/NEWC-334EA84/2022,748,756
hCoV-19/England/MILK-33305DF/2022,748,756
hCoV-19/England/MILK-3330320/2022,748,756
hCoV-19/England/MILK-332FA98/2022,748,756
hCoV-19/England/MILK-332B05E/2022,748,755
hCoV-19/England/MILK-3326C9B/2022,748,755
hCoV-19/England/MILK-3325106/2022,748,755
hCoV-19/England/MILK-331F011/2022,748,755
hCoV-19/England/MILK-33197D6/2022,748,755
hCoV-19/England/MILK-33178C6/2022,748,755
hCoV-19/England/MILK-331486F/2022,748,755
hCoV-19/England/MILK-3312F6C/2022,748,755
hCoV-19/England/MILK-32EF0C0/2022,748,754
hCoV-19/England/MILK-32EADEC/2022,748,754
hCoV-19/England/HSLL-3343375/2022,748,756
hCoV-19/England/DHSC-CYY8CQ6/2022,748,789
hCoV-19/England/DHSC-CYDR6S6/2022,748,831
hCoV-19/England/DHSC-CYDPKQT/2022,748,831
hCoV-19/England/DHSC-CYDDQX9/2022,748,789
hCoV-19/England/DHSC-CYBXJIB/2022,748,789
hCoV-19/England/DHSC-CYBUNZ5/2022,748,786
hCoV-19/England/DHSC-CYB9SJC/2022,748,789
hCoV-19/England/ALDP-3355C57/2022,748,757
hCoV-19/England/ALDP-335211F/2022,748,756
hCoV-19/England/ALDP-333A159/2022,748,756
hCoV-19/Wales/PHWC-P8Z3GM/2022,749,772
hCoV-19/Wales/PHWC-P8Z13M/2022,749,772
hCoV-19/Wales/PHWC-P8TZZS/2022,749,770
hCoV-19/Wales/PHWC-P8TX6O/2022,749,770
hCoV-19/Wales/PHWC-P8THD4/2022,749,770
hCoV-19/Wales/PHWC-P84R3U/2022,749,773
hCoV-19/Scotland/SCOT-4393/2022,749,773
hCoV-19/Scotland/SCOT-4357/2022,749,773
hCoV-19/Scotland/EDB40156/2022,749,771
hCoV-19/England/QEUH-33B6128/2022,749,759
hCoV-19/England/PLYM-334A0C2/2022,749,756
hCoV-19/England/PLYM-3345892/2022,749,756
hCoV-19/England/PHWC-P8TOGY/2022,749,770
hCoV-19/England/PHEC-YYNWRGF/2022,749,790
hCoV-19/England/PHEC-YYNC96K/2022,749,779
hCoV-19/England/PHEC-YYFK84M/2022,749,876
hCoV-19/England/PHEC-YYDEDWB/2022,749,810
hCoV-19/England/PHEC-5X0BEZEA/2022,749,821
hCoV-19/England/PHEC-5X0BEZDB/2022,749,821
hCoV-19/England/PHEC-5X0BEZ9F/2022,749,821
hCoV-19/England/PHEC-5X0BAZAA/2022,749,821
hCoV-19/England/PHEC-5X0B8Z73/2022,749,821
hCoV-19/England/PHEC-5X06EZ76/2022,749,807
hCoV-19/England/PHEC-5X069ZDF/2022,749,807
hCoV-19/England/PHEC-5X04FZ2A/2022,749,807
hCoV-19/England/PHEC-5V03BZ81/2022,749,789
hCoV-19/England/PHEC-5V031ZBC/2022,749,785
hCoV-19/England/PHEC-5S04CZ7E/2022,749,783
hCoV-19/England/NORT-YB5AZB/2022,749,768
hCoV-19/England/MILK-3344875/2022,749,756
hCoV-19/England/MILK-334459C/2022,749,756
hCoV-19/England/MILK-333E3F5/2022,749,756
hCoV-19/England/MILK-333C7FB/2022,749,756
hCoV-19/England/MILK-333AEF8/2022,749,756
hCoV-19/England/MILK-3333D7A/2022,749,756
hCoV-19/England/MILK-3333CAA/2022,749,756
hCoV-19/England/LSPA-3371B3A/2022,749,759
hCoV-19/England/LSPA-336B19B/2022,749,758
hCoV-19/England/DHSC-CYYGZ6W/2022,749,831
hCoV-19/England/DHSC-CYYFDCX/2022,749,831
hCoV-19/England/DHSC-CYNHMPW/2022,749,831
hCoV-19/England/DHSC-CYNB5NT/2022,749,831
hCoV-19/England/DHSC-CYBKGOA/2022,749,831
hCoV-19/England/DHSC-CYBE36P/2022,749,789
hCoV-19/England/ALDP-336B939/2022,749,757
hCoV-19/England/ALDP-335E447/2022,749,757
hCoV-19/Wales/PHWC-P8ZSDW/2022,750,772
hCoV-19/Wales/ALDP-33E141C/2022,750,762
hCoV-19/England/QEUH-33BFACA/2022,750,760
hCoV-19/England/QEUH-33AD124/2022,750,760
hCoV-19/England/PHEC-YYNASE8/2022,750,792
hCoV-19/England/PHEC-YYNAM6F/2022,750,792
hCoV-19/England/PHEC-5X0BDZDE/2022,750,821
hCoV-19/England/PHEC-5X0BBZF2/2022,750,821
hCoV-19/England/PHEC-5X0B9ZE9/2022,750,821
hCoV-19/England/PHEC-5X051Z32/2022,750,807
hCoV-19/England/NORT-YBHFIS/2022,750,768
hCoV-19/England/MILK-338ACC2/2022,750,758
hCoV-19/England/MILK-3372E6D/2022,750,759
hCoV-19/England/MILK-337111A/2022,750,758
hCoV-19/England/MILK-335EC03/2022,750,757
hCoV-19/England/DHSC-CYNXUN7/2022,750,831
hCoV-19/England/DHSC-CYN8XDX/2022,750,831
hCoV-19/England/DHSC-CYN1IZJ/2022,750,831
hCoV-19/England/DHSC-CYDI5UR/2022,750,831
hCoV-19/England/DHSC-CYBX116/2022,750,831
hCoV-19/England/DHSC-CYBJIDG/2022,750,831
hCoV-19/England/DHSC-CYB99WC/2022,750,831
hCoV-19/England/DHSC-CYB984A/2022,750,831
hCoV-19/England/ALDP-33AA51C/2022,750,760
hCoV-19/England/ALDP-33A1B5F/2022,750,758
hCoV-19/England/ALDP-338856F/2022,750,758
hCoV-19/England/ALDP-33881C5/2022,750,758
hCoV-19/Wales/PHWC-P8IDQI/2022,751,771
hCoV-19/Scotland/SCOT-5322/2022,751,785
hCoV-19/Scotland/QEUH-33D10EE/2022,751,760
hCoV-19/Scotland/EDB40932/2022,751,773
hCoV-19/Scotland/EDB40920/2022,751,773
hCoV-19/Scotland/EDB40919/2022,751,773
hCoV-19/England/QEUH-33D0182/2022,751,760
hCoV-19/England/PHEC-YYNHQ8J/2022,751,797
hCoV-19/England/PHEC-YYNAMZU/2022,751,792
hCoV-19/England/PHEC-YYNAMSI/2022,751,792
hCoV-19/England/PHEC-5X04FZ66/2022,751,807
hCoV-19/England/NORW-315EDAA/2022,751,774
hCoV-19/England/MILK-33CC286/2022,751,760
hCoV-19/England/MILK-33C6E97/2022,751,760
hCoV-19/England/MILK-33B01B5/2022,751,760
hCoV-19/England/MILK-33A6FC7/2022,751,760
hCoV-19/England/MILK-337F6C2/2022,751,758
hCoV-19/England/LSPA-340BD5C/2022,751,761
hCoV-19/England/DHSC-CYYGREW/2022,751,831
hCoV-19/England/BRBR-3393C20/2022,751,758
hCoV-19/England/BRBR-3387919/2022,751,758
hCoV-19/England/ALDP-33BF2FF/2022,751,760
hCoV-19/England/ALDP-33A6835/2022,751,760
hCoV-19/England/ALDP-33A3407/2022,751,760
hCoV-19/Scotland/QEUH-33E0B81/2022,752,762
hCoV-19/Scotland/QEUH-33E06CC/2022,752,762
hCoV-19/Scotland/QEUH-33D7428/2022,752,762
hCoV-19/Scotland/QEUH-33CD09A/2022,752,760
hCoV-19/Scotland/QEUH-33CCFAD/2022,752,760
hCoV-19/Scotland/QEUH-33CA0D9/2022,752,759
hCoV-19/Scotland/EDB41963/2022,752,785
hCoV-19/England/QEUH-33EC693/2022,752,761
hCoV-19/England/QEUH-33DCB4C/2022,752,760
hCoV-19/England/PHEC-YYNQY8W/2022,752,779
hCoV-19/England/PHEC-5V030ZA0/2022,752,785
hCoV-19/England/PHEC-5U0BEZ80/2022,752,785
hCoV-19/England/PHEC-5U0BCZD1/2022,752,785
hCoV-19/England/PHEC-5U055Z90/2022,752,785
hCoV-19/England/NORW-31543FF/2022,752,774
hCoV-19/England/MILK-3414048/2022,752,762
hCoV-19/England/MILK-33EF9A6/2022,752,761
hCoV-19/England/MILK-33C5D22/2022,752,760
hCoV-19/England/MILK-33AFFFB/2022,752,760
hCoV-19/England/LSPA-3408108/2022,752,761
hCoV-19/England/LOND-YYBF6IC/2022,752,796
hCoV-19/England/BRBR-33A3A32/2022,752,759
hCoV-19/England/ALDP-33DE7A0/2022,752,760
hCoV-19/England/ALDP-33CFC67/2022,752,760
