hCoV-19/Wales/PHWC-PEOMOT/2022,774,793
hCoV-19/Scotland/QEUH-36FEC7B/2022,774,784
hCoV-19/Scotland/QEUH-36F170E/2022,774,789
hCoV-19/Scotland/QEUH-36E9569/2022,774,789
hCoV-19/Scotland/QEUH-36E954B/2022,774,789
hCoV-19/Scotland/QEUH-36E946C/2022,774,789
hCoV-19/Scotland/QEUH-36E9314/2022,774,789
hCoV-19/Scotland/QEUH-36E49F9/2022,774,783
hCoV-19/Scotland/QEUH-36D4F90/2022,774,783
hCoV-19/Scotland/QEUH-36CC56C/2022,774,783
hCoV-19/Scotland/QEUH-36BE907/2022,774,788
hCoV-19/Scotland/QEUH-36BB58E/2022,774,781
hCoV-19/Scotland/QEUH-36BB30C/2022,774,781
hCoV-19/England/QEUH-36F09DC/2022,774,782
hCoV-19/England/PHEC-YYNU7CN/2022,774,789
hCoV-19/England/PHEC-YYNSNXT/2022,774,791
hCoV-19/England/PHEC-YYNIXHM/2022,774,789
hCoV-19/England/PHEC-YYNIX3T/2022,774,789
hCoV-19/England/PHEC-YYNAC7G/2022,774,792
hCoV-19/England/PHEC-YYN4K4K/2022,774,793
hCoV-19/England/PHEC-YYN4AQI/2022,774,793
hCoV-19/England/PHEC-YYN4AOO/2022,774,793
hCoV-19/England/MILK-36ED90F/2022,774,782
hCoV-19/England/MILK-36CF165/2022,774,788
hCoV-19/England/MILK-36C3556/2022,774,788
hCoV-19/England/MILK-36C0902/2022,774,788
hCoV-19/England/MILK-3695317/2022,774,779
hCoV-19/England/DHSC-CYNJ1GN/2022,774,789
hCoV-19/England/DHSC-CYBBS66/2022,774,789
hCoV-19/England/ALDP-36F71A0/2022,774,789
hCoV-19/England/ALDP-36E853D/2022,774,789
hCoV-19/England/ALDP-36E5CA4/2022,774,789
hCoV-19/Scotland/QEUH-37015D3/2022,775,783
hCoV-19/Scotland/QEUH-36FD0CB/2022,775,789
hCoV-19/Scotland/QEUH-36FBC6F/2022,775,789
hCoV-19/Scotland/QEUH-36FA9C3/2022,775,789
hCoV-19/Scotland/QEUH-36E2023/2022,775,788
hCoV-19/Scotland/QEUH-36E1D69/2022,775,788
hCoV-19/Scotland/CVR14167/2022,775,810
hCoV-19/Scotland/CVR14165/2022,775,810
hCoV-19/Scotland/CVR14129/2022,775,810
hCoV-19/Scotland/CVR14105/2022,775,810
hCoV-19/Scotland/CVR14104/2022,775,810
hCoV-19/England/QEUH-36F355D/2022,775,782
hCoV-19/England/QEUH-36F3229/2022,775,782
hCoV-19/England/QEUH-36F321A/2022,775,782
hCoV-19/England/QEUH-36F305C/2022,775,782
hCoV-19/England/QEUH-36F23DC/2022,775,782
hCoV-19/England/PHEC-YYNZRG9/2022,775,790
hCoV-19/England/PHEC-YYNZR7O/2022,775,790
hCoV-19/England/PHEC-YYNZDGY/2022,775,790
hCoV-19/England/PHEC-YYNZ8Z3/2022,775,791
hCoV-19/England/PHEC-YYNIXU7/2022,775,789
hCoV-19/England/PHEC-YYNI1QF/2022,775,789
hCoV-19/England/PHEC-YYNHYPM/2022,775,796
hCoV-19/England/PHEC-YYNAMU5/2022,775,792
hCoV-19/England/PHEC-YYNAMOB/2022,775,792
hCoV-19/England/PHEC-YYNAK9R/2022,775,792
hCoV-19/England/PHEC-YYNAK7E/2022,775,792
hCoV-19/England/PHEC-YYNACHE/2022,775,792
hCoV-19/England/PHEC-YYNAC3Q/2022,775,792
hCoV-19/England/PHEC-YYN4KUA/2022,775,793
hCoV-19/England/PHEC-YYN4KJP/2022,775,793
hCoV-19/England/PHEC-YYN4IAD/2022,775,793
hCoV-19/England/PHEC-YYN4I1X/2022,775,793
hCoV-19/England/PHEC-YYN4HMZ/2022,775,793
hCoV-19/England/PHEC-YYFK69K/2022,775,880
hCoV-19/England/NEWC-36F059C/2022,775,782
hCoV-19/England/NEWC-36F058D/2022,775,782
hCoV-19/England/NEWC-36F00C8/2022,775,782
hCoV-19/England/NEWC-36F009B/2022,775,782
hCoV-19/England/MILK-36EDBAF/2022,775,782
hCoV-19/England/MILK-36EDA1B/2022,775,782
hCoV-19/England/MILK-36D9D46/2022,775,789
hCoV-19/England/HSLL-36E901D/2022,775,789
hCoV-19/England/HSLL-36E8EC9/2022,775,789
hCoV-19/England/HSLL-36E8E6F/2022,775,789
hCoV-19/England/HSLL-36E4B8A/2022,775,782
hCoV-19/England/DHSC-CYYQIBB/2022,775,791
hCoV-19/England/DHSC-CYYP8IE/2022,775,791
hCoV-19/England/DHSC-CYYO73D/2022,775,791
hCoV-19/England/DHSC-CYYJRDA/2022,775,791
hCoV-19/England/DHSC-CYYFAY1/2022,775,791
hCoV-19/England/DHSC-CYYD4ZF/2022,775,791
hCoV-19/England/DHSC-CYNWHK3/2022,775,791
hCoV-19/England/DHSC-CYNTZ1U/2022,775,791
hCoV-19/England/DHSC-CYNTHYU/2022,775,791
hCoV-19/England/DHSC-CYNTDHU/2022,775,791
hCoV-19/England/DHSC-CYNSA34/2022,775,791
hCoV-19/England/DHSC-CYNQE1J/2022,775,791
hCoV-19/England/DHSC-CYNGUXI/2022,775,791
hCoV-19/England/DHSC-CYN519K/2022,775,791
hCoV-19/England/DHSC-CYDYC1Y/2022,775,791
hCoV-19/England/DHSC-CYDXFTM/2022,775,791
hCoV-19/England/DHSC-CYDQIRA/2022,775,791
hCoV-19/England/DHSC-CYDFWYU/2022,775,791
hCoV-19/England/DHSC-CYDEQ8F/2022,775,791
hCoV-19/England/DHSC-CYD81SR/2022,775,789
hCoV-19/England/DHSC-CYD5GM6/2022,775,791
hCoV-19/England/DHSC-CYD55KM/2022,775,831
hCoV-19/England/DHSC-CYBZ6AI/2022,775,791
hCoV-19/England/DHSC-CYBYPS3/2022,775,831
hCoV-19/England/DHSC-CYBW3XU/2022,775,791
hCoV-19/England/DHSC-CYBUJZW/2022,775,791
hCoV-19/England/DHSC-CYBTMJU/2022,775,791
hCoV-19/England/DHSC-CYBNR9C/2022,775,791
hCoV-19/England/DHSC-CYBNEAS/2022,775,791
hCoV-19/England/DHSC-CYBKQ1C/2022,775,791
hCoV-19/England/DHSC-CYBKBG1/2022,775,791
hCoV-19/England/DHSC-CYBHP89/2022,775,791
hCoV-19/England/DHSC-CYBBZR1/2022,775,791
hCoV-19/England/DHSC-CYBBZ5D/2022,775,791
hCoV-19/England/DHSC-CYBAYOB/2022,775,791
hCoV-19/England/DHSC-CYB5UZ4/2022,775,791
hCoV-19/England/DHSC-CYB5IQM/2022,775,791
hCoV-19/England/DHSC-CYB4JYI/2022,775,791
hCoV-19/England/ALDP-3725AAD/2022,775,783
hCoV-19/England/ALDP-3703076/2022,775,789
hCoV-19/England/ALDP-36E8AB6/2022,775,789
hCoV-19/England/ALDP-36E8861/2022,775,789
hCoV-19/England/ALDP-36E87A0/2022,775,789
hCoV-19/England/ALDP-36E5E62/2022,775,789
hCoV-19/England/ALDP-36E5E26/2022,775,789
hCoV-19/Wales/PHWC-PEUI8W/2022,776,796
hCoV-19/Scotland/QEUH-372707C/2022,776,784
hCoV-19/Scotland/QEUH-3726D67/2022,776,784
hCoV-19/Scotland/QEUH-3726D0D/2022,776,784
hCoV-19/Scotland/QEUH-3723A81/2022,776,783
hCoV-19/Scotland/QEUH-3721E4B/2022,776,789
hCoV-19/Scotland/QEUH-371C47E/2022,776,789
hCoV-19/Scotland/QEUH-371A5F5/2022,776,784
hCoV-19/Scotland/QEUH-3718E83/2022,776,783
hCoV-19/Scotland/QEUH-3712979/2022,776,789
hCoV-19/Scotland/QEUH-370C6D5/2022,776,789
hCoV-19/Scotland/QEUH-3709F91/2022,776,789
hCoV-19/Scotland/QEUH-37034C5/2022,776,789
hCoV-19/England/PHEC-YYNZJK1/2022,776,791
hCoV-19/England/PHEC-YYNIOTY/2022,776,789
hCoV-19/England/PHEC-YYNI1XD/2022,776,789
hCoV-19/England/PHEC-YYNHSOQ/2022,776,796
hCoV-19/England/PHEC-YYNHBF4/2022,776,796
hCoV-19/England/PHEC-YYN6ZFY/2022,776,796
hCoV-19/England/PHEC-YYN5WXI/2022,776,796
hCoV-19/England/PHEC-YYN5WIE/2022,776,796
hCoV-19/England/PHEC-YYN4SYU/2022,776,793
hCoV-19/England/PHEC-YYN4SRM/2022,776,793
hCoV-19/England/PHEC-YYN4MPR/2022,776,793
hCoV-19/England/PHEC-YYN4MHF/2022,776,793
hCoV-19/England/PHEC-YYN4KIW/2022,776,793
hCoV-19/England/PHEC-YYN4ER3/2022,776,793
hCoV-19/England/PHEC-YYN4E1H/2022,776,793
hCoV-19/England/PHEC-YYDRKOK/2022,776,805
hCoV-19/England/PHEC-5X04EZD2/2022,776,807
hCoV-19/England/MILK-38400D6/2022,776,790
hCoV-19/England/MILK-3727452/2022,776,783
hCoV-19/England/MILK-372284C/2022,776,789
hCoV-19/England/MILK-3721537/2022,776,783
hCoV-19/England/MILK-370B14E/2022,776,783
hCoV-19/England/MILK-3703A2D/2022,776,789
hCoV-19/England/MILK-36EDB27/2022,776,782
hCoV-19/England/MILK-36EDAC0/2022,776,782
hCoV-19/England/MILK-36EDA57/2022,776,782
hCoV-19/England/MILK-36ED83F/2022,776,782
hCoV-19/England/MILK-36ED7E7/2022,776,782
hCoV-19/England/MILK-36ED79C/2022,776,782
hCoV-19/England/LSPA-373A5B3/2022,776,784
hCoV-19/England/LSPA-3737D36/2022,776,790
hCoV-19/England/LOND-YYBF64N/2022,776,796
hCoV-19/England/DHSC-CYYURYJ/2022,776,791
hCoV-19/England/DHSC-CYYSBZZ/2022,776,828
hCoV-19/England/DHSC-CYYNDQT/2022,776,791
hCoV-19/England/DHSC-CYYHN1W/2022,776,828
hCoV-19/England/DHSC-CYYE741/2022,776,791
hCoV-19/England/DHSC-CYY9XU9/2022,776,791
hCoV-19/England/DHSC-CYNYSSX/2022,776,828
hCoV-19/England/DHSC-CYNSGO6/2022,776,791
hCoV-19/England/DHSC-CYNIJ6B/2022,776,791
hCoV-19/England/DHSC-CYNCXFB/2022,776,790
hCoV-19/England/DHSC-CYN8FO6/2022,776,831
hCoV-19/England/DHSC-CYN6K9C/2022,776,791
hCoV-19/England/DHSC-CYN481T/2022,776,791
hCoV-19/England/DHSC-CYDT7WE/2022,776,791
hCoV-19/England/DHSC-CYDK8JR/2022,776,828
hCoV-19/England/DHSC-CYDK6JP/2022,776,791
hCoV-19/England/DHSC-CYDFAXT/2022,776,791
hCoV-19/England/DHSC-CYDD1WO/2022,776,791
hCoV-19/England/DHSC-CYBZ37O/2022,776,791
hCoV-19/England/DHSC-CYBSIK7/2022,776,791
hCoV-19/England/DHSC-CYBSFD5/2022,776,828
hCoV-19/England/DHSC-CYBRXB4/2022,776,791
hCoV-19/England/DHSC-CYBJH9G/2022,776,791
hCoV-19/England/DHSC-CYBHHBH/2022,776,831
hCoV-19/England/DHSC-CYBGKSO/2022,776,831
hCoV-19/England/DHSC-CYB9UET/2022,776,791
hCoV-19/England/DHSC-CYB6RPA/2022,776,828
hCoV-19/England/DHSC-CYB5MQI/2022,776,791
hCoV-19/England/DHSC-CYB1SWX/2022,776,791
hCoV-19/England/ALDP-37085EB/2022,776,789
hCoV-19/Wales/PHWC-PEWAHR/2022,777,798
hCoV-19/Scotland/SCOT-6649/2022,777,810
hCoV-19/Scotland/CVR14567/2022,777,817
hCoV-19/Scotland/CVR14528/2022,777,817
hCoV-19/Scotland/CVR14028/2022,777,810
hCoV-19/Scotland/CVR13973/2022,777,810
hCoV-19/England/PHEP-YYRMGSU/2022,777,800
hCoV-19/England/PHEP-YYRMGO9/2022,777,800
hCoV-19/England/PHEC-YYNAZQ4/2022,777,792
hCoV-19/England/PHEC-YYNAZOI/2022,777,792
hCoV-19/England/PHEC-YYNA4WK/2022,777,792
hCoV-19/England/PHEC-YYN6SOK/2022,777,796
hCoV-19/England/PHEC-YYN6AE3/2022,777,796
hCoV-19/England/PHEC-YYN5W46/2022,777,796
hCoV-19/England/PHEC-YYN5PQ6/2022,777,796
hCoV-19/England/PHEC-YYN5AFF/2022,777,796
hCoV-19/England/PHEC-YYN54BM/2022,777,796
hCoV-19/England/PHEC-YYN4MJC/2022,777,793
hCoV-19/England/MILK-37401F2/2022,777,789
hCoV-19/England/MILK-3731DF0/2022,777,784
hCoV-19/England/MILK-372AEF7/2022,777,789
hCoV-19/England/MILK-3721FFD/2022,777,783
hCoV-19/England/DHSC-CYYOYTO/2022,777,793
hCoV-19/England/DHSC-CYNRQKE/2022,777,791
hCoV-19/England/DHSC-CYDU1IP/2022,777,831
hCoV-19/England/DHSC-CYDJ4NB/2022,777,831
hCoV-19/England/DHSC-CYDE13H/2022,777,791
hCoV-19/England/DHSC-CYDBAWQ/2022,777,831
hCoV-19/England/ALDP-375B868/2022,777,785
hCoV-19/Wales/PHWC-PEIMXK/2022,778,798
hCoV-19/Wales/PHWC-PEIIUZ/2022,778,799
hCoV-19/Scotland/QEUH-378B225/2022,778,788
hCoV-19/Scotland/QEUH-377B4AA/2022,778,786
hCoV-19/Scotland/QEUH-37794BB/2022,778,786
hCoV-19/Scotland/CVR14543/2022,778,817
hCoV-19/Scotland/CVR14527/2022,778,817
hCoV-19/Scotland/CVR14525/2022,778,817
hCoV-19/Scotland/CVR14522/2022,778,817
hCoV-19/Scotland/CVR14514/2022,778,817
hCoV-19/Scotland/CVR14292/2022,778,810
hCoV-19/Scotland/CVR13988/2022,778,810
hCoV-19/Scotland/CVR13974/2022,778,810
hCoV-19/Scotland/CVR13960/2022,778,810
hCoV-19/England/PHEP-YYRMT3N/2022,778,803
hCoV-19/England/PHEP-YYRM8RZ/2022,778,800
hCoV-19/England/PHEC-YYNHZU8/2022,778,796
hCoV-19/England/PHEC-YYNHUAB/2022,778,796
hCoV-19/England/PHEC-YYNHS61/2022,778,796
hCoV-19/England/PHEC-YYNA4O1/2022,778,792
hCoV-19/England/PHEC-YYNA4C5/2022,778,792
hCoV-19/England/PHEC-YYNA4AN/2022,778,792
hCoV-19/England/PHEC-YYNA3YW/2022,778,792
hCoV-19/England/PHEC-YYNA3WM/2022,778,792
hCoV-19/England/PHEC-YYNA3NO/2022,778,792
hCoV-19/England/PHEC-YYNA3JN/2022,778,792
hCoV-19/England/PHEC-YYN6Z1F/2022,778,796
hCoV-19/England/PHEC-YYN6SMI/2022,778,796
hCoV-19/England/PHEC-YYN5P95/2022,778,796
hCoV-19/England/PHEC-YYN5CSQ/2022,778,796
hCoV-19/England/PHEC-YYN5CHN/2022,778,796
hCoV-19/England/PHEC-YYN4HTK/2022,778,793
hCoV-19/England/PHEC-YYN4HAH/2022,778,793
hCoV-19/England/PHEC-YYN4H9Q/2022,778,793
hCoV-19/England/PHEC-YYN47XQ/2022,778,793
hCoV-19/England/PHEC-YYN47HU/2022,778,793
hCoV-19/England/PHEC-YYN474Z/2022,778,793
hCoV-19/England/PHEC-YYN46YM/2022,778,793
hCoV-19/England/PHEC-YYN46RD/2022,778,793
hCoV-19/England/PHEC-YYN46DF/2022,778,793
hCoV-19/England/PHEC-YYDRKUR/2022,778,805
hCoV-19/England/LSPA-376676D/2022,778,790
hCoV-19/England/LSPA-37621FA/2022,778,785
hCoV-19/England/LSPA-3760B1C/2022,778,790
hCoV-19/England/LSPA-3757635/2022,778,790
hCoV-19/England/LOND-YYBGAFT/2022,778,803
hCoV-19/England/DHSC-CYYDKEW/2022,778,831
hCoV-19/England/DHSC-CYDNXJC/2022,778,792
hCoV-19/England/DHSC-CYDM7ST/2022,778,793
hCoV-19/England/ALDP-3789825/2022,778,786
hCoV-19/Scotland/QEUH-37822F1/2022,779,786
hCoV-19/Scotland/QEUH-3781DF1/2022,779,786
hCoV-19/Scotland/QEUH-3781C30/2022,779,786
hCoV-19/Scotland/QEUH-3781C21/2022,779,788
hCoV-19/Scotland/QEUH-378041B/2022,779,790
hCoV-19/Scotland/QEUH-377DC37/2022,779,790
hCoV-19/Scotland/CVR14584/2022,779,817
hCoV-19/Scotland/CVR14570/2022,779,817
hCoV-19/Scotland/CVR14550/2022,779,817
hCoV-19/Scotland/CVR14542/2022,779,817
hCoV-19/Scotland/CVR14537/2022,779,817
hCoV-19/England/QEUH-37994E2/2022,779,788
hCoV-19/England/PHEP-YYRMGH8/2022,779,800
hCoV-19/England/PHEP-YYRM8EX/2022,779,800
hCoV-19/England/PHEC-YYNHR6R/2022,779,797
hCoV-19/England/PHEC-YYNHFB6/2022,779,796
hCoV-19/England/PHEC-YYNA3TT/2022,779,792
hCoV-19/England/PHEC-YYN6ZUD/2022,779,796
hCoV-19/England/PHEC-YYN6ZDR/2022,779,796
hCoV-19/England/PHEC-YYN6SG9/2022,779,796
hCoV-19/England/PHEC-YYN6SE5/2022,779,796
hCoV-19/England/PHEC-YYN6IS9/2022,779,796
hCoV-19/England/PHEC-YYN6AQP/2022,779,796
hCoV-19/England/PHEC-YYN637P/2022,779,796
hCoV-19/England/PHEC-YYN5TH7/2022,779,796
hCoV-19/England/PHEC-YYN5RUH/2022,779,796
hCoV-19/England/PHEC-YYN5RPJ/2022,779,796
hCoV-19/England/PHEC-YYN5RN9/2022,779,796
hCoV-19/England/PHEC-YYN5IWJ/2022,779,796
hCoV-19/England/PHEC-YYN5ISF/2022,779,796
hCoV-19/England/PHEC-YYN5FYN/2022,779,796
hCoV-19/England/PHEC-YYN5DHM/2022,779,796
hCoV-19/England/PHEC-YYN5DGA/2022,779,796
hCoV-19/England/PHEC-YYN5DBN/2022,779,796
hCoV-19/England/PHEC-YYN47EH/2022,779,793
hCoV-19/England/PHEC-YYFK9YE/2022,779,880
hCoV-19/England/MILK-37A0837/2022,779,786
hCoV-19/England/MILK-3799DD8/2022,779,788
hCoV-19/England/MILK-37964F4/2022,779,790
hCoV-19/England/MILK-3771B54/2022,779,785
hCoV-19/England/LSPA-37B6106/2022,779,788
hCoV-19/England/LSPA-37AA90D/2022,779,790
hCoV-19/England/LSPA-377ED42/2022,779,786
hCoV-19/England/DHSC-CYNUJW3/2022,779,831
hCoV-19/England/DHSC-CYNCM5A/2022,779,831
hCoV-19/Wales/PHWC-PEW963/2022,780,798
hCoV-19/Wales/PHWC-PESIQY/2022,780,800
hCoV-19/Wales/PHWC-PEIYRM/2022,780,798
hCoV-19/Scotland/QEUH-37B5E88/2022,780,790
hCoV-19/Scotland/QEUH-37B56BD/2022,780,790
hCoV-19/Scotland/QEUH-37B3813/2022,780,790
hCoV-19/Scotland/QEUH-37AF249/2022,780,790
hCoV-19/Scotland/QEUH-37A6B38/2022,780,788
hCoV-19/Scotland/QEUH-3793943/2022,780,788
hCoV-19/Scotland/CVR14632/2022,780,817
hCoV-19/Scotland/CVR14583/2022,780,817
hCoV-19/Scotland/CVR14575/2022,780,817
hCoV-19/England/PHEP-YYRMT6A/2022,780,803
hCoV-19/England/PHEP-YYRMO63/2022,780,803
hCoV-19/England/PHEC-YYNHZ43/2022,780,796
hCoV-19/England/PHEC-YYNHR8U/2022,780,797
hCoV-19/England/PHEC-YYNHFZT/2022,780,796
hCoV-19/England/PHEC-YYN9RZC/2022,780,797
hCoV-19/England/PHEC-YYN73DR/2022,780,796
hCoV-19/England/PHEC-YYN6SZH/2022,780,796
hCoV-19/England/PHEC-YYN6AMU/2022,780,796
hCoV-19/England/PHEC-YYN63DN/2022,780,796
hCoV-19/England/PHEC-YYN5NF5/2022,780,793
hCoV-19/England/PHEC-YYN5MSX/2022,780,796
hCoV-19/England/PHEC-YYN5FN6/2022,780,796
hCoV-19/England/MILK-37DFF94/2022,780,788
hCoV-19/England/MILK-37A9FA2/2022,780,790
hCoV-19/England/MILK-37A28BD/2022,780,790
hCoV-19/England/MILK-379FE75/2022,780,788
hCoV-19/England/MILK-379E799/2022,780,788
hCoV-19/England/MILK-379B43B/2022,780,790
hCoV-19/England/LSPA-37B1B67/2022,780,788
hCoV-19/England/HSLL-3796209/2022,780,790
hCoV-19/England/DHSC-CYB7EA9/2022,780,797
hCoV-19/England/ALDP-37D7C1D/2022,780,788
hCoV-19/England/ALDP-37D7AF5/2022,780,788
hCoV-19/England/ALDP-37D799E/2022,780,788
