hCoV-19/England/PHEC-YYGWYTQ/2022,949,964
hCoV-19/England/PHEC-YYGWYC3/2022,949,964
hCoV-19/England/PHEC-YYGWTGW/2022,949,965
hCoV-19/England/PHEC-YYGWQ5C/2022,949,965
hCoV-19/England/PHEC-YYGWMG4/2022,949,964
hCoV-19/England/PHEC-YYGWDZ9/2022,949,964
hCoV-19/England/PHEC-YYGWDK4/2022,949,964
hCoV-19/England/PHEC-YYGWDHI/2022,949,964
hCoV-19/England/PHEC-YYGWBTP/2022,949,964
hCoV-19/England/PHEC-YYGWBSD/2022,949,964
hCoV-19/England/PHEC-YYGW3OZ/2022,949,967
hCoV-19/England/PHEC-YYGUMI7/2022,949,961
hCoV-19/England/PHEC-YYGUMAZ/2022,949,961
hCoV-19/England/PHEC-YYGUM9J/2022,949,961
hCoV-19/England/PHEC-YYGUM6M/2022,949,961
hCoV-19/England/PHEC-YYGUJE4/2022,949,961
hCoV-19/England/PHEC-YYGUIO7/2022,949,964
hCoV-19/England/PHEC-YYGUIKK/2022,949,964
hCoV-19/England/PHEC-YYGUEZH/2022,949,961
hCoV-19/England/PHEC-YYGUCR9/2022,949,961
hCoV-19/England/PHEC-YYGUCBF/2022,949,961
hCoV-19/England/PHEC-YYGU9QA/2022,949,964
hCoV-19/England/PHEC-YYGU9FK/2022,949,964
hCoV-19/England/PHEC-YYGIFUD/2022,949,968
hCoV-19/England/PHEC-YYGWYUK/2022,950,964
hCoV-19/England/PHEC-YYGWYPZ/2022,950,964
hCoV-19/England/PHEC-YYGWYK7/2022,950,964
hCoV-19/England/PHEC-YYGWYF8/2022,950,964
hCoV-19/England/PHEC-YYGWNOQ/2022,950,964
hCoV-19/England/PHEC-YYGWNDJ/2022,950,964
hCoV-19/England/PHEC-YYGWDXO/2022,950,964
hCoV-19/England/PHEC-YYGWDTM/2022,950,964
hCoV-19/England/PHEC-YYGWDQ1/2022,950,964
hCoV-19/England/PHEC-YYGWD1J/2022,950,964
hCoV-19/England/PHEC-YYGWBZB/2022,950,964
hCoV-19/England/PHEC-YYGWBUJ/2022,950,964
hCoV-19/England/PHEC-YYGWBRE/2022,950,964
hCoV-19/England/PHEC-YYGWB9T/2022,950,964
hCoV-19/England/PHEC-YYGUIRS/2022,950,964
hCoV-19/England/PHEC-YYGU9YW/2022,950,964
hCoV-19/England/PHEC-YYGU9NO/2022,950,964
hCoV-19/England/PHEC-YYGU9M6/2022,950,964
hCoV-19/England/PHEC-YYGU9B1/2022,950,964
hCoV-19/England/PHEC-YYGU96Z/2022,950,964
hCoV-19/England/PHEC-YYGU69S/2022,950,964
hCoV-19/England/PHEC-YYGU674/2022,950,964
hCoV-19/England/PHEC-YYGIX4M/2022,950,971
hCoV-19/England/PHEC-YYGIRKZ/2022,950,968
hCoV-19/England/PHEC-YYGWMW7/2022,951,964
hCoV-19/England/PHEC-YYGWBX1/2022,951,964
hCoV-19/England/PHEC-YYGWBCA/2022,951,964
hCoV-19/England/PHEC-YYGWB37/2022,951,964
hCoV-19/England/PHEC-YYGWASC/2022,951,967
hCoV-19/England/PHEC-YYGWA3G/2022,951,967
hCoV-19/England/PHEC-YYGW7NO/2022,951,967
hCoV-19/England/PHEC-YYGW6M7/2022,951,967
hCoV-19/England/PHEC-YYGW6AN/2022,951,967
hCoV-19/England/PHEC-YYGW5KN/2022,951,967
hCoV-19/England/PHEC-YYGW5JR/2022,951,967
hCoV-19/England/PHEC-YYGW4IC/2022,951,967
hCoV-19/England/PHEC-YYGW3JG/2022,951,967
hCoV-19/England/PHEC-YYGW3IP/2022,951,967
hCoV-19/England/PHEC-YYGW3H9/2022,951,967
hCoV-19/England/PHEC-YYGW3BS/2022,951,967
hCoV-19/England/PHEC-YYGW3A8/2022,951,967
hCoV-19/England/PHEC-YYGW34D/2022,951,967
hCoV-19/England/PHEC-YYGIZ5B/2022,951,971
hCoV-19/England/PHEC-YYGIO8T/2022,951,971
hCoV-19/England/PHEC-YYGIFWB/2022,951,968
hCoV-19/England/PHEC-YYGZFDY/2022,952,974
hCoV-19/England/PHEC-YYGWHYI/2022,952,967
hCoV-19/England/PHEC-YYGWHWC/2022,952,967
hCoV-19/England/PHEC-YYGWHUQ/2022,952,967
hCoV-19/England/PHEC-YYGWH9S/2022,952,967
hCoV-19/England/PHEC-YYGWH74/2022,952,967
hCoV-19/England/PHEC-YYGWA4R/2022,952,967
hCoV-19/England/PHEC-YYGW9RK/2022,952,967
hCoV-19/England/PHEC-YYGW7QA/2022,952,967
hCoV-19/England/PHEC-YYGW7KY/2022,952,967
hCoV-19/England/PHEC-YYGW7JN/2022,952,967
hCoV-19/England/PHEC-YYGW7ER/2022,952,967
hCoV-19/England/PHEC-YYGW6WK/2022,952,967
hCoV-19/England/PHEC-YYGW5RQ/2022,952,967
hCoV-19/England/PHEC-YYGW5FC/2022,952,967
hCoV-19/England/PHEC-YYGW4X3/2022,952,967
hCoV-19/England/PHEC-YYGW3P6/2022,952,967
hCoV-19/England/PHEC-YYGW3FQ/2022,952,967
hCoV-19/England/PHEC-YYGSBFN/2022,952,971
hCoV-19/England/PHEC-YYGIX5J/2022,952,971
hCoV-19/England/PHEC-YYGIRXP/2022,952,968
hCoV-19/England/PHEC-YYGION5/2022,952,971
hCoV-19/England/PHEC-YYGIOHG/2022,952,971
hCoV-19/England/PHEC-YYGIA8J/2022,952,971
hCoV-19/England/PHEC-YYGZONZ/2022,953,978
hCoV-19/England/PHEC-YYGZOMF/2022,953,978
hCoV-19/England/PHEC-YYGZOGX/2022,953,978
hCoV-19/England/PHEC-YYGZOEM/2022,953,978
hCoV-19/England/PHEC-YYGZOB3/2022,953,978
hCoV-19/England/PHEC-YYGZFG4/2022,953,974
hCoV-19/England/PHEC-YYGWHT1/2022,953,967
hCoV-19/England/PHEC-YYGWHP5/2022,953,967
hCoV-19/England/PHEC-YYGWAZK/2022,953,967
hCoV-19/England/PHEC-YYGWAHY/2022,953,967
hCoV-19/England/PHEC-YYGW9BO/2022,953,967
hCoV-19/England/PHEC-YYGW7RC/2022,953,967
hCoV-19/England/PHEC-YYGW7DQ/2022,953,967
hCoV-19/England/PHEC-YYGW79I/2022,953,967
hCoV-19/England/PHEC-YYGW6YU/2022,953,967
hCoV-19/England/PHEC-YYGW6NX/2022,953,967
hCoV-19/England/PHEC-YYGW6JB/2022,953,967
hCoV-19/England/PHEC-YYGW6FJ/2022,953,967
hCoV-19/England/PHEC-YYGW5AF/2022,953,967
hCoV-19/England/PHEC-YYGW59Z/2022,953,967
hCoV-19/England/PHEC-YYGW4ZE/2022,953,967
hCoV-19/England/PHEC-YYGW4WQ/2022,953,967
hCoV-19/England/PHEC-YYGW4TW/2022,953,967
hCoV-19/England/PHEC-YYGW4H6/2022,953,967
hCoV-19/England/PHEC-YYGW47H/2022,953,967
hCoV-19/England/PHEC-YYGW3X4/2022,953,967
hCoV-19/England/PHEC-YYGW3WX/2022,953,967
hCoV-19/England/PHEC-YYGW3UT/2022,953,967
hCoV-19/England/PHEC-YYGW3EE/2022,953,967
hCoV-19/England/PHEC-YYGW31U/2022,953,967
hCoV-19/England/PHEC-YYGSNYM/2022,953,971
hCoV-19/England/PHEC-YYGSNFB/2022,953,971
hCoV-19/England/PHEC-YYGSBYC/2022,953,971
hCoV-19/England/PHEC-YYGSBMS/2022,953,971
hCoV-19/England/PHEC-YYGSBGY/2022,953,971
hCoV-19/England/PHEC-YYGIZKR/2022,953,971
hCoV-19/England/PHEC-YYGIZ3F/2022,953,971
hCoV-19/England/PHEC-YYGIYSN/2022,953,967
hCoV-19/England/PHEC-YYGIWSQ/2022,953,971
hCoV-19/England/PHEC-YYGIRZH/2022,953,968
hCoV-19/England/PHEC-YYGIROK/2022,953,968
hCoV-19/England/PHEC-YYGIOB7/2022,953,971
hCoV-19/England/PHEC-YYGIFPO/2022,953,968
hCoV-19/England/PHEC-YYGIFJA/2022,953,968
hCoV-19/England/PHEC-YYGIDXQ/2022,953,968
hCoV-19/England/PHEC-YYGIDMS/2022,953,968
hCoV-19/England/PHEC-YYGIDEH/2022,953,968
hCoV-19/England/PHEC-YYGIDCW/2022,953,968
hCoV-19/England/PHEC-YYGID18/2022,953,968
hCoV-19/England/PHEC-YYGIBK4/2022,953,968
hCoV-19/England/PHEC-YYGIA4N/2022,953,971
hCoV-19/England/PHEC-YYGI7SF/2022,953,971
hCoV-19/England/PHEC-YYGI5NO/2022,953,971
hCoV-19/England/PHEC-YYGI5M6/2022,953,971
hCoV-19/England/PHEC-YYGI5ER/2022,953,971
hCoV-19/England/PHEC-YYGI5CH/2022,953,971
hCoV-19/England/PHEC-YYGI4SE/2022,953,971
hCoV-19/England/PHEC-YYGAJEO/2022,953,979
hCoV-19/England/PHEC-YYGZF8A/2022,954,974
hCoV-19/England/PHEC-YYGWHSE/2022,954,967
hCoV-19/England/PHEC-YYGWHRP/2022,954,967
hCoV-19/England/PHEC-YYGWHC7/2022,954,967
hCoV-19/England/PHEC-YYGWH3N/2022,954,967
hCoV-19/England/PHEC-YYGW9Y1/2022,954,967
hCoV-19/England/PHEC-YYGW7XS/2022,954,967
hCoV-19/England/PHEC-YYGW7TT/2022,954,967
hCoV-19/England/PHEC-YYGW7P4/2022,954,967
hCoV-19/England/PHEC-YYGW7IJ/2022,954,967
hCoV-19/England/PHEC-YYGW757/2022,954,967
hCoV-19/England/PHEC-YYGW5XA/2022,954,967
hCoV-19/England/PHEC-YYGW563/2022,954,967
hCoV-19/England/PHEC-YYGSX7D/2022,954,971
hCoV-19/England/PHEC-YYGSQY9/2022,954,971
hCoV-19/England/PHEC-YYGSQB7/2022,954,971
hCoV-19/England/PHEC-YYGSNRD/2022,954,971
hCoV-19/England/PHEC-YYGSBOM/2022,954,971
hCoV-19/England/PHEC-YYGSBA5/2022,954,971
hCoV-19/England/PHEC-YYGIZOZ/2022,954,971
hCoV-19/England/PHEC-YYGIZNW/2022,954,971
hCoV-19/England/PHEC-YYGIYA6/2022,954,967
hCoV-19/England/PHEC-YYGIOTH/2022,954,971
hCoV-19/England/PHEC-YYGIOMJ/2022,954,971
hCoV-19/England/PHEC-YYGIOKM/2022,954,971
hCoV-19/England/PHEC-YYGINOC/2022,954,968
hCoV-19/England/PHEC-YYGINJ5/2022,954,968
hCoV-19/England/PHEC-YYGINHW/2022,954,968
hCoV-19/England/PHEC-YYGINE7/2022,954,968
hCoV-19/England/PHEC-YYGIHZR/2022,954,971
hCoV-19/England/PHEC-YYGIHTO/2022,954,971
hCoV-19/England/PHEC-YYGIHNX/2022,954,971
hCoV-19/England/PHEC-YYGIDJ4/2022,954,968
hCoV-19/England/PHEC-YYGIDFN/2022,954,968
hCoV-19/England/PHEC-YYGID5I/2022,954,968
hCoV-19/England/PHEC-YYGIBXO/2022,954,968
hCoV-19/England/PHEC-YYGIBCS/2022,954,968
hCoV-19/England/PHEC-YYGIAQ5/2022,954,971
hCoV-19/England/PHEC-YYGIAGM/2022,954,971
hCoV-19/England/PHEC-YYGI5KY/2022,954,971
hCoV-19/England/PHEC-YYGI5IJ/2022,954,971
hCoV-19/England/PHEC-YYGI5GE/2022,954,971
hCoV-19/England/PHEC-YYGI5DQ/2022,954,971
hCoV-19/England/PHEC-YYGI4XZ/2022,954,971
hCoV-19/England/PHEC-YYGI4OW/2022,954,971
hCoV-19/England/PHEC-YYGI4DX/2022,954,971
hCoV-19/England/PHEC-YYGI456/2022,954,971
hCoV-19/England/PHEC-YYGI3WP/2022,954,971
hCoV-19/England/PHEC-YYGI3OI/2022,954,971
hCoV-19/England/PHEC-YYGI3IM/2022,954,971
hCoV-19/England/PHEC-YYGI3H7/2022,954,971
hCoV-19/England/PHEC-YYGI375/2022,954,971
hCoV-19/England/PHEC-YYGI31T/2022,954,971
hCoV-19/England/PHEC-YYGAJ15/2022,954,979
hCoV-19/England/PHEP-YYFWFSY/2022,955,974
hCoV-19/England/PHEC-YYGW7UP/2022,955,967
hCoV-19/England/PHEC-YYGW5Z8/2022,955,967
hCoV-19/England/PHEC-YYGW5OI/2022,955,967
hCoV-19/England/PHEC-YYGW5IM/2022,955,967
hCoV-19/England/PHEC-YYGW54B/2022,955,967
hCoV-19/England/PHEC-YYGW51T/2022,955,967
hCoV-19/England/PHEC-YYGSY9Q/2022,955,971
hCoV-19/England/PHEC-YYGSXT5/2022,955,971
hCoV-19/England/PHEC-YYGSXO7/2022,955,971
hCoV-19/England/PHEC-YYGSXME/2022,955,971
hCoV-19/England/PHEC-YYGSX13/2022,955,971
hCoV-19/England/PHEC-YYGSTYH/2022,955,971
hCoV-19/England/PHEC-YYGSNDF/2022,955,971
hCoV-19/England/PHEC-YYGSMZU/2022,955,971
hCoV-19/England/PHEC-YYGSCOY/2022,955,971
hCoV-19/England/PHEC-YYGSBXQ/2022,955,971
hCoV-19/England/PHEC-YYGSBHU/2022,955,971
hCoV-19/England/PHEC-YYGSBEH/2022,955,971
hCoV-19/England/PHEC-YYGSADX/2022,955,971
hCoV-19/England/PHEC-YYGIZP6/2022,955,971
hCoV-19/England/PHEC-YYGIZ1U/2022,955,971
hCoV-19/England/PHEC-YYGISHY/2022,955,971
hCoV-19/England/PHEC-YYGIS76/2022,955,971
hCoV-19/England/PHEC-YYGIOPF/2022,955,971
hCoV-19/England/PHEC-YYGINZ6/2022,955,968
hCoV-19/England/PHEC-YYGINSY/2022,955,968
hCoV-19/England/PHEC-YYGIHRM/2022,955,971
hCoV-19/England/PHEC-YYGIHFJ/2022,955,971
hCoV-19/England/PHEC-YYGIHED/2022,955,971
hCoV-19/England/PHEC-YYGIH8F/2022,955,971
hCoV-19/England/PHEC-YYGIDYC/2022,955,968
hCoV-19/England/PHEC-YYGIBZ9/2022,955,968
hCoV-19/England/PHEC-YYGIBRG/2022,955,968
hCoV-19/England/PHEC-YYGIB43/2022,955,968
hCoV-19/England/PHEC-YYGIAMB/2022,955,971
hCoV-19/England/PHEC-YYGIAJF/2022,955,971
hCoV-19/England/PHEC-YYGI7PA/2022,955,971
hCoV-19/England/PHEC-YYGI5QA/2022,955,971
hCoV-19/England/PHEC-YYGI5P4/2022,955,971
hCoV-19/England/PHEC-YYGI4ZG/2022,955,971
hCoV-19/England/PHEC-YYGI4P5/2022,955,971
hCoV-19/England/PHEC-YYGI4HH/2022,955,971
hCoV-19/England/PHEC-YYGI4C7/2022,955,971
hCoV-19/England/PHEC-YYGI4BU/2022,955,971
hCoV-19/England/PHEC-YYGI474/2022,955,971
hCoV-19/England/PHEC-YYGI3XA/2022,955,971
hCoV-19/England/PHEC-YYGI3UX/2022,955,971
hCoV-19/England/PHEC-YYGI3Q4/2022,955,971
hCoV-19/England/PHEC-YYGI3PH/2022,955,971
hCoV-19/England/PHEC-YYGI3KN/2022,955,971
