hCoV-19/Wales/PHWC-PEHY6E/2022,788,805
hCoV-19/Scotland/QEUH-388F141/2022,788,797
hCoV-19/Scotland/QEUH-388EFDF/2022,788,797
hCoV-19/Scotland/QEUH-388E528/2022,788,797
hCoV-19/Scotland/QEUH-388DD5E/2022,788,797
hCoV-19/England/PHEP-YYRCNHJ/2022,788,806
hCoV-19/England/PHEP-YYRCNCK/2022,788,806
hCoV-19/England/PHEC-YYDYU1F/2022,788,803
hCoV-19/England/PHEC-YYDYOWR/2022,788,803
hCoV-19/England/PHEC-YYDYOHW/2022,788,803
hCoV-19/England/PHEC-YYDYHSW/2022,788,803
hCoV-19/England/PHEC-YYDY9ZX/2022,788,803
hCoV-19/England/PHEC-YYDY9O7/2022,788,803
hCoV-19/England/PHEC-YYDY7II/2022,788,803
hCoV-19/England/PHEC-YYDY6WS/2022,788,803
hCoV-19/England/PHEC-YYDY69Y/2022,788,803
hCoV-19/England/PHEC-YYDY64K/2022,788,803
hCoV-19/England/PHEC-YYDY1WN/2022,788,803
hCoV-19/England/PHEC-YYDY1UR/2022,788,803
hCoV-19/England/PHEC-YYDY1S6/2022,788,803
hCoV-19/England/PHEC-YYDY13A/2022,788,803
hCoV-19/England/PHEC-YYDXAZA/2022,788,817
hCoV-19/England/PHEC-YYDRXG4/2022,788,859
hCoV-19/England/PHEC-YYDRTEW/2022,788,859
hCoV-19/England/PHEC-YYDRT7J/2022,788,859
hCoV-19/England/PHEC-YYDROZS/2022,788,859
hCoV-19/England/PHEC-YYDROX8/2022,788,859
hCoV-19/England/PHEC-YYDROWH/2022,788,859
hCoV-19/England/PHEC-YYDROSA/2022,788,859
hCoV-19/England/PHEC-YYDROR7/2022,788,859
hCoV-19/England/PHEC-YYDROPM/2022,788,859
hCoV-19/England/PHEC-YYDROI4/2022,788,859
hCoV-19/England/PHEC-YYDRO4O/2022,788,859
hCoV-19/England/PHEC-YYDRNYU/2022,788,804
hCoV-19/England/PHEC-YYDRNG8/2022,788,804
hCoV-19/England/PHEC-YYDRN8F/2022,788,804
hCoV-19/England/PHEC-YYDRN3Y/2022,788,804
hCoV-19/England/PHEC-YYDRGJ7/2022,788,805
hCoV-19/England/PHEC-YYDRG7W/2022,788,805
hCoV-19/England/PHEC-YYDR8YQ/2022,788,805
hCoV-19/England/PHEC-YYDR8OP/2022,788,805
hCoV-19/England/PHEC-YYDR8CS/2022,788,805
hCoV-19/England/PHEC-YYDNZOB/2022,788,803
hCoV-19/England/PHEC-YYDGE9K/2022,788,810
hCoV-19/England/PHEC-YYDBYO4/2022,788,803
hCoV-19/England/PHEC-YYDBYNZ/2022,788,803
hCoV-19/England/PHEC-YYDBYMF/2022,788,803
hCoV-19/England/PHEC-YYDBYEM/2022,788,803
hCoV-19/England/PHEC-YYDBYDI/2022,788,803
hCoV-19/England/PHEC-YYDBNOA/2022,788,803
hCoV-19/England/PHEC-YYDB4B9/2022,788,803
hCoV-19/England/LSPA-389E82C/2022,788,795
hCoV-19/Scotland/QEUH-38E3002/2022,789,798
hCoV-19/Scotland/QEUH-38B25C1/2022,789,797
hCoV-19/Scotland/QEUH-38AFC68/2022,789,797
hCoV-19/England/PHEP-YYRCBW4/2022,789,806
hCoV-19/England/PHEP-YYRCBA1/2022,789,806
hCoV-19/England/PHEC-YYDY9T5/2022,789,803
hCoV-19/England/PHEC-YYDY9G1/2022,789,803
hCoV-19/England/PHEC-YYDY9AP/2022,789,803
hCoV-19/England/PHEC-YYDY6IW/2022,789,803
hCoV-19/England/PHEC-YYDY63C/2022,789,803
hCoV-19/England/PHEC-YYDY1IY/2022,789,803
hCoV-19/England/PHEC-YYDRXS3/2022,789,859
hCoV-19/England/PHEC-YYDRXQK/2022,789,859
hCoV-19/England/PHEC-YYDRXMO/2022,789,859
hCoV-19/England/PHEC-YYDRXHP/2022,789,859
hCoV-19/England/PHEC-YYDRXCQ/2022,789,859
hCoV-19/England/PHEC-YYDRXAI/2022,789,859
hCoV-19/England/PHEC-YYDRX7M/2022,789,859
hCoV-19/England/PHEC-YYDRWJX/2022,789,859
hCoV-19/England/PHEC-YYDRW8U/2022,789,859
hCoV-19/England/PHEC-YYDRW3Q/2022,789,859
hCoV-19/England/PHEC-YYDRTSZ/2022,789,859
hCoV-19/England/PHEC-YYDRSN5/2022,789,859
hCoV-19/England/PHEC-YYDRO8Z/2022,789,859
hCoV-19/England/PHEC-YYDRO1Y/2022,789,859
hCoV-19/England/PHEC-YYDRNSG/2022,789,804
hCoV-19/England/PHEC-YYDRJWD/2022,789,805
hCoV-19/England/PHEC-YYDRJ7T/2022,789,805
hCoV-19/England/PHEC-YYDRHWO/2022,789,806
hCoV-19/England/PHEC-YYDRHOA/2022,789,806
hCoV-19/England/PHEC-YYDRHMD/2022,789,806
hCoV-19/England/PHEC-YYDRHIQ/2022,789,806
hCoV-19/England/PHEC-YYDRH1W/2022,789,806
hCoV-19/England/PHEC-YYDRG9O/2022,789,805
hCoV-19/England/PHEC-YYDRG1K/2022,789,805
hCoV-19/England/PHEC-YYDREBM/2022,789,805
hCoV-19/England/PHEC-YYDRBUP/2022,789,804
hCoV-19/England/PHEC-YYDRBDQ/2022,789,804
hCoV-19/England/PHEC-YYDR8XO/2022,789,805
hCoV-19/England/PHEC-YYDR8U8/2022,789,805
hCoV-19/England/PHEC-YYDR8RG/2022,789,805
hCoV-19/England/PHEC-YYDR8NK/2022,789,805
hCoV-19/England/PHEC-YYDR8HI/2022,789,805
hCoV-19/England/PHEC-YYDR8GN/2022,789,805
hCoV-19/England/PHEC-YYDR89X/2022,789,805
hCoV-19/England/PHEC-YYDR87U/2022,789,805
hCoV-19/England/PHEC-YYDR7UT/2022,789,806
hCoV-19/England/PHEC-YYDR4FT/2022,789,806
hCoV-19/England/PHEC-YYDR369/2022,789,806
hCoV-19/England/PHEC-YYDNQYM/2022,789,803
hCoV-19/England/PHEC-YYDNKHS/2022,789,803
hCoV-19/England/PHEC-YYDNGSG/2022,789,803
hCoV-19/England/PHEC-YYDNGIE/2022,789,803
hCoV-19/England/PHEC-YYDNG7A/2022,789,803
hCoV-19/England/PHEC-YYDNEXU/2022,789,803
hCoV-19/England/PHEC-YYDNE54/2022,789,803
hCoV-19/England/PHEC-YYDN8Y1/2022,789,803
hCoV-19/England/PHEC-YYDN8UM/2022,789,803
hCoV-19/England/PHEC-YYDN8TX/2022,789,803
hCoV-19/England/PHEC-YYDN8RK/2022,789,803
hCoV-19/England/PHEC-YYDN8OT/2022,789,803
hCoV-19/England/PHEC-YYDN8GG/2022,789,803
hCoV-19/England/PHEC-YYDN8AB/2022,789,803
hCoV-19/England/PHEC-YYDGZR1/2022,789,810
hCoV-19/England/PHEC-YYDGS9H/2022,789,810
hCoV-19/England/PHEC-YYDGIO5/2022,789,810
hCoV-19/England/PHEC-YYDFK6C/2022,789,806
hCoV-19/England/PHEC-YYDEI4D/2022,789,810
hCoV-19/England/PHEC-YYDBYW1/2022,789,803
hCoV-19/England/PHEC-YYDBYUW/2022,789,803
hCoV-19/England/PHEC-YYDBYIO/2022,789,803
hCoV-19/England/PHEC-YYDBYAK/2022,789,803
hCoV-19/England/PHEC-YYDAIH6/2022,789,826
hCoV-19/England/PHEC-5X069Z57/2022,789,807
hCoV-19/England/MILK-38AE8ED/2022,789,795
hCoV-19/England/MILK-38AD110/2022,789,796
hCoV-19/Wales/PHWC-PEHJYH/2022,790,805
hCoV-19/Wales/PHWC-PE6CT1/2022,790,810
hCoV-19/Scotland/QEUH-38E20F4/2022,790,798
hCoV-19/Scotland/QEUH-38E1DEF/2022,790,798
hCoV-19/Scotland/QEUH-38D761E/2022,790,798
hCoV-19/Scotland/QEUH-38D40AA/2022,790,798
hCoV-19/Scotland/QEUH-38D3E65/2022,790,798
hCoV-19/Scotland/CVR15420/2022,790,831
hCoV-19/England/QEUH-38CDE6E/2022,790,797
hCoV-19/England/PLYM-38BBE81/2022,790,796
hCoV-19/England/PLYM-38B492D/2022,790,796
hCoV-19/England/PHEP-YYRCSID/2022,790,810
hCoV-19/England/PHEP-YYRCADG/2022,790,810
hCoV-19/England/PHEP-YYRC56C/2022,790,810
hCoV-19/England/PHEC-YYDY9RS/2022,790,803
hCoV-19/England/PHEC-YYDTEBO/2022,790,818
hCoV-19/England/PHEC-YYDT89W/2022,790,818
hCoV-19/England/PHEC-YYDRZWI/2022,790,859
hCoV-19/England/PHEC-YYDRZUZ/2022,790,859
hCoV-19/England/PHEC-YYDRWXD/2022,790,859
hCoV-19/England/PHEC-YYDRWP8/2022,790,859
hCoV-19/England/PHEC-YYDRWMM/2022,790,859
hCoV-19/England/PHEC-YYDRWB9/2022,790,859
hCoV-19/England/PHEC-YYDRUXR/2022,790,859
hCoV-19/England/PHEC-YYDRUPE/2022,790,859
hCoV-19/England/PHEC-YYDRUN6/2022,790,859
hCoV-19/England/PHEC-YYDRUDH/2022,790,859
hCoV-19/England/PHEC-YYDRU9D/2022,790,859
hCoV-19/England/PHEC-YYDRU78/2022,790,859
hCoV-19/England/PHEC-YYDRJ5I/2022,790,805
hCoV-19/England/PHEC-YYDRIWZ/2022,790,859
hCoV-19/England/PHEC-YYDRID4/2022,790,859
hCoV-19/England/PHEC-YYDRI4M/2022,790,859
hCoV-19/England/PHEC-YYDRHY3/2022,790,806
hCoV-19/England/PHEC-YYDRHJ8/2022,790,806
hCoV-19/England/PHEC-YYDRH8M/2022,790,806
hCoV-19/England/PHEC-YYDRG3H/2022,790,805
hCoV-19/England/PHEC-YYDRAY7/2022,790,859
hCoV-19/England/PHEC-YYDRADZ/2022,790,859
hCoV-19/England/PHEC-YYDR8K4/2022,790,805
hCoV-19/England/PHEC-YYDR8JH/2022,790,805
hCoV-19/England/PHEC-YYDR8E6/2022,790,805
hCoV-19/England/PHEC-YYDR7X4/2022,790,806
hCoV-19/England/PHEC-YYDR7OZ/2022,790,806
hCoV-19/England/PHEC-YYDR7CY/2022,790,806
hCoV-19/England/PHEC-YYDR5KG/2022,790,806
hCoV-19/England/PHEC-YYDR5IX/2022,790,806
hCoV-19/England/PHEC-YYDR5HB/2022,790,806
hCoV-19/England/PHEC-YYDR4W1/2022,790,806
hCoV-19/England/PHEC-YYDR4TA/2022,790,806
hCoV-19/England/PHEC-YYDR4SQ/2022,790,806
hCoV-19/England/PHEC-YYDR4RU/2022,790,806
hCoV-19/England/PHEC-YYDR4NZ/2022,790,806
hCoV-19/England/PHEC-YYDR4GX/2022,790,806
hCoV-19/England/PHEC-YYDR4EM/2022,790,806
hCoV-19/England/PHEC-YYDR4DI/2022,790,806
hCoV-19/England/PHEC-YYDR3T3/2022,790,806
hCoV-19/England/PHEC-YYDR3O5/2022,790,806
hCoV-19/England/PHEC-YYDR37B/2022,790,806
hCoV-19/England/PHEC-YYDR31Z/2022,790,806
hCoV-19/England/PHEC-YYDR1R5/2022,790,859
hCoV-19/England/PHEC-YYDR1MP/2022,790,859
hCoV-19/England/PHEC-YYDR15C/2022,790,859
hCoV-19/England/PHEC-YYDNRGJ/2022,790,803
hCoV-19/England/PHEC-YYDNQE5/2022,790,803
hCoV-19/England/PHEC-YYDNKWG/2022,790,803
hCoV-19/England/PHEC-YYDNKUE/2022,790,803
hCoV-19/England/PHEC-YYDNK61/2022,790,803
hCoV-19/England/PHEC-YYDNJM4/2022,790,803
hCoV-19/England/PHEC-YYDNJFG/2022,790,803
hCoV-19/England/PHEC-YYDNJDK/2022,790,803
hCoV-19/England/PHEC-YYDNE91/2022,790,803
hCoV-19/England/PHEC-YYDNE4H/2022,790,803
hCoV-19/England/PHEC-YYDNE36/2022,790,803
hCoV-19/England/PHEC-YYDNCAH/2022,790,803
hCoV-19/England/PHEC-YYDKHQT/2022,790,812
hCoV-19/England/PHEC-YYDK5Q1/2022,790,812
hCoV-19/England/PHEC-YYDK5OP/2022,790,812
hCoV-19/England/PHEC-YYDI7HH/2022,790,824
hCoV-19/England/PHEC-YYDI6P4/2022,790,824
hCoV-19/England/PHEC-YYDH6R6/2022,790,828
hCoV-19/England/PHEC-YYDGZXH/2022,790,810
hCoV-19/England/PHEC-YYDGZNS/2022,790,810
hCoV-19/England/PHEC-YYDGZJE/2022,790,810
hCoV-19/England/PHEC-YYDGZBA/2022,790,810
hCoV-19/England/PHEC-YYDGTZT/2022,790,810
hCoV-19/England/PHEC-YYDGTAX/2022,790,810
hCoV-19/England/PHEC-YYDGT81/2022,790,810
hCoV-19/England/PHEC-YYDGAWO/2022,790,810
hCoV-19/England/PHEC-YYDG8A3/2022,790,810
hCoV-19/England/PHEC-YYDFYNX/2022,790,806
hCoV-19/England/PHEC-YYDFOKX/2022,790,807
hCoV-19/England/PHEC-YYDFIY6/2022,790,807
hCoV-19/England/PHEC-YYDEOPD/2022,790,810
hCoV-19/England/PHEC-YYDEOEP/2022,790,810
hCoV-19/England/PHEC-YYDEH7S/2022,790,810
hCoV-19/England/PHEC-YYDEH6W/2022,790,810
hCoV-19/England/PHEC-YYDBYSQ/2022,790,803
hCoV-19/England/PHEC-YYDBY9H/2022,790,803
hCoV-19/England/PHEC-YYDBY4G/2022,790,803
hCoV-19/England/PHEC-YYDBNY3/2022,790,803
hCoV-19/England/PHEC-YYDBNRT/2022,790,803
hCoV-19/England/PHEC-YYDBNFX/2022,790,803
hCoV-19/England/PHEC-YYDBNBZ/2022,790,803
hCoV-19/England/PHEC-YYDBN8M/2022,790,803
hCoV-19/England/PHEC-YYD1TBF/2022,790,820
hCoV-19/England/PHEC-5X069Z0C/2022,790,807
hCoV-19/England/NEWC-38B818B/2022,790,796
hCoV-19/England/MILK-38BB953/2022,790,796
hCoV-19/England/LSPA-391433B/2022,790,800
hCoV-19/England/LSPA-38BFAC5/2022,790,797
hCoV-19/Wales/PHWC-PE6AUN/2022,791,810
hCoV-19/Scotland/QEUH-38E65D3/2022,791,798
hCoV-19/Scotland/QEUH-38E46C3/2022,791,798
hCoV-19/Scotland/QEUH-38DF977/2022,791,798
hCoV-19/Scotland/QEUH-38DDC52/2022,791,798
hCoV-19/Scotland/QEUH-38DC1EB/2022,791,798
hCoV-19/Scotland/QEUH-38D4972/2022,791,798
hCoV-19/Scotland/QEUH-38D1F91/2022,791,798
hCoV-19/Scotland/QEUH-38CEB57/2022,791,798
hCoV-19/Scotland/QEUH-38CCD35/2022,791,798
hCoV-19/England/PHEP-YYRPFY7/2022,791,810
hCoV-19/England/PHEP-YYRCOXS/2022,791,810
hCoV-19/England/PHEP-YYRCB9R/2022,791,806
hCoV-19/England/PHEC-YYRDH1I/2022,791,835
hCoV-19/England/PHEC-YYRCXQ3/2022,791,838
hCoV-19/England/PHEC-YYDRZN4/2022,791,859
hCoV-19/England/PHEC-YYDRZFW/2022,791,859
hCoV-19/England/PHEC-YYDRWIS/2022,791,859
hCoV-19/England/PHEC-YYDRWFZ/2022,791,859
hCoV-19/England/PHEC-YYDRW9N/2022,791,859
hCoV-19/England/PHEC-YYDRUR4/2022,791,859
hCoV-19/England/PHEC-YYDRUE1/2022,791,859
hCoV-19/England/PHEC-YYDRSWS/2022,791,859
hCoV-19/England/PHEC-YYDRK6Q/2022,791,805
hCoV-19/England/PHEC-YYDRIYY/2022,791,859
hCoV-19/England/PHEC-YYDRIXN/2022,791,859
hCoV-19/England/PHEC-YYDRIO9/2022,791,859
hCoV-19/England/PHEC-YYDRIMK/2022,791,859
hCoV-19/England/PHEC-YYDRIJQ/2022,791,859
hCoV-19/England/PHEC-YYDRI15/2022,791,859
hCoV-19/England/PHEC-YYDRAWW/2022,791,859
hCoV-19/England/PHEC-YYDRAEP/2022,791,859
hCoV-19/England/PHEC-YYDRA8X/2022,791,859
hCoV-19/England/PHEC-YYDRA7N/2022,791,859
hCoV-19/England/PHEC-YYDR7QH/2022,791,806
hCoV-19/England/PHEC-YYDR7P6/2022,791,806
hCoV-19/England/PHEC-YYDR7IP/2022,791,806
hCoV-19/England/PHEC-YYDR7BS/2022,791,806
hCoV-19/England/PHEC-YYDR5XH/2022,791,806
hCoV-19/England/PHEC-YYDR5UU/2022,791,806
hCoV-19/England/PHEC-YYDR5TZ/2022,791,806
hCoV-19/England/PHEC-YYDR5Q6/2022,791,806
hCoV-19/England/PHEC-YYDR5DW/2022,791,806
hCoV-19/England/PHEC-YYDR5BA/2022,791,806
hCoV-19/England/PHEC-YYDR51I/2022,791,806
hCoV-19/England/PHEC-YYDR4X7/2022,791,806
hCoV-19/England/PHEC-YYDR4Q9/2022,791,806
hCoV-19/England/PHEC-YYDR4JJ/2022,791,806
hCoV-19/England/PHEC-YYDR4HN/2022,791,806
hCoV-19/England/PHEC-YYDR4CD/2022,791,806
hCoV-19/England/PHEC-YYDR4B3/2022,791,806
hCoV-19/England/PHEC-YYDR48P/2022,791,806
hCoV-19/England/PHEC-YYDR43E/2022,791,806
hCoV-19/England/PHEC-YYDR41S/2022,791,806
hCoV-19/England/PHEC-YYDR3SX/2022,791,806
hCoV-19/England/PHEC-YYDR3HD/2022,791,806
hCoV-19/England/PHEC-YYDR3B4/2022,791,859
hCoV-19/England/PHEC-YYDR3AM/2022,791,806
hCoV-19/England/PHEC-YYDR348/2022,791,806
hCoV-19/England/PHEC-YYDR1SS/2022,791,859
hCoV-19/England/PHEC-YYDR1ON/2022,791,859
hCoV-19/England/PHEC-YYDR1JT/2022,791,859
hCoV-19/England/PHEC-YYDR1IA/2022,791,859
hCoV-19/England/PHEC-YYDR1HK/2022,791,859
hCoV-19/England/PHEC-YYDR13O/2022,791,859
hCoV-19/England/PHEC-YYDKI9I/2022,791,812
hCoV-19/England/PHEC-YYDJRTR/2022,791,810
hCoV-19/England/PHEC-YYDJRS4/2022,791,810
hCoV-19/England/PHEC-YYDIZDI/2022,791,824
hCoV-19/England/PHEC-YYDIH9Z/2022,791,824
hCoV-19/England/PHEC-YYDI7NT/2022,791,824
hCoV-19/England/PHEC-YYDGTWZ/2022,791,810
hCoV-19/England/PHEC-YYDGTQR/2022,791,810
hCoV-19/England/PHEC-YYDGTPG/2022,791,810
hCoV-19/England/PHEC-YYDGTO9/2022,791,810
hCoV-19/England/PHEC-YYDGT15/2022,791,810
hCoV-19/England/PHEC-YYDGPJ1/2022,791,810
hCoV-19/England/PHEC-YYDGOXD/2022,791,810
hCoV-19/England/PHEC-YYDGOT6/2022,791,810
hCoV-19/England/PHEC-YYDGOMM/2022,791,810
hCoV-19/England/PHEC-YYDGOKP/2022,791,810
hCoV-19/England/PHEC-YYDGOHE/2022,791,810
hCoV-19/England/PHEC-YYDGOGI/2022,791,810
hCoV-19/England/PHEC-YYDGOAO/2022,791,810
hCoV-19/England/PHEC-YYDGM4T/2022,791,810
hCoV-19/England/PHEC-YYDGA6H/2022,791,810
hCoV-19/England/PHEC-YYDGA5N/2022,791,810
hCoV-19/England/PHEC-YYDGA4R/2022,791,810
hCoV-19/England/PHEC-YYDG3BS/2022,791,810
hCoV-19/England/PHEC-YYDFTSI/2022,791,807
hCoV-19/England/PHEC-YYDFTKQ/2022,791,807
hCoV-19/England/PHEC-YYDFT3X/2022,791,807
hCoV-19/England/PHEC-YYDFOHK/2022,791,807
hCoV-19/England/PHEC-YYDF4MD/2022,791,807
hCoV-19/England/PHEC-YYDF1B9/2022,791,807
hCoV-19/England/PHEC-YYDEIRO/2022,791,810
hCoV-19/England/PHEC-YYDEH91/2022,791,810
hCoV-19/England/PHEC-YYDE9RG/2022,791,810
hCoV-19/England/PHEC-YYDBY66/2022,791,803
hCoV-19/England/PHEC-YYD8MU7/2022,791,810
hCoV-19/England/PHEC-YYD8MI3/2022,791,810
hCoV-19/England/PHEC-YYD8M4X/2022,791,810
hCoV-19/England/PHEC-YYD8M3T/2022,791,810
hCoV-19/England/PHEC-YYD8M19/2022,791,810
hCoV-19/England/PHEC-YYD8HWK/2022,791,810
hCoV-19/England/PHEC-YYD8HIE/2022,791,810
hCoV-19/England/PHEC-YYD8H9W/2022,791,810
hCoV-19/England/PHEC-YYD8H7A/2022,791,810
hCoV-19/England/PHEC-YYD8H6S/2022,791,810
hCoV-19/England/PHEC-YYD8H1Q/2022,791,810
hCoV-19/England/PHEC-YYD8CXF/2022,791,810
hCoV-19/England/PHEC-YYD8CMP/2022,791,810
hCoV-19/England/PHEC-YYD8CKX/2022,791,810
hCoV-19/England/PHEC-YYD8C4Q/2022,791,810
hCoV-19/England/PHEC-YYD8C3O/2022,791,810
hCoV-19/England/PHEC-6M0B0ZB7/2022,791,838
hCoV-19/England/MILK-38EE508/2022,791,798
hCoV-19/England/MILK-38EC977/2022,791,798
hCoV-19/England/MILK-38E935E/2022,791,798
hCoV-19/England/LSPA-38E29BD/2022,791,798
hCoV-19/England/BRBR-38E7077/2022,791,798
hCoV-19/Wales/PHWC-PE96P8/2022,792,810
hCoV-19/Scotland/QEUH-3906ADD/2022,792,799
hCoV-19/Scotland/QEUH-3905546/2022,792,800
hCoV-19/Scotland/QEUH-39025C1/2022,792,799
hCoV-19/England/QEUH-3902136/2022,792,799
hCoV-19/England/PHEP-YYRPQ3B/2022,792,812
hCoV-19/England/PHEC-YYDTRTU/2022,792,818
hCoV-19/England/PHEC-YYDTRH7/2022,792,818
hCoV-19/England/PHEC-YYDTR59/2022,792,818
hCoV-19/England/PHEC-YYDTF56/2022,792,818
hCoV-19/England/PHEC-YYDRHNI/2022,792,806
hCoV-19/England/PHEC-YYDR7RO/2022,792,806
hCoV-19/England/PHEC-YYDR7NW/2022,792,806
hCoV-19/England/PHEC-YYDR73F/2022,792,806
hCoV-19/England/PHEC-YYDR6OS/2022,792,806
hCoV-19/England/PHEC-YYDR5WT/2022,792,806
hCoV-19/England/PHEC-YYDR4ZC/2022,792,806
hCoV-19/England/PHEC-YYDKSBT/2022,792,812
hCoV-19/England/PHEC-YYDKD6J/2022,792,812
hCoV-19/England/PHEC-YYDJZJN/2022,792,810
hCoV-19/England/PHEC-YYDJZGE/2022,792,810
hCoV-19/England/PHEC-YYDJRBF/2022,792,810
hCoV-19/England/PHEC-YYDJFJW/2022,792,810
hCoV-19/England/PHEC-YYDJDQC/2022,792,810
hCoV-19/England/PHEC-YYDJ8NY/2022,792,810
hCoV-19/England/PHEC-YYDJ8D6/2022,792,810
hCoV-19/England/PHEC-YYDISF1/2022,792,824
hCoV-19/England/PHEC-YYDI74Y/2022,792,824
hCoV-19/England/PHEC-YYDH6TD/2022,792,828
hCoV-19/England/PHEC-YYDGZSP/2022,792,810
hCoV-19/England/PHEC-YYDGZO3/2022,792,810
hCoV-19/England/PHEC-YYDGZKG/2022,792,810
hCoV-19/England/PHEC-YYDGZCN/2022,792,810
hCoV-19/England/PHEC-YYDGZAJ/2022,792,810
hCoV-19/England/PHEC-YYDGZ95/2022,792,810
hCoV-19/England/PHEC-YYDGZ5D/2022,792,810
hCoV-19/England/PHEC-YYDGXW3/2022,792,810
hCoV-19/England/PHEC-YYDGXU5/2022,792,810
hCoV-19/England/PHEC-YYDGXSI/2022,792,810
hCoV-19/England/PHEC-YYDGXPE/2022,792,810
hCoV-19/England/PHEC-YYDGX78/2022,792,810
hCoV-19/England/PHEC-YYDGX6F/2022,792,810
hCoV-19/England/PHEC-YYDGSW1/2022,792,810
hCoV-19/England/PHEC-YYDGSO4/2022,792,810
hCoV-19/England/PHEC-YYDGS4G/2022,792,810
hCoV-19/England/PHEC-YYDGRQT/2022,792,810
hCoV-19/England/PHEC-YYDGOWA/2022,792,810
hCoV-19/England/PHEC-YYDGOR3/2022,792,810
hCoV-19/England/PHEC-YYDGOFZ/2022,792,810
hCoV-19/England/PHEC-YYDGO7G/2022,792,810
hCoV-19/England/PHEC-YYDGHFM/2022,792,810
hCoV-19/England/PHEC-YYDGAZK/2022,792,810
hCoV-19/England/PHEC-YYDGATS/2022,792,810
hCoV-19/England/PHEC-YYDGASC/2022,792,810
hCoV-19/England/PHEC-YYDGAQ7/2022,792,810
hCoV-19/England/PHEC-YYDGAJ8/2022,792,810
hCoV-19/England/PHEC-YYDG3IP/2022,792,810
hCoV-19/England/PHEC-YYDFWB7/2022,792,807
hCoV-19/England/PHEC-YYDFU3P/2022,792,807
hCoV-19/England/PHEC-YYDFST4/2022,792,807
hCoV-19/England/PHEC-YYDFSOH/2022,792,807
hCoV-19/England/PHEC-YYDFSI1/2022,792,807
hCoV-19/England/PHEC-YYDFJYK/2022,792,806
hCoV-19/England/PHEC-YYDFJS7/2022,792,806
hCoV-19/England/PHEC-YYDFJQQ/2022,792,806
hCoV-19/England/PHEC-YYDFHRX/2022,792,807
hCoV-19/England/PHEC-YYDF6RP/2022,792,807
hCoV-19/England/PHEC-YYDF5IP/2022,792,807
hCoV-19/England/PHEC-YYDF577/2022,792,807
hCoV-19/England/PHEC-YYDEHF8/2022,792,810
hCoV-19/England/PHEC-YYDEBDG/2022,792,810
hCoV-19/England/PHEC-YYDC6W6/2022,792,817
hCoV-19/England/PHEC-YYD8MZI/2022,792,810
hCoV-19/England/PHEC-YYD8MTB/2022,792,810
hCoV-19/England/PHEC-YYD8MJ1/2022,792,810
hCoV-19/England/PHEC-YYD8HZR/2022,792,810
hCoV-19/England/PHEC-YYD8HNX/2022,792,810
hCoV-19/England/PHEC-YYD8HAN/2022,792,810
hCoV-19/England/PHEC-YYD8H3Y/2022,792,810
hCoV-19/England/PHEC-YYD8CF3/2022,792,810
hCoV-19/England/PHEC-YYD8A9A/2022,792,810
hCoV-19/England/PHEC-YYD87Y1/2022,792,810
hCoV-19/England/PHEC-YYD87NQ/2022,792,810
hCoV-19/England/PHEC-YYD87MH/2022,792,810
hCoV-19/England/PHEC-YYD87K6/2022,792,810
hCoV-19/England/PHEC-YYD87EN/2022,792,810
hCoV-19/England/PHEC-YYD87C4/2022,792,810
hCoV-19/England/PHEC-YYD878R/2022,792,810
hCoV-19/England/PHEC-YYD84ZG/2022,792,810
hCoV-19/England/PHEC-YYD84WC/2022,792,810
hCoV-19/England/PHEC-YYD84SE/2022,792,810
hCoV-19/England/PHEC-YYD84Q3/2022,792,810
hCoV-19/England/PHEC-YYD84P5/2022,792,810
hCoV-19/England/PHEC-YYD84OW/2022,792,810
hCoV-19/England/PHEC-YYD84GJ/2022,792,810
hCoV-19/England/PHEC-YYD84AR/2022,792,810
hCoV-19/England/PHEC-YYD4RKO/2022,792,827
hCoV-19/England/PHEC-YYD4N98/2022,792,828
hCoV-19/England/PHEC-YYD4DMX/2022,792,827
hCoV-19/England/PHEC-YYD4DKT/2022,792,827
hCoV-19/England/PHEC-YYD4159/2022,792,827
hCoV-19/England/PHEC-6M0B0Z3F/2022,792,838
hCoV-19/England/MILK-3975E82/2022,792,802
hCoV-19/England/MILK-39179AF/2022,792,799
hCoV-19/England/MILK-39017DB/2022,792,799
hCoV-19/England/LSPA-391B9BA/2022,792,800
hCoV-19/England/LSPA-3919F6F/2022,792,799
hCoV-19/England/LSPA-39150E8/2022,792,800
hCoV-19/England/BRBR-38F5F88/2022,792,799
hCoV-19/England/ALDP-3933099/2022,792,800
hCoV-19/England/ALDP-391DC19/2022,792,800
hCoV-19/England/ALDP-390D678/2022,792,799
hCoV-19/England/ALDP-390B100/2022,792,799
hCoV-19/Wales/PHWC-PJY9WI/2022,793,810
hCoV-19/Wales/PHWC-PJBGFM/2022,793,810
hCoV-19/Scotland/SCOT-6965/2022,793,813
hCoV-19/Scotland/QEUH-394CDC3/2022,793,801
hCoV-19/Scotland/QEUH-3943A7A/2022,793,801
hCoV-19/England/QEUH-3940363/2022,793,800
hCoV-19/England/PHEP-YYRCJTA/2022,793,807
hCoV-19/England/PHEP-YYRCFKM/2022,793,807
hCoV-19/England/PHEC-YYDTRUX/2022,793,818
hCoV-19/England/PHEC-YYDTR9Z/2022,793,818
hCoV-19/England/PHEC-YYDTR3D/2022,793,818
hCoV-19/England/PHEC-YYDTFUQ/2022,793,818
hCoV-19/England/PHEC-YYDTFSE/2022,793,818
hCoV-19/England/PHEC-YYDTFM9/2022,793,818
hCoV-19/England/PHEC-YYDTFAR/2022,793,818
hCoV-19/England/PHEC-YYDTF1O/2022,793,818
hCoV-19/England/PHEC-YYDSOMK/2022,793,824
hCoV-19/England/PHEC-YYDSO3P/2022,793,824
hCoV-19/England/PHEC-YYDRH3G/2022,793,806
hCoV-19/England/PHEC-YYDQKRX/2022,793,817
hCoV-19/England/PHEC-YYDPSZ6/2022,793,817
hCoV-19/England/PHEC-YYDPDU3/2022,793,817
hCoV-19/England/PHEC-YYDMK6Y/2022,793,814
hCoV-19/England/PHEC-YYDKZMH/2022,793,812
hCoV-19/England/PHEC-YYDKYUN/2022,793,810
hCoV-19/England/PHEC-YYDJRZA/2022,793,810
hCoV-19/England/PHEC-YYDJRJI/2022,793,810
hCoV-19/England/PHEC-YYDJR9E/2022,793,810
hCoV-19/England/PHEC-YYDJR7C/2022,793,810
hCoV-19/England/PHEC-YYDJR41/2022,793,810
hCoV-19/England/PHEC-YYDJQCF/2022,793,810
hCoV-19/England/PHEC-YYDJHK5/2022,793,810
hCoV-19/England/PHEC-YYDJGNB/2022,793,810
hCoV-19/England/PHEC-YYDJGBD/2022,793,810
hCoV-19/England/PHEC-YYDJFYG/2022,793,810
hCoV-19/England/PHEC-YYDJFW7/2022,793,810
hCoV-19/England/PHEC-YYDJEBB/2022,793,810
hCoV-19/England/PHEC-YYDJD9J/2022,793,810
hCoV-19/England/PHEC-YYDJCZO/2022,793,810
hCoV-19/England/PHEC-YYDJCS1/2022,793,810
hCoV-19/England/PHEC-YYDJ9YC/2022,793,810
hCoV-19/England/PHEC-YYDJ9RR/2022,793,810
hCoV-19/England/PHEC-YYDJ9NE/2022,793,810
hCoV-19/England/PHEC-YYDJ9FN/2022,793,810
hCoV-19/England/PHEC-YYDJ9DG/2022,793,810
hCoV-19/England/PHEC-YYDJ7NK/2022,793,810
hCoV-19/England/PHEC-YYDJ4SR/2022,793,810
hCoV-19/England/PHEC-YYDJ4PZ/2022,793,810
hCoV-19/England/PHEC-YYDJ4GF/2022,793,810
hCoV-19/England/PHEC-YYDJ4F8/2022,793,810
hCoV-19/England/PHEC-YYDJ3QS/2022,793,810
hCoV-19/England/PHEC-YYDJ1SC/2022,793,810
hCoV-19/England/PHEC-YYDJ1P9/2022,793,810
hCoV-19/England/PHEC-YYDGZHB/2022,793,810
hCoV-19/England/PHEC-YYDGRUG/2022,793,810
hCoV-19/England/PHEC-YYDGR34/2022,793,810
hCoV-19/England/PHEC-YYDGFMS/2022,793,810
hCoV-19/England/PHEC-YYDGFJ4/2022,793,810
hCoV-19/England/PHEC-YYDGFIB/2022,793,810
hCoV-19/England/PHEC-YYDGDZ9/2022,793,810
hCoV-19/England/PHEC-YYDGDU8/2022,793,810
hCoV-19/England/PHEC-YYDGD6T/2022,793,810
hCoV-19/England/PHEC-YYDGART/2022,793,810
hCoV-19/England/PHEC-YYDGAP9/2022,793,810
hCoV-19/England/PHEC-YYDGAKF/2022,793,810
hCoV-19/England/PHEC-YYDGAGP/2022,793,810
hCoV-19/England/PHEC-YYDGA8M/2022,793,810
hCoV-19/England/PHEC-YYDG5XA/2022,793,810
hCoV-19/England/PHEC-YYDG5UX/2022,793,810
hCoV-19/England/PHEC-YYDG51T/2022,793,810
hCoV-19/England/PHEC-YYDG3RO/2022,793,810
hCoV-19/England/PHEC-YYDEHSR/2022,793,810
hCoV-19/England/PHEC-YYDEHK7/2022,793,810
hCoV-19/England/PHEC-YYDEHIG/2022,793,810
hCoV-19/England/PHEC-YYDEHBX/2022,793,810
hCoV-19/England/PHEC-YYDEBFN/2022,793,810
hCoV-19/England/PHEC-YYDE7SD/2022,793,810
hCoV-19/England/PHEC-YYDE7CA/2022,793,810
hCoV-19/England/PHEC-YYDE6HS/2022,793,810
hCoV-19/England/PHEC-YYDE6CZ/2022,793,810
hCoV-19/England/PHEC-YYDE5AB/2022,793,810
hCoV-19/England/PHEC-YYDE547/2022,793,810
hCoV-19/England/PHEC-YYD8UDS/2022,793,810
hCoV-19/England/PHEC-YYD8RN8/2022,793,859
hCoV-19/England/PHEC-YYD8QT6/2022,793,810
hCoV-19/England/PHEC-YYD8PXR/2022,793,810
hCoV-19/England/PHEC-YYD8KYF/2022,793,810
hCoV-19/England/PHEC-YYD8HYU/2022,793,810
hCoV-19/England/PHEC-YYD89DK/2022,793,810
hCoV-19/England/PHEC-YYD87XW/2022,793,810
hCoV-19/England/PHEC-YYD87WJ/2022,793,810
hCoV-19/England/PHEC-YYD87QS/2022,793,810
hCoV-19/England/PHEC-YYD87PA/2022,793,810
hCoV-19/England/PHEC-YYD879U/2022,793,810
hCoV-19/England/PHEC-YYD876I/2022,793,810
hCoV-19/England/PHEC-YYD84YI/2022,793,810
hCoV-19/England/PHEC-YYD846A/2022,793,810
hCoV-19/England/PHEC-YYD81SO/2022,793,810
hCoV-19/England/PHEC-YYD4RYR/2022,793,827
hCoV-19/England/PHEC-YYD4RNY/2022,793,827
hCoV-19/England/PHEC-YYD4RGA/2022,793,827
hCoV-19/England/PHEC-YYD4REW/2022,793,827
hCoV-19/England/PHEC-YYD4DX8/2022,793,827
hCoV-19/England/PHEC-YYD4DF5/2022,793,827
hCoV-19/England/PHEC-YYD4DEI/2022,793,827
hCoV-19/England/PHEC-YYD4DBD/2022,793,827
hCoV-19/England/PHEC-YYD4D9G/2022,793,827
hCoV-19/England/PHEC-YYD4D6E/2022,793,827
hCoV-19/England/PHEC-6M0B1Z87/2022,793,838
hCoV-19/England/PHEC-6M0B1Z3C/2022,793,838
hCoV-19/England/MILK-393461E/2022,793,800
hCoV-19/England/LSPA-3938B1B/2022,793,802
hCoV-19/England/HSLL-397D89B/2022,793,802
hCoV-19/Scotland/QEUH-39733D0/2022,794,804
hCoV-19/Scotland/QEUH-397093B/2022,794,804
hCoV-19/Scotland/QEUH-395AF62/2022,794,801
hCoV-19/Scotland/QEUH-3953CBD/2022,794,801
hCoV-19/Scotland/QEUH-394E981/2022,794,801
hCoV-19/Scotland/QEUH-394E7B4/2022,794,801
hCoV-19/Scotland/QEUH-394CB23/2022,794,801
hCoV-19/Scotland/QEUH-394B474/2022,794,801
hCoV-19/Scotland/QEUH-394A967/2022,794,801
hCoV-19/Scotland/QEUH-3943263/2022,794,801
hCoV-19/England/PHEP-YYRPXJB/2022,794,812
hCoV-19/England/PHEP-YYRPQXS/2022,794,812
hCoV-19/England/PHEP-YYRPD6N/2022,794,810
hCoV-19/England/PHEP-YYRPD5E/2022,794,810
hCoV-19/England/PHEP-YYRPC3D/2022,794,812
hCoV-19/England/PHEP-YYRCUQI/2022,794,810
hCoV-19/England/PHEP-YYRCOWM/2022,794,810
hCoV-19/England/PHEC-YYDSOII/2022,794,824
hCoV-19/England/PHEC-YYDQRN3/2022,794,817
hCoV-19/England/PHEC-YYDQH6E/2022,794,817
hCoV-19/England/PHEC-YYDQ7QE/2022,794,817
hCoV-19/England/PHEC-YYDQ7GA/2022,794,817
hCoV-19/England/PHEC-YYDQ3M1/2022,794,817
hCoV-19/England/PHEC-YYDQ3JS/2022,794,817
hCoV-19/England/PHEC-YYDMCO4/2022,794,814
hCoV-19/England/PHEC-YYDKZGG/2022,794,812
hCoV-19/England/PHEC-YYDKSAN/2022,794,812
hCoV-19/England/PHEC-YYDJRHQ/2022,794,810
hCoV-19/England/PHEC-YYDJPJC/2022,794,810
hCoV-19/England/PHEC-YYDJNHO/2022,794,810
hCoV-19/England/PHEC-YYDJHM3/2022,794,810
hCoV-19/England/PHEC-YYDJHGD/2022,794,810
hCoV-19/England/PHEC-YYDJHFF/2022,794,810
hCoV-19/England/PHEC-YYDJHE9/2022,794,810
hCoV-19/England/PHEC-YYDJHCZ/2022,794,810
hCoV-19/England/PHEC-YYDJGHC/2022,794,810
hCoV-19/England/PHEC-YYDJGAW/2022,794,810
hCoV-19/England/PHEC-YYDJG7K/2022,794,810
hCoV-19/England/PHEC-YYDJFZZ/2022,794,810
hCoV-19/England/PHEC-YYDJFS3/2022,794,810
hCoV-19/England/PHEC-YYDJFAI/2022,794,810
hCoV-19/England/PHEC-YYDJF6J/2022,794,810
hCoV-19/England/PHEC-YYDJF3U/2022,794,810
hCoV-19/England/PHEC-YYDJETY/2022,794,810
hCoV-19/England/PHEC-YYDJE8I/2022,794,810
hCoV-19/England/PHEC-YYDJDEA/2022,794,810
hCoV-19/England/PHEC-YYDJCJP/2022,794,810
hCoV-19/England/PHEC-YYDJ9BK/2022,794,810
hCoV-19/England/PHEC-YYDJ7JH/2022,794,810
hCoV-19/England/PHEC-YYDJ69Q/2022,794,810
hCoV-19/England/PHEC-YYDJ4OO/2022,794,810
hCoV-19/England/PHEC-YYDJ4AY/2022,794,810
hCoV-19/England/PHEC-YYDJ3Y1/2022,794,810
hCoV-19/England/PHEC-YYDJ1HY/2022,794,810
hCoV-19/England/PHEC-YYDJ15N/2022,794,810
hCoV-19/England/PHEC-YYDGRE7/2022,794,810
hCoV-19/England/PHEC-YYDGHWC/2022,794,810
hCoV-19/England/PHEC-YYDGH74/2022,794,810
hCoV-19/England/PHEC-YYDGFTJ/2022,794,810
hCoV-19/England/PHEC-YYDGF4Z/2022,794,810
hCoV-19/England/PHEC-YYDGD43/2022,794,810
hCoV-19/England/PHEC-YYDG7TT/2022,794,810
hCoV-19/England/PHEC-YYDG7QA/2022,794,810
hCoV-19/England/PHEC-YYDG7IJ/2022,794,810
hCoV-19/England/PHEC-YYDG7GE/2022,794,810
hCoV-19/England/PHEC-YYDG7ER/2022,794,810
hCoV-19/England/PHEC-YYDG5Q4/2022,794,810
hCoV-19/England/PHEC-YYDG5MY/2022,794,810
hCoV-19/England/PHEC-YYDG5KN/2022,794,810
hCoV-19/England/PHEC-YYDG5GK/2022,794,810
hCoV-19/England/PHEC-YYDG5EG/2022,794,810
hCoV-19/England/PHEC-YYDFDCA/2022,794,806
hCoV-19/England/PHEC-YYDFAK8/2022,794,807
hCoV-19/England/PHEC-YYDEXDA/2022,794,810
hCoV-19/England/PHEC-YYDEQTH/2022,794,810
hCoV-19/England/PHEC-YYDEQS1/2022,794,810
hCoV-19/England/PHEC-YYDEHGF/2022,794,810
hCoV-19/England/PHEC-YYDE7UJ/2022,794,810
hCoV-19/England/PHEC-YYDE7PS/2022,794,810
hCoV-19/England/PHEC-YYDE7M4/2022,794,810
hCoV-19/England/PHEC-YYDE7GR/2022,794,810
hCoV-19/England/PHEC-YYDE7EY/2022,794,810
hCoV-19/England/PHEC-YYDE7DK/2022,794,810
hCoV-19/England/PHEC-YYDE61K/2022,794,810
hCoV-19/England/PHEC-YYDC6HQ/2022,794,817
hCoV-19/England/PHEC-YYDC69E/2022,794,817
hCoV-19/England/PHEC-YYDAD1R/2022,794,825
hCoV-19/England/PHEC-YYD8TO7/2022,794,810
hCoV-19/England/PHEC-YYD8I5D/2022,794,810
hCoV-19/England/PHEC-YYD89ZB/2022,794,810
hCoV-19/England/PHEC-YYD89YO/2022,794,810
hCoV-19/England/PHEC-YYD891M/2022,794,810
hCoV-19/England/PHEC-YYD81B5/2022,794,810
hCoV-19/England/MILK-395CE90/2022,794,802
hCoV-19/England/BRBR-395F2FB/2022,794,801
hCoV-19/England/BRBR-39528D8/2022,794,802
