hCoV-19/England/PHEC-YYGHZ5U/2022,984,1006
hCoV-19/England/PHEC-YYGHAQP/2022,984,1006
hCoV-19/England/PHEC-YYGHACT/2022,984,1006
hCoV-19/England/PHEC-YYGH1QU/2022,984,1006
hCoV-19/England/PHEC-YYG5WR8/2022,984,999
hCoV-19/England/PHEC-YYG5WFF/2022,984,999
hCoV-19/England/PHEC-YYG5UFG/2022,984,999
hCoV-19/England/PHEC-YYG5QNT/2022,984,999
hCoV-19/England/PHEC-YYG5QBU/2022,984,999
hCoV-19/England/PHEC-YYG5Q74/2022,984,999
hCoV-19/England/PHEC-YYG5Q6A/2022,984,999
hCoV-19/England/PHEC-YYG5Q4Y/2022,984,999
hCoV-19/England/PHEC-YYG5PYS/2022,984,999
hCoV-19/England/PHEC-YYG5MKR/2022,984,999
hCoV-19/England/PHEC-YYG5MJG/2022,984,999
hCoV-19/England/PHEC-YYG5MCY/2022,984,999
hCoV-19/England/PHEC-YYG5KY3/2022,984,999
hCoV-19/England/PHEC-YYG5KQ7/2022,984,999
hCoV-19/England/PHEC-YYG5KP9/2022,984,999
hCoV-19/England/PHEC-YYG5KFX/2022,984,999
hCoV-19/England/PHEC-YYG5JNS/2022,984,999
hCoV-19/England/PHEC-YYG5JHB/2022,984,999
hCoV-19/England/PHEC-YYG5J67/2022,984,999
hCoV-19/England/PHEC-YYG5J5D/2022,984,999
hCoV-19/England/PHEC-YYG5IZ9/2022,984,1000
hCoV-19/England/PHEC-YYG5I6T/2022,984,1000
hCoV-19/England/PHEC-YYG5G7N/2022,984,996
hCoV-19/England/PHEC-YYG5EX7/2022,984,999
hCoV-19/England/PHEC-YYG5EO4/2022,984,999
hCoV-19/England/PHEC-YYG5B9D/2022,984,995
hCoV-19/England/PHEC-YYG5AS6/2022,984,1000
hCoV-19/England/PHEC-YYG5AFB/2022,984,1000
hCoV-19/England/PHEC-YYG54YJ/2022,984,1000
hCoV-19/England/PHEC-YYG54KI/2022,984,1000
hCoV-19/England/PHEC-YYG54DD/2022,984,1000
hCoV-19/England/PHEC-YYG51ZN/2022,984,999
hCoV-19/England/PHEC-YYG51SR/2022,984,999
hCoV-19/England/PHEC-YYGHYOY/2022,985,1002
hCoV-19/England/PHEC-YYGHIRR/2022,985,1006
hCoV-19/England/PHEC-YYG9S31/2022,985,1016
hCoV-19/England/PHEC-YYG5ZGY/2022,985,1000
hCoV-19/England/PHEC-YYG5ZEH/2022,985,1000
hCoV-19/England/PHEC-YYG5ZA5/2022,985,1000
hCoV-19/England/PHEC-YYG5Z33/2022,985,1000
hCoV-19/England/PHEC-YYG5XRC/2022,985,999
hCoV-19/England/PHEC-YYG5XNO/2022,985,999
hCoV-19/England/PHEC-YYG5XIJ/2022,985,999
hCoV-19/England/PHEC-YYG5XGE/2022,985,999
hCoV-19/England/PHEC-YYG5XER/2022,985,999
hCoV-19/England/PHEC-YYG5XDQ/2022,985,999
hCoV-19/England/PHEC-YYG5XCH/2022,985,999
hCoV-19/England/PHEC-YYG5X6Z/2022,985,999
hCoV-19/England/PHEC-YYG5URE/2022,985,999
hCoV-19/England/PHEC-YYG5UGR/2022,985,999
hCoV-19/England/PHEC-YYG5UEY/2022,985,999
hCoV-19/England/PHEC-YYG5U37/2022,985,999
hCoV-19/England/PHEC-YYG5QWC/2022,985,999
hCoV-19/England/PHEC-YYG5QKB/2022,985,999
hCoV-19/England/PHEC-YYG5QDX/2022,985,999
hCoV-19/England/PHEC-YYG5PH7/2022,985,999
hCoV-19/England/PHEC-YYG5P9Z/2022,985,999
hCoV-19/England/PHEC-YYG5OTO/2022,985,999
hCoV-19/England/PHEC-YYG5ONX/2022,985,999
hCoV-19/England/PHEC-YYG5OG8/2022,985,999
hCoV-19/England/PHEC-YYG5O5H/2022,985,999
hCoV-19/England/PHEC-YYG5GPD/2022,985,996
hCoV-19/England/PHEC-YYG5GEP/2022,985,996
hCoV-19/England/PHEC-YYG5CSK/2022,985,999
hCoV-19/England/PHEC-YYG5CQ5/2022,985,999
hCoV-19/England/PHEC-YYG5CJF/2022,985,999
hCoV-19/England/PHEC-YYG5CFP/2022,985,999
hCoV-19/England/PHEC-YYG5C7H/2022,985,999
hCoV-19/England/PHEC-YYG5C11/2022,985,999
hCoV-19/England/PHEC-YYG5AZH/2022,985,1000
hCoV-19/England/PHEC-YYG5AWN/2022,985,1000
hCoV-19/England/PHEC-YYG5AOK/2022,985,1000
hCoV-19/England/PHEC-YYG5AJ3/2022,985,1000
hCoV-19/England/PHEC-YYG5AIY/2022,985,1000
hCoV-19/England/PHEC-YYG5AH1/2022,985,1000
hCoV-19/England/PHEC-YYG5ABJ/2022,985,1000
hCoV-19/England/PHEC-YYG5A9C/2022,985,1000
hCoV-19/England/PHEC-YYG5A4S/2022,985,1000
hCoV-19/England/PHEC-YYG5A3A/2022,985,1000
hCoV-19/England/PHEC-YYG5A1G/2022,985,1000
hCoV-19/England/PHEC-YYG59QE/2022,985,1002
hCoV-19/England/PHEC-YYG59F4/2022,985,1002
hCoV-19/England/PHEC-YYG56ZS/2022,985,1002
hCoV-19/England/PHEC-YYG56U6/2022,985,1002
hCoV-19/England/PHEC-YYG54NF/2022,985,1000
hCoV-19/England/PHEC-YYG54E3/2022,985,1000
hCoV-19/England/PHEC-YYGHYN7/2022,986,1002
hCoV-19/England/PHEC-YYGHXNQ/2022,986,1006
hCoV-19/England/PHEC-YYGHNXB/2022,986,1003
hCoV-19/England/PHEC-YYGHNUA/2022,986,1003
hCoV-19/England/PHEC-YYGHNKM/2022,986,1003
hCoV-19/England/PHEC-YYGHNEX/2022,986,1003
hCoV-19/England/PHEC-YYGHIGY/2022,986,1006
hCoV-19/England/PHEC-YYGHFB4/2022,986,1003
hCoV-19/England/PHEC-YYGHD8O/2022,986,1003
hCoV-19/England/PHEC-YYGHBMK/2022,986,1003
hCoV-19/England/PHEC-YYGHBEO/2022,986,1003
hCoV-19/England/PHEC-YYGH3GH/2022,986,1006
hCoV-19/England/PHEC-YYGH1IR/2022,986,1006
hCoV-19/England/PHEC-YYG5ZUF/2022,986,1000
hCoV-19/England/PHEC-YYG5ZS9/2022,986,1000
hCoV-19/England/PHEC-YYG5ZQO/2022,986,1000
hCoV-19/England/PHEC-YYG5ZP1/2022,986,1000
hCoV-19/England/PHEC-YYG5ZOM/2022,986,1000
hCoV-19/England/PHEC-YYG5ZMS/2022,986,1000
hCoV-19/England/PHEC-YYG5ZKA/2022,986,1000
hCoV-19/England/PHEC-YYG5ZJ4/2022,986,1000
hCoV-19/England/PHEC-YYG5ZDG/2022,986,1000
hCoV-19/England/PHEC-YYG5ZCW/2022,986,1000
hCoV-19/England/PHEC-YYG5Z18/2022,986,1000
hCoV-19/England/PHEC-YYG5XZF/2022,986,999
hCoV-19/England/PHEC-YYG5XWM/2022,986,999
hCoV-19/England/PHEC-YYG5X9I/2022,986,999
hCoV-19/England/PHEC-YYG5W9O/2022,986,999
hCoV-19/England/PHEC-YYG5UZB/2022,986,999
hCoV-19/England/PHEC-YYG5UHZ/2022,986,999
hCoV-19/England/PHEC-YYG5TSF/2022,986,999
hCoV-19/England/PHEC-YYG5TAB/2022,986,999
hCoV-19/England/PHEC-YYG5QUQ/2022,986,999
hCoV-19/England/PHEC-YYG5Q1O/2022,986,999
hCoV-19/England/PHEC-YYG5OYU/2022,986,999
hCoV-19/England/PHEC-YYG5OBT/2022,986,999
hCoV-19/England/PHEC-YYG5O3Y/2022,986,999
hCoV-19/England/PHEC-YYG5MFQ/2022,986,999
hCoV-19/England/PHEC-YYG5MBS/2022,986,999
hCoV-19/England/PHEC-YYG5KZK/2022,986,999
hCoV-19/England/PHEC-YYG5IYQ/2022,986,999
hCoV-19/England/PHEC-YYG5ISB/2022,986,1000
hCoV-19/England/PHEC-YYG5IK4/2022,986,999
hCoV-19/England/PHEC-YYG5IGN/2022,986,999
hCoV-19/England/PHEC-YYG5ICS/2022,986,999
hCoV-19/England/PHEC-YYG5IBC/2022,986,999
hCoV-19/England/PHEC-YYG5AXP/2022,986,1000
hCoV-19/England/PHEC-YYG5ATE/2022,986,1000
hCoV-19/England/PHEC-YYG5AN8/2022,986,1000
hCoV-19/England/PHEC-YYG5AKZ/2022,986,1000
hCoV-19/England/PHEC-YYG59YR/2022,986,1002
hCoV-19/England/PHEC-YYG59TB/2022,986,1002
hCoV-19/England/PHEC-YYG59RH/2022,986,1002
hCoV-19/England/PHEC-YYG59NY/2022,986,1002
hCoV-19/England/PHEC-YYG59CC/2022,986,1002
hCoV-19/England/PHEC-YYG59BN/2022,986,1002
hCoV-19/England/PHEC-YYG5919/2022,986,1002
hCoV-19/England/PHEC-YYG56NB/2022,986,1002
hCoV-19/England/PHEC-YYG56MX/2022,986,1002
hCoV-19/England/PHEC-YYG56KT/2022,986,1002
hCoV-19/England/PHEC-YYG56JU/2022,986,1002
hCoV-19/England/PHEC-YYG56HC/2022,986,1002
hCoV-19/England/PHEC-YYG56EI/2022,986,1002
hCoV-19/England/PHEC-YYGHZ9M/2022,987,1006
hCoV-19/England/PHEC-YYGHZ4I/2022,987,1006
hCoV-19/England/PHEC-YYGHYT6/2022,987,1003
hCoV-19/England/PHEC-YYGHYSW/2022,987,1003
hCoV-19/England/PHEC-YYGHYIS/2022,987,1003
hCoV-19/England/PHEC-YYGHYGI/2022,987,1002
hCoV-19/England/PHEC-YYGHYFZ/2022,987,1002
hCoV-19/England/PHEC-YYGHY1H/2022,987,1003
hCoV-19/England/PHEC-YYGHOQI/2022,987,1006
hCoV-19/England/PHEC-YYGHNY9/2022,987,1003
hCoV-19/England/PHEC-YYGHNFI/2022,987,1003
hCoV-19/England/PHEC-YYGHN7R/2022,987,1003
hCoV-19/England/PHEC-YYGHN14/2022,987,1003
hCoV-19/England/PHEC-YYGHKOS/2022,987,1006
hCoV-19/England/PHEC-YYGHIFN/2022,987,1006
hCoV-19/England/PHEC-YYGHFDS/2022,987,1003
hCoV-19/England/PHEC-YYGHDST/2022,987,1003
hCoV-19/England/PHEC-YYGHDIU/2022,987,1003
hCoV-19/England/PHEC-YYGHCIK/2022,987,1006
hCoV-19/England/PHEC-YYGHBXN/2022,987,1003
hCoV-19/England/PHEC-YYGHBRA/2022,987,1003
hCoV-19/England/PHEC-YYGHBQR/2022,987,1003
hCoV-19/England/PHEC-YYGHBNH/2022,987,1003
hCoV-19/England/PHEC-YYGHB9B/2022,987,1003
hCoV-19/England/PHEC-YYG9XUF/2022,987,1013
hCoV-19/England/PHEC-YYG9KTQ/2022,987,1013
hCoV-19/England/PHEC-YYG5ZRR/2022,987,1000
hCoV-19/England/PHEC-YYG5ZIB/2022,987,1000
hCoV-19/England/PHEC-YYG5ZFN/2022,987,1000
hCoV-19/England/PHEC-YYG5Z4Z/2022,987,1000
hCoV-19/England/PHEC-YYG5WDJ/2022,987,999
hCoV-19/England/PHEC-YYG5QRP/2022,987,999
hCoV-19/England/PHEC-YYG5H6K/2022,987,1001
hCoV-19/England/PHEC-YYG5A5W/2022,987,1000
hCoV-19/England/PHEC-YYG59ZI/2022,987,1002
hCoV-19/England/PHEC-YYG59U7/2022,987,1002
hCoV-19/England/PHEC-YYG59SZ/2022,987,1002
hCoV-19/England/PHEC-YYG59KO/2022,987,1002
hCoV-19/England/PHEC-YYG59J1/2022,987,1002
hCoV-19/England/PHEC-YYG59I3/2022,987,1002
hCoV-19/England/PHEC-YYG595P/2022,987,1002
hCoV-19/England/PHEC-YYG57YG/2022,987,1001
hCoV-19/England/PHEC-YYG57PC/2022,987,1001
hCoV-19/England/PHEC-YYG57K1/2022,987,1001
hCoV-19/England/PHEC-YYG57G4/2022,987,1001
hCoV-19/England/PHEC-YYG57CQ/2022,987,1001
hCoV-19/England/PHEC-YYG5798/2022,987,1002
hCoV-19/England/PHEC-YYG56YF/2022,987,1002
hCoV-19/England/PHEC-YYG56D9/2022,987,1002
hCoV-19/England/PHEC-YYG56BD/2022,987,1002
hCoV-19/England/PHEC-YYGHYB9/2022,988,1002
hCoV-19/England/PHEC-YYGHYAO/2022,988,1003
hCoV-19/England/PHEC-YYGHW4A/2022,988,1006
hCoV-19/England/PHEC-YYGHW34/2022,988,1006
hCoV-19/England/PHEC-YYGHRX9/2022,988,1003
hCoV-19/England/PHEC-YYGHRDZ/2022,988,1003
hCoV-19/England/PHEC-YYGHNZO/2022,988,1003
hCoV-19/England/PHEC-YYGHNTH/2022,988,1003
hCoV-19/England/PHEC-YYGHNS1/2022,988,1003
hCoV-19/England/PHEC-YYGHNC8/2022,988,1003
hCoV-19/England/PHEC-YYGHNB7/2022,988,1003
hCoV-19/England/PHEC-YYGHNAQ/2022,988,1003
hCoV-19/England/PHEC-YYGHMPH/2022,988,1006
hCoV-19/England/PHEC-YYGHKQ5/2022,988,1006
hCoV-19/England/PHEC-YYGHKGM/2022,988,1006
hCoV-19/England/PHEC-YYGHK8J/2022,988,1006
hCoV-19/England/PHEC-YYGHJP6/2022,988,1006
hCoV-19/England/PHEC-YYGHINE/2022,988,1006
hCoV-19/England/PHEC-YYGHI4Z/2022,988,1006
hCoV-19/England/PHEC-YYGHI33/2022,988,1006
hCoV-19/England/PHEC-YYGHFUI/2022,988,1003
hCoV-19/England/PHEC-YYGHF5F/2022,988,1003
hCoV-19/England/PHEC-YYGHF48/2022,988,1003
hCoV-19/England/PHEC-YYGHEWO/2022,988,1006
hCoV-19/England/PHEC-YYGHDFW/2022,988,1003
hCoV-19/England/PHEC-YYGHDBH/2022,988,1003
hCoV-19/England/PHEC-YYGHCQ3/2022,988,1006
hCoV-19/England/PHEC-YYGHCDX/2022,988,1006
hCoV-19/England/PHEC-YYGHBWZ/2022,988,1003
hCoV-19/England/PHEC-YYGHBT7/2022,988,1003
hCoV-19/England/PHEC-YYGHBH8/2022,988,1003
hCoV-19/England/PHEC-YYGHBAX/2022,988,1003
hCoV-19/England/PHEC-YYGHB4M/2022,988,1003
hCoV-19/England/PHEC-YYGHB15/2022,988,1003
hCoV-19/England/PHEC-YYG5Z6X/2022,988,1000
hCoV-19/England/PHEC-YYG5Z5I/2022,988,1000
hCoV-19/England/PHEC-YYGHZ3Z/2022,989,1006
hCoV-19/England/PHEC-YYGHYHE/2022,989,1003
hCoV-19/England/PHEC-YYGHWTK/2022,989,1006
hCoV-19/England/PHEC-YYGHWFD/2022,989,1006
hCoV-19/England/PHEC-YYGHWD8/2022,989,1006
hCoV-19/England/PHEC-YYGHTHZ/2022,989,1006
hCoV-19/England/PHEC-YYGHRN3/2022,989,1003
hCoV-19/England/PHEC-YYGHRGT/2022,989,1003
hCoV-19/England/PHEC-YYGHRAC/2022,989,1003
hCoV-19/England/PHEC-YYGHR1A/2022,989,1003
hCoV-19/England/PHEC-YYGHOPZ/2022,989,1006
hCoV-19/England/PHEC-YYGHOIG/2022,989,1006
hCoV-19/England/PHEC-YYGHO1C/2022,989,1006
hCoV-19/England/PHEC-YYGHK3R/2022,989,1006
hCoV-19/England/PHEC-YYGHJIP/2022,989,1006
hCoV-19/England/PHEC-YYGHJA8/2022,989,1006
hCoV-19/England/PHEC-YYGHIS9/2022,989,1006
hCoV-19/England/PHEC-YYGHIMS/2022,989,1006
hCoV-19/England/PHEC-YYGHFZP/2022,989,1003
hCoV-19/England/PHEC-YYGHFAM/2022,989,1003
hCoV-19/England/PHEC-YYGHF97/2022,989,1003
hCoV-19/England/PHEC-YYGHDN4/2022,989,1003
hCoV-19/England/PHEC-YYGHCWC/2022,989,1006
hCoV-19/England/PHEC-YYGHCFM/2022,989,1006
hCoV-19/England/PHEC-YYGH9N6/2022,989,1008
hCoV-19/England/PHEC-YYGH9E1/2022,989,1008
hCoV-19/England/PHEC-YYGH5TD/2022,989,1006
hCoV-19/England/PHEC-YYGH5I5/2022,989,1006
hCoV-19/England/PHEC-YYGH1WG/2022,989,1006
hCoV-19/England/PHEC-YYGH1UE/2022,989,1006
hCoV-19/England/PHEC-YYG9KOO/2022,989,1013
hCoV-19/England/PHEC-YYG9KC3/2022,989,1013
hCoV-19/England/PHEC-YYG7NY7/2022,989,1008
hCoV-19/England/PHEC-YYG7NI1/2022,989,1008
hCoV-19/England/PHEC-YYG7NDZ/2022,989,1008
hCoV-19/England/PHEC-YYG7HCM/2022,989,1013
hCoV-19/England/PHEC-YYGHZT8/2022,990,1006
hCoV-19/England/PHEC-YYGHZJA/2022,990,1006
hCoV-19/England/PHEC-YYGHZE4/2022,990,1006
hCoV-19/England/PHEC-YYGHWQT/2022,990,1006
hCoV-19/England/PHEC-YYGHWPU/2022,990,1006
hCoV-19/England/PHEC-YYGHW1E/2022,990,1006
hCoV-19/England/PHEC-YYGHU8Y/2022,990,1006
hCoV-19/England/PHEC-YYGHTZB/2022,990,1006
hCoV-19/England/PHEC-YYGHTGR/2022,990,1006
hCoV-19/England/PHEC-YYGHT8N/2022,990,1006
hCoV-19/England/PHEC-YYGHT45/2022,990,1006
hCoV-19/England/PHEC-YYGHSOK/2022,990,1006
hCoV-19/England/PHEC-YYGHRJM/2022,990,1003
hCoV-19/England/PHEC-YYGHM1T/2022,990,1006
hCoV-19/England/PHEC-YYGHJNW/2022,990,1006
hCoV-19/England/PHEC-YYGHJEE/2022,990,1006
hCoV-19/England/PHEC-YYGHJ8K/2022,990,1006
hCoV-19/England/PHEC-YYGHJ3F/2022,990,1006
hCoV-19/England/PHEC-YYGHI18/2022,990,1006
hCoV-19/England/PHEC-YYGHFO5/2022,990,1003
hCoV-19/England/PHEC-YYGHE5N/2022,990,1006
hCoV-19/England/PHEC-YYGHE4R/2022,990,1006
hCoV-19/England/PHEC-YYGHCOW/2022,990,1006
hCoV-19/England/PHEC-YYGHCJD/2022,990,1006
hCoV-19/England/PHEC-YYGHCHH/2022,990,1006
hCoV-19/England/PHEC-YYGHA9K/2022,990,1006
hCoV-19/England/PHEC-YYGH9MC/2022,990,1008
hCoV-19/England/PHEC-YYGH57M/2022,990,1006
hCoV-19/England/PHEC-YYGH3RY/2022,990,1006
hCoV-19/England/PHEC-YYG9K1C/2022,990,1013
