hCoV-19/England/PHEC-YYGW7CH/2022,956,967
hCoV-19/England/PHEC-YYGSXZX/2022,956,971
hCoV-19/England/PHEC-YYGSXRS/2022,956,971
hCoV-19/England/PHEC-YYGSXHF/2022,956,971
hCoV-19/England/PHEC-YYGSXG1/2022,956,971
hCoV-19/England/PHEC-YYGSX8O/2022,956,971
hCoV-19/England/PHEC-YYGSUPY/2022,956,971
hCoV-19/England/PHEC-YYGSUKG/2022,956,971
hCoV-19/England/PHEC-YYGSQMJ/2022,956,971
hCoV-19/England/PHEC-YYGSQC8/2022,956,971
hCoV-19/England/PHEC-YYGSNUR/2022,956,971
hCoV-19/England/PHEC-YYGSNQX/2022,956,971
hCoV-19/England/PHEC-YYGSM3X/2022,956,971
hCoV-19/England/PHEC-YYGSCXD/2022,956,971
hCoV-19/England/PHEC-YYGSCWA/2022,956,971
hCoV-19/England/PHEC-YYGSC7G/2022,956,971
hCoV-19/England/PHEC-YYGSC1H/2022,956,971
hCoV-19/England/PHEC-YYGSBTJ/2022,956,971
hCoV-19/England/PHEC-YYGSANT/2022,956,971
hCoV-19/England/PHEC-YYGIZD1/2022,956,971
hCoV-19/England/PHEC-YYGIUNA/2022,956,971
hCoV-19/England/PHEC-YYGIS6H/2022,956,971
hCoV-19/England/PHEC-YYGIOIW/2022,956,971
hCoV-19/England/PHEC-YYGIO4K/2022,956,971
hCoV-19/England/PHEC-YYGIAZE/2022,956,971
hCoV-19/England/PHEC-YYGIAKD/2022,956,971
hCoV-19/England/PHEC-YYGIAFP/2022,956,971
hCoV-19/England/PHEC-YYGI9TP/2022,956,971
hCoV-19/England/PHEC-YYGI7JY/2022,956,971
hCoV-19/England/PHEC-YYGI79U/2022,956,971
hCoV-19/England/PHEC-YYGI5RC/2022,956,971
hCoV-19/England/PHEC-YYGI5JN/2022,956,971
hCoV-19/England/PHEC-YYGI4YI/2022,956,971
hCoV-19/England/PHEC-YYGI4RP/2022,956,971
hCoV-19/England/PHEC-YYGI4NT/2022,956,971
hCoV-19/England/PHEC-YYGI4FM/2022,956,971
hCoV-19/England/PHEC-YYGI43N/2022,956,971
hCoV-19/England/PHEC-YYGI3GK/2022,956,971
hCoV-19/England/PHEC-YYGI3FC/2022,956,971
hCoV-19/England/PHEC-YYGI1GT/2022,956,971
hCoV-19/England/PHEC-YYGI1FU/2022,956,971
hCoV-19/England/PHEC-YYGI1DZ/2022,956,971
hCoV-19/England/PHEC-YYGI13K/2022,956,971
hCoV-19/England/PHEC-YYGAXZM/2022,956,981
hCoV-19/England/PHEC-YYGAROR/2022,956,978
hCoV-19/Scotland/SCOT-18416/2022,957,978
hCoV-19/England/PHEP-YYFU7TW/2022,957,971
hCoV-19/England/PHEC-YYGW5WP/2022,957,967
hCoV-19/England/PHEC-YYGSY6O/2022,957,971
hCoV-19/England/PHEC-YYGSXKK/2022,957,971
hCoV-19/England/PHEC-YYGSXJC/2022,957,971
hCoV-19/England/PHEC-YYGSXEQ/2022,957,971
hCoV-19/England/PHEC-YYGSXAP/2022,957,971
hCoV-19/England/PHEC-YYGSX4J/2022,957,971
hCoV-19/England/PHEC-YYGSW76/2022,957,971
hCoV-19/England/PHEC-YYGSW6H/2022,957,971
hCoV-19/England/PHEC-YYGSUXH/2022,957,971
hCoV-19/England/PHEC-YYGSUSP/2022,957,971
hCoV-19/England/PHEC-YYGSUAJ/2022,957,971
hCoV-19/England/PHEC-YYGSTRW/2022,957,971
hCoV-19/England/PHEC-YYGSQXB/2022,957,971
hCoV-19/England/PHEC-YYGSQPF/2022,957,971
hCoV-19/England/PHEC-YYGSQ4K/2022,957,971
hCoV-19/England/PHEC-YYGSPT7/2022,957,971
hCoV-19/England/PHEC-YYGSOX9/2022,957,971
hCoV-19/England/PHEC-YYGSOQB/2022,957,971
hCoV-19/England/PHEC-YYGSOCF/2022,957,971
hCoV-19/England/PHEC-YYGSO8X/2022,957,971
hCoV-19/England/PHEC-YYGSNS6/2022,957,971
hCoV-19/England/PHEC-YYGSNOK/2022,957,971
hCoV-19/England/PHEC-YYGSNH1/2022,957,971
hCoV-19/England/PHEC-YYGSNA4/2022,957,971
hCoV-19/England/PHEC-YYGSN87/2022,957,971
hCoV-19/England/PHEC-YYGSN5W/2022,957,971
hCoV-19/England/PHEC-YYGSIRO/2022,957,971
hCoV-19/England/PHEC-YYGSIBS/2022,957,971
hCoV-19/England/PHEC-YYGSDBE/2022,957,971
hCoV-19/England/PHEC-YYGSCYB/2022,957,971
hCoV-19/England/PHEC-YYGSCKP/2022,957,971
hCoV-19/England/PHEC-YYGSBUF/2022,957,971
hCoV-19/England/PHEC-YYGSBKA/2022,957,971
hCoV-19/England/PHEC-YYGSB7T/2022,957,971
hCoV-19/England/PHEC-YYGSA74/2022,957,971
hCoV-19/England/PHEC-YYGSA6A/2022,957,971
hCoV-19/England/PHEC-YYGS4JB/2022,957,971
hCoV-19/England/PHEC-YYGS1EM/2022,957,971
hCoV-19/England/PHEC-YYGIZSM/2022,957,971
hCoV-19/England/PHEC-YYGIZIP/2022,957,971
hCoV-19/England/PHEC-YYGIYHS/2022,957,968
hCoV-19/England/PHEC-YYGIURW/2022,957,971
hCoV-19/England/PHEC-YYGIUGO/2022,957,971
hCoV-19/England/PHEC-YYGIUDS/2022,957,971
hCoV-19/England/PHEC-YYGIADT/2022,957,971
hCoV-19/England/PHEC-YYGI7TX/2022,957,971
hCoV-19/England/PHEC-YYGI56Z/2022,957,971
hCoV-19/England/PHEC-YYGI4WC/2022,957,971
hCoV-19/England/PHEC-YYGI3Z8/2022,957,971
hCoV-19/England/PHEC-YYGI1M8/2022,957,971
hCoV-19/England/PHEC-YYGI1JM/2022,957,971
hCoV-19/England/PHEC-YYGSZKN/2022,958,971
hCoV-19/England/PHEC-YYGSZJR/2022,958,971
hCoV-19/England/PHEC-YYGSZEG/2022,958,971
hCoV-19/England/PHEC-YYGSYSY/2022,958,971
hCoV-19/England/PHEC-YYGSXN4/2022,958,971
hCoV-19/England/PHEC-YYGSWU1/2022,958,971
hCoV-19/England/PHEC-YYGSWIQ/2022,958,971
hCoV-19/England/PHEC-YYGSWCB/2022,958,971
hCoV-19/England/PHEC-YYGSWBZ/2022,958,971
hCoV-19/England/PHEC-YYGSWAE/2022,958,971
hCoV-19/England/PHEC-YYGSU67/2022,958,971
hCoV-19/England/PHEC-YYGSTSX/2022,958,971
hCoV-19/England/PHEC-YYGSTGO/2022,958,971
hCoV-19/England/PHEC-YYGST97/2022,958,971
hCoV-19/England/PHEC-YYGST3J/2022,958,971
hCoV-19/England/PHEC-YYGST1Z/2022,958,971
hCoV-19/England/PHEC-YYGSQUA/2022,958,971
hCoV-19/England/PHEC-YYGSQTH/2022,958,971
hCoV-19/England/PHEC-YYGSQO6/2022,958,971
hCoV-19/England/PHEC-YYGSQKM/2022,958,971
hCoV-19/England/PHEC-YYGSQ14/2022,958,971
hCoV-19/England/PHEC-YYGSPO9/2022,958,971
hCoV-19/England/PHEC-YYGSPKC/2022,958,971
hCoV-19/England/PHEC-YYGSPH8/2022,958,971
hCoV-19/England/PHEC-YYGSPFS/2022,958,971
hCoV-19/England/PHEC-YYGSP6D/2022,958,971
hCoV-19/England/PHEC-YYGSP3P/2022,958,971
hCoV-19/England/PHEC-YYGSOWW/2022,958,971
hCoV-19/England/PHEC-YYGSO6Y/2022,958,971
hCoV-19/England/PHEC-YYGSN6Q/2022,958,971
hCoV-19/England/PHEC-YYGSMAT/2022,958,971
hCoV-19/England/PHEC-YYGSM78/2022,958,971
hCoV-19/England/PHEC-YYGSM5M/2022,958,971
hCoV-19/England/PHEC-YYGSIYA/2022,958,971
hCoV-19/England/PHEC-YYGSHRJ/2022,958,971
hCoV-19/England/PHEC-YYGSHBX/2022,958,971
hCoV-19/England/PHEC-YYGSDYK/2022,958,971
hCoV-19/England/PHEC-YYGSCZ1/2022,958,971
hCoV-19/England/PHEC-YYGSCP8/2022,958,971
hCoV-19/England/PHEC-YYGSCN7/2022,958,971
hCoV-19/England/PHEC-YYGSCJX/2022,958,971
hCoV-19/England/PHEC-YYGSCFZ/2022,958,971
hCoV-19/England/PHEC-YYGSC8U/2022,958,971
hCoV-19/England/PHEC-YYGS4TO/2022,958,971
hCoV-19/England/PHEC-YYGS1Q9/2022,958,971
hCoV-19/England/PHEC-YYGS1IO/2022,958,971
hCoV-19/England/PHEC-YYGS19H/2022,958,971
hCoV-19/England/PHEC-YYGARHC/2022,958,978
hCoV-19/England/PHEC-YYGAREI/2022,958,978
hCoV-19/England/PHEC-YYG3WZR/2022,958,987
hCoV-19/England/PHEC-YYGZTAJ/2022,959,978
hCoV-19/England/PHEC-YYGZT67/2022,959,978
hCoV-19/England/PHEC-YYGZQ5G/2022,959,975
hCoV-19/England/PHEC-YYGZJW3/2022,959,974
hCoV-19/England/PHEC-YYGZGMX/2022,959,974
hCoV-19/England/PHEC-YYGZG31/2022,959,974
hCoV-19/England/PHEC-YYGZ5DK/2022,959,978
hCoV-19/England/PHEC-YYGZ3ZD/2022,959,978
hCoV-19/England/PHEC-YYGSZMY/2022,959,971
hCoV-19/England/PHEC-YYGSZGK/2022,959,971
hCoV-19/England/PHEC-YYGSZFC/2022,959,971
hCoV-19/England/PHEC-YYGSXIU/2022,959,971
hCoV-19/England/PHEC-YYGSX3M/2022,959,971
hCoV-19/England/PHEC-YYGSW3G/2022,959,971
hCoV-19/England/PHEC-YYGSUTZ/2022,959,971
hCoV-19/England/PHEC-YYGSUIX/2022,959,971
hCoV-19/England/PHEC-YYGSQ5E/2022,959,971
hCoV-19/England/PHEC-YYGSPZT/2022,959,971
hCoV-19/England/PHEC-YYGSPYY/2022,959,971
hCoV-19/England/PHEC-YYGSPWZ/2022,959,971
hCoV-19/England/PHEC-YYGSPII/2022,959,971
hCoV-19/England/PHEC-YYGSPD4/2022,959,971
hCoV-19/England/PHEC-YYGSP9B/2022,959,971
hCoV-19/England/PHEC-YYGSORI/2022,959,971
hCoV-19/England/PHEC-YYGSON3/2022,959,971
hCoV-19/England/PHEC-YYGSOFU/2022,959,971
hCoV-19/England/PHEC-YYGSOB5/2022,959,971
hCoV-19/England/PHEC-YYGSM6F/2022,959,971
hCoV-19/England/PHEC-YYGSIOZ/2022,959,971
hCoV-19/England/PHEC-YYGSIH9/2022,959,971
hCoV-19/England/PHEC-YYGSI5B/2022,959,971
hCoV-19/England/PHEC-YYGSC9N/2022,959,971
hCoV-19/England/PHEC-YYGSC6R/2022,959,971
hCoV-19/England/PHEC-YYGSAXZ/2022,959,971
hCoV-19/England/PHEC-YYGSAWC/2022,959,971
hCoV-19/England/PHEC-YYGSAUQ/2022,959,971
hCoV-19/England/PHEC-YYGSAP5/2022,959,971
hCoV-19/England/PHEC-YYGSAOW/2022,959,971
hCoV-19/England/PHEC-YYGSAM9/2022,959,971
hCoV-19/England/PHEC-YYGSAKB/2022,959,971
hCoV-19/England/PHEC-YYGSAJD/2022,959,971
hCoV-19/England/PHEC-YYGSAHH/2022,959,971
hCoV-19/England/PHEC-YYGSAGJ/2022,959,971
hCoV-19/England/PHEC-YYGSAFM/2022,959,971
hCoV-19/England/PHEC-YYGSAC7/2022,959,971
hCoV-19/England/PHEC-YYGSA88/2022,959,971
hCoV-19/England/PHEC-YYGSA4Y/2022,959,971
hCoV-19/England/PHEC-YYGSA3N/2022,959,971
hCoV-19/England/PHEC-YYGSA1O/2022,959,971
hCoV-19/England/PHEC-YYGS7M4/2022,959,971
hCoV-19/England/PHEC-YYGS4XI/2022,959,971
hCoV-19/England/PHEC-YYGS4WK/2022,959,971
hCoV-19/England/PHEC-YYGS4DP/2022,959,971
hCoV-19/England/PHEC-YYGS1TA/2022,959,971
hCoV-19/England/PHEC-YYGS1GX/2022,959,971
hCoV-19/England/PHEC-YYGAYJZ/2022,959,978
hCoV-19/England/PHEC-YYGARG3/2022,959,978
hCoV-19/England/PHEC-YYGZXZP/2022,960,978
hCoV-19/England/PHEC-YYGZX5F/2022,960,978
hCoV-19/England/PHEC-YYGZWQ5/2022,960,978
hCoV-19/England/PHEC-YYGZUBS/2022,960,978
hCoV-19/England/PHEC-YYGZTZM/2022,960,978
hCoV-19/England/PHEC-YYGZT8C/2022,960,978
hCoV-19/England/PHEC-YYGZSC7/2022,960,978
hCoV-19/England/PHEC-YYGZRZA/2022,960,974
hCoV-19/England/PHEC-YYGZRTR/2022,960,974
hCoV-19/England/PHEC-YYGZR1N/2022,960,974
hCoV-19/England/PHEC-YYGZMT7/2022,960,975
hCoV-19/England/PHEC-YYGZMKC/2022,960,975
hCoV-19/England/PHEC-YYGZMJQ/2022,960,975
hCoV-19/England/PHEC-YYGZKZ1/2022,960,974
hCoV-19/England/PHEC-YYGZK6R/2022,960,974
hCoV-19/England/PHEC-YYGZK4C/2022,960,974
hCoV-19/England/PHEC-YYGZJZU/2022,960,974
hCoV-19/England/PHEC-YYGZJXR/2022,960,974
hCoV-19/England/PHEC-YYGZJSI/2022,960,974
hCoV-19/England/PHEC-YYGZJR4/2022,960,974
hCoV-19/England/PHEC-YYGZJPE/2022,960,974
hCoV-19/England/PHEC-YYGZJ8W/2022,960,974
hCoV-19/England/PHEC-YYGZGEI/2022,960,974
hCoV-19/England/PHEC-YYGZFHP/2022,960,974
hCoV-19/England/PHEC-YYGZF5X/2022,960,974
hCoV-19/England/PHEC-YYGZF3U/2022,960,974
hCoV-19/England/PHEC-YYGZCWS/2022,960,975
hCoV-19/England/PHEC-YYGZCO6/2022,960,975
hCoV-19/England/PHEC-YYGZ347/2022,960,978
hCoV-19/England/PHEC-YYGZ1WO/2022,960,978
hCoV-19/England/PHEC-YYGZ1TS/2022,960,978
hCoV-19/England/PHEC-YYGSZN1/2022,960,971
hCoV-19/England/PHEC-YYGSZBW/2022,960,971
hCoV-19/England/PHEC-YYGSZ8E/2022,960,971
hCoV-19/England/PHEC-YYGSQ9Y/2022,960,971
hCoV-19/England/PHEC-YYGSQ6N/2022,960,971
hCoV-19/England/PHEC-YYGSI4D/2022,960,971
hCoV-19/England/PHEC-YYGSHOO/2022,960,971
hCoV-19/England/PHEC-YYGSH4H/2022,960,971
hCoV-19/England/PHEC-YYGSABU/2022,960,971
hCoV-19/England/PHEC-YYGS4H4/2022,960,971
hCoV-19/England/PHEC-YYGS46S/2022,960,971
hCoV-19/England/PHEC-YYGS1FT/2022,960,971
hCoV-19/England/PHEC-YYGAQ7Y/2022,960,981
hCoV-19/England/PHEC-YYGZXUI/2022,961,978
hCoV-19/England/PHEC-YYGZXSX/2022,961,978
hCoV-19/England/PHEC-YYGZUNW/2022,961,978
hCoV-19/England/PHEC-YYGZT5D/2022,961,978
hCoV-19/England/PHEC-YYGZRW6/2022,961,974
hCoV-19/England/PHEC-YYGZROG/2022,961,974
hCoV-19/England/PHEC-YYGZRMT/2022,961,974
hCoV-19/England/PHEC-YYGZRKU/2022,961,974
hCoV-19/England/PHEC-YYGZRG5/2022,961,974
hCoV-19/England/PHEC-YYGZRAS/2022,961,974
hCoV-19/England/PHEC-YYGZQWW/2022,961,975
hCoV-19/England/PHEC-YYGZQN3/2022,961,975
hCoV-19/England/PHEC-YYGZQM8/2022,961,975
hCoV-19/England/PHEC-YYGZPY6/2022,961,975
hCoV-19/England/PHEC-YYGZPWI/2022,961,975
hCoV-19/England/PHEC-YYGZMPG/2022,961,975
hCoV-19/England/PHEC-YYGZMII/2022,961,975
hCoV-19/England/PHEC-YYGZMFS/2022,961,975
hCoV-19/England/PHEC-YYGZKWA/2022,961,974
hCoV-19/England/PHEC-YYGZKAO/2022,961,974
hCoV-19/England/PHEC-YYGZJOB/2022,961,974
hCoV-19/England/PHEC-YYGZJCK/2022,961,974
hCoV-19/England/PHEC-YYGZJBY/2022,961,974
hCoV-19/England/PHEC-YYGZJAT/2022,961,974
hCoV-19/England/PHEC-YYGZGPM/2022,961,974
hCoV-19/England/PHEC-YYGZEUH/2022,961,974
hCoV-19/England/PHEC-YYGZCS1/2022,961,975
hCoV-19/England/PHEC-YYGZCQD/2022,961,975
hCoV-19/England/PHEC-YYGZCIW/2022,961,975
hCoV-19/England/PHEC-YYGZC9Y/2022,961,975
hCoV-19/England/PHEC-YYGZ8ZI/2022,961,974
hCoV-19/England/PHEC-YYGZ8W5/2022,961,974
hCoV-19/England/PHEC-YYGZ4ZN/2022,961,978
hCoV-19/England/PHEC-YYGZ4WE/2022,961,978
hCoV-19/England/PHEC-YYGZ4IG/2022,961,978
hCoV-19/England/PHEC-YYGZ47S/2022,961,978
hCoV-19/England/PHEC-YYGZ3TX/2022,961,978
hCoV-19/England/PHEC-YYGZ1X5/2022,961,978
hCoV-19/England/PHEC-YYGZ1SC/2022,961,978
hCoV-19/England/PHEC-YYGSIZJ/2022,961,971
hCoV-19/England/PHEC-YYGSIWX/2022,961,971
hCoV-19/England/PHEC-YYGSI1U/2022,961,971
hCoV-19/England/PHEC-YYGSHQI/2022,961,971
hCoV-19/England/PHEC-YYGAK6N/2022,961,979
hCoV-19/England/PHEC-YYG3W7A/2022,961,987
hCoV-19/England/PHEC-YYG3RYD/2022,961,985
hCoV-19/Scotland/SCOT-18745/2022,962,985
hCoV-19/England/PHEC-YYGZX1Z/2022,962,978
hCoV-19/England/PHEC-YYGZUFQ/2022,962,978
hCoV-19/England/PHEC-YYGZUEE/2022,962,978
hCoV-19/England/PHEC-YYGZUD1/2022,962,978
hCoV-19/England/PHEC-YYGZQUS/2022,962,975
hCoV-19/England/PHEC-YYGZQOH/2022,962,975
hCoV-19/England/PHEC-YYGZQCF/2022,962,975
hCoV-19/England/PHEC-YYGZQ3K/2022,962,975
hCoV-19/England/PHEC-YYGZPUZ/2022,962,975
hCoV-19/England/PHEC-YYGZP4J/2022,962,975
hCoV-19/England/PHEC-YYGZOX7/2022,962,978
hCoV-19/England/PHEC-YYGZOQ9/2022,962,978
hCoV-19/England/PHEC-YYGZOIO/2022,962,978
hCoV-19/England/PHEC-YYGZO4G/2022,962,978
hCoV-19/England/PHEC-YYGZMXN/2022,962,975
hCoV-19/England/PHEC-YYGZMGW/2022,962,975
hCoV-19/England/PHEC-YYGZMAX/2022,962,975
hCoV-19/England/PHEC-YYGZM81/2022,962,975
hCoV-19/England/PHEC-YYGZM6D/2022,962,975
hCoV-19/England/PHEC-YYGZK8U/2022,962,974
hCoV-19/England/PHEC-YYGZJKQ/2022,962,974
hCoV-19/England/PHEC-YYGZJ9D/2022,962,974
hCoV-19/England/PHEC-YYGZG4O/2022,962,974
hCoV-19/England/PHEC-YYGZEYD/2022,962,974
hCoV-19/England/PHEC-YYGZEXF/2022,962,974
hCoV-19/England/PHEC-YYGZEW4/2022,962,974
hCoV-19/England/PHEC-YYGZEQ8/2022,962,974
hCoV-19/England/PHEC-YYGZEPJ/2022,962,974
hCoV-19/England/PHEC-YYGZEMP/2022,962,974
hCoV-19/England/PHEC-YYGZE9R/2022,962,974
hCoV-19/England/PHEC-YYGZE8I/2022,962,974
hCoV-19/England/PHEC-YYGZCZO/2022,962,975
hCoV-19/England/PHEC-YYGZC8T/2022,962,975
hCoV-19/England/PHEC-YYGZ9IB/2022,962,978
hCoV-19/England/PHEC-YYGZ8YR/2022,962,974
hCoV-19/England/PHEC-YYGZ8U7/2022,962,974
hCoV-19/England/PHEC-YYGZ8J1/2022,962,974
hCoV-19/England/PHEC-YYGZ819/2022,962,974
hCoV-19/England/PHEC-YYGZ5NC/2022,962,978
hCoV-19/England/PHEC-YYGZ5GR/2022,962,978
hCoV-19/England/PHEC-YYGZ5FG/2022,962,978
hCoV-19/England/PHEC-YYGZ5EY/2022,962,978
hCoV-19/England/PHEC-YYGZ4HA/2022,962,978
hCoV-19/England/PHEC-YYGZ4AY/2022,962,978
hCoV-19/England/PHEC-YYGZ454/2022,962,978
hCoV-19/England/PHEC-YYGZ3MH/2022,962,978
hCoV-19/England/PHEC-YYGZ1ZK/2022,962,978
hCoV-19/England/PHEC-YYGZ1RT/2022,962,978
hCoV-19/England/PHEC-YYGZ1MD/2022,962,978
hCoV-19/England/PHEC-YYGZ1KF/2022,962,978
hCoV-19/England/PHEC-YYGZ1EJ/2022,962,978
hCoV-19/England/PHEC-YYGZ1CB/2022,962,978
hCoV-19/England/PHEC-YYGZ18M/2022,962,978
hCoV-19/England/PHEC-YYGZ13G/2022,962,978
hCoV-19/England/PHEC-YYGAYDD/2022,962,978
hCoV-19/England/PHEC-YYGABKW/2022,962,978
