hCoV-19/England/PHEC-YYGPTUE/2022,928,950
hCoV-19/England/PHEC-YYGP8RT/2022,928,950
hCoV-19/England/PHEC-YYGM896/2022,928,950
hCoV-19/England/PHEC-YYGM5F9/2022,928,950
hCoV-19/England/PHEC-YYGJWRC/2022,928,946
hCoV-19/England/PHEC-YYGJWNO/2022,928,946
hCoV-19/England/PHEC-YYGJWDQ/2022,928,946
hCoV-19/England/PHEC-YYGJUHH/2022,928,946
hCoV-19/England/PHEC-YYGJOX4/2022,928,946
hCoV-19/England/PHEC-YYGJOCY/2022,928,946
hCoV-19/England/PHEC-YYGJMDZ/2022,928,945
hCoV-19/England/PHEC-YYGFTZO/2022,928,943
hCoV-19/England/PHEC-YYGFTXB/2022,928,943
hCoV-19/England/PHEC-YYGFTWS/2022,928,943
hCoV-19/England/PHEC-YYGFTUA/2022,928,943
hCoV-19/England/PHEC-YYGFTQD/2022,928,943
hCoV-19/England/PHEC-YYGFTC8/2022,928,943
hCoV-19/England/PHEC-YYGFT14/2022,928,943
hCoV-19/England/PHEC-YYGFQ4P/2022,928,943
hCoV-19/England/PHEC-YYGFQ3X/2022,928,943
hCoV-19/England/PHEC-YYGFOWZ/2022,928,943
hCoV-19/England/PHEC-YYGFORA/2022,928,943
hCoV-19/England/PHEC-YYGFOAX/2022,928,943
hCoV-19/England/PHEC-YYGEXNZ/2022,928,944
hCoV-19/England/PHEC-YYGEXDI/2022,928,944
hCoV-19/England/PHEC-YYGEX9H/2022,928,944
hCoV-19/England/PHEC-YYGEPHR/2022,928,944
hCoV-19/England/PHEC-YYG8XJM/2022,928,943
hCoV-19/England/PHEC-YYG8XHR/2022,928,943
hCoV-19/England/PHEC-YYG8X4E/2022,928,943
hCoV-19/England/PHEC-YYG8TQ9/2022,928,943
hCoV-19/England/PHEC-YYG8TNZ/2022,928,943
hCoV-19/England/PHEC-YYG8TK8/2022,928,943
hCoV-19/England/PHEC-YYG8TDI/2022,928,943
hCoV-19/England/PHEC-YYG8TCD/2022,928,943
hCoV-19/England/PHEC-YYG8T9H/2022,928,943
hCoV-19/England/PHEC-YYG8T4G/2022,928,943
hCoV-19/England/PHEC-YYG8T3E/2022,928,943
hCoV-19/England/PHEC-YYG8PXB/2022,928,943
hCoV-19/England/PHEC-YYG8PMJ/2022,928,943
hCoV-19/England/PHEC-YYG8PJP/2022,928,943
hCoV-19/England/PHEC-YYG8PIW/2022,928,943
hCoV-19/England/PHEC-YYG8P14/2022,928,943
hCoV-19/England/PHEC-YYG8OHD/2022,928,943
hCoV-19/England/PHEC-YYG8O69/2022,928,943
hCoV-19/England/PHEC-YYG8O5F/2022,928,943
hCoV-19/England/PHEC-YYG8O48/2022,928,943
hCoV-19/England/PHEC-YYG8O3J/2022,928,943
hCoV-19/England/PHEC-YYG8KYN/2022,928,943
hCoV-19/England/PHEC-YYG8KXR/2022,928,943
hCoV-19/England/PHEC-YYG8KW3/2022,928,943
hCoV-19/England/PHEC-YYG8KT9/2022,928,943
hCoV-19/England/PHEC-YYG8KMC/2022,928,943
hCoV-19/England/PHEC-YYG8K4P/2022,928,943
hCoV-19/England/PHEC-YYG8HKH/2022,928,943
hCoV-19/England/PHEC-YYG8HJ6/2022,928,943
hCoV-19/England/PHEC-YYG8H9T/2022,928,943
hCoV-19/England/PHEC-YYG8H45/2022,928,943
hCoV-19/England/PHEC-YYG8GR6/2022,928,943
hCoV-19/England/PHEC-YYG8G98/2022,928,943
hCoV-19/England/PHEC-YYG8FTR/2022,928,943
hCoV-19/England/PHEC-YYG8FIH/2022,928,943
hCoV-19/England/PHEC-YYG8FAS/2022,928,943
hCoV-19/England/PHEC-YYG8F9E/2022,928,943
hCoV-19/England/PHEC-YYG8F6K/2022,928,943
hCoV-19/England/PHEC-YYG8F5O/2022,928,943
hCoV-19/England/PHEC-YYG8F3W/2022,928,943
hCoV-19/England/PHEC-YYG8EU7/2022,928,943
hCoV-19/England/PHEC-YYG8ETB/2022,928,943
hCoV-19/England/PHEC-YYG8EQE/2022,928,943
hCoV-19/England/PHEC-YYG8AXS/2022,928,943
hCoV-19/England/PHEC-YYG84WJ/2022,928,943
hCoV-19/England/PHEC-YYG81PY/2022,928,943
hCoV-19/England/PHEC-YYG81KG/2022,928,943
hCoV-19/England/PHEC-YYG81JE/2022,928,943
hCoV-19/Scotland/SCOT-17135/2022,929,952
hCoV-19/England/PHEC-YYGPW5I/2022,929,950
hCoV-19/England/PHEC-YYGPEBS/2022,929,950
hCoV-19/England/PHEC-YYGM8ZQ/2022,929,950
hCoV-19/England/PHEC-YYGM8AC/2022,929,950
hCoV-19/England/PHEC-YYGKWK6/2022,929,947
hCoV-19/England/PHEC-YYGKWDC/2022,929,947
hCoV-19/England/PHEC-YYGKWC4/2022,929,947
hCoV-19/England/PHEC-YYGKW9U/2022,929,947
hCoV-19/England/PHEC-YYGKIF8/2022,929,947
hCoV-19/England/PHEC-YYGJUZG/2022,929,946
hCoV-19/England/PHEC-YYGJSPA/2022,929,946
hCoV-19/England/PHEC-YYGJPAK/2022,929,946
hCoV-19/England/PHEC-YYGJOJG/2022,929,946
hCoV-19/England/PHEC-YYGJOIP/2022,929,946
hCoV-19/England/PHEC-YYGJO77/2022,929,946
hCoV-19/England/PHEC-YYGJMHR/2022,929,945
hCoV-19/England/PHEC-YYGJK4J/2022,929,945
hCoV-19/England/PHEC-YYGEQUI/2022,929,944
hCoV-19/England/PHEC-YYGEQT3/2022,929,944
hCoV-19/England/PHEC-YYGEQJK/2022,929,944
hCoV-19/England/PHEC-YYGEQB4/2022,929,944
hCoV-19/England/PHEC-YYGEQ8Q/2022,929,944
hCoV-19/England/PHEC-YYGEQ1Z/2022,929,944
hCoV-19/England/PHEC-YYGEP5G/2022,929,944
hCoV-19/England/PHEC-YYGEP3K/2022,929,944
hCoV-19/England/PHEC-YYGEOY4/2022,929,944
hCoV-19/England/PHEC-YYG8ZM9/2022,929,943
hCoV-19/England/PHEC-YYG8ZJD/2022,929,943
hCoV-19/England/PHEC-YYG8ZHH/2022,929,943
hCoV-19/England/PHEC-YYG8Z6A/2022,929,943
hCoV-19/England/PHEC-YYG8Z4Y/2022,929,943
hCoV-19/England/PHEC-YYG8XT4/2022,929,943
hCoV-19/England/PHEC-YYG8XOH/2022,929,943
hCoV-19/England/PHEC-YYG8XI1/2022,929,943
hCoV-19/England/PHEC-YYG8X7N/2022,929,943
hCoV-19/England/PHEC-YYG8X6Y/2022,929,943
hCoV-19/England/PHEC-YYG8X3K/2022,929,943
hCoV-19/England/PHEC-YYG8TZC/2022,929,943
hCoV-19/England/PHEC-YYG8TW1/2022,929,943
hCoV-19/England/PHEC-YYG8TUW/2022,929,943
hCoV-19/England/PHEC-YYG8TSQ/2022,929,943
hCoV-19/England/PHEC-YYG8TRU/2022,929,943
hCoV-19/England/PHEC-YYG8TO4/2022,929,943
hCoV-19/England/PHEC-YYG8TMF/2022,929,943
hCoV-19/England/PHEC-YYG8TGX/2022,929,943
hCoV-19/England/PHEC-YYG8TFT/2022,929,943
hCoV-19/England/PHEC-YYG8TEM/2022,929,943
hCoV-19/England/PHEC-YYG8OX6/2022,929,943
hCoV-19/England/PHEC-YYG8OWU/2022,929,943
hCoV-19/England/PHEC-YYG8OT3/2022,929,943
hCoV-19/England/PHEC-YYG8OQY/2022,929,943
hCoV-19/England/PHEC-YYG8OKE/2022,929,943
hCoV-19/England/PHEC-YYG8OCR/2022,929,943
hCoV-19/England/PHEC-YYG8OB4/2022,929,943
hCoV-19/England/PHEC-YYG8O97/2022,929,943
hCoV-19/England/PHEC-YYG8O8Q/2022,929,943
hCoV-19/England/PHEC-YYG8O1Z/2022,929,943
hCoV-19/England/PHEC-YYG8KIZ/2022,929,943
hCoV-19/England/PHEC-YYG8KGS/2022,929,943
hCoV-19/England/PHEC-YYG8K6F/2022,929,943
hCoV-19/England/PHEC-YYG8JHK/2022,929,943
hCoV-19/England/PHEC-YYG8J5C/2022,929,943
hCoV-19/England/PHEC-YYG8J3O/2022,929,943
hCoV-19/England/PHEC-YYG8I8J/2022,929,943
hCoV-19/England/PHEC-YYG8AER/2022,929,943
hCoV-19/England/PHEC-YYG8A3B/2022,929,943
hCoV-19/England/PHEC-YYG87M3/2022,929,943
hCoV-19/England/PHEC-YYG84MH/2022,929,943
hCoV-19/England/PHEC-YYG84I8/2022,929,943
hCoV-19/England/PHEC-YYG81R1/2022,929,943
hCoV-19/England/PHEC-YYG81NS/2022,929,943
hCoV-19/England/PHEC-YYG81DW/2022,929,943
hCoV-19/England/PHEC-YYG81CN/2022,929,943
hCoV-19/England/PHEC-YYG81BA/2022,929,943
hCoV-19/England/PHEC-YYGMXRP/2022,930,950
hCoV-19/England/PHEC-YYGMXM9/2022,930,950
hCoV-19/England/PHEC-YYGMXKB/2022,930,950
hCoV-19/England/PHEC-YYGMXJD/2022,930,950
hCoV-19/England/PHEC-YYGMX56/2022,930,950
hCoV-19/England/PHEC-YYGMTAN/2022,930,950
hCoV-19/England/PHEC-YYGMQ63/2022,930,950
hCoV-19/England/PHEC-YYGMET3/2022,930,950
hCoV-19/England/PHEC-YYGME1Z/2022,930,950
hCoV-19/England/PHEC-YYGM8I1/2022,930,950
hCoV-19/England/PHEC-YYGM84E/2022,930,950
hCoV-19/England/PHEC-YYGKWPA/2022,930,947
hCoV-19/England/PHEC-YYGKWMH/2022,930,947
hCoV-19/England/PHEC-YYGKWJY/2022,930,947
hCoV-19/England/PHEC-YYGKW8R/2022,930,947
hCoV-19/England/PHEC-YYGKU6S/2022,930,947
hCoV-19/England/PHEC-YYGKSRE/2022,930,947
hCoV-19/England/PHEC-YYGKSDK/2022,930,947
hCoV-19/England/PHEC-YYGKISR/2022,930,947
hCoV-19/England/PHEC-YYGKIPZ/2022,930,947
hCoV-19/England/PHEC-YYGKIOO/2022,930,947
hCoV-19/England/PHEC-YYGKIM5/2022,930,947
hCoV-19/England/PHEC-YYGKIGF/2022,930,947
hCoV-19/England/PHEC-YYGKIEB/2022,930,947
hCoV-19/England/PHEC-YYGKIAY/2022,930,947
hCoV-19/England/PHEC-YYGKI7S/2022,930,947
hCoV-19/England/PHEC-YYGKI1C/2022,930,947
hCoV-19/England/PHEC-YYGJPSQ/2022,930,946
hCoV-19/England/PHEC-YYGJPIO/2022,930,946
hCoV-19/England/PHEC-YYGJO1U/2022,930,946
hCoV-19/England/PHEC-YYG8ZXZ/2022,930,943
hCoV-19/England/PHEC-YYG8ZT1/2022,930,943
hCoV-19/England/PHEC-YYG8ZQ3/2022,930,943
hCoV-19/England/PHEC-YYG8ZP5/2022,930,943
hCoV-19/England/PHEC-YYG8ZC7/2022,930,943
hCoV-19/England/PHEC-YYG8TX7/2022,930,943
hCoV-19/England/PHEC-YYG8T66/2022,930,943
hCoV-19/England/PHEC-YYG8JYD/2022,930,943
hCoV-19/England/PHEC-YYG8JUH/2022,930,943
hCoV-19/England/PHEC-YYG8JN9/2022,930,943
hCoV-19/England/PHEC-YYG8JIA/2022,930,943
hCoV-19/England/PHEC-YYG8JGZ/2022,930,943
hCoV-19/England/PHEC-YYG8JF3/2022,930,943
hCoV-19/England/PHEC-YYG8JEU/2022,930,943
hCoV-19/England/PHEC-YYG8J8I/2022,930,943
hCoV-19/England/PHEC-YYG8J16/2022,930,943
hCoV-19/England/PHEC-YYG8I9A/2022,930,943
hCoV-19/England/PHEC-YYG8I64/2022,930,943
hCoV-19/England/PHEC-YYG8HZB/2022,930,943
hCoV-19/England/PHEC-YYG8HYO/2022,930,943
hCoV-19/England/PHEC-YYG8HSD/2022,930,943
hCoV-19/England/PHEC-YYG8HA9/2022,930,943
hCoV-19/England/PHEC-YYG8E7J/2022,930,943
hCoV-19/England/PHEC-YYG8AZF/2022,930,943
hCoV-19/England/PHEC-YYG8ATT/2022,930,943
hCoV-19/England/PHEC-YYG8AM6/2022,930,943
hCoV-19/England/PHEC-YYG8AKY/2022,930,943
hCoV-19/England/PHEC-YYG8AGE/2022,930,943
hCoV-19/England/PHEC-YYG8A1X/2022,930,943
hCoV-19/England/PHEC-YYG87XT/2022,930,943
hCoV-19/England/PHEC-YYG87TC/2022,930,943
hCoV-19/England/PHEC-YYG87PI/2022,930,943
hCoV-19/England/PHEC-YYG87OQ/2022,930,943
hCoV-19/England/PHEC-YYG87K5/2022,930,943
hCoV-19/England/PHEC-YYG87E9/2022,930,943
hCoV-19/England/PHEC-YYG87CZ/2022,930,943
hCoV-19/England/PHEC-YYG873H/2022,930,943
hCoV-19/England/PHEC-YYG84XW/2022,930,943
hCoV-19/England/PHEC-YYG84C4/2022,930,943
hCoV-19/England/PHEC-YYG846I/2022,930,943
hCoV-19/England/PHEC-YYGPX91/2022,931,950
hCoV-19/England/PHEC-YYGMXIK/2022,931,950
hCoV-19/England/PHEC-YYGMXAR/2022,931,950
hCoV-19/England/PHEC-YYGMX3N/2022,931,950
hCoV-19/England/PHEC-YYGMTBT/2022,931,950
hCoV-19/England/PHEC-YYGMQUX/2022,931,950
hCoV-19/England/PHEC-YYGMQ75/2022,931,950
hCoV-19/England/PHEC-YYGMOYW/2022,931,950
hCoV-19/England/PHEC-YYGMOQA/2022,931,950
hCoV-19/England/PHEC-YYGMONO/2022,931,950
hCoV-19/England/PHEC-YYGMOM6/2022,931,950
hCoV-19/England/PHEC-YYGMOFK/2022,931,950
hCoV-19/England/PHEC-YYGMOAD/2022,931,950
hCoV-19/England/PHEC-YYGMO9I/2022,931,950
hCoV-19/England/PHEC-YYGMO3B/2022,931,950
hCoV-19/England/PHEC-YYGM8WW/2022,931,950
hCoV-19/England/PHEC-YYGM8US/2022,931,950
hCoV-19/England/PHEC-YYGM81A/2022,931,950
hCoV-19/England/PHEC-YYGM4I9/2022,931,950
hCoV-19/England/PHEC-YYGKSYO/2022,931,947
hCoV-19/England/PHEC-YYGJXZK/2022,931,946
hCoV-19/England/PHEC-YYGJXNI/2022,931,946
hCoV-19/England/PHEC-YYGJXKF/2022,931,946
hCoV-19/England/PHEC-YYGJXDU/2022,931,946
hCoV-19/England/PHEC-YYGJXBZ/2022,931,946
hCoV-19/England/PHEC-YYGJXAE/2022,931,946
hCoV-19/England/PHEC-YYGJX8M/2022,931,946
hCoV-19/England/PHEC-YYGJTMB/2022,931,946
hCoV-19/England/PHEC-YYGJTJF/2022,931,946
hCoV-19/England/PHEC-YYGJTE8/2022,931,946
hCoV-19/England/PHEC-YYGJQWT/2022,931,946
hCoV-19/England/PHEC-YYGJQJE/2022,931,946
hCoV-19/England/PHEC-YYGJQIX/2022,931,946
hCoV-19/England/PHEC-YYGJQHB/2022,931,946
hCoV-19/England/PHEC-YYGJQEK/2022,931,946
hCoV-19/England/PHEC-YYGJQDW/2022,931,946
hCoV-19/England/PHEC-YYGJQ5D/2022,931,946
hCoV-19/England/PHEC-YYGJQ4F/2022,931,946
hCoV-19/England/PHEC-YYGJPZC/2022,931,946
hCoV-19/England/PHEC-YYGJPTA/2022,931,946
hCoV-19/England/PHEC-YYGJP5R/2022,931,946
hCoV-19/England/PHEC-YYGJP4G/2022,931,946
hCoV-19/England/PHEC-YYGJOWX/2022,931,946
hCoV-19/England/PHEC-YYGJO8K/2022,931,946
hCoV-19/England/PHEC-YYGJ1YS/2022,931,946
hCoV-19/England/PHEC-YYGJ1IM/2022,931,946
hCoV-19/England/PHEC-YYG8ZWC/2022,931,943
hCoV-19/England/PHEC-YYG8ZUQ/2022,931,943
hCoV-19/England/PHEC-YYG8ZRP/2022,931,943
hCoV-19/England/PHEC-YYG8ZOW/2022,931,943
hCoV-19/England/PHEC-YYG8ZGJ/2022,931,943
hCoV-19/England/PHEC-YYG8Z1O/2022,931,943
hCoV-19/England/PHEC-YYG8HRE/2022,931,943
hCoV-19/England/PHEC-YYG8HIF/2022,931,943
hCoV-19/England/PHEC-YYG8AUP/2022,931,943
hCoV-19/England/PHEC-YYG87WG/2022,931,943
hCoV-19/England/PHEC-YYG87HS/2022,931,943
hCoV-19/England/PHEC-YYG87A6/2022,931,943
hCoV-19/England/PHEC-YYG84NQ/2022,931,943
hCoV-19/England/PHEC-YYG84GG/2022,931,943
hCoV-19/England/PHEC-YYGPXAY/2022,932,950
hCoV-19/England/PHEC-YYGPQSF/2022,932,950
hCoV-19/England/PHEC-YYGPOEY/2022,932,950
hCoV-19/England/PHEC-YYGPEP6/2022,932,950
hCoV-19/England/PHEC-YYGPEIP/2022,932,950
hCoV-19/England/PHEC-YYGPE5B/2022,932,950
hCoV-19/England/PHEC-YYGMXQ3/2022,932,950
hCoV-19/England/PHEC-YYGMX1O/2022,932,950
hCoV-19/England/PHEC-YYGMO6Z/2022,932,950
hCoV-19/England/PHEC-YYGMHYE/2022,932,950
hCoV-19/England/PHEC-YYGMERW/2022,932,950
hCoV-19/England/PHEC-YYGMENA/2022,932,950
hCoV-19/England/PHEC-YYGMEMG/2022,932,950
hCoV-19/England/PHEC-YYGME8Q/2022,932,950
hCoV-19/England/PHEC-YYGM5WY/2022,932,950
hCoV-19/England/PHEC-YYGM4WB/2022,932,950
hCoV-19/England/PHEC-YYGM4QQ/2022,932,950
hCoV-19/England/PHEC-YYGM4OJ/2022,932,950
hCoV-19/England/PHEC-YYGM4DR/2022,932,950
hCoV-19/England/PHEC-YYGM4C1/2022,932,950
hCoV-19/England/PHEC-YYGM45U/2022,932,950
hCoV-19/England/PHEC-YYGJX6H/2022,932,946
hCoV-19/England/PHEC-YYGJTRX/2022,932,946
hCoV-19/England/PHEC-YYGJTKD/2022,932,946
hCoV-19/England/PHEC-YYGJTGM/2022,932,946
hCoV-19/England/PHEC-YYGJTFP/2022,932,946
hCoV-19/England/PHEC-YYGJT7H/2022,932,946
hCoV-19/England/PHEC-YYGJT3R/2022,932,946
hCoV-19/England/PHEC-YYGJOYA/2022,932,946
hCoV-19/England/PHEC-YYGJOBS/2022,932,946
hCoV-19/England/PHEC-YYGJ1XA/2022,932,946
hCoV-19/England/PHEC-YYGJ1UX/2022,932,946
hCoV-19/England/PHEC-YYGJ1TU/2022,932,946
hCoV-19/England/PHEC-YYGJ1OI/2022,932,946
hCoV-19/England/PHEC-YYGJ1KN/2022,932,946
hCoV-19/England/PHEC-YYGJ1GK/2022,932,946
hCoV-19/England/PHEC-YYGJ1FC/2022,932,946
hCoV-19/England/PHEC-YYGJ1EG/2022,932,946
hCoV-19/England/PHEC-YYGJ18E/2022,932,946
hCoV-19/England/PHEC-YYGPTCZ/2022,933,950
hCoV-19/England/PHEC-YYGPQXW/2022,933,950
hCoV-19/England/PHEC-YYGPQWJ/2022,933,950
hCoV-19/England/PHEC-YYGPONC/2022,933,950
hCoV-19/England/PHEC-YYGPKRQ/2022,933,950
hCoV-19/England/PHEC-YYGPJQ5/2022,933,950
hCoV-19/England/PHEC-YYGPJ64/2022,933,950
hCoV-19/England/PHEC-YYGPJ3R/2022,933,950
hCoV-19/England/PHEC-YYGPJ11/2022,933,950
hCoV-19/England/PHEC-YYGPEJG/2022,933,950
hCoV-19/England/PHEC-YYGP9OY/2022,933,950
hCoV-19/England/PHEC-YYGMHW9/2022,933,950
hCoV-19/England/PHEC-YYGMHCO/2022,933,950
hCoV-19/England/PHEC-YYGMH7P/2022,933,950
hCoV-19/England/PHEC-YYGMH6M/2022,933,950
hCoV-19/England/PHEC-YYGMEX6/2022,933,950
hCoV-19/England/PHEC-YYGM7XJ/2022,933,950
hCoV-19/England/PHEC-YYGM7S4/2022,933,950
hCoV-19/England/PHEC-YYGM7ND/2022,933,950
hCoV-19/England/PHEC-YYGM7MT/2022,933,950
hCoV-19/England/PHEC-YYGM7JI/2022,933,950
hCoV-19/England/PHEC-YYGM5E3/2022,933,950
hCoV-19/England/PHEC-YYGM4E4/2022,933,950
hCoV-19/England/PHEC-YYGM48H/2022,933,950
hCoV-19/England/PHEC-YYGM3UR/2022,933,950
hCoV-19/England/PHEC-YYGM3TE/2022,933,950
hCoV-19/England/PHEC-YYGM3S6/2022,933,950
hCoV-19/England/PHEC-YYGM3PT/2022,933,950
hCoV-19/England/PHEC-YYGM3KZ/2022,933,950
hCoV-19/England/PHEC-YYGM3J3/2022,933,950
hCoV-19/England/PHEC-YYGM3E5/2022,933,950
hCoV-19/England/PHEC-YYGM3CU/2022,933,950
hCoV-19/England/PHEC-YYGJTSK/2022,933,946
hCoV-19/England/PHEC-YYGJTP7/2022,933,946
hCoV-19/England/PHEC-YYGJTOS/2022,933,946
hCoV-19/England/PHEC-YYGJTC9/2022,933,946
hCoV-19/England/PHEC-YYGJ1C6/2022,933,946
hCoV-19/England/PHEC-YYGPWQO/2022,934,950
hCoV-19/England/PHEC-YYGPTXT/2022,934,950
hCoV-19/England/PHEC-YYGPQMH/2022,934,950
hCoV-19/England/PHEC-YYGPQC4/2022,934,950
hCoV-19/England/PHEC-YYGPQBO/2022,934,950
hCoV-19/England/PHEC-YYGPQ6I/2022,934,950
hCoV-19/England/PHEC-YYGPOHZ/2022,934,950
hCoV-19/England/PHEC-YYGPJTW/2022,934,950
hCoV-19/England/PHEC-YYGPJC9/2022,934,950
hCoV-19/England/PHEC-YYGPJ9A/2022,934,950
hCoV-19/England/PHEC-YYGPE1U/2022,934,950
hCoV-19/England/PHEC-YYGP1RG/2022,934,950
hCoV-19/England/PHEC-YYGP1GN/2022,934,950
hCoV-19/England/PHEC-YYGMHUB/2022,934,950
hCoV-19/England/PHEC-YYGMHRY/2022,934,950
hCoV-19/England/PHEC-YYGMHEA/2022,934,950
hCoV-19/England/PHEC-YYGMH84/2022,934,950
hCoV-19/England/PHEC-YYGMH3I/2022,934,950
hCoV-19/England/PHEC-YYGM7Y8/2022,934,950
hCoV-19/England/PHEC-YYGM7PP/2022,934,950
hCoV-19/England/PHEC-YYGM7KU/2022,934,950
hCoV-19/England/PHEC-YYGM5XM/2022,934,950
hCoV-19/England/PHEC-YYGM5RB/2022,934,950
hCoV-19/England/PHEC-YYGM5QP/2022,934,950
hCoV-19/England/PHEC-YYGM5DD/2022,934,950
hCoV-19/England/PHEC-YYGM51R/2022,934,950
hCoV-19/England/PHEC-YYGM4RN/2022,934,950
hCoV-19/England/PHEC-YYGM4JA/2022,934,950
hCoV-19/England/PHEC-YYGM4BE/2022,934,950
hCoV-19/England/PHEC-YYGM47X/2022,934,950
hCoV-19/England/PHEC-YYGM3H1/2022,934,950
hCoV-19/England/PHEC-YYGM36Q/2022,934,950
hCoV-19/England/PHEC-YYGM34S/2022,934,950
